Main Set, Subset,Card Number,Card Name,Is insert
2026 Topps Neon ,BASE,1,Iron Man,FALSE
2026 Topps Neon ,BASE,2,Thor,FALSE
2026 Topps Neon,BASE,3,Captain America,FALSE
2026 Topps Neon,BASE,4,Spider-Man,FALSE
2026 Topps Neon,BASE,5,Hulk,FALSE
2026 Topps Neon,BASE,6,Hawkeye,FALSE
2026 Topps Neon,BASE,7,Black Widow,FALSE
2026 Topps Neon,BASE,8,Captain Marvel,FALSE
2026 Topps Neon,BASE,9,Wolverine,FALSE
2026 Topps Neon,BASE,10,Scarlet Witch,FALSE
2026 Topps Neon,BASE,11,Quicksilver,FALSE
2026 Topps Neon,BASE,12,Vision,FALSE
2026 Topps Neon,BASE,13,Ultron,FALSE
2026 Topps Neon,BASE,14,Doctor Strange,FALSE
2026 Topps Neon,BASE,15,Mephisto,FALSE
2026 Topps Neon,BASE,16,Thanos,FALSE
2026 Topps Neon,BASE,17,Loki,FALSE
2026 Topps Neon,BASE,18,Odin,FALSE
2026 Topps Neon,BASE,19,Daredevil,FALSE
2026 Topps Neon,BASE,20,Dragonfire,FALSE
2026 Topps Neon,BASE,21,Ant-Man,FALSE
2026 Topps Neon,BASE,22,Iron Fist,FALSE
2026 Topps Neon,BASE,23,X-23,FALSE
2026 Topps Neon,BASE,24,Moon Knight,FALSE
2026 Topps Neon,BASE,25,Jessica Jones,FALSE
2026 Topps Neon,BASE,26,Namor,FALSE
2026 Topps Neon,BASE,27,Taskmaster,FALSE
2026 Topps Neon,BASE,28,Kang The Conqueror,FALSE
2026 Topps Neon,BASE,29,The Thing,FALSE
2026 Topps Neon,BASE,30,Human Torch,FALSE
2026 Topps Neon,BASE,31,Invisible Woman,FALSE
2026 Topps Neon,BASE,32,Mister Fantastic,FALSE
2026 Topps Neon,BASE,33,Ransom,FALSE
2026 Topps Neon,BASE,34,Silver Surfer,FALSE
2026 Topps Neon,BASE,35,Sword Master,FALSE
2026 Topps Neon,BASE,36,Doctor Doom,FALSE
2026 Topps Neon,BASE,37,Ms. Marvel,FALSE
2026 Topps Neon,BASE,38,Ghost-Spider,FALSE
2026 Topps Neon,BASE,39,Professor X,FALSE
2026 Topps Neon,BASE,40,Cyclops,FALSE
2026 Topps Neon,BASE,41,Phoenix,FALSE
2026 Topps Neon,BASE,42,Beast,FALSE
2026 Topps Neon,BASE,43,Magneto,FALSE
2026 Topps Neon,BASE,44,Mister Sinister,FALSE
2026 Topps Neon,BASE,45,Cable,FALSE
2026 Topps Neon,BASE,46,Iceman,FALSE
2026 Topps Neon,BASE,47,Archangel,FALSE
2026 Topps Neon,BASE,48,Storm,FALSE
2026 Topps Neon,BASE,49,Colossus,FALSE
2026 Topps Neon,BASE,50,Magik,FALSE
2026 Topps Neon,BASE,51,Jubilee,FALSE
2026 Topps Neon,BASE,52,Rogue,FALSE
2026 Topps Neon,BASE,53,Gambit,FALSE
2026 Topps Neon,BASE,54,Kitty Pryde,FALSE
2026 Topps Neon,BASE,55,Juggernaut,FALSE
2026 Topps Neon,BASE,56,America Chavez,FALSE
2026 Topps Neon,BASE,57,Squirrel Girl,FALSE
2026 Topps Neon,BASE,58,Hulkette,FALSE
2026 Topps Neon,BASE,59,Dazzler,FALSE
2026 Topps Neon,BASE,60,Silver Samurai,FALSE
2026 Topps Neon,BASE,61,Emma Frost,FALSE
2026 Topps Neon,BASE,62,Wasp,FALSE
2026 Topps Neon,BASE,63,Elektra,FALSE
2026 Topps Neon,BASE,64,Misty Knight,FALSE
2026 Topps Neon,BASE,65,Miles Morales,FALSE
2026 Topps Neon,BASE,66,Kate Bishop,FALSE
2026 Topps Neon,BASE,67,Black Panther,FALSE
2026 Topps Neon,BASE,68,Killmonger,FALSE
2026 Topps Neon,BASE,69,Adam Warlock,FALSE
2026 Topps Neon,BASE,70,Gladiator,FALSE
2026 Topps Neon,BASE,71,Black Bolt,FALSE
2026 Topps Neon,BASE,72,Medusa,FALSE
2026 Topps Neon,BASE,73,Angela,FALSE
2026 Topps Neon,BASE,74,Star-Lord,FALSE
2026 Topps Neon,BASE,75,Groot,FALSE
2026 Topps Neon,BASE,76,Schwarzschild,FALSE
2026 Topps Neon,BASE,77,Rocket Raccoon,FALSE
2026 Topps Neon,BASE,78,Drax,FALSE
2026 Topps Neon,BASE,79,Chthon,FALSE
2026 Topps Neon,BASE,80,Havok,FALSE
2026 Topps Neon,BASE,81,Nova,FALSE
2026 Topps Neon,BASE,82,Man-Thing,FALSE
2026 Topps Neon,BASE,83,Kid Gladiator,FALSE
2026 Topps Neon,BASE,84,Fin Fang Foom,FALSE
2026 Topps Neon,BASE,85,Beta Ray Bill,FALSE
2026 Topps Neon,BASE,86,Hela,FALSE
2026 Topps Neon,BASE,87,Captain America,FALSE
2026 Topps Neon,BASE,88,Dormammu,FALSE
2026 Topps Neon,BASE,89,Batroc,FALSE
2026 Topps Neon,BASE,90,Mighty Thor,FALSE
2026 Topps Neon,BASE,91,Mystique,FALSE
2026 Topps Neon,BASE,92,Omega Red,FALSE
2026 Topps Neon,BASE,93,Sabretooth,FALSE
2026 Topps Neon,BASE,94,Wonder Man,FALSE
2026 Topps Neon,BASE,95,Green Goblin,FALSE
2026 Topps Neon,BASE,96,Venom,FALSE
2026 Topps Neon,BASE,97,Carnage,FALSE
2026 Topps Neon,BASE,98,Iron Cat,FALSE
2026 Topps Neon,BASE,99,Lizard,FALSE
2026 Topps Neon,BASE,100,Shocker,FALSE
2026 Topps Neon,BASE,101,Electro,FALSE
2026 Topps Neon,BASE,102,Rhino,FALSE
2026 Topps Neon,BASE,103,Scorpion,FALSE
2026 Topps Neon,BASE,104,Vulture,FALSE
2026 Topps Neon,BASE,105,Kraven The Hunter,FALSE
2026 Topps Neon,BASE,106,Prowler,FALSE
2026 Topps Neon,BASE,107,Silk,FALSE
2026 Topps Neon,BASE,108,Spider-Man 2099,FALSE
2026 Topps Neon,BASE,109,Hellverine,FALSE
2026 Topps Neon,BASE,110,Kingpin,FALSE
2026 Topps Neon,BASE,111,Invincible Woman,FALSE
2026 Topps Neon,BASE,112,Mister Negative,FALSE
2026 Topps Neon,BASE,113,Scarlet Spider,FALSE
2026 Topps Neon,BASE,114,Spider-Girl,FALSE
2026 Topps Neon,BASE,115,Spider-Woman,FALSE
2026 Topps Neon,BASE,116,Spider-Man Noir,FALSE
2026 Topps Neon,BASE,117,Bishop,FALSE
2026 Topps Neon,BASE,118,Deathdream,FALSE
2026 Topps Neon,BASE,119,Nightcrawler,FALSE
2026 Topps Neon,BASE,120,Toad,FALSE
2026 Topps Neon,BASE,121,Hobgoblin,FALSE
2026 Topps Neon,BASE,122,Sentry,FALSE
2026 Topps Neon,BASE,123,Blade,FALSE
2026 Topps Neon,BASE,124,Ghost Rider,FALSE
2026 Topps Neon,BASE,125,Apocalypse,FALSE
2026 Topps Neon,BASE,126,Warlock,FALSE
2026 Topps Neon,BASE,127,Psylocke,FALSE
2026 Topps Neon,BASE,128,War Machine,FALSE
2026 Topps Neon,BASE,129,Jeff The Land Shark,FALSE
2026 Topps Neon,BASE,130,M.O.D.O.K.,FALSE
2026 Topps Neon,BASE,131,Firestar,FALSE
2026 Topps Neon,BASE,132,Sunspot,FALSE
2026 Topps Neon,BASE,133,Spider-Ham,FALSE
2026 Topps Neon,BASE,134,Abomination,FALSE
2026 Topps Neon,BASE,135,Darkhawk,FALSE
2026 Topps Neon,BASE,136,She-Hulk,FALSE
2026 Topps Neon,BASE,137,Black Cat,FALSE
2026 Topps Neon,BASE,138,Hercules,FALSE
2026 Topps Neon,BASE,139,Baron Zemo,FALSE
2026 Topps Neon,BASE,140,Enchantress,FALSE
2026 Topps Neon,BASE,141,Ironheart,FALSE
2026 Topps Neon,BASE,142,Luna Snow,FALSE
2026 Topps Neon,BASE,143,Spider-Boy,FALSE
2026 Topps Neon,BASE,144,U.S. Agent,FALSE
2026 Topps Neon,BASE,145,Moonstar,FALSE
2026 Topps Neon,BASE,146,Yondu,FALSE
2026 Topps Neon,BASE,147,Jack of Hearts,FALSE
2026 Topps Neon,BASE,148,Absorbing Man,FALSE
2026 Topps Neon,BASE,149,Black Knight,FALSE
2026 Topps Neon,BASE,150,Silver Sable,FALSE
2026 Topps Neon,BASE,151,Spider-Punk,FALSE
2026 Topps Neon,BASE,152,Multiple Man,FALSE
2026 Topps Neon,BASE,153,Machine Man,FALSE
2026 Topps Neon,BASE,154,Jocasta,FALSE
2026 Topps Neon,BASE,155,Clea,FALSE
2026 Topps Neon,BASE,156,Wiccan,FALSE
2026 Topps Neon,BASE,157,Old Man Logan,FALSE
2026 Topps Neon,BASE,158,Anti-Venom,FALSE
2026 Topps Neon,BASE,159,Morbius,FALSE
2026 Topps Neon,BASE,160,Hellcat,FALSE
2026 Topps Neon,BASE,161,Echo,FALSE
2026 Topps Neon,BASE,162,Captain Britain,FALSE
2026 Topps Neon,BASE,163,Ikaris,FALSE
2026 Topps Neon,BASE,164,Ares,FALSE
2026 Topps Neon,BASE,165,Stryfe,FALSE
2026 Topps Neon,BASE,166,White Tiger,FALSE
2026 Topps Neon,BASE,167,Gwenpool,FALSE
2026 Topps Neon,BASE,168,Werewolf By Night,FALSE
2026 Topps Neon,BASE,169,Leader,FALSE
2026 Topps Neon,BASE,170,Deathlok,FALSE
2026 Topps Neon,BASE,171,White Widow,FALSE
2026 Topps Neon,BASE,172,Jitter,FALSE
2026 Topps Neon,BASE,173,Doyle Dormammu,FALSE
2026 Topps Neon,BASE,174,Phyla-Vell,FALSE
2026 Topps Neon,BASE,175,Terrax,FALSE
2026 Topps Neon,BASE,176,Ka-Zar,FALSE
2026 Topps Neon,BASE,177,Moon Girl,FALSE
2026 Topps Neon,BASE,178,Rescue,FALSE
2026 Topps Neon,BASE,179,Frenzy,FALSE
2026 Topps Neon,BASE,180,Baron Mordo,FALSE
2026 Topps Neon,BASE,181,Fantomex,FALSE
2026 Topps Neon,BASE,182,Quasar,FALSE
2026 Topps Neon,BASE,183,Exodus,FALSE
2026 Topps Neon,BASE,184,Doctor Voodoo,FALSE
2026 Topps Neon,BASE,185,Man-Wolf,FALSE
2026 Topps Neon,BASE,186,High Evolutionary,FALSE
2026 Topps Neon,BASE,187,Whiplash,FALSE
2026 Topps Neon,BASE,188,Genis-Vell,FALSE
2026 Topps Neon,BASE,189,Tigra,FALSE
2026 Topps Neon,BASE,190,Polaris,FALSE
2026 Topps Neon,BASE,191,Throg,FALSE
2026 Topps Neon,BASE,192,Maestro,FALSE
2026 Topps Neon,BASE,193,Slapstick,FALSE
2026 Topps Neon,BASE,194,Hallows' Eve,FALSE
2026 Topps Neon,BASE,195,Cosmic Ghost Rider,FALSE
2026 Topps Neon,BASE,196,Cypher,FALSE
2026 Topps Neon,BASE,197,The Maker,FALSE
2026 Topps Neon,BASE,198,Shang-Chi,FALSE
2026 Topps Neon,BASE,199,Nimrod,FALSE
2026 Topps Neon,BASE,200,Mary Jane,FALSE
2026 Topps Neon,Rainbow,1,Iron Man,TRUE
2026 Topps Neon,Rainbow,2,Thor,TRUE
2026 Topps Neon,Rainbow,3,Captain America,TRUE
2026 Topps Neon,Rainbow,4,Spider-Man,TRUE
2026 Topps Neon,Rainbow,5,Hulk,TRUE
2026 Topps Neon,Rainbow,6,Hawkeye,TRUE
2026 Topps Neon,Rainbow,7,Black Widow,TRUE
2026 Topps Neon,Rainbow,8,Captain Marvel,TRUE
2026 Topps Neon,Rainbow,9,Wolverine,TRUE
2026 Topps Neon,Rainbow,10,Scarlet Witch,TRUE
2026 Topps Neon,Rainbow,11,Quicksilver,TRUE
2026 Topps Neon,Rainbow,12,Vision,TRUE
2026 Topps Neon,Rainbow,13,Ultron,TRUE
2026 Topps Neon,Rainbow,14,Doctor Strange,TRUE
2026 Topps Neon,Rainbow,15,Mephisto,TRUE
2026 Topps Neon,Rainbow,16,Thanos,TRUE
2026 Topps Neon,Rainbow,17,Loki,TRUE
2026 Topps Neon,Rainbow,18,Odin,TRUE
2026 Topps Neon,Rainbow,19,Daredevil,TRUE
2026 Topps Neon,Rainbow,20,Dragonfire,TRUE
2026 Topps Neon,Rainbow,21,Ant-Man,TRUE
2026 Topps Neon,Rainbow,22,Iron Fist,TRUE
2026 Topps Neon,Rainbow,23,X-23,TRUE
2026 Topps Neon,Rainbow,24,Moon Knight,TRUE
2026 Topps Neon,Rainbow,25,Jessica Jones,TRUE
2026 Topps Neon,Rainbow,26,Namor,TRUE
2026 Topps Neon,Rainbow,27,Taskmaster,TRUE
2026 Topps Neon,Rainbow,28,Kang The Conqueror,TRUE
2026 Topps Neon,Rainbow,29,The Thing,TRUE
2026 Topps Neon,Rainbow,30,Human Torch,TRUE
2026 Topps Neon,Rainbow,31,Invisible Woman,TRUE
2026 Topps Neon,Rainbow,32,Mister Fantastic,TRUE
2026 Topps Neon,Rainbow,33,Ransom,TRUE
2026 Topps Neon,Rainbow,34,Silver Surfer,TRUE
2026 Topps Neon,Rainbow,35,Sword Master,TRUE
2026 Topps Neon,Rainbow,36,Doctor Doom,TRUE
2026 Topps Neon,Rainbow,37,Ms. Marvel,TRUE
2026 Topps Neon,Rainbow,38,Ghost-Spider,TRUE
2026 Topps Neon,Rainbow,39,Professor X,TRUE
2026 Topps Neon,Rainbow,40,Cyclops,TRUE
2026 Topps Neon,Rainbow,41,Phoenix,TRUE
2026 Topps Neon,Rainbow,42,Beast,TRUE
2026 Topps Neon,Rainbow,43,Magneto,TRUE
2026 Topps Neon,Rainbow,44,Mister Sinister,TRUE
2026 Topps Neon,Rainbow,45,Cable,TRUE
2026 Topps Neon,Rainbow,46,Iceman,TRUE
2026 Topps Neon,Rainbow,47,Archangel,TRUE
2026 Topps Neon,Rainbow,48,Storm,TRUE
2026 Topps Neon,Rainbow,49,Colossus,TRUE
2026 Topps Neon,Rainbow,50,Magik,TRUE
2026 Topps Neon,Rainbow,51,Jubilee,TRUE
2026 Topps Neon,Rainbow,52,Rogue,TRUE
2026 Topps Neon,Rainbow,53,Gambit,TRUE
2026 Topps Neon,Rainbow,54,Kitty Pryde,TRUE
2026 Topps Neon,Rainbow,55,Juggernaut,TRUE
2026 Topps Neon,Rainbow,56,America Chavez,TRUE
2026 Topps Neon,Rainbow,57,Squirrel Girl,TRUE
2026 Topps Neon,Rainbow,58,Hulkette,TRUE
2026 Topps Neon,Rainbow,59,Dazzler,TRUE
2026 Topps Neon,Rainbow,60,Silver Samurai,TRUE
2026 Topps Neon,Rainbow,61,Emma Frost,TRUE
2026 Topps Neon,Rainbow,62,Wasp,TRUE
2026 Topps Neon,Rainbow,63,Elektra,TRUE
2026 Topps Neon,Rainbow,64,Misty Knight,TRUE
2026 Topps Neon,Rainbow,65,Miles Morales,TRUE
2026 Topps Neon,Rainbow,66,Kate Bishop,TRUE
2026 Topps Neon,Rainbow,67,Black Panther,TRUE
2026 Topps Neon,Rainbow,68,Killmonger,TRUE
2026 Topps Neon,Rainbow,69,Adam Warlock,TRUE
2026 Topps Neon,Rainbow,70,Gladiator,TRUE
2026 Topps Neon,Rainbow,71,Black Bolt,TRUE
2026 Topps Neon,Rainbow,72,Medusa,TRUE
2026 Topps Neon,Rainbow,73,Angela,TRUE
2026 Topps Neon,Rainbow,74,Star-Lord,TRUE
2026 Topps Neon,Rainbow,75,Groot,TRUE
2026 Topps Neon,Rainbow,76,Schwarzschild,TRUE
2026 Topps Neon,Rainbow,77,Rocket Raccoon,TRUE
2026 Topps Neon,Rainbow,78,Drax,TRUE
2026 Topps Neon,Rainbow,79,Chthon,TRUE
2026 Topps Neon,Rainbow,80,Havok,TRUE
2026 Topps Neon,Rainbow,81,Nova,TRUE
2026 Topps Neon,Rainbow,82,Man-Thing,TRUE
2026 Topps Neon,Rainbow,83,Kid Gladiator,TRUE
2026 Topps Neon,Rainbow,84,Fin Fang Foom,TRUE
2026 Topps Neon,Rainbow,85,Beta Ray Bill,TRUE
2026 Topps Neon,Rainbow,86,Hela,TRUE
2026 Topps Neon,Rainbow,87,Captain America,TRUE
2026 Topps Neon,Rainbow,88,Dormammu,TRUE
2026 Topps Neon,Rainbow,89,Batroc,TRUE
2026 Topps Neon,Rainbow,90,Mighty Thor,TRUE
2026 Topps Neon,Rainbow,91,Mystique,TRUE
2026 Topps Neon,Rainbow,92,Omega Red,TRUE
2026 Topps Neon,Rainbow,93,Sabretooth,TRUE
2026 Topps Neon,Rainbow,94,Wonder Man,TRUE
2026 Topps Neon,Rainbow,95,Green Goblin,TRUE
2026 Topps Neon,Rainbow,96,Venom,TRUE
2026 Topps Neon,Rainbow,97,Carnage,TRUE
2026 Topps Neon,Rainbow,98,Iron Cat,TRUE
2026 Topps Neon,Rainbow,99,Lizard,TRUE
2026 Topps Neon,Rainbow,100,Shocker,TRUE
2026 Topps Neon,Rainbow,101,Electro,TRUE
2026 Topps Neon,Rainbow,102,Rhino,TRUE
2026 Topps Neon,Rainbow,103,Scorpion,TRUE
2026 Topps Neon,Rainbow,104,Vulture,TRUE
2026 Topps Neon,Rainbow,105,Kraven The Hunter,TRUE
2026 Topps Neon,Rainbow,106,Prowler,TRUE
2026 Topps Neon,Rainbow,107,Silk,TRUE
2026 Topps Neon,Rainbow,108,Spider-Man 2099,TRUE
2026 Topps Neon,Rainbow,109,Hellverine,TRUE
2026 Topps Neon,Rainbow,110,Kingpin,TRUE
2026 Topps Neon,Rainbow,111,Invincible Woman,TRUE
2026 Topps Neon,Rainbow,112,Mister Negative,TRUE
2026 Topps Neon,Rainbow,113,Scarlet Spider,TRUE
2026 Topps Neon,Rainbow,114,Spider-Girl,TRUE
2026 Topps Neon,Rainbow,115,Spider-Woman,TRUE
2026 Topps Neon,Rainbow,116,Spider-Man Noir,TRUE
2026 Topps Neon,Rainbow,117,Bishop,TRUE
2026 Topps Neon,Rainbow,118,Deathdream,TRUE
2026 Topps Neon,Rainbow,119,Nightcrawler,TRUE
2026 Topps Neon,Rainbow,120,Toad,TRUE
2026 Topps Neon,Rainbow,121,Hobgoblin,TRUE
2026 Topps Neon,Rainbow,122,Sentry,TRUE
2026 Topps Neon,Rainbow,123,Blade,TRUE
2026 Topps Neon,Rainbow,124,Ghost Rider,TRUE
2026 Topps Neon,Rainbow,125,Apocalypse,TRUE
2026 Topps Neon,Rainbow,126,Warlock,TRUE
2026 Topps Neon,Rainbow,127,Psylocke,TRUE
2026 Topps Neon,Rainbow,128,War Machine,TRUE
2026 Topps Neon,Rainbow,129,Jeff The Land Shark,TRUE
2026 Topps Neon,Rainbow,130,M.O.D.O.K.,TRUE
2026 Topps Neon,Rainbow,131,Firestar,TRUE
2026 Topps Neon,Rainbow,132,Sunspot,TRUE
2026 Topps Neon,Rainbow,133,Spider-Ham,TRUE
2026 Topps Neon,Rainbow,134,Abomination,TRUE
2026 Topps Neon,Rainbow,135,Darkhawk,TRUE
2026 Topps Neon,Rainbow,136,She-Hulk,TRUE
2026 Topps Neon,Rainbow,137,Black Cat,TRUE
2026 Topps Neon,Rainbow,138,Hercules,TRUE
2026 Topps Neon,Rainbow,139,Baron Zemo,TRUE
2026 Topps Neon,Rainbow,140,Enchantress,TRUE
2026 Topps Neon,Rainbow,141,Ironheart,TRUE
2026 Topps Neon,Rainbow,142,Luna Snow,TRUE
2026 Topps Neon,Rainbow,143,Spider-Boy,TRUE
2026 Topps Neon,Rainbow,144,U.S. Agent,TRUE
2026 Topps Neon,Rainbow,145,Moonstar,TRUE
2026 Topps Neon,Rainbow,146,Yondu,TRUE
2026 Topps Neon,Rainbow,147,Jack of Hearts,TRUE
2026 Topps Neon,Rainbow,148,Absorbing Man,TRUE
2026 Topps Neon,Rainbow,149,Black Knight,TRUE
2026 Topps Neon,Rainbow,150,Silver Sable,TRUE
2026 Topps Neon,Rainbow,151,Spider-Punk,TRUE
2026 Topps Neon,Rainbow,152,Multiple Man,TRUE
2026 Topps Neon,Rainbow,153,Machine Man,TRUE
2026 Topps Neon,Rainbow,154,Jocasta,TRUE
2026 Topps Neon,Rainbow,155,Clea,TRUE
2026 Topps Neon,Rainbow,156,Wiccan,TRUE
2026 Topps Neon,Rainbow,157,Old Man Logan,TRUE
2026 Topps Neon,Rainbow,158,Anti-Venom,TRUE
2026 Topps Neon,Rainbow,159,Morbius,TRUE
2026 Topps Neon,Rainbow,160,Hellcat,TRUE
2026 Topps Neon,Rainbow,161,Echo,TRUE
2026 Topps Neon,Rainbow,162,Captain Britain,TRUE
2026 Topps Neon,Rainbow,163,Ikaris,TRUE
2026 Topps Neon,Rainbow,164,Ares,TRUE
2026 Topps Neon,Rainbow,165,Stryfe,TRUE
2026 Topps Neon,Rainbow,166,White Tiger,TRUE
2026 Topps Neon,Rainbow,167,Gwenpool,TRUE
2026 Topps Neon,Rainbow,168,Werewolf By Night,TRUE
2026 Topps Neon,Rainbow,169,Leader,TRUE
2026 Topps Neon,Rainbow,170,Deathlok,TRUE
2026 Topps Neon,Rainbow,171,White Widow,TRUE
2026 Topps Neon,Rainbow,172,Jitter,TRUE
2026 Topps Neon,Rainbow,173,Doyle Dormammu,TRUE
2026 Topps Neon,Rainbow,174,Phyla-Vell,TRUE
2026 Topps Neon,Rainbow,175,Terrax,TRUE
2026 Topps Neon,Rainbow,176,Ka-Zar,TRUE
2026 Topps Neon,Rainbow,177,Moon Girl,TRUE
2026 Topps Neon,Rainbow,178,Rescue,TRUE
2026 Topps Neon,Rainbow,179,Frenzy,TRUE
2026 Topps Neon,Rainbow,180,Baron Mordo,TRUE
2026 Topps Neon,Rainbow,181,Fantomex,TRUE
2026 Topps Neon,Rainbow,182,Quasar,TRUE
2026 Topps Neon,Rainbow,183,Exodus,TRUE
2026 Topps Neon,Rainbow,184,Doctor Voodoo,TRUE
2026 Topps Neon,Rainbow,185,Man-Wolf,TRUE
2026 Topps Neon,Rainbow,186,High Evolutionary,TRUE
2026 Topps Neon,Rainbow,187,Whiplash,TRUE
2026 Topps Neon,Rainbow,188,Genis-Vell,TRUE
2026 Topps Neon,Rainbow,189,Tigra,TRUE
2026 Topps Neon,Rainbow,190,Polaris,TRUE
2026 Topps Neon,Rainbow,191,Throg,TRUE
2026 Topps Neon,Rainbow,192,Maestro,TRUE
2026 Topps Neon,Rainbow,193,Slapstick,TRUE
2026 Topps Neon,Rainbow,194,Hallows' Eve,TRUE
2026 Topps Neon,Rainbow,195,Cosmic Ghost Rider,TRUE
2026 Topps Neon,Rainbow,196,Cypher,TRUE
2026 Topps Neon,Rainbow,197,The Maker,TRUE
2026 Topps Neon,Rainbow,198,Shang-Chi,TRUE
2026 Topps Neon,Rainbow,199,Nimrod,TRUE
2026 Topps Neon,Rainbow,200,Mary Jane,TRUE
2026 Topps Neon,Yellow,1,Iron Man,TRUE
2026 Topps Neon,Yellow,2,Thor,TRUE
2026 Topps Neon,Yellow,3,Captain America,TRUE
2026 Topps Neon,Yellow,4,Spider-Man,TRUE
2026 Topps Neon,Yellow,5,Hulk,TRUE
2026 Topps Neon,Yellow,6,Hawkeye,TRUE
2026 Topps Neon,Yellow,7,Black Widow,TRUE
2026 Topps Neon,Yellow,8,Captain Marvel,TRUE
2026 Topps Neon,Yellow,9,Wolverine,TRUE
2026 Topps Neon,Yellow,10,Scarlet Witch,TRUE
2026 Topps Neon,Yellow,11,Quicksilver,TRUE
2026 Topps Neon,Yellow,12,Vision,TRUE
2026 Topps Neon,Yellow,13,Ultron,TRUE
2026 Topps Neon,Yellow,14,Doctor Strange,TRUE
2026 Topps Neon,Yellow,15,Mephisto,TRUE
2026 Topps Neon,Yellow,16,Thanos,TRUE
2026 Topps Neon,Yellow,17,Loki,TRUE
2026 Topps Neon,Yellow,18,Odin,TRUE
2026 Topps Neon,Yellow,19,Daredevil,TRUE
2026 Topps Neon,Yellow,20,Dragonfire,TRUE
2026 Topps Neon,Yellow,21,Ant-Man,TRUE
2026 Topps Neon,Yellow,22,Iron Fist,TRUE
2026 Topps Neon,Yellow,23,X-23,TRUE
2026 Topps Neon,Yellow,24,Moon Knight,TRUE
2026 Topps Neon,Yellow,25,Jessica Jones,TRUE
2026 Topps Neon,Yellow,26,Namor,TRUE
2026 Topps Neon,Yellow,27,Taskmaster,TRUE
2026 Topps Neon,Yellow,28,Kang The Conqueror,TRUE
2026 Topps Neon,Yellow,29,The Thing,TRUE
2026 Topps Neon,Yellow,30,Human Torch,TRUE
2026 Topps Neon,Yellow,31,Invisible Woman,TRUE
2026 Topps Neon,Yellow,32,Mister Fantastic,TRUE
2026 Topps Neon,Yellow,33,Ransom,TRUE
2026 Topps Neon,Yellow,34,Silver Surfer,TRUE
2026 Topps Neon,Yellow,35,Sword Master,TRUE
2026 Topps Neon,Yellow,36,Doctor Doom,TRUE
2026 Topps Neon,Yellow,37,Ms. Marvel,TRUE
2026 Topps Neon,Yellow,38,Ghost-Spider,TRUE
2026 Topps Neon,Yellow,39,Professor X,TRUE
2026 Topps Neon,Yellow,40,Cyclops,TRUE
2026 Topps Neon,Yellow,41,Phoenix,TRUE
2026 Topps Neon,Yellow,42,Beast,TRUE
2026 Topps Neon,Yellow,43,Magneto,TRUE
2026 Topps Neon,Yellow,44,Mister Sinister,TRUE
2026 Topps Neon,Yellow,45,Cable,TRUE
2026 Topps Neon,Yellow,46,Iceman,TRUE
2026 Topps Neon,Yellow,47,Archangel,TRUE
2026 Topps Neon,Yellow,48,Storm,TRUE
2026 Topps Neon,Yellow,49,Colossus,TRUE
2026 Topps Neon,Yellow,50,Magik,TRUE
2026 Topps Neon,Yellow,51,Jubilee,TRUE
2026 Topps Neon,Yellow,52,Rogue,TRUE
2026 Topps Neon,Yellow,53,Gambit,TRUE
2026 Topps Neon,Yellow,54,Kitty Pryde,TRUE
2026 Topps Neon,Yellow,55,Juggernaut,TRUE
2026 Topps Neon,Yellow,56,America Chavez,TRUE
2026 Topps Neon,Yellow,57,Squirrel Girl,TRUE
2026 Topps Neon,Yellow,58,Hulkette,TRUE
2026 Topps Neon,Yellow,59,Dazzler,TRUE
2026 Topps Neon,Yellow,60,Silver Samurai,TRUE
2026 Topps Neon,Yellow,61,Emma Frost,TRUE
2026 Topps Neon,Yellow,62,Wasp,TRUE
2026 Topps Neon,Yellow,63,Elektra,TRUE
2026 Topps Neon,Yellow,64,Misty Knight,TRUE
2026 Topps Neon,Yellow,65,Miles Morales,TRUE
2026 Topps Neon,Yellow,66,Kate Bishop,TRUE
2026 Topps Neon,Yellow,67,Black Panther,TRUE
2026 Topps Neon,Yellow,68,Killmonger,TRUE
2026 Topps Neon,Yellow,69,Adam Warlock,TRUE
2026 Topps Neon,Yellow,70,Gladiator,TRUE
2026 Topps Neon,Yellow,71,Black Bolt,TRUE
2026 Topps Neon,Yellow,72,Medusa,TRUE
2026 Topps Neon,Yellow,73,Angela,TRUE
2026 Topps Neon,Yellow,74,Star-Lord,TRUE
2026 Topps Neon,Yellow,75,Groot,TRUE
2026 Topps Neon,Yellow,76,Schwarzschild,TRUE
2026 Topps Neon,Yellow,77,Rocket Raccoon,TRUE
2026 Topps Neon,Yellow,78,Drax,TRUE
2026 Topps Neon,Yellow,79,Chthon,TRUE
2026 Topps Neon,Yellow,80,Havok,TRUE
2026 Topps Neon,Yellow,81,Nova,TRUE
2026 Topps Neon,Yellow,82,Man-Thing,TRUE
2026 Topps Neon,Yellow,83,Kid Gladiator,TRUE
2026 Topps Neon,Yellow,84,Fin Fang Foom,TRUE
2026 Topps Neon,Yellow,85,Beta Ray Bill,TRUE
2026 Topps Neon,Yellow,86,Hela,TRUE
2026 Topps Neon,Yellow,87,Captain America,TRUE
2026 Topps Neon,Yellow,88,Dormammu,TRUE
2026 Topps Neon,Yellow,89,Batroc,TRUE
2026 Topps Neon,Yellow,90,Mighty Thor,TRUE
2026 Topps Neon,Yellow,91,Mystique,TRUE
2026 Topps Neon,Yellow,92,Omega Red,TRUE
2026 Topps Neon,Yellow,93,Sabretooth,TRUE
2026 Topps Neon,Yellow,94,Wonder Man,TRUE
2026 Topps Neon,Yellow,95,Green Goblin,TRUE
2026 Topps Neon,Yellow,96,Venom,TRUE
2026 Topps Neon,Yellow,97,Carnage,TRUE
2026 Topps Neon,Yellow,98,Iron Cat,TRUE
2026 Topps Neon,Yellow,99,Lizard,TRUE
2026 Topps Neon,Yellow,100,Shocker,TRUE
2026 Topps Neon,Yellow,101,Electro,TRUE
2026 Topps Neon,Yellow,102,Rhino,TRUE
2026 Topps Neon,Yellow,103,Scorpion,TRUE
2026 Topps Neon,Yellow,104,Vulture,TRUE
2026 Topps Neon,Yellow,105,Kraven The Hunter,TRUE
2026 Topps Neon,Yellow,106,Prowler,TRUE
2026 Topps Neon,Yellow,107,Silk,TRUE
2026 Topps Neon,Yellow,108,Spider-Man 2099,TRUE
2026 Topps Neon,Yellow,109,Hellverine,TRUE
2026 Topps Neon,Yellow,110,Kingpin,TRUE
2026 Topps Neon,Yellow,111,Invincible Woman,TRUE
2026 Topps Neon,Yellow,112,Mister Negative,TRUE
2026 Topps Neon,Yellow,113,Scarlet Spider,TRUE
2026 Topps Neon,Yellow,114,Spider-Girl,TRUE
2026 Topps Neon,Yellow,115,Spider-Woman,TRUE
2026 Topps Neon,Yellow,116,Spider-Man Noir,TRUE
2026 Topps Neon,Yellow,117,Bishop,TRUE
2026 Topps Neon,Yellow,118,Deathdream,TRUE
2026 Topps Neon,Yellow,119,Nightcrawler,TRUE
2026 Topps Neon,Yellow,120,Toad,TRUE
2026 Topps Neon,Yellow,121,Hobgoblin,TRUE
2026 Topps Neon,Yellow,122,Sentry,TRUE
2026 Topps Neon,Yellow,123,Blade,TRUE
2026 Topps Neon,Yellow,124,Ghost Rider,TRUE
2026 Topps Neon,Yellow,125,Apocalypse,TRUE
2026 Topps Neon,Yellow,126,Warlock,TRUE
2026 Topps Neon,Yellow,127,Psylocke,TRUE
2026 Topps Neon,Yellow,128,War Machine,TRUE
2026 Topps Neon,Yellow,129,Jeff The Land Shark,TRUE
2026 Topps Neon,Yellow,130,M.O.D.O.K.,TRUE
2026 Topps Neon,Yellow,131,Firestar,TRUE
2026 Topps Neon,Yellow,132,Sunspot,TRUE
2026 Topps Neon,Yellow,133,Spider-Ham,TRUE
2026 Topps Neon,Yellow,134,Abomination,TRUE
2026 Topps Neon,Yellow,135,Darkhawk,TRUE
2026 Topps Neon,Yellow,136,She-Hulk,TRUE
2026 Topps Neon,Yellow,137,Black Cat,TRUE
2026 Topps Neon,Yellow,138,Hercules,TRUE
2026 Topps Neon,Yellow,139,Baron Zemo,TRUE
2026 Topps Neon,Yellow,140,Enchantress,TRUE
2026 Topps Neon,Yellow,141,Ironheart,TRUE
2026 Topps Neon,Yellow,142,Luna Snow,TRUE
2026 Topps Neon,Yellow,143,Spider-Boy,TRUE
2026 Topps Neon,Yellow,144,U.S. Agent,TRUE
2026 Topps Neon,Yellow,145,Moonstar,TRUE
2026 Topps Neon,Yellow,146,Yondu,TRUE
2026 Topps Neon,Yellow,147,Jack of Hearts,TRUE
2026 Topps Neon,Yellow,148,Absorbing Man,TRUE
2026 Topps Neon,Yellow,149,Black Knight,TRUE
2026 Topps Neon,Yellow,150,Silver Sable,TRUE
2026 Topps Neon,Yellow,151,Spider-Punk,TRUE
2026 Topps Neon,Yellow,152,Multiple Man,TRUE
2026 Topps Neon,Yellow,153,Machine Man,TRUE
2026 Topps Neon,Yellow,154,Jocasta,TRUE
2026 Topps Neon,Yellow,155,Clea,TRUE
2026 Topps Neon,Yellow,156,Wiccan,TRUE
2026 Topps Neon,Yellow,157,Old Man Logan,TRUE
2026 Topps Neon,Yellow,158,Anti-Venom,TRUE
2026 Topps Neon,Yellow,159,Morbius,TRUE
2026 Topps Neon,Yellow,160,Hellcat,TRUE
2026 Topps Neon,Yellow,161,Echo,TRUE
2026 Topps Neon,Yellow,162,Captain Britain,TRUE
2026 Topps Neon,Yellow,163,Ikaris,TRUE
2026 Topps Neon,Yellow,164,Ares,TRUE
2026 Topps Neon,Yellow,165,Stryfe,TRUE
2026 Topps Neon,Yellow,166,White Tiger,TRUE
2026 Topps Neon,Yellow,167,Gwenpool,TRUE
2026 Topps Neon,Yellow,168,Werewolf By Night,TRUE
2026 Topps Neon,Yellow,169,Leader,TRUE
2026 Topps Neon,Yellow,170,Deathlok,TRUE
2026 Topps Neon,Yellow,171,White Widow,TRUE
2026 Topps Neon,Yellow,172,Jitter,TRUE
2026 Topps Neon,Yellow,173,Doyle Dormammu,TRUE
2026 Topps Neon,Yellow,174,Phyla-Vell,TRUE
2026 Topps Neon,Yellow,175,Terrax,TRUE
2026 Topps Neon,Yellow,176,Ka-Zar,TRUE
2026 Topps Neon,Yellow,177,Moon Girl,TRUE
2026 Topps Neon,Yellow,178,Rescue,TRUE
2026 Topps Neon,Yellow,179,Frenzy,TRUE
2026 Topps Neon,Yellow,180,Baron Mordo,TRUE
2026 Topps Neon,Yellow,181,Fantomex,TRUE
2026 Topps Neon,Yellow,182,Quasar,TRUE
2026 Topps Neon,Yellow,183,Exodus,TRUE
2026 Topps Neon,Yellow,184,Doctor Voodoo,TRUE
2026 Topps Neon,Yellow,185,Man-Wolf,TRUE
2026 Topps Neon,Yellow,186,High Evolutionary,TRUE
2026 Topps Neon,Yellow,187,Whiplash,TRUE
2026 Topps Neon,Yellow,188,Genis-Vell,TRUE
2026 Topps Neon,Yellow,189,Tigra,TRUE
2026 Topps Neon,Yellow,190,Polaris,TRUE
2026 Topps Neon,Yellow,191,Throg,TRUE
2026 Topps Neon,Yellow,192,Maestro,TRUE
2026 Topps Neon,Yellow,193,Slapstick,TRUE
2026 Topps Neon,Yellow,194,Hallows' Eve,TRUE
2026 Topps Neon,Yellow,195,Cosmic Ghost Rider,TRUE
2026 Topps Neon,Yellow,196,Cypher,TRUE
2026 Topps Neon,Yellow,197,The Maker,TRUE
2026 Topps Neon,Yellow,198,Shang-Chi,TRUE
2026 Topps Neon,Yellow,199,Nimrod,TRUE
2026 Topps Neon,Yellow,200,Mary Jane,TRUE
2026 Topps Neon,Pink,1,Iron Man,TRUE
2026 Topps Neon,Pink,2,Thor,TRUE
2026 Topps Neon,Pink,3,Captain America,TRUE
2026 Topps Neon,Pink,4,Spider-Man,TRUE
2026 Topps Neon,Pink,5,Hulk,TRUE
2026 Topps Neon,Pink,6,Hawkeye,TRUE
2026 Topps Neon,Pink,7,Black Widow,TRUE
2026 Topps Neon,Pink,8,Captain Marvel,TRUE
2026 Topps Neon,Pink,9,Wolverine,TRUE
2026 Topps Neon,Pink,10,Scarlet Witch,TRUE
2026 Topps Neon,Pink,11,Quicksilver,TRUE
2026 Topps Neon,Pink,12,Vision,TRUE
2026 Topps Neon,Pink,13,Ultron,TRUE
2026 Topps Neon,Pink,14,Doctor Strange,TRUE
2026 Topps Neon,Pink,15,Mephisto,TRUE
2026 Topps Neon,Pink,16,Thanos,TRUE
2026 Topps Neon,Pink,17,Loki,TRUE
2026 Topps Neon,Pink,18,Odin,TRUE
2026 Topps Neon,Pink,19,Daredevil,TRUE
2026 Topps Neon,Pink,20,Dragonfire,TRUE
2026 Topps Neon,Pink,21,Ant-Man,TRUE
2026 Topps Neon,Pink,22,Iron Fist,TRUE
2026 Topps Neon,Pink,23,X-23,TRUE
2026 Topps Neon,Pink,24,Moon Knight,TRUE
2026 Topps Neon,Pink,25,Jessica Jones,TRUE
2026 Topps Neon,Pink,26,Namor,TRUE
2026 Topps Neon,Pink,27,Taskmaster,TRUE
2026 Topps Neon,Pink,28,Kang The Conqueror,TRUE
2026 Topps Neon,Pink,29,The Thing,TRUE
2026 Topps Neon,Pink,30,Human Torch,TRUE
2026 Topps Neon,Pink,31,Invisible Woman,TRUE
2026 Topps Neon,Pink,32,Mister Fantastic,TRUE
2026 Topps Neon,Pink,33,Ransom,TRUE
2026 Topps Neon,Pink,34,Silver Surfer,TRUE
2026 Topps Neon,Pink,35,Sword Master,TRUE
2026 Topps Neon,Pink,36,Doctor Doom,TRUE
2026 Topps Neon,Pink,37,Ms. Marvel,TRUE
2026 Topps Neon,Pink,38,Ghost-Spider,TRUE
2026 Topps Neon,Pink,39,Professor X,TRUE
2026 Topps Neon,Pink,40,Cyclops,TRUE
2026 Topps Neon,Pink,41,Phoenix,TRUE
2026 Topps Neon,Pink,42,Beast,TRUE
2026 Topps Neon,Pink,43,Magneto,TRUE
2026 Topps Neon,Pink,44,Mister Sinister,TRUE
2026 Topps Neon,Pink,45,Cable,TRUE
2026 Topps Neon,Pink,46,Iceman,TRUE
2026 Topps Neon,Pink,47,Archangel,TRUE
2026 Topps Neon,Pink,48,Storm,TRUE
2026 Topps Neon,Pink,49,Colossus,TRUE
2026 Topps Neon,Pink,50,Magik,TRUE
2026 Topps Neon,Pink,51,Jubilee,TRUE
2026 Topps Neon,Pink,52,Rogue,TRUE
2026 Topps Neon,Pink,53,Gambit,TRUE
2026 Topps Neon,Pink,54,Kitty Pryde,TRUE
2026 Topps Neon,Pink,55,Juggernaut,TRUE
2026 Topps Neon,Pink,56,America Chavez,TRUE
2026 Topps Neon,Pink,57,Squirrel Girl,TRUE
2026 Topps Neon,Pink,58,Hulkette,TRUE
2026 Topps Neon,Pink,59,Dazzler,TRUE
2026 Topps Neon,Pink,60,Silver Samurai,TRUE
2026 Topps Neon,Pink,61,Emma Frost,TRUE
2026 Topps Neon,Pink,62,Wasp,TRUE
2026 Topps Neon,Pink,63,Elektra,TRUE
2026 Topps Neon,Pink,64,Misty Knight,TRUE
2026 Topps Neon,Pink,65,Miles Morales,TRUE
2026 Topps Neon,Pink,66,Kate Bishop,TRUE
2026 Topps Neon,Pink,67,Black Panther,TRUE
2026 Topps Neon,Pink,68,Killmonger,TRUE
2026 Topps Neon,Pink,69,Adam Warlock,TRUE
2026 Topps Neon,Pink,70,Gladiator,TRUE
2026 Topps Neon,Pink,71,Black Bolt,TRUE
2026 Topps Neon,Pink,72,Medusa,TRUE
2026 Topps Neon,Pink,73,Angela,TRUE
2026 Topps Neon,Pink,74,Star-Lord,TRUE
2026 Topps Neon,Pink,75,Groot,TRUE
2026 Topps Neon,Pink,76,Schwarzschild,TRUE
2026 Topps Neon,Pink,77,Rocket Raccoon,TRUE
2026 Topps Neon,Pink,78,Drax,TRUE
2026 Topps Neon,Pink,79,Chthon,TRUE
2026 Topps Neon,Pink,80,Havok,TRUE
2026 Topps Neon,Pink,81,Nova,TRUE
2026 Topps Neon,Pink,82,Man-Thing,TRUE
2026 Topps Neon,Pink,83,Kid Gladiator,TRUE
2026 Topps Neon,Pink,84,Fin Fang Foom,TRUE
2026 Topps Neon,Pink,85,Beta Ray Bill,TRUE
2026 Topps Neon,Pink,86,Hela,TRUE
2026 Topps Neon,Pink,87,Captain America,TRUE
2026 Topps Neon,Pink,88,Dormammu,TRUE
2026 Topps Neon,Pink,89,Batroc,TRUE
2026 Topps Neon,Pink,90,Mighty Thor,TRUE
2026 Topps Neon,Pink,91,Mystique,TRUE
2026 Topps Neon,Pink,92,Omega Red,TRUE
2026 Topps Neon,Pink,93,Sabretooth,TRUE
2026 Topps Neon,Pink,94,Wonder Man,TRUE
2026 Topps Neon,Pink,95,Green Goblin,TRUE
2026 Topps Neon,Pink,96,Venom,TRUE
2026 Topps Neon,Pink,97,Carnage,TRUE
2026 Topps Neon,Pink,98,Iron Cat,TRUE
2026 Topps Neon,Pink,99,Lizard,TRUE
2026 Topps Neon,Pink,100,Shocker,TRUE
2026 Topps Neon,Pink,101,Electro,TRUE
2026 Topps Neon,Pink,102,Rhino,TRUE
2026 Topps Neon,Pink,103,Scorpion,TRUE
2026 Topps Neon,Pink,104,Vulture,TRUE
2026 Topps Neon,Pink,105,Kraven The Hunter,TRUE
2026 Topps Neon,Pink,106,Prowler,TRUE
2026 Topps Neon,Pink,107,Silk,TRUE
2026 Topps Neon,Pink,108,Spider-Man 2099,TRUE
2026 Topps Neon,Pink,109,Hellverine,TRUE
2026 Topps Neon,Pink,110,Kingpin,TRUE
2026 Topps Neon,Pink,111,Invincible Woman,TRUE
2026 Topps Neon,Pink,112,Mister Negative,TRUE
2026 Topps Neon,Pink,113,Scarlet Spider,TRUE
2026 Topps Neon,Pink,114,Spider-Girl,TRUE
2026 Topps Neon,Pink,115,Spider-Woman,TRUE
2026 Topps Neon,Pink,116,Spider-Man Noir,TRUE
2026 Topps Neon,Pink,117,Bishop,TRUE
2026 Topps Neon,Pink,118,Deathdream,TRUE
2026 Topps Neon,Pink,119,Nightcrawler,TRUE
2026 Topps Neon,Pink,120,Toad,TRUE
2026 Topps Neon,Pink,121,Hobgoblin,TRUE
2026 Topps Neon,Pink,122,Sentry,TRUE
2026 Topps Neon,Pink,123,Blade,TRUE
2026 Topps Neon,Pink,124,Ghost Rider,TRUE
2026 Topps Neon,Pink,125,Apocalypse,TRUE
2026 Topps Neon,Pink,126,Warlock,TRUE
2026 Topps Neon,Pink,127,Psylocke,TRUE
2026 Topps Neon,Pink,128,War Machine,TRUE
2026 Topps Neon,Pink,129,Jeff The Land Shark,TRUE
2026 Topps Neon,Pink,130,M.O.D.O.K.,TRUE
2026 Topps Neon,Pink,131,Firestar,TRUE
2026 Topps Neon,Pink,132,Sunspot,TRUE
2026 Topps Neon,Pink,133,Spider-Ham,TRUE
2026 Topps Neon,Pink,134,Abomination,TRUE
2026 Topps Neon,Pink,135,Darkhawk,TRUE
2026 Topps Neon,Pink,136,She-Hulk,TRUE
2026 Topps Neon,Pink,137,Black Cat,TRUE
2026 Topps Neon,Pink,138,Hercules,TRUE
2026 Topps Neon,Pink,139,Baron Zemo,TRUE
2026 Topps Neon,Pink,140,Enchantress,TRUE
2026 Topps Neon,Pink,141,Ironheart,TRUE
2026 Topps Neon,Pink,142,Luna Snow,TRUE
2026 Topps Neon,Pink,143,Spider-Boy,TRUE
2026 Topps Neon,Pink,144,U.S. Agent,TRUE
2026 Topps Neon,Pink,145,Moonstar,TRUE
2026 Topps Neon,Pink,146,Yondu,TRUE
2026 Topps Neon,Pink,147,Jack of Hearts,TRUE
2026 Topps Neon,Pink,148,Absorbing Man,TRUE
2026 Topps Neon,Pink,149,Black Knight,TRUE
2026 Topps Neon,Pink,150,Silver Sable,TRUE
2026 Topps Neon,Pink,151,Spider-Punk,TRUE
2026 Topps Neon,Pink,152,Multiple Man,TRUE
2026 Topps Neon,Pink,153,Machine Man,TRUE
2026 Topps Neon,Pink,154,Jocasta,TRUE
2026 Topps Neon,Pink,155,Clea,TRUE
2026 Topps Neon,Pink,156,Wiccan,TRUE
2026 Topps Neon,Pink,157,Old Man Logan,TRUE
2026 Topps Neon,Pink,158,Anti-Venom,TRUE
2026 Topps Neon,Pink,159,Morbius,TRUE
2026 Topps Neon,Pink,160,Hellcat,TRUE
2026 Topps Neon,Pink,161,Echo,TRUE
2026 Topps Neon,Pink,162,Captain Britain,TRUE
2026 Topps Neon,Pink,163,Ikaris,TRUE
2026 Topps Neon,Pink,164,Ares,TRUE
2026 Topps Neon,Pink,165,Stryfe,TRUE
2026 Topps Neon,Pink,166,White Tiger,TRUE
2026 Topps Neon,Pink,167,Gwenpool,TRUE
2026 Topps Neon,Pink,168,Werewolf By Night,TRUE
2026 Topps Neon,Pink,169,Leader,TRUE
2026 Topps Neon,Pink,170,Deathlok,TRUE
2026 Topps Neon,Pink,171,White Widow,TRUE
2026 Topps Neon,Pink,172,Jitter,TRUE
2026 Topps Neon,Pink,173,Doyle Dormammu,TRUE
2026 Topps Neon,Pink,174,Phyla-Vell,TRUE
2026 Topps Neon,Pink,175,Terrax,TRUE
2026 Topps Neon,Pink,176,Ka-Zar,TRUE
2026 Topps Neon,Pink,177,Moon Girl,TRUE
2026 Topps Neon,Pink,178,Rescue,TRUE
2026 Topps Neon,Pink,179,Frenzy,TRUE
2026 Topps Neon,Pink,180,Baron Mordo,TRUE
2026 Topps Neon,Pink,181,Fantomex,TRUE
2026 Topps Neon,Pink,182,Quasar,TRUE
2026 Topps Neon,Pink,183,Exodus,TRUE
2026 Topps Neon,Pink,184,Doctor Voodoo,TRUE
2026 Topps Neon,Pink,185,Man-Wolf,TRUE
2026 Topps Neon,Pink,186,High Evolutionary,TRUE
2026 Topps Neon,Pink,187,Whiplash,TRUE
2026 Topps Neon,Pink,188,Genis-Vell,TRUE
2026 Topps Neon,Pink,189,Tigra,TRUE
2026 Topps Neon,Pink,190,Polaris,TRUE
2026 Topps Neon,Pink,191,Throg,TRUE
2026 Topps Neon,Pink,192,Maestro,TRUE
2026 Topps Neon,Pink,193,Slapstick,TRUE
2026 Topps Neon,Pink,194,Hallows' Eve,TRUE
2026 Topps Neon,Pink,195,Cosmic Ghost Rider,TRUE
2026 Topps Neon,Pink,196,Cypher,TRUE
2026 Topps Neon,Pink,197,The Maker,TRUE
2026 Topps Neon,Pink,198,Shang-Chi,TRUE
2026 Topps Neon,Pink,199,Nimrod,TRUE
2026 Topps Neon,Pink,200,Mary Jane,TRUE
2026 Topps Neon,Aqua,1,Iron Man,TRUE
2026 Topps Neon,Aqua,2,Thor,TRUE
2026 Topps Neon,Aqua,3,Captain America,TRUE
2026 Topps Neon,Aqua,4,Spider-Man,TRUE
2026 Topps Neon,Aqua,5,Hulk,TRUE
2026 Topps Neon,Aqua,6,Hawkeye,TRUE
2026 Topps Neon,Aqua,7,Black Widow,TRUE
2026 Topps Neon,Aqua,8,Captain Marvel,TRUE
2026 Topps Neon,Aqua,9,Wolverine,TRUE
2026 Topps Neon,Aqua,10,Scarlet Witch,TRUE
2026 Topps Neon,Aqua,11,Quicksilver,TRUE
2026 Topps Neon,Aqua,12,Vision,TRUE
2026 Topps Neon,Aqua,13,Ultron,TRUE
2026 Topps Neon,Aqua,14,Doctor Strange,TRUE
2026 Topps Neon,Aqua,15,Mephisto,TRUE
2026 Topps Neon,Aqua,16,Thanos,TRUE
2026 Topps Neon,Aqua,17,Loki,TRUE
2026 Topps Neon,Aqua,18,Odin,TRUE
2026 Topps Neon,Aqua,19,Daredevil,TRUE
2026 Topps Neon,Aqua,20,Dragonfire,TRUE
2026 Topps Neon,Aqua,21,Ant-Man,TRUE
2026 Topps Neon,Aqua,22,Iron Fist,TRUE
2026 Topps Neon,Aqua,23,X-23,TRUE
2026 Topps Neon,Aqua,24,Moon Knight,TRUE
2026 Topps Neon,Aqua,25,Jessica Jones,TRUE
2026 Topps Neon,Aqua,26,Namor,TRUE
2026 Topps Neon,Aqua,27,Taskmaster,TRUE
2026 Topps Neon,Aqua,28,Kang The Conqueror,TRUE
2026 Topps Neon,Aqua,29,The Thing,TRUE
2026 Topps Neon,Aqua,30,Human Torch,TRUE
2026 Topps Neon,Aqua,31,Invisible Woman,TRUE
2026 Topps Neon,Aqua,32,Mister Fantastic,TRUE
2026 Topps Neon,Aqua,33,Ransom,TRUE
2026 Topps Neon,Aqua,34,Silver Surfer,TRUE
2026 Topps Neon,Aqua,35,Sword Master,TRUE
2026 Topps Neon,Aqua,36,Doctor Doom,TRUE
2026 Topps Neon,Aqua,37,Ms. Marvel,TRUE
2026 Topps Neon,Aqua,38,Ghost-Spider,TRUE
2026 Topps Neon,Aqua,39,Professor X,TRUE
2026 Topps Neon,Aqua,40,Cyclops,TRUE
2026 Topps Neon,Aqua,41,Phoenix,TRUE
2026 Topps Neon,Aqua,42,Beast,TRUE
2026 Topps Neon,Aqua,43,Magneto,TRUE
2026 Topps Neon,Aqua,44,Mister Sinister,TRUE
2026 Topps Neon,Aqua,45,Cable,TRUE
2026 Topps Neon,Aqua,46,Iceman,TRUE
2026 Topps Neon,Aqua,47,Archangel,TRUE
2026 Topps Neon,Aqua,48,Storm,TRUE
2026 Topps Neon,Aqua,49,Colossus,TRUE
2026 Topps Neon,Aqua,50,Magik,TRUE
2026 Topps Neon,Aqua,51,Jubilee,TRUE
2026 Topps Neon,Aqua,52,Rogue,TRUE
2026 Topps Neon,Aqua,53,Gambit,TRUE
2026 Topps Neon,Aqua,54,Kitty Pryde,TRUE
2026 Topps Neon,Aqua,55,Juggernaut,TRUE
2026 Topps Neon,Aqua,56,America Chavez,TRUE
2026 Topps Neon,Aqua,57,Squirrel Girl,TRUE
2026 Topps Neon,Aqua,58,Hulkette,TRUE
2026 Topps Neon,Aqua,59,Dazzler,TRUE
2026 Topps Neon,Aqua,60,Silver Samurai,TRUE
2026 Topps Neon,Aqua,61,Emma Frost,TRUE
2026 Topps Neon,Aqua,62,Wasp,TRUE
2026 Topps Neon,Aqua,63,Elektra,TRUE
2026 Topps Neon,Aqua,64,Misty Knight,TRUE
2026 Topps Neon,Aqua,65,Miles Morales,TRUE
2026 Topps Neon,Aqua,66,Kate Bishop,TRUE
2026 Topps Neon,Aqua,67,Black Panther,TRUE
2026 Topps Neon,Aqua,68,Killmonger,TRUE
2026 Topps Neon,Aqua,69,Adam Warlock,TRUE
2026 Topps Neon,Aqua,70,Gladiator,TRUE
2026 Topps Neon,Aqua,71,Black Bolt,TRUE
2026 Topps Neon,Aqua,72,Medusa,TRUE
2026 Topps Neon,Aqua,73,Angela,TRUE
2026 Topps Neon,Aqua,74,Star-Lord,TRUE
2026 Topps Neon,Aqua,75,Groot,TRUE
2026 Topps Neon,Aqua,76,Schwarzschild,TRUE
2026 Topps Neon,Aqua,77,Rocket Raccoon,TRUE
2026 Topps Neon,Aqua,78,Drax,TRUE
2026 Topps Neon,Aqua,79,Chthon,TRUE
2026 Topps Neon,Aqua,80,Havok,TRUE
2026 Topps Neon,Aqua,81,Nova,TRUE
2026 Topps Neon,Aqua,82,Man-Thing,TRUE
2026 Topps Neon,Aqua,83,Kid Gladiator,TRUE
2026 Topps Neon,Aqua,84,Fin Fang Foom,TRUE
2026 Topps Neon,Aqua,85,Beta Ray Bill,TRUE
2026 Topps Neon,Aqua,86,Hela,TRUE
2026 Topps Neon,Aqua,87,Captain America,TRUE
2026 Topps Neon,Aqua,88,Dormammu,TRUE
2026 Topps Neon,Aqua,89,Batroc,TRUE
2026 Topps Neon,Aqua,90,Mighty Thor,TRUE
2026 Topps Neon,Aqua,91,Mystique,TRUE
2026 Topps Neon,Aqua,92,Omega Red,TRUE
2026 Topps Neon,Aqua,93,Sabretooth,TRUE
2026 Topps Neon,Aqua,94,Wonder Man,TRUE
2026 Topps Neon,Aqua,95,Green Goblin,TRUE
2026 Topps Neon,Aqua,96,Venom,TRUE
2026 Topps Neon,Aqua,97,Carnage,TRUE
2026 Topps Neon,Aqua,98,Iron Cat,TRUE
2026 Topps Neon,Aqua,99,Lizard,TRUE
2026 Topps Neon,Aqua,100,Shocker,TRUE
2026 Topps Neon,Aqua,101,Electro,TRUE
2026 Topps Neon,Aqua,102,Rhino,TRUE
2026 Topps Neon,Aqua,103,Scorpion,TRUE
2026 Topps Neon,Aqua,104,Vulture,TRUE
2026 Topps Neon,Aqua,105,Kraven The Hunter,TRUE
2026 Topps Neon,Aqua,106,Prowler,TRUE
2026 Topps Neon,Aqua,107,Silk,TRUE
2026 Topps Neon,Aqua,108,Spider-Man 2099,TRUE
2026 Topps Neon,Aqua,109,Hellverine,TRUE
2026 Topps Neon,Aqua,110,Kingpin,TRUE
2026 Topps Neon,Aqua,111,Invincible Woman,TRUE
2026 Topps Neon,Aqua,112,Mister Negative,TRUE
2026 Topps Neon,Aqua,113,Scarlet Spider,TRUE
2026 Topps Neon,Aqua,114,Spider-Girl,TRUE
2026 Topps Neon,Aqua,115,Spider-Woman,TRUE
2026 Topps Neon,Aqua,116,Spider-Man Noir,TRUE
2026 Topps Neon,Aqua,117,Bishop,TRUE
2026 Topps Neon,Aqua,118,Deathdream,TRUE
2026 Topps Neon,Aqua,119,Nightcrawler,TRUE
2026 Topps Neon,Aqua,120,Toad,TRUE
2026 Topps Neon,Aqua,121,Hobgoblin,TRUE
2026 Topps Neon,Aqua,122,Sentry,TRUE
2026 Topps Neon,Aqua,123,Blade,TRUE
2026 Topps Neon,Aqua,124,Ghost Rider,TRUE
2026 Topps Neon,Aqua,125,Apocalypse,TRUE
2026 Topps Neon,Aqua,126,Warlock,TRUE
2026 Topps Neon,Aqua,127,Psylocke,TRUE
2026 Topps Neon,Aqua,128,War Machine,TRUE
2026 Topps Neon,Aqua,129,Jeff The Land Shark,TRUE
2026 Topps Neon,Aqua,130,M.O.D.O.K.,TRUE
2026 Topps Neon,Aqua,131,Firestar,TRUE
2026 Topps Neon,Aqua,132,Sunspot,TRUE
2026 Topps Neon,Aqua,133,Spider-Ham,TRUE
2026 Topps Neon,Aqua,134,Abomination,TRUE
2026 Topps Neon,Aqua,135,Darkhawk,TRUE
2026 Topps Neon,Aqua,136,She-Hulk,TRUE
2026 Topps Neon,Aqua,137,Black Cat,TRUE
2026 Topps Neon,Aqua,138,Hercules,TRUE
2026 Topps Neon,Aqua,139,Baron Zemo,TRUE
2026 Topps Neon,Aqua,140,Enchantress,TRUE
2026 Topps Neon,Aqua,141,Ironheart,TRUE
2026 Topps Neon,Aqua,142,Luna Snow,TRUE
2026 Topps Neon,Aqua,143,Spider-Boy,TRUE
2026 Topps Neon,Aqua,144,U.S. Agent,TRUE
2026 Topps Neon,Aqua,145,Moonstar,TRUE
2026 Topps Neon,Aqua,146,Yondu,TRUE
2026 Topps Neon,Aqua,147,Jack of Hearts,TRUE
2026 Topps Neon,Aqua,148,Absorbing Man,TRUE
2026 Topps Neon,Aqua,149,Black Knight,TRUE
2026 Topps Neon,Aqua,150,Silver Sable,TRUE
2026 Topps Neon,Aqua,151,Spider-Punk,TRUE
2026 Topps Neon,Aqua,152,Multiple Man,TRUE
2026 Topps Neon,Aqua,153,Machine Man,TRUE
2026 Topps Neon,Aqua,154,Jocasta,TRUE
2026 Topps Neon,Aqua,155,Clea,TRUE
2026 Topps Neon,Aqua,156,Wiccan,TRUE
2026 Topps Neon,Aqua,157,Old Man Logan,TRUE
2026 Topps Neon,Aqua,158,Anti-Venom,TRUE
2026 Topps Neon,Aqua,159,Morbius,TRUE
2026 Topps Neon,Aqua,160,Hellcat,TRUE
2026 Topps Neon,Aqua,161,Echo,TRUE
2026 Topps Neon,Aqua,162,Captain Britain,TRUE
2026 Topps Neon,Aqua,163,Ikaris,TRUE
2026 Topps Neon,Aqua,164,Ares,TRUE
2026 Topps Neon,Aqua,165,Stryfe,TRUE
2026 Topps Neon,Aqua,166,White Tiger,TRUE
2026 Topps Neon,Aqua,167,Gwenpool,TRUE
2026 Topps Neon,Aqua,168,Werewolf By Night,TRUE
2026 Topps Neon,Aqua,169,Leader,TRUE
2026 Topps Neon,Aqua,170,Deathlok,TRUE
2026 Topps Neon,Aqua,171,White Widow,TRUE
2026 Topps Neon,Aqua,172,Jitter,TRUE
2026 Topps Neon,Aqua,173,Doyle Dormammu,TRUE
2026 Topps Neon,Aqua,174,Phyla-Vell,TRUE
2026 Topps Neon,Aqua,175,Terrax,TRUE
2026 Topps Neon,Aqua,176,Ka-Zar,TRUE
2026 Topps Neon,Aqua,177,Moon Girl,TRUE
2026 Topps Neon,Aqua,178,Rescue,TRUE
2026 Topps Neon,Aqua,179,Frenzy,TRUE
2026 Topps Neon,Aqua,180,Baron Mordo,TRUE
2026 Topps Neon,Aqua,181,Fantomex,TRUE
2026 Topps Neon,Aqua,182,Quasar,TRUE
2026 Topps Neon,Aqua,183,Exodus,TRUE
2026 Topps Neon,Aqua,184,Doctor Voodoo,TRUE
2026 Topps Neon,Aqua,185,Man-Wolf,TRUE
2026 Topps Neon,Aqua,186,High Evolutionary,TRUE
2026 Topps Neon,Aqua,187,Whiplash,TRUE
2026 Topps Neon,Aqua,188,Genis-Vell,TRUE
2026 Topps Neon,Aqua,189,Tigra,TRUE
2026 Topps Neon,Aqua,190,Polaris,TRUE
2026 Topps Neon,Aqua,191,Throg,TRUE
2026 Topps Neon,Aqua,192,Maestro,TRUE
2026 Topps Neon,Aqua,193,Slapstick,TRUE
2026 Topps Neon,Aqua,194,Hallows' Eve,TRUE
2026 Topps Neon,Aqua,195,Cosmic Ghost Rider,TRUE
2026 Topps Neon,Aqua,196,Cypher,TRUE
2026 Topps Neon,Aqua,197,The Maker,TRUE
2026 Topps Neon,Aqua,198,Shang-Chi,TRUE
2026 Topps Neon,Aqua,199,Nimrod,TRUE
2026 Topps Neon,Aqua,200,Mary Jane,TRUE
2026 Topps Neon,Blue,1,Iron Man,TRUE
2026 Topps Neon,Blue,2,Thor,TRUE
2026 Topps Neon,Blue,3,Captain America,TRUE
2026 Topps Neon,Blue,4,Spider-Man,TRUE
2026 Topps Neon,Blue,5,Hulk,TRUE
2026 Topps Neon,Blue,6,Hawkeye,TRUE
2026 Topps Neon,Blue,7,Black Widow,TRUE
2026 Topps Neon,Blue,8,Captain Marvel,TRUE
2026 Topps Neon,Blue,9,Wolverine,TRUE
2026 Topps Neon,Blue,10,Scarlet Witch,TRUE
2026 Topps Neon,Blue,11,Quicksilver,TRUE
2026 Topps Neon,Blue,12,Vision,TRUE
2026 Topps Neon,Blue,13,Ultron,TRUE
2026 Topps Neon,Blue,14,Doctor Strange,TRUE
2026 Topps Neon,Blue,15,Mephisto,TRUE
2026 Topps Neon,Blue,16,Thanos,TRUE
2026 Topps Neon,Blue,17,Loki,TRUE
2026 Topps Neon,Blue,18,Odin,TRUE
2026 Topps Neon,Blue,19,Daredevil,TRUE
2026 Topps Neon,Blue,20,Dragonfire,TRUE
2026 Topps Neon,Blue,21,Ant-Man,TRUE
2026 Topps Neon,Blue,22,Iron Fist,TRUE
2026 Topps Neon,Blue,23,X-23,TRUE
2026 Topps Neon,Blue,24,Moon Knight,TRUE
2026 Topps Neon,Blue,25,Jessica Jones,TRUE
2026 Topps Neon,Blue,26,Namor,TRUE
2026 Topps Neon,Blue,27,Taskmaster,TRUE
2026 Topps Neon,Blue,28,Kang The Conqueror,TRUE
2026 Topps Neon,Blue,29,The Thing,TRUE
2026 Topps Neon,Blue,30,Human Torch,TRUE
2026 Topps Neon,Blue,31,Invisible Woman,TRUE
2026 Topps Neon,Blue,32,Mister Fantastic,TRUE
2026 Topps Neon,Blue,33,Ransom,TRUE
2026 Topps Neon,Blue,34,Silver Surfer,TRUE
2026 Topps Neon,Blue,35,Sword Master,TRUE
2026 Topps Neon,Blue,36,Doctor Doom,TRUE
2026 Topps Neon,Blue,37,Ms. Marvel,TRUE
2026 Topps Neon,Blue,38,Ghost-Spider,TRUE
2026 Topps Neon,Blue,39,Professor X,TRUE
2026 Topps Neon,Blue,40,Cyclops,TRUE
2026 Topps Neon,Blue,41,Phoenix,TRUE
2026 Topps Neon,Blue,42,Beast,TRUE
2026 Topps Neon,Blue,43,Magneto,TRUE
2026 Topps Neon,Blue,44,Mister Sinister,TRUE
2026 Topps Neon,Blue,45,Cable,TRUE
2026 Topps Neon,Blue,46,Iceman,TRUE
2026 Topps Neon,Blue,47,Archangel,TRUE
2026 Topps Neon,Blue,48,Storm,TRUE
2026 Topps Neon,Blue,49,Colossus,TRUE
2026 Topps Neon,Blue,50,Magik,TRUE
2026 Topps Neon,Blue,51,Jubilee,TRUE
2026 Topps Neon,Blue,52,Rogue,TRUE
2026 Topps Neon,Blue,53,Gambit,TRUE
2026 Topps Neon,Blue,54,Kitty Pryde,TRUE
2026 Topps Neon,Blue,55,Juggernaut,TRUE
2026 Topps Neon,Blue,56,America Chavez,TRUE
2026 Topps Neon,Blue,57,Squirrel Girl,TRUE
2026 Topps Neon,Blue,58,Hulkette,TRUE
2026 Topps Neon,Blue,59,Dazzler,TRUE
2026 Topps Neon,Blue,60,Silver Samurai,TRUE
2026 Topps Neon,Blue,61,Emma Frost,TRUE
2026 Topps Neon,Blue,62,Wasp,TRUE
2026 Topps Neon,Blue,63,Elektra,TRUE
2026 Topps Neon,Blue,64,Misty Knight,TRUE
2026 Topps Neon,Blue,65,Miles Morales,TRUE
2026 Topps Neon,Blue,66,Kate Bishop,TRUE
2026 Topps Neon,Blue,67,Black Panther,TRUE
2026 Topps Neon,Blue,68,Killmonger,TRUE
2026 Topps Neon,Blue,69,Adam Warlock,TRUE
2026 Topps Neon,Blue,70,Gladiator,TRUE
2026 Topps Neon,Blue,71,Black Bolt,TRUE
2026 Topps Neon,Blue,72,Medusa,TRUE
2026 Topps Neon,Blue,73,Angela,TRUE
2026 Topps Neon,Blue,74,Star-Lord,TRUE
2026 Topps Neon,Blue,75,Groot,TRUE
2026 Topps Neon,Blue,76,Schwarzschild,TRUE
2026 Topps Neon,Blue,77,Rocket Raccoon,TRUE
2026 Topps Neon,Blue,78,Drax,TRUE
2026 Topps Neon,Blue,79,Chthon,TRUE
2026 Topps Neon,Blue,80,Havok,TRUE
2026 Topps Neon,Blue,81,Nova,TRUE
2026 Topps Neon,Blue,82,Man-Thing,TRUE
2026 Topps Neon,Blue,83,Kid Gladiator,TRUE
2026 Topps Neon,Blue,84,Fin Fang Foom,TRUE
2026 Topps Neon,Blue,85,Beta Ray Bill,TRUE
2026 Topps Neon,Blue,86,Hela,TRUE
2026 Topps Neon,Blue,87,Captain America,TRUE
2026 Topps Neon,Blue,88,Dormammu,TRUE
2026 Topps Neon,Blue,89,Batroc,TRUE
2026 Topps Neon,Blue,90,Mighty Thor,TRUE
2026 Topps Neon,Blue,91,Mystique,TRUE
2026 Topps Neon,Blue,92,Omega Red,TRUE
2026 Topps Neon,Blue,93,Sabretooth,TRUE
2026 Topps Neon,Blue,94,Wonder Man,TRUE
2026 Topps Neon,Blue,95,Green Goblin,TRUE
2026 Topps Neon,Blue,96,Venom,TRUE
2026 Topps Neon,Blue,97,Carnage,TRUE
2026 Topps Neon,Blue,98,Iron Cat,TRUE
2026 Topps Neon,Blue,99,Lizard,TRUE
2026 Topps Neon,Blue,100,Shocker,TRUE
2026 Topps Neon,Blue,101,Electro,TRUE
2026 Topps Neon,Blue,102,Rhino,TRUE
2026 Topps Neon,Blue,103,Scorpion,TRUE
2026 Topps Neon,Blue,104,Vulture,TRUE
2026 Topps Neon,Blue,105,Kraven The Hunter,TRUE
2026 Topps Neon,Blue,106,Prowler,TRUE
2026 Topps Neon,Blue,107,Silk,TRUE
2026 Topps Neon,Blue,108,Spider-Man 2099,TRUE
2026 Topps Neon,Blue,109,Hellverine,TRUE
2026 Topps Neon,Blue,110,Kingpin,TRUE
2026 Topps Neon,Blue,111,Invincible Woman,TRUE
2026 Topps Neon,Blue,112,Mister Negative,TRUE
2026 Topps Neon,Blue,113,Scarlet Spider,TRUE
2026 Topps Neon,Blue,114,Spider-Girl,TRUE
2026 Topps Neon,Blue,115,Spider-Woman,TRUE
2026 Topps Neon,Blue,116,Spider-Man Noir,TRUE
2026 Topps Neon,Blue,117,Bishop,TRUE
2026 Topps Neon,Blue,118,Deathdream,TRUE
2026 Topps Neon,Blue,119,Nightcrawler,TRUE
2026 Topps Neon,Blue,120,Toad,TRUE
2026 Topps Neon,Blue,121,Hobgoblin,TRUE
2026 Topps Neon,Blue,122,Sentry,TRUE
2026 Topps Neon,Blue,123,Blade,TRUE
2026 Topps Neon,Blue,124,Ghost Rider,TRUE
2026 Topps Neon,Blue,125,Apocalypse,TRUE
2026 Topps Neon,Blue,126,Warlock,TRUE
2026 Topps Neon,Blue,127,Psylocke,TRUE
2026 Topps Neon,Blue,128,War Machine,TRUE
2026 Topps Neon,Blue,129,Jeff The Land Shark,TRUE
2026 Topps Neon,Blue,130,M.O.D.O.K.,TRUE
2026 Topps Neon,Blue,131,Firestar,TRUE
2026 Topps Neon,Blue,132,Sunspot,TRUE
2026 Topps Neon,Blue,133,Spider-Ham,TRUE
2026 Topps Neon,Blue,134,Abomination,TRUE
2026 Topps Neon,Blue,135,Darkhawk,TRUE
2026 Topps Neon,Blue,136,She-Hulk,TRUE
2026 Topps Neon,Blue,137,Black Cat,TRUE
2026 Topps Neon,Blue,138,Hercules,TRUE
2026 Topps Neon,Blue,139,Baron Zemo,TRUE
2026 Topps Neon,Blue,140,Enchantress,TRUE
2026 Topps Neon,Blue,141,Ironheart,TRUE
2026 Topps Neon,Blue,142,Luna Snow,TRUE
2026 Topps Neon,Blue,143,Spider-Boy,TRUE
2026 Topps Neon,Blue,144,U.S. Agent,TRUE
2026 Topps Neon,Blue,145,Moonstar,TRUE
2026 Topps Neon,Blue,146,Yondu,TRUE
2026 Topps Neon,Blue,147,Jack of Hearts,TRUE
2026 Topps Neon,Blue,148,Absorbing Man,TRUE
2026 Topps Neon,Blue,149,Black Knight,TRUE
2026 Topps Neon,Blue,150,Silver Sable,TRUE
2026 Topps Neon,Blue,151,Spider-Punk,TRUE
2026 Topps Neon,Blue,152,Multiple Man,TRUE
2026 Topps Neon,Blue,153,Machine Man,TRUE
2026 Topps Neon,Blue,154,Jocasta,TRUE
2026 Topps Neon,Blue,155,Clea,TRUE
2026 Topps Neon,Blue,156,Wiccan,TRUE
2026 Topps Neon,Blue,157,Old Man Logan,TRUE
2026 Topps Neon,Blue,158,Anti-Venom,TRUE
2026 Topps Neon,Blue,159,Morbius,TRUE
2026 Topps Neon,Blue,160,Hellcat,TRUE
2026 Topps Neon,Blue,161,Echo,TRUE
2026 Topps Neon,Blue,162,Captain Britain,TRUE
2026 Topps Neon,Blue,163,Ikaris,TRUE
2026 Topps Neon,Blue,164,Ares,TRUE
2026 Topps Neon,Blue,165,Stryfe,TRUE
2026 Topps Neon,Blue,166,White Tiger,TRUE
2026 Topps Neon,Blue,167,Gwenpool,TRUE
2026 Topps Neon,Blue,168,Werewolf By Night,TRUE
2026 Topps Neon,Blue,169,Leader,TRUE
2026 Topps Neon,Blue,170,Deathlok,TRUE
2026 Topps Neon,Blue,171,White Widow,TRUE
2026 Topps Neon,Blue,172,Jitter,TRUE
2026 Topps Neon,Blue,173,Doyle Dormammu,TRUE
2026 Topps Neon,Blue,174,Phyla-Vell,TRUE
2026 Topps Neon,Blue,175,Terrax,TRUE
2026 Topps Neon,Blue,176,Ka-Zar,TRUE
2026 Topps Neon,Blue,177,Moon Girl,TRUE
2026 Topps Neon,Blue,178,Rescue,TRUE
2026 Topps Neon,Blue,179,Frenzy,TRUE
2026 Topps Neon,Blue,180,Baron Mordo,TRUE
2026 Topps Neon,Blue,181,Fantomex,TRUE
2026 Topps Neon,Blue,182,Quasar,TRUE
2026 Topps Neon,Blue,183,Exodus,TRUE
2026 Topps Neon,Blue,184,Doctor Voodoo,TRUE
2026 Topps Neon,Blue,185,Man-Wolf,TRUE
2026 Topps Neon,Blue,186,High Evolutionary,TRUE
2026 Topps Neon,Blue,187,Whiplash,TRUE
2026 Topps Neon,Blue,188,Genis-Vell,TRUE
2026 Topps Neon,Blue,189,Tigra,TRUE
2026 Topps Neon,Blue,190,Polaris,TRUE
2026 Topps Neon,Blue,191,Throg,TRUE
2026 Topps Neon,Blue,192,Maestro,TRUE
2026 Topps Neon,Blue,193,Slapstick,TRUE
2026 Topps Neon,Blue,194,Hallows' Eve,TRUE
2026 Topps Neon,Blue,195,Cosmic Ghost Rider,TRUE
2026 Topps Neon,Blue,196,Cypher,TRUE
2026 Topps Neon,Blue,197,The Maker,TRUE
2026 Topps Neon,Blue,198,Shang-Chi,TRUE
2026 Topps Neon,Blue,199,Nimrod,TRUE
2026 Topps Neon,Blue,200,Mary Jane,TRUE
2026 Topps Neon,Green,1,Iron Man,TRUE
2026 Topps Neon,Green,2,Thor,TRUE
2026 Topps Neon,Green,3,Captain America,TRUE
2026 Topps Neon,Green,4,Spider-Man,TRUE
2026 Topps Neon,Green,5,Hulk,TRUE
2026 Topps Neon,Green,6,Hawkeye,TRUE
2026 Topps Neon,Green,7,Black Widow,TRUE
2026 Topps Neon,Green,8,Captain Marvel,TRUE
2026 Topps Neon,Green,9,Wolverine,TRUE
2026 Topps Neon,Green,10,Scarlet Witch,TRUE
2026 Topps Neon,Green,11,Quicksilver,TRUE
2026 Topps Neon,Green,12,Vision,TRUE
2026 Topps Neon,Green,13,Ultron,TRUE
2026 Topps Neon,Green,14,Doctor Strange,TRUE
2026 Topps Neon,Green,15,Mephisto,TRUE
2026 Topps Neon,Green,16,Thanos,TRUE
2026 Topps Neon,Green,17,Loki,TRUE
2026 Topps Neon,Green,18,Odin,TRUE
2026 Topps Neon,Green,19,Daredevil,TRUE
2026 Topps Neon,Green,20,Dragonfire,TRUE
2026 Topps Neon,Green,21,Ant-Man,TRUE
2026 Topps Neon,Green,22,Iron Fist,TRUE
2026 Topps Neon,Green,23,X-23,TRUE
2026 Topps Neon,Green,24,Moon Knight,TRUE
2026 Topps Neon,Green,25,Jessica Jones,TRUE
2026 Topps Neon,Green,26,Namor,TRUE
2026 Topps Neon,Green,27,Taskmaster,TRUE
2026 Topps Neon,Green,28,Kang The Conqueror,TRUE
2026 Topps Neon,Green,29,The Thing,TRUE
2026 Topps Neon,Green,30,Human Torch,TRUE
2026 Topps Neon,Green,31,Invisible Woman,TRUE
2026 Topps Neon,Green,32,Mister Fantastic,TRUE
2026 Topps Neon,Green,33,Ransom,TRUE
2026 Topps Neon,Green,34,Silver Surfer,TRUE
2026 Topps Neon,Green,35,Sword Master,TRUE
2026 Topps Neon,Green,36,Doctor Doom,TRUE
2026 Topps Neon,Green,37,Ms. Marvel,TRUE
2026 Topps Neon,Green,38,Ghost-Spider,TRUE
2026 Topps Neon,Green,39,Professor X,TRUE
2026 Topps Neon,Green,40,Cyclops,TRUE
2026 Topps Neon,Green,41,Phoenix,TRUE
2026 Topps Neon,Green,42,Beast,TRUE
2026 Topps Neon,Green,43,Magneto,TRUE
2026 Topps Neon,Green,44,Mister Sinister,TRUE
2026 Topps Neon,Green,45,Cable,TRUE
2026 Topps Neon,Green,46,Iceman,TRUE
2026 Topps Neon,Green,47,Archangel,TRUE
2026 Topps Neon,Green,48,Storm,TRUE
2026 Topps Neon,Green,49,Colossus,TRUE
2026 Topps Neon,Green,50,Magik,TRUE
2026 Topps Neon,Green,51,Jubilee,TRUE
2026 Topps Neon,Green,52,Rogue,TRUE
2026 Topps Neon,Green,53,Gambit,TRUE
2026 Topps Neon,Green,54,Kitty Pryde,TRUE
2026 Topps Neon,Green,55,Juggernaut,TRUE
2026 Topps Neon,Green,56,America Chavez,TRUE
2026 Topps Neon,Green,57,Squirrel Girl,TRUE
2026 Topps Neon,Green,58,Hulkette,TRUE
2026 Topps Neon,Green,59,Dazzler,TRUE
2026 Topps Neon,Green,60,Silver Samurai,TRUE
2026 Topps Neon,Green,61,Emma Frost,TRUE
2026 Topps Neon,Green,62,Wasp,TRUE
2026 Topps Neon,Green,63,Elektra,TRUE
2026 Topps Neon,Green,64,Misty Knight,TRUE
2026 Topps Neon,Green,65,Miles Morales,TRUE
2026 Topps Neon,Green,66,Kate Bishop,TRUE
2026 Topps Neon,Green,67,Black Panther,TRUE
2026 Topps Neon,Green,68,Killmonger,TRUE
2026 Topps Neon,Green,69,Adam Warlock,TRUE
2026 Topps Neon,Green,70,Gladiator,TRUE
2026 Topps Neon,Green,71,Black Bolt,TRUE
2026 Topps Neon,Green,72,Medusa,TRUE
2026 Topps Neon,Green,73,Angela,TRUE
2026 Topps Neon,Green,74,Star-Lord,TRUE
2026 Topps Neon,Green,75,Groot,TRUE
2026 Topps Neon,Green,76,Schwarzschild,TRUE
2026 Topps Neon,Green,77,Rocket Raccoon,TRUE
2026 Topps Neon,Green,78,Drax,TRUE
2026 Topps Neon,Green,79,Chthon,TRUE
2026 Topps Neon,Green,80,Havok,TRUE
2026 Topps Neon,Green,81,Nova,TRUE
2026 Topps Neon,Green,82,Man-Thing,TRUE
2026 Topps Neon,Green,83,Kid Gladiator,TRUE
2026 Topps Neon,Green,84,Fin Fang Foom,TRUE
2026 Topps Neon,Green,85,Beta Ray Bill,TRUE
2026 Topps Neon,Green,86,Hela,TRUE
2026 Topps Neon,Green,87,Captain America,TRUE
2026 Topps Neon,Green,88,Dormammu,TRUE
2026 Topps Neon,Green,89,Batroc,TRUE
2026 Topps Neon,Green,90,Mighty Thor,TRUE
2026 Topps Neon,Green,91,Mystique,TRUE
2026 Topps Neon,Green,92,Omega Red,TRUE
2026 Topps Neon,Green,93,Sabretooth,TRUE
2026 Topps Neon,Green,94,Wonder Man,TRUE
2026 Topps Neon,Green,95,Green Goblin,TRUE
2026 Topps Neon,Green,96,Venom,TRUE
2026 Topps Neon,Green,97,Carnage,TRUE
2026 Topps Neon,Green,98,Iron Cat,TRUE
2026 Topps Neon,Green,99,Lizard,TRUE
2026 Topps Neon,Green,100,Shocker,TRUE
2026 Topps Neon,Green,101,Electro,TRUE
2026 Topps Neon,Green,102,Rhino,TRUE
2026 Topps Neon,Green,103,Scorpion,TRUE
2026 Topps Neon,Green,104,Vulture,TRUE
2026 Topps Neon,Green,105,Kraven The Hunter,TRUE
2026 Topps Neon,Green,106,Prowler,TRUE
2026 Topps Neon,Green,107,Silk,TRUE
2026 Topps Neon,Green,108,Spider-Man 2099,TRUE
2026 Topps Neon,Green,109,Hellverine,TRUE
2026 Topps Neon,Green,110,Kingpin,TRUE
2026 Topps Neon,Green,111,Invincible Woman,TRUE
2026 Topps Neon,Green,112,Mister Negative,TRUE
2026 Topps Neon,Green,113,Scarlet Spider,TRUE
2026 Topps Neon,Green,114,Spider-Girl,TRUE
2026 Topps Neon,Green,115,Spider-Woman,TRUE
2026 Topps Neon,Green,116,Spider-Man Noir,TRUE
2026 Topps Neon,Green,117,Bishop,TRUE
2026 Topps Neon,Green,118,Deathdream,TRUE
2026 Topps Neon,Green,119,Nightcrawler,TRUE
2026 Topps Neon,Green,120,Toad,TRUE
2026 Topps Neon,Green,121,Hobgoblin,TRUE
2026 Topps Neon,Green,122,Sentry,TRUE
2026 Topps Neon,Green,123,Blade,TRUE
2026 Topps Neon,Green,124,Ghost Rider,TRUE
2026 Topps Neon,Green,125,Apocalypse,TRUE
2026 Topps Neon,Green,126,Warlock,TRUE
2026 Topps Neon,Green,127,Psylocke,TRUE
2026 Topps Neon,Green,128,War Machine,TRUE
2026 Topps Neon,Green,129,Jeff The Land Shark,TRUE
2026 Topps Neon,Green,130,M.O.D.O.K.,TRUE
2026 Topps Neon,Green,131,Firestar,TRUE
2026 Topps Neon,Green,132,Sunspot,TRUE
2026 Topps Neon,Green,133,Spider-Ham,TRUE
2026 Topps Neon,Green,134,Abomination,TRUE
2026 Topps Neon,Green,135,Darkhawk,TRUE
2026 Topps Neon,Green,136,She-Hulk,TRUE
2026 Topps Neon,Green,137,Black Cat,TRUE
2026 Topps Neon,Green,138,Hercules,TRUE
2026 Topps Neon,Green,139,Baron Zemo,TRUE
2026 Topps Neon,Green,140,Enchantress,TRUE
2026 Topps Neon,Green,141,Ironheart,TRUE
2026 Topps Neon,Green,142,Luna Snow,TRUE
2026 Topps Neon,Green,143,Spider-Boy,TRUE
2026 Topps Neon,Green,144,U.S. Agent,TRUE
2026 Topps Neon,Green,145,Moonstar,TRUE
2026 Topps Neon,Green,146,Yondu,TRUE
2026 Topps Neon,Green,147,Jack of Hearts,TRUE
2026 Topps Neon,Green,148,Absorbing Man,TRUE
2026 Topps Neon,Green,149,Black Knight,TRUE
2026 Topps Neon,Green,150,Silver Sable,TRUE
2026 Topps Neon,Green,151,Spider-Punk,TRUE
2026 Topps Neon,Green,152,Multiple Man,TRUE
2026 Topps Neon,Green,153,Machine Man,TRUE
2026 Topps Neon,Green,154,Jocasta,TRUE
2026 Topps Neon,Green,155,Clea,TRUE
2026 Topps Neon,Green,156,Wiccan,TRUE
2026 Topps Neon,Green,157,Old Man Logan,TRUE
2026 Topps Neon,Green,158,Anti-Venom,TRUE
2026 Topps Neon,Green,159,Morbius,TRUE
2026 Topps Neon,Green,160,Hellcat,TRUE
2026 Topps Neon,Green,161,Echo,TRUE
2026 Topps Neon,Green,162,Captain Britain,TRUE
2026 Topps Neon,Green,163,Ikaris,TRUE
2026 Topps Neon,Green,164,Ares,TRUE
2026 Topps Neon,Green,165,Stryfe,TRUE
2026 Topps Neon,Green,166,White Tiger,TRUE
2026 Topps Neon,Green,167,Gwenpool,TRUE
2026 Topps Neon,Green,168,Werewolf By Night,TRUE
2026 Topps Neon,Green,169,Leader,TRUE
2026 Topps Neon,Green,170,Deathlok,TRUE
2026 Topps Neon,Green,171,White Widow,TRUE
2026 Topps Neon,Green,172,Jitter,TRUE
2026 Topps Neon,Green,173,Doyle Dormammu,TRUE
2026 Topps Neon,Green,174,Phyla-Vell,TRUE
2026 Topps Neon,Green,175,Terrax,TRUE
2026 Topps Neon,Green,176,Ka-Zar,TRUE
2026 Topps Neon,Green,177,Moon Girl,TRUE
2026 Topps Neon,Green,178,Rescue,TRUE
2026 Topps Neon,Green,179,Frenzy,TRUE
2026 Topps Neon,Green,180,Baron Mordo,TRUE
2026 Topps Neon,Green,181,Fantomex,TRUE
2026 Topps Neon,Green,182,Quasar,TRUE
2026 Topps Neon,Green,183,Exodus,TRUE
2026 Topps Neon,Green,184,Doctor Voodoo,TRUE
2026 Topps Neon,Green,185,Man-Wolf,TRUE
2026 Topps Neon,Green,186,High Evolutionary,TRUE
2026 Topps Neon,Green,187,Whiplash,TRUE
2026 Topps Neon,Green,188,Genis-Vell,TRUE
2026 Topps Neon,Green,189,Tigra,TRUE
2026 Topps Neon,Green,190,Polaris,TRUE
2026 Topps Neon,Green,191,Throg,TRUE
2026 Topps Neon,Green,192,Maestro,TRUE
2026 Topps Neon,Green,193,Slapstick,TRUE
2026 Topps Neon,Green,194,Hallows' Eve,TRUE
2026 Topps Neon,Green,195,Cosmic Ghost Rider,TRUE
2026 Topps Neon,Green,196,Cypher,TRUE
2026 Topps Neon,Green,197,The Maker,TRUE
2026 Topps Neon,Green,198,Shang-Chi,TRUE
2026 Topps Neon,Green,199,Nimrod,TRUE
2026 Topps Neon,Green,200,Mary Jane,TRUE
2026 Topps Neon,Jubilee's Fireworks,1,Iron Man,TRUE
2026 Topps Neon,Jubilee's Fireworks,2,Thor,TRUE
2026 Topps Neon,Jubilee's Fireworks,3,Captain America,TRUE
2026 Topps Neon,Jubilee's Fireworks,4,Spider-Man,TRUE
2026 Topps Neon,Jubilee's Fireworks,5,Hulk,TRUE
2026 Topps Neon,Jubilee's Fireworks,6,Hawkeye,TRUE
2026 Topps Neon,Jubilee's Fireworks,7,Black Widow,TRUE
2026 Topps Neon,Jubilee's Fireworks,8,Captain Marvel,TRUE
2026 Topps Neon,Jubilee's Fireworks,9,Wolverine,TRUE
2026 Topps Neon,Jubilee's Fireworks,10,Scarlet Witch,TRUE
2026 Topps Neon,Jubilee's Fireworks,11,Quicksilver,TRUE
2026 Topps Neon,Jubilee's Fireworks,12,Vision,TRUE
2026 Topps Neon,Jubilee's Fireworks,13,Ultron,TRUE
2026 Topps Neon,Jubilee's Fireworks,14,Doctor Strange,TRUE
2026 Topps Neon,Jubilee's Fireworks,15,Mephisto,TRUE
2026 Topps Neon,Jubilee's Fireworks,16,Thanos,TRUE
2026 Topps Neon,Jubilee's Fireworks,17,Loki,TRUE
2026 Topps Neon,Jubilee's Fireworks,18,Odin,TRUE
2026 Topps Neon,Jubilee's Fireworks,19,Daredevil,TRUE
2026 Topps Neon,Jubilee's Fireworks,20,Dragonfire,TRUE
2026 Topps Neon,Jubilee's Fireworks,21,Ant-Man,TRUE
2026 Topps Neon,Jubilee's Fireworks,22,Iron Fist,TRUE
2026 Topps Neon,Jubilee's Fireworks,23,X-23,TRUE
2026 Topps Neon,Jubilee's Fireworks,24,Moon Knight,TRUE
2026 Topps Neon,Jubilee's Fireworks,25,Jessica Jones,TRUE
2026 Topps Neon,Jubilee's Fireworks,26,Namor,TRUE
2026 Topps Neon,Jubilee's Fireworks,27,Taskmaster,TRUE
2026 Topps Neon,Jubilee's Fireworks,28,Kang The Conqueror,TRUE
2026 Topps Neon,Jubilee's Fireworks,29,The Thing,TRUE
2026 Topps Neon,Jubilee's Fireworks,30,Human Torch,TRUE
2026 Topps Neon,Jubilee's Fireworks,31,Invisible Woman,TRUE
2026 Topps Neon,Jubilee's Fireworks,32,Mister Fantastic,TRUE
2026 Topps Neon,Jubilee's Fireworks,33,Ransom,TRUE
2026 Topps Neon,Jubilee's Fireworks,34,Silver Surfer,TRUE
2026 Topps Neon,Jubilee's Fireworks,35,Sword Master,TRUE
2026 Topps Neon,Jubilee's Fireworks,36,Doctor Doom,TRUE
2026 Topps Neon,Jubilee's Fireworks,37,Ms. Marvel,TRUE
2026 Topps Neon,Jubilee's Fireworks,38,Ghost-Spider,TRUE
2026 Topps Neon,Jubilee's Fireworks,39,Professor X,TRUE
2026 Topps Neon,Jubilee's Fireworks,40,Cyclops,TRUE
2026 Topps Neon,Jubilee's Fireworks,41,Phoenix,TRUE
2026 Topps Neon,Jubilee's Fireworks,42,Beast,TRUE
2026 Topps Neon,Jubilee's Fireworks,43,Magneto,TRUE
2026 Topps Neon,Jubilee's Fireworks,44,Mister Sinister,TRUE
2026 Topps Neon,Jubilee's Fireworks,45,Cable,TRUE
2026 Topps Neon,Jubilee's Fireworks,46,Iceman,TRUE
2026 Topps Neon,Jubilee's Fireworks,47,Archangel,TRUE
2026 Topps Neon,Jubilee's Fireworks,48,Storm,TRUE
2026 Topps Neon,Jubilee's Fireworks,49,Colossus,TRUE
2026 Topps Neon,Jubilee's Fireworks,50,Magik,TRUE
2026 Topps Neon,Jubilee's Fireworks,51,Jubilee,TRUE
2026 Topps Neon,Jubilee's Fireworks,52,Rogue,TRUE
2026 Topps Neon,Jubilee's Fireworks,53,Gambit,TRUE
2026 Topps Neon,Jubilee's Fireworks,54,Kitty Pryde,TRUE
2026 Topps Neon,Jubilee's Fireworks,55,Juggernaut,TRUE
2026 Topps Neon,Jubilee's Fireworks,56,America Chavez,TRUE
2026 Topps Neon,Jubilee's Fireworks,57,Squirrel Girl,TRUE
2026 Topps Neon,Jubilee's Fireworks,58,Hulkette,TRUE
2026 Topps Neon,Jubilee's Fireworks,59,Dazzler,TRUE
2026 Topps Neon,Jubilee's Fireworks,60,Silver Samurai,TRUE
2026 Topps Neon,Jubilee's Fireworks,61,Emma Frost,TRUE
2026 Topps Neon,Jubilee's Fireworks,62,Wasp,TRUE
2026 Topps Neon,Jubilee's Fireworks,63,Elektra,TRUE
2026 Topps Neon,Jubilee's Fireworks,64,Misty Knight,TRUE
2026 Topps Neon,Jubilee's Fireworks,65,Miles Morales,TRUE
2026 Topps Neon,Jubilee's Fireworks,66,Kate Bishop,TRUE
2026 Topps Neon,Jubilee's Fireworks,67,Black Panther,TRUE
2026 Topps Neon,Jubilee's Fireworks,68,Killmonger,TRUE
2026 Topps Neon,Jubilee's Fireworks,69,Adam Warlock,TRUE
2026 Topps Neon,Jubilee's Fireworks,70,Gladiator,TRUE
2026 Topps Neon,Jubilee's Fireworks,71,Black Bolt,TRUE
2026 Topps Neon,Jubilee's Fireworks,72,Medusa,TRUE
2026 Topps Neon,Jubilee's Fireworks,73,Angela,TRUE
2026 Topps Neon,Jubilee's Fireworks,74,Star-Lord,TRUE
2026 Topps Neon,Jubilee's Fireworks,75,Groot,TRUE
2026 Topps Neon,Jubilee's Fireworks,76,Schwarzschild,TRUE
2026 Topps Neon,Jubilee's Fireworks,77,Rocket Raccoon,TRUE
2026 Topps Neon,Jubilee's Fireworks,78,Drax,TRUE
2026 Topps Neon,Jubilee's Fireworks,79,Chthon,TRUE
2026 Topps Neon,Jubilee's Fireworks,80,Havok,TRUE
2026 Topps Neon,Jubilee's Fireworks,81,Nova,TRUE
2026 Topps Neon,Jubilee's Fireworks,82,Man-Thing,TRUE
2026 Topps Neon,Jubilee's Fireworks,83,Kid Gladiator,TRUE
2026 Topps Neon,Jubilee's Fireworks,84,Fin Fang Foom,TRUE
2026 Topps Neon,Jubilee's Fireworks,85,Beta Ray Bill,TRUE
2026 Topps Neon,Jubilee's Fireworks,86,Hela,TRUE
2026 Topps Neon,Jubilee's Fireworks,87,Captain America,TRUE
2026 Topps Neon,Jubilee's Fireworks,88,Dormammu,TRUE
2026 Topps Neon,Jubilee's Fireworks,89,Batroc,TRUE
2026 Topps Neon,Jubilee's Fireworks,90,Mighty Thor,TRUE
2026 Topps Neon,Jubilee's Fireworks,91,Mystique,TRUE
2026 Topps Neon,Jubilee's Fireworks,92,Omega Red,TRUE
2026 Topps Neon,Jubilee's Fireworks,93,Sabretooth,TRUE
2026 Topps Neon,Jubilee's Fireworks,94,Wonder Man,TRUE
2026 Topps Neon,Jubilee's Fireworks,95,Green Goblin,TRUE
2026 Topps Neon,Jubilee's Fireworks,96,Venom,TRUE
2026 Topps Neon,Jubilee's Fireworks,97,Carnage,TRUE
2026 Topps Neon,Jubilee's Fireworks,98,Iron Cat,TRUE
2026 Topps Neon,Jubilee's Fireworks,99,Lizard,TRUE
2026 Topps Neon,Jubilee's Fireworks,100,Shocker,TRUE
2026 Topps Neon,Jubilee's Fireworks,101,Electro,TRUE
2026 Topps Neon,Jubilee's Fireworks,102,Rhino,TRUE
2026 Topps Neon,Jubilee's Fireworks,103,Scorpion,TRUE
2026 Topps Neon,Jubilee's Fireworks,104,Vulture,TRUE
2026 Topps Neon,Jubilee's Fireworks,105,Kraven The Hunter,TRUE
2026 Topps Neon,Jubilee's Fireworks,106,Prowler,TRUE
2026 Topps Neon,Jubilee's Fireworks,107,Silk,TRUE
2026 Topps Neon,Jubilee's Fireworks,108,Spider-Man 2099,TRUE
2026 Topps Neon,Jubilee's Fireworks,109,Hellverine,TRUE
2026 Topps Neon,Jubilee's Fireworks,110,Kingpin,TRUE
2026 Topps Neon,Jubilee's Fireworks,111,Invincible Woman,TRUE
2026 Topps Neon,Jubilee's Fireworks,112,Mister Negative,TRUE
2026 Topps Neon,Jubilee's Fireworks,113,Scarlet Spider,TRUE
2026 Topps Neon,Jubilee's Fireworks,114,Spider-Girl,TRUE
2026 Topps Neon,Jubilee's Fireworks,115,Spider-Woman,TRUE
2026 Topps Neon,Jubilee's Fireworks,116,Spider-Man Noir,TRUE
2026 Topps Neon,Jubilee's Fireworks,117,Bishop,TRUE
2026 Topps Neon,Jubilee's Fireworks,118,Deathdream,TRUE
2026 Topps Neon,Jubilee's Fireworks,119,Nightcrawler,TRUE
2026 Topps Neon,Jubilee's Fireworks,120,Toad,TRUE
2026 Topps Neon,Jubilee's Fireworks,121,Hobgoblin,TRUE
2026 Topps Neon,Jubilee's Fireworks,122,Sentry,TRUE
2026 Topps Neon,Jubilee's Fireworks,123,Blade,TRUE
2026 Topps Neon,Jubilee's Fireworks,124,Ghost Rider,TRUE
2026 Topps Neon,Jubilee's Fireworks,125,Apocalypse,TRUE
2026 Topps Neon,Jubilee's Fireworks,126,Warlock,TRUE
2026 Topps Neon,Jubilee's Fireworks,127,Psylocke,TRUE
2026 Topps Neon,Jubilee's Fireworks,128,War Machine,TRUE
2026 Topps Neon,Jubilee's Fireworks,129,Jeff The Land Shark,TRUE
2026 Topps Neon,Jubilee's Fireworks,130,M.O.D.O.K.,TRUE
2026 Topps Neon,Jubilee's Fireworks,131,Firestar,TRUE
2026 Topps Neon,Jubilee's Fireworks,132,Sunspot,TRUE
2026 Topps Neon,Jubilee's Fireworks,133,Spider-Ham,TRUE
2026 Topps Neon,Jubilee's Fireworks,134,Abomination,TRUE
2026 Topps Neon,Jubilee's Fireworks,135,Darkhawk,TRUE
2026 Topps Neon,Jubilee's Fireworks,136,She-Hulk,TRUE
2026 Topps Neon,Jubilee's Fireworks,137,Black Cat,TRUE
2026 Topps Neon,Jubilee's Fireworks,138,Hercules,TRUE
2026 Topps Neon,Jubilee's Fireworks,139,Baron Zemo,TRUE
2026 Topps Neon,Jubilee's Fireworks,140,Enchantress,TRUE
2026 Topps Neon,Jubilee's Fireworks,141,Ironheart,TRUE
2026 Topps Neon,Jubilee's Fireworks,142,Luna Snow,TRUE
2026 Topps Neon,Jubilee's Fireworks,143,Spider-Boy,TRUE
2026 Topps Neon,Jubilee's Fireworks,144,U.S. Agent,TRUE
2026 Topps Neon,Jubilee's Fireworks,145,Moonstar,TRUE
2026 Topps Neon,Jubilee's Fireworks,146,Yondu,TRUE
2026 Topps Neon,Jubilee's Fireworks,147,Jack of Hearts,TRUE
2026 Topps Neon,Jubilee's Fireworks,148,Absorbing Man,TRUE
2026 Topps Neon,Jubilee's Fireworks,149,Black Knight,TRUE
2026 Topps Neon,Jubilee's Fireworks,150,Silver Sable,TRUE
2026 Topps Neon,Jubilee's Fireworks,151,Spider-Punk,TRUE
2026 Topps Neon,Jubilee's Fireworks,152,Multiple Man,TRUE
2026 Topps Neon,Jubilee's Fireworks,153,Machine Man,TRUE
2026 Topps Neon,Jubilee's Fireworks,154,Jocasta,TRUE
2026 Topps Neon,Jubilee's Fireworks,155,Clea,TRUE
2026 Topps Neon,Jubilee's Fireworks,156,Wiccan,TRUE
2026 Topps Neon,Jubilee's Fireworks,157,Old Man Logan,TRUE
2026 Topps Neon,Jubilee's Fireworks,158,Anti-Venom,TRUE
2026 Topps Neon,Jubilee's Fireworks,159,Morbius,TRUE
2026 Topps Neon,Jubilee's Fireworks,160,Hellcat,TRUE
2026 Topps Neon,Jubilee's Fireworks,161,Echo,TRUE
2026 Topps Neon,Jubilee's Fireworks,162,Captain Britain,TRUE
2026 Topps Neon,Jubilee's Fireworks,163,Ikaris,TRUE
2026 Topps Neon,Jubilee's Fireworks,164,Ares,TRUE
2026 Topps Neon,Jubilee's Fireworks,165,Stryfe,TRUE
2026 Topps Neon,Jubilee's Fireworks,166,White Tiger,TRUE
2026 Topps Neon,Jubilee's Fireworks,167,Gwenpool,TRUE
2026 Topps Neon,Jubilee's Fireworks,168,Werewolf By Night,TRUE
2026 Topps Neon,Jubilee's Fireworks,169,Leader,TRUE
2026 Topps Neon,Jubilee's Fireworks,170,Deathlok,TRUE
2026 Topps Neon,Jubilee's Fireworks,171,White Widow,TRUE
2026 Topps Neon,Jubilee's Fireworks,172,Jitter,TRUE
2026 Topps Neon,Jubilee's Fireworks,173,Doyle Dormammu,TRUE
2026 Topps Neon,Jubilee's Fireworks,174,Phyla-Vell,TRUE
2026 Topps Neon,Jubilee's Fireworks,175,Terrax,TRUE
2026 Topps Neon,Jubilee's Fireworks,176,Ka-Zar,TRUE
2026 Topps Neon,Jubilee's Fireworks,177,Moon Girl,TRUE
2026 Topps Neon,Jubilee's Fireworks,178,Rescue,TRUE
2026 Topps Neon,Jubilee's Fireworks,179,Frenzy,TRUE
2026 Topps Neon,Jubilee's Fireworks,180,Baron Mordo,TRUE
2026 Topps Neon,Jubilee's Fireworks,181,Fantomex,TRUE
2026 Topps Neon,Jubilee's Fireworks,182,Quasar,TRUE
2026 Topps Neon,Jubilee's Fireworks,183,Exodus,TRUE
2026 Topps Neon,Jubilee's Fireworks,184,Doctor Voodoo,TRUE
2026 Topps Neon,Jubilee's Fireworks,185,Man-Wolf,TRUE
2026 Topps Neon,Jubilee's Fireworks,186,High Evolutionary,TRUE
2026 Topps Neon,Jubilee's Fireworks,187,Whiplash,TRUE
2026 Topps Neon,Jubilee's Fireworks,188,Genis-Vell,TRUE
2026 Topps Neon,Jubilee's Fireworks,189,Tigra,TRUE
2026 Topps Neon,Jubilee's Fireworks,190,Polaris,TRUE
2026 Topps Neon,Jubilee's Fireworks,191,Throg,TRUE
2026 Topps Neon,Jubilee's Fireworks,192,Maestro,TRUE
2026 Topps Neon,Jubilee's Fireworks,193,Slapstick,TRUE
2026 Topps Neon,Jubilee's Fireworks,194,Hallows' Eve,TRUE
2026 Topps Neon,Jubilee's Fireworks,195,Cosmic Ghost Rider,TRUE
2026 Topps Neon,Jubilee's Fireworks,196,Cypher,TRUE
2026 Topps Neon,Jubilee's Fireworks,197,The Maker,TRUE
2026 Topps Neon,Jubilee's Fireworks,198,Shang-Chi,TRUE
2026 Topps Neon,Jubilee's Fireworks,199,Nimrod,TRUE
2026 Topps Neon,Jubilee's Fireworks,200,Mary Jane,TRUE
2026 Topps Neon,Purple,1,Iron Man,TRUE
2026 Topps Neon,Purple,2,Thor,TRUE
2026 Topps Neon,Purple,3,Captain America,TRUE
2026 Topps Neon,Purple,4,Spider-Man,TRUE
2026 Topps Neon,Purple,5,Hulk,TRUE
2026 Topps Neon,Purple,6,Hawkeye,TRUE
2026 Topps Neon,Purple,7,Black Widow,TRUE
2026 Topps Neon,Purple,8,Captain Marvel,TRUE
2026 Topps Neon,Purple,9,Wolverine,TRUE
2026 Topps Neon,Purple,10,Scarlet Witch,TRUE
2026 Topps Neon,Purple,11,Quicksilver,TRUE
2026 Topps Neon,Purple,12,Vision,TRUE
2026 Topps Neon,Purple,13,Ultron,TRUE
2026 Topps Neon,Purple,14,Doctor Strange,TRUE
2026 Topps Neon,Purple,15,Mephisto,TRUE
2026 Topps Neon,Purple,16,Thanos,TRUE
2026 Topps Neon,Purple,17,Loki,TRUE
2026 Topps Neon,Purple,18,Odin,TRUE
2026 Topps Neon,Purple,19,Daredevil,TRUE
2026 Topps Neon,Purple,20,Dragonfire,TRUE
2026 Topps Neon,Purple,21,Ant-Man,TRUE
2026 Topps Neon,Purple,22,Iron Fist,TRUE
2026 Topps Neon,Purple,23,X-23,TRUE
2026 Topps Neon,Purple,24,Moon Knight,TRUE
2026 Topps Neon,Purple,25,Jessica Jones,TRUE
2026 Topps Neon,Purple,26,Namor,TRUE
2026 Topps Neon,Purple,27,Taskmaster,TRUE
2026 Topps Neon,Purple,28,Kang The Conqueror,TRUE
2026 Topps Neon,Purple,29,The Thing,TRUE
2026 Topps Neon,Purple,30,Human Torch,TRUE
2026 Topps Neon,Purple,31,Invisible Woman,TRUE
2026 Topps Neon,Purple,32,Mister Fantastic,TRUE
2026 Topps Neon,Purple,33,Ransom,TRUE
2026 Topps Neon,Purple,34,Silver Surfer,TRUE
2026 Topps Neon,Purple,35,Sword Master,TRUE
2026 Topps Neon,Purple,36,Doctor Doom,TRUE
2026 Topps Neon,Purple,37,Ms. Marvel,TRUE
2026 Topps Neon,Purple,38,Ghost-Spider,TRUE
2026 Topps Neon,Purple,39,Professor X,TRUE
2026 Topps Neon,Purple,40,Cyclops,TRUE
2026 Topps Neon,Purple,41,Phoenix,TRUE
2026 Topps Neon,Purple,42,Beast,TRUE
2026 Topps Neon,Purple,43,Magneto,TRUE
2026 Topps Neon,Purple,44,Mister Sinister,TRUE
2026 Topps Neon,Purple,45,Cable,TRUE
2026 Topps Neon,Purple,46,Iceman,TRUE
2026 Topps Neon,Purple,47,Archangel,TRUE
2026 Topps Neon,Purple,48,Storm,TRUE
2026 Topps Neon,Purple,49,Colossus,TRUE
2026 Topps Neon,Purple,50,Magik,TRUE
2026 Topps Neon,Purple,51,Jubilee,TRUE
2026 Topps Neon,Purple,52,Rogue,TRUE
2026 Topps Neon,Purple,53,Gambit,TRUE
2026 Topps Neon,Purple,54,Kitty Pryde,TRUE
2026 Topps Neon,Purple,55,Juggernaut,TRUE
2026 Topps Neon,Purple,56,America Chavez,TRUE
2026 Topps Neon,Purple,57,Squirrel Girl,TRUE
2026 Topps Neon,Purple,58,Hulkette,TRUE
2026 Topps Neon,Purple,59,Dazzler,TRUE
2026 Topps Neon,Purple,60,Silver Samurai,TRUE
2026 Topps Neon,Purple,61,Emma Frost,TRUE
2026 Topps Neon,Purple,62,Wasp,TRUE
2026 Topps Neon,Purple,63,Elektra,TRUE
2026 Topps Neon,Purple,64,Misty Knight,TRUE
2026 Topps Neon,Purple,65,Miles Morales,TRUE
2026 Topps Neon,Purple,66,Kate Bishop,TRUE
2026 Topps Neon,Purple,67,Black Panther,TRUE
2026 Topps Neon,Purple,68,Killmonger,TRUE
2026 Topps Neon,Purple,69,Adam Warlock,TRUE
2026 Topps Neon,Purple,70,Gladiator,TRUE
2026 Topps Neon,Purple,71,Black Bolt,TRUE
2026 Topps Neon,Purple,72,Medusa,TRUE
2026 Topps Neon,Purple,73,Angela,TRUE
2026 Topps Neon,Purple,74,Star-Lord,TRUE
2026 Topps Neon,Purple,75,Groot,TRUE
2026 Topps Neon,Purple,76,Schwarzschild,TRUE
2026 Topps Neon,Purple,77,Rocket Raccoon,TRUE
2026 Topps Neon,Purple,78,Drax,TRUE
2026 Topps Neon,Purple,79,Chthon,TRUE
2026 Topps Neon,Purple,80,Havok,TRUE
2026 Topps Neon,Purple,81,Nova,TRUE
2026 Topps Neon,Purple,82,Man-Thing,TRUE
2026 Topps Neon,Purple,83,Kid Gladiator,TRUE
2026 Topps Neon,Purple,84,Fin Fang Foom,TRUE
2026 Topps Neon,Purple,85,Beta Ray Bill,TRUE
2026 Topps Neon,Purple,86,Hela,TRUE
2026 Topps Neon,Purple,87,Captain America,TRUE
2026 Topps Neon,Purple,88,Dormammu,TRUE
2026 Topps Neon,Purple,89,Batroc,TRUE
2026 Topps Neon,Purple,90,Mighty Thor,TRUE
2026 Topps Neon,Purple,91,Mystique,TRUE
2026 Topps Neon,Purple,92,Omega Red,TRUE
2026 Topps Neon,Purple,93,Sabretooth,TRUE
2026 Topps Neon,Purple,94,Wonder Man,TRUE
2026 Topps Neon,Purple,95,Green Goblin,TRUE
2026 Topps Neon,Purple,96,Venom,TRUE
2026 Topps Neon,Purple,97,Carnage,TRUE
2026 Topps Neon,Purple,98,Iron Cat,TRUE
2026 Topps Neon,Purple,99,Lizard,TRUE
2026 Topps Neon,Purple,100,Shocker,TRUE
2026 Topps Neon,Purple,101,Electro,TRUE
2026 Topps Neon,Purple,102,Rhino,TRUE
2026 Topps Neon,Purple,103,Scorpion,TRUE
2026 Topps Neon,Purple,104,Vulture,TRUE
2026 Topps Neon,Purple,105,Kraven The Hunter,TRUE
2026 Topps Neon,Purple,106,Prowler,TRUE
2026 Topps Neon,Purple,107,Silk,TRUE
2026 Topps Neon,Purple,108,Spider-Man 2099,TRUE
2026 Topps Neon,Purple,109,Hellverine,TRUE
2026 Topps Neon,Purple,110,Kingpin,TRUE
2026 Topps Neon,Purple,111,Invincible Woman,TRUE
2026 Topps Neon,Purple,112,Mister Negative,TRUE
2026 Topps Neon,Purple,113,Scarlet Spider,TRUE
2026 Topps Neon,Purple,114,Spider-Girl,TRUE
2026 Topps Neon,Purple,115,Spider-Woman,TRUE
2026 Topps Neon,Purple,116,Spider-Man Noir,TRUE
2026 Topps Neon,Purple,117,Bishop,TRUE
2026 Topps Neon,Purple,118,Deathdream,TRUE
2026 Topps Neon,Purple,119,Nightcrawler,TRUE
2026 Topps Neon,Purple,120,Toad,TRUE
2026 Topps Neon,Purple,121,Hobgoblin,TRUE
2026 Topps Neon,Purple,122,Sentry,TRUE
2026 Topps Neon,Purple,123,Blade,TRUE
2026 Topps Neon,Purple,124,Ghost Rider,TRUE
2026 Topps Neon,Purple,125,Apocalypse,TRUE
2026 Topps Neon,Purple,126,Warlock,TRUE
2026 Topps Neon,Purple,127,Psylocke,TRUE
2026 Topps Neon,Purple,128,War Machine,TRUE
2026 Topps Neon,Purple,129,Jeff The Land Shark,TRUE
2026 Topps Neon,Purple,130,M.O.D.O.K.,TRUE
2026 Topps Neon,Purple,131,Firestar,TRUE
2026 Topps Neon,Purple,132,Sunspot,TRUE
2026 Topps Neon,Purple,133,Spider-Ham,TRUE
2026 Topps Neon,Purple,134,Abomination,TRUE
2026 Topps Neon,Purple,135,Darkhawk,TRUE
2026 Topps Neon,Purple,136,She-Hulk,TRUE
2026 Topps Neon,Purple,137,Black Cat,TRUE
2026 Topps Neon,Purple,138,Hercules,TRUE
2026 Topps Neon,Purple,139,Baron Zemo,TRUE
2026 Topps Neon,Purple,140,Enchantress,TRUE
2026 Topps Neon,Purple,141,Ironheart,TRUE
2026 Topps Neon,Purple,142,Luna Snow,TRUE
2026 Topps Neon,Purple,143,Spider-Boy,TRUE
2026 Topps Neon,Purple,144,U.S. Agent,TRUE
2026 Topps Neon,Purple,145,Moonstar,TRUE
2026 Topps Neon,Purple,146,Yondu,TRUE
2026 Topps Neon,Purple,147,Jack of Hearts,TRUE
2026 Topps Neon,Purple,148,Absorbing Man,TRUE
2026 Topps Neon,Purple,149,Black Knight,TRUE
2026 Topps Neon,Purple,150,Silver Sable,TRUE
2026 Topps Neon,Purple,151,Spider-Punk,TRUE
2026 Topps Neon,Purple,152,Multiple Man,TRUE
2026 Topps Neon,Purple,153,Machine Man,TRUE
2026 Topps Neon,Purple,154,Jocasta,TRUE
2026 Topps Neon,Purple,155,Clea,TRUE
2026 Topps Neon,Purple,156,Wiccan,TRUE
2026 Topps Neon,Purple,157,Old Man Logan,TRUE
2026 Topps Neon,Purple,158,Anti-Venom,TRUE
2026 Topps Neon,Purple,159,Morbius,TRUE
2026 Topps Neon,Purple,160,Hellcat,TRUE
2026 Topps Neon,Purple,161,Echo,TRUE
2026 Topps Neon,Purple,162,Captain Britain,TRUE
2026 Topps Neon,Purple,163,Ikaris,TRUE
2026 Topps Neon,Purple,164,Ares,TRUE
2026 Topps Neon,Purple,165,Stryfe,TRUE
2026 Topps Neon,Purple,166,White Tiger,TRUE
2026 Topps Neon,Purple,167,Gwenpool,TRUE
2026 Topps Neon,Purple,168,Werewolf By Night,TRUE
2026 Topps Neon,Purple,169,Leader,TRUE
2026 Topps Neon,Purple,170,Deathlok,TRUE
2026 Topps Neon,Purple,171,White Widow,TRUE
2026 Topps Neon,Purple,172,Jitter,TRUE
2026 Topps Neon,Purple,173,Doyle Dormammu,TRUE
2026 Topps Neon,Purple,174,Phyla-Vell,TRUE
2026 Topps Neon,Purple,175,Terrax,TRUE
2026 Topps Neon,Purple,176,Ka-Zar,TRUE
2026 Topps Neon,Purple,177,Moon Girl,TRUE
2026 Topps Neon,Purple,178,Rescue,TRUE
2026 Topps Neon,Purple,179,Frenzy,TRUE
2026 Topps Neon,Purple,180,Baron Mordo,TRUE
2026 Topps Neon,Purple,181,Fantomex,TRUE
2026 Topps Neon,Purple,182,Quasar,TRUE
2026 Topps Neon,Purple,183,Exodus,TRUE
2026 Topps Neon,Purple,184,Doctor Voodoo,TRUE
2026 Topps Neon,Purple,185,Man-Wolf,TRUE
2026 Topps Neon,Purple,186,High Evolutionary,TRUE
2026 Topps Neon,Purple,187,Whiplash,TRUE
2026 Topps Neon,Purple,188,Genis-Vell,TRUE
2026 Topps Neon,Purple,189,Tigra,TRUE
2026 Topps Neon,Purple,190,Polaris,TRUE
2026 Topps Neon,Purple,191,Throg,TRUE
2026 Topps Neon,Purple,192,Maestro,TRUE
2026 Topps Neon,Purple,193,Slapstick,TRUE
2026 Topps Neon,Purple,194,Hallows' Eve,TRUE
2026 Topps Neon,Purple,195,Cosmic Ghost Rider,TRUE
2026 Topps Neon,Purple,196,Cypher,TRUE
2026 Topps Neon,Purple,197,The Maker,TRUE
2026 Topps Neon,Purple,198,Shang-Chi,TRUE
2026 Topps Neon,Purple,199,Nimrod,TRUE
2026 Topps Neon,Purple,200,Mary Jane,TRUE
2026 Topps Neon,Guardians Galaxy Foil,1,Iron Man,TRUE
2026 Topps Neon,Guardians Galaxy Foil,2,Thor,TRUE
2026 Topps Neon,Guardians Galaxy Foil,3,Captain America,TRUE
2026 Topps Neon,Guardians Galaxy Foil,4,Spider-Man,TRUE
2026 Topps Neon,Guardians Galaxy Foil,5,Hulk,TRUE
2026 Topps Neon,Guardians Galaxy Foil,6,Hawkeye,TRUE
2026 Topps Neon,Guardians Galaxy Foil,7,Black Widow,TRUE
2026 Topps Neon,Guardians Galaxy Foil,8,Captain Marvel,TRUE
2026 Topps Neon,Guardians Galaxy Foil,9,Wolverine,TRUE
2026 Topps Neon,Guardians Galaxy Foil,10,Scarlet Witch,TRUE
2026 Topps Neon,Guardians Galaxy Foil,11,Quicksilver,TRUE
2026 Topps Neon,Guardians Galaxy Foil,12,Vision,TRUE
2026 Topps Neon,Guardians Galaxy Foil,13,Ultron,TRUE
2026 Topps Neon,Guardians Galaxy Foil,14,Doctor Strange,TRUE
2026 Topps Neon,Guardians Galaxy Foil,15,Mephisto,TRUE
2026 Topps Neon,Guardians Galaxy Foil,16,Thanos,TRUE
2026 Topps Neon,Guardians Galaxy Foil,17,Loki,TRUE
2026 Topps Neon,Guardians Galaxy Foil,18,Odin,TRUE
2026 Topps Neon,Guardians Galaxy Foil,19,Daredevil,TRUE
2026 Topps Neon,Guardians Galaxy Foil,20,Dragonfire,TRUE
2026 Topps Neon,Guardians Galaxy Foil,21,Ant-Man,TRUE
2026 Topps Neon,Guardians Galaxy Foil,22,Iron Fist,TRUE
2026 Topps Neon,Guardians Galaxy Foil,23,X-23,TRUE
2026 Topps Neon,Guardians Galaxy Foil,24,Moon Knight,TRUE
2026 Topps Neon,Guardians Galaxy Foil,25,Jessica Jones,TRUE
2026 Topps Neon,Guardians Galaxy Foil,26,Namor,TRUE
2026 Topps Neon,Guardians Galaxy Foil,27,Taskmaster,TRUE
2026 Topps Neon,Guardians Galaxy Foil,28,Kang The Conqueror,TRUE
2026 Topps Neon,Guardians Galaxy Foil,29,The Thing,TRUE
2026 Topps Neon,Guardians Galaxy Foil,30,Human Torch,TRUE
2026 Topps Neon,Guardians Galaxy Foil,31,Invisible Woman,TRUE
2026 Topps Neon,Guardians Galaxy Foil,32,Mister Fantastic,TRUE
2026 Topps Neon,Guardians Galaxy Foil,33,Ransom,TRUE
2026 Topps Neon,Guardians Galaxy Foil,34,Silver Surfer,TRUE
2026 Topps Neon,Guardians Galaxy Foil,35,Sword Master,TRUE
2026 Topps Neon,Guardians Galaxy Foil,36,Doctor Doom,TRUE
2026 Topps Neon,Guardians Galaxy Foil,37,Ms. Marvel,TRUE
2026 Topps Neon,Guardians Galaxy Foil,38,Ghost-Spider,TRUE
2026 Topps Neon,Guardians Galaxy Foil,39,Professor X,TRUE
2026 Topps Neon,Guardians Galaxy Foil,40,Cyclops,TRUE
2026 Topps Neon,Guardians Galaxy Foil,41,Phoenix,TRUE
2026 Topps Neon,Guardians Galaxy Foil,42,Beast,TRUE
2026 Topps Neon,Guardians Galaxy Foil,43,Magneto,TRUE
2026 Topps Neon,Guardians Galaxy Foil,44,Mister Sinister,TRUE
2026 Topps Neon,Guardians Galaxy Foil,45,Cable,TRUE
2026 Topps Neon,Guardians Galaxy Foil,46,Iceman,TRUE
2026 Topps Neon,Guardians Galaxy Foil,47,Archangel,TRUE
2026 Topps Neon,Guardians Galaxy Foil,48,Storm,TRUE
2026 Topps Neon,Guardians Galaxy Foil,49,Colossus,TRUE
2026 Topps Neon,Guardians Galaxy Foil,50,Magik,TRUE
2026 Topps Neon,Guardians Galaxy Foil,51,Jubilee,TRUE
2026 Topps Neon,Guardians Galaxy Foil,52,Rogue,TRUE
2026 Topps Neon,Guardians Galaxy Foil,53,Gambit,TRUE
2026 Topps Neon,Guardians Galaxy Foil,54,Kitty Pryde,TRUE
2026 Topps Neon,Guardians Galaxy Foil,55,Juggernaut,TRUE
2026 Topps Neon,Guardians Galaxy Foil,56,America Chavez,TRUE
2026 Topps Neon,Guardians Galaxy Foil,57,Squirrel Girl,TRUE
2026 Topps Neon,Guardians Galaxy Foil,58,Hulkette,TRUE
2026 Topps Neon,Guardians Galaxy Foil,59,Dazzler,TRUE
2026 Topps Neon,Guardians Galaxy Foil,60,Silver Samurai,TRUE
2026 Topps Neon,Guardians Galaxy Foil,61,Emma Frost,TRUE
2026 Topps Neon,Guardians Galaxy Foil,62,Wasp,TRUE
2026 Topps Neon,Guardians Galaxy Foil,63,Elektra,TRUE
2026 Topps Neon,Guardians Galaxy Foil,64,Misty Knight,TRUE
2026 Topps Neon,Guardians Galaxy Foil,65,Miles Morales,TRUE
2026 Topps Neon,Guardians Galaxy Foil,66,Kate Bishop,TRUE
2026 Topps Neon,Guardians Galaxy Foil,67,Black Panther,TRUE
2026 Topps Neon,Guardians Galaxy Foil,68,Killmonger,TRUE
2026 Topps Neon,Guardians Galaxy Foil,69,Adam Warlock,TRUE
2026 Topps Neon,Guardians Galaxy Foil,70,Gladiator,TRUE
2026 Topps Neon,Guardians Galaxy Foil,71,Black Bolt,TRUE
2026 Topps Neon,Guardians Galaxy Foil,72,Medusa,TRUE
2026 Topps Neon,Guardians Galaxy Foil,73,Angela,TRUE
2026 Topps Neon,Guardians Galaxy Foil,74,Star-Lord,TRUE
2026 Topps Neon,Guardians Galaxy Foil,75,Groot,TRUE
2026 Topps Neon,Guardians Galaxy Foil,76,Schwarzschild,TRUE
2026 Topps Neon,Guardians Galaxy Foil,77,Rocket Raccoon,TRUE
2026 Topps Neon,Guardians Galaxy Foil,78,Drax,TRUE
2026 Topps Neon,Guardians Galaxy Foil,79,Chthon,TRUE
2026 Topps Neon,Guardians Galaxy Foil,80,Havok,TRUE
2026 Topps Neon,Guardians Galaxy Foil,81,Nova,TRUE
2026 Topps Neon,Guardians Galaxy Foil,82,Man-Thing,TRUE
2026 Topps Neon,Guardians Galaxy Foil,83,Kid Gladiator,TRUE
2026 Topps Neon,Guardians Galaxy Foil,84,Fin Fang Foom,TRUE
2026 Topps Neon,Guardians Galaxy Foil,85,Beta Ray Bill,TRUE
2026 Topps Neon,Guardians Galaxy Foil,86,Hela,TRUE
2026 Topps Neon,Guardians Galaxy Foil,87,Captain America,TRUE
2026 Topps Neon,Guardians Galaxy Foil,88,Dormammu,TRUE
2026 Topps Neon,Guardians Galaxy Foil,89,Batroc,TRUE
2026 Topps Neon,Guardians Galaxy Foil,90,Mighty Thor,TRUE
2026 Topps Neon,Guardians Galaxy Foil,91,Mystique,TRUE
2026 Topps Neon,Guardians Galaxy Foil,92,Omega Red,TRUE
2026 Topps Neon,Guardians Galaxy Foil,93,Sabretooth,TRUE
2026 Topps Neon,Guardians Galaxy Foil,94,Wonder Man,TRUE
2026 Topps Neon,Guardians Galaxy Foil,95,Green Goblin,TRUE
2026 Topps Neon,Guardians Galaxy Foil,96,Venom,TRUE
2026 Topps Neon,Guardians Galaxy Foil,97,Carnage,TRUE
2026 Topps Neon,Guardians Galaxy Foil,98,Iron Cat,TRUE
2026 Topps Neon,Guardians Galaxy Foil,99,Lizard,TRUE
2026 Topps Neon,Guardians Galaxy Foil,100,Shocker,TRUE
2026 Topps Neon,Guardians Galaxy Foil,101,Electro,TRUE
2026 Topps Neon,Guardians Galaxy Foil,102,Rhino,TRUE
2026 Topps Neon,Guardians Galaxy Foil,103,Scorpion,TRUE
2026 Topps Neon,Guardians Galaxy Foil,104,Vulture,TRUE
2026 Topps Neon,Guardians Galaxy Foil,105,Kraven The Hunter,TRUE
2026 Topps Neon,Guardians Galaxy Foil,106,Prowler,TRUE
2026 Topps Neon,Guardians Galaxy Foil,107,Silk,TRUE
2026 Topps Neon,Guardians Galaxy Foil,108,Spider-Man 2099,TRUE
2026 Topps Neon,Guardians Galaxy Foil,109,Hellverine,TRUE
2026 Topps Neon,Guardians Galaxy Foil,110,Kingpin,TRUE
2026 Topps Neon,Guardians Galaxy Foil,111,Invincible Woman,TRUE
2026 Topps Neon,Guardians Galaxy Foil,112,Mister Negative,TRUE
2026 Topps Neon,Guardians Galaxy Foil,113,Scarlet Spider,TRUE
2026 Topps Neon,Guardians Galaxy Foil,114,Spider-Girl,TRUE
2026 Topps Neon,Guardians Galaxy Foil,115,Spider-Woman,TRUE
2026 Topps Neon,Guardians Galaxy Foil,116,Spider-Man Noir,TRUE
2026 Topps Neon,Guardians Galaxy Foil,117,Bishop,TRUE
2026 Topps Neon,Guardians Galaxy Foil,118,Deathdream,TRUE
2026 Topps Neon,Guardians Galaxy Foil,119,Nightcrawler,TRUE
2026 Topps Neon,Guardians Galaxy Foil,120,Toad,TRUE
2026 Topps Neon,Guardians Galaxy Foil,121,Hobgoblin,TRUE
2026 Topps Neon,Guardians Galaxy Foil,122,Sentry,TRUE
2026 Topps Neon,Guardians Galaxy Foil,123,Blade,TRUE
2026 Topps Neon,Guardians Galaxy Foil,124,Ghost Rider,TRUE
2026 Topps Neon,Guardians Galaxy Foil,125,Apocalypse,TRUE
2026 Topps Neon,Guardians Galaxy Foil,126,Warlock,TRUE
2026 Topps Neon,Guardians Galaxy Foil,127,Psylocke,TRUE
2026 Topps Neon,Guardians Galaxy Foil,128,War Machine,TRUE
2026 Topps Neon,Guardians Galaxy Foil,129,Jeff The Land Shark,TRUE
2026 Topps Neon,Guardians Galaxy Foil,130,M.O.D.O.K.,TRUE
2026 Topps Neon,Guardians Galaxy Foil,131,Firestar,TRUE
2026 Topps Neon,Guardians Galaxy Foil,132,Sunspot,TRUE
2026 Topps Neon,Guardians Galaxy Foil,133,Spider-Ham,TRUE
2026 Topps Neon,Guardians Galaxy Foil,134,Abomination,TRUE
2026 Topps Neon,Guardians Galaxy Foil,135,Darkhawk,TRUE
2026 Topps Neon,Guardians Galaxy Foil,136,She-Hulk,TRUE
2026 Topps Neon,Guardians Galaxy Foil,137,Black Cat,TRUE
2026 Topps Neon,Guardians Galaxy Foil,138,Hercules,TRUE
2026 Topps Neon,Guardians Galaxy Foil,139,Baron Zemo,TRUE
2026 Topps Neon,Guardians Galaxy Foil,140,Enchantress,TRUE
2026 Topps Neon,Guardians Galaxy Foil,141,Ironheart,TRUE
2026 Topps Neon,Guardians Galaxy Foil,142,Luna Snow,TRUE
2026 Topps Neon,Guardians Galaxy Foil,143,Spider-Boy,TRUE
2026 Topps Neon,Guardians Galaxy Foil,144,U.S. Agent,TRUE
2026 Topps Neon,Guardians Galaxy Foil,145,Moonstar,TRUE
2026 Topps Neon,Guardians Galaxy Foil,146,Yondu,TRUE
2026 Topps Neon,Guardians Galaxy Foil,147,Jack of Hearts,TRUE
2026 Topps Neon,Guardians Galaxy Foil,148,Absorbing Man,TRUE
2026 Topps Neon,Guardians Galaxy Foil,149,Black Knight,TRUE
2026 Topps Neon,Guardians Galaxy Foil,150,Silver Sable,TRUE
2026 Topps Neon,Guardians Galaxy Foil,151,Spider-Punk,TRUE
2026 Topps Neon,Guardians Galaxy Foil,152,Multiple Man,TRUE
2026 Topps Neon,Guardians Galaxy Foil,153,Machine Man,TRUE
2026 Topps Neon,Guardians Galaxy Foil,154,Jocasta,TRUE
2026 Topps Neon,Guardians Galaxy Foil,155,Clea,TRUE
2026 Topps Neon,Guardians Galaxy Foil,156,Wiccan,TRUE
2026 Topps Neon,Guardians Galaxy Foil,157,Old Man Logan,TRUE
2026 Topps Neon,Guardians Galaxy Foil,158,Anti-Venom,TRUE
2026 Topps Neon,Guardians Galaxy Foil,159,Morbius,TRUE
2026 Topps Neon,Guardians Galaxy Foil,160,Hellcat,TRUE
2026 Topps Neon,Guardians Galaxy Foil,161,Echo,TRUE
2026 Topps Neon,Guardians Galaxy Foil,162,Captain Britain,TRUE
2026 Topps Neon,Guardians Galaxy Foil,163,Ikaris,TRUE
2026 Topps Neon,Guardians Galaxy Foil,164,Ares,TRUE
2026 Topps Neon,Guardians Galaxy Foil,165,Stryfe,TRUE
2026 Topps Neon,Guardians Galaxy Foil,166,White Tiger,TRUE
2026 Topps Neon,Guardians Galaxy Foil,167,Gwenpool,TRUE
2026 Topps Neon,Guardians Galaxy Foil,168,Werewolf By Night,TRUE
2026 Topps Neon,Guardians Galaxy Foil,169,Leader,TRUE
2026 Topps Neon,Guardians Galaxy Foil,170,Deathlok,TRUE
2026 Topps Neon,Guardians Galaxy Foil,171,White Widow,TRUE
2026 Topps Neon,Guardians Galaxy Foil,172,Jitter,TRUE
2026 Topps Neon,Guardians Galaxy Foil,173,Doyle Dormammu,TRUE
2026 Topps Neon,Guardians Galaxy Foil,174,Phyla-Vell,TRUE
2026 Topps Neon,Guardians Galaxy Foil,175,Terrax,TRUE
2026 Topps Neon,Guardians Galaxy Foil,176,Ka-Zar,TRUE
2026 Topps Neon,Guardians Galaxy Foil,177,Moon Girl,TRUE
2026 Topps Neon,Guardians Galaxy Foil,178,Rescue,TRUE
2026 Topps Neon,Guardians Galaxy Foil,179,Frenzy,TRUE
2026 Topps Neon,Guardians Galaxy Foil,180,Baron Mordo,TRUE
2026 Topps Neon,Guardians Galaxy Foil,181,Fantomex,TRUE
2026 Topps Neon,Guardians Galaxy Foil,182,Quasar,TRUE
2026 Topps Neon,Guardians Galaxy Foil,183,Exodus,TRUE
2026 Topps Neon,Guardians Galaxy Foil,184,Doctor Voodoo,TRUE
2026 Topps Neon,Guardians Galaxy Foil,185,Man-Wolf,TRUE
2026 Topps Neon,Guardians Galaxy Foil,186,High Evolutionary,TRUE
2026 Topps Neon,Guardians Galaxy Foil,187,Whiplash,TRUE
2026 Topps Neon,Guardians Galaxy Foil,188,Genis-Vell,TRUE
2026 Topps Neon,Guardians Galaxy Foil,189,Tigra,TRUE
2026 Topps Neon,Guardians Galaxy Foil,190,Polaris,TRUE
2026 Topps Neon,Guardians Galaxy Foil,191,Throg,TRUE
2026 Topps Neon,Guardians Galaxy Foil,192,Maestro,TRUE
2026 Topps Neon,Guardians Galaxy Foil,193,Slapstick,TRUE
2026 Topps Neon,Guardians Galaxy Foil,194,Hallows' Eve,TRUE
2026 Topps Neon,Guardians Galaxy Foil,195,Cosmic Ghost Rider,TRUE
2026 Topps Neon,Guardians Galaxy Foil,196,Cypher,TRUE
2026 Topps Neon,Guardians Galaxy Foil,197,The Maker,TRUE
2026 Topps Neon,Guardians Galaxy Foil,198,Shang-Chi,TRUE
2026 Topps Neon,Guardians Galaxy Foil,199,Nimrod,TRUE
2026 Topps Neon,Guardians Galaxy Foil,200,Mary Jane,TRUE
2026 Topps Neon,Rainbow Bridge foil,1,Iron Man,TRUE
2026 Topps Neon,Rainbow Bridge foil,2,Thor,TRUE
2026 Topps Neon,Rainbow Bridge foil,3,Captain America,TRUE
2026 Topps Neon,Rainbow Bridge foil,4,Spider-Man,TRUE
2026 Topps Neon,Rainbow Bridge foil,5,Hulk,TRUE
2026 Topps Neon,Rainbow Bridge foil,6,Hawkeye,TRUE
2026 Topps Neon,Rainbow Bridge foil,7,Black Widow,TRUE
2026 Topps Neon,Rainbow Bridge foil,8,Captain Marvel,TRUE
2026 Topps Neon,Rainbow Bridge foil,9,Wolverine,TRUE
2026 Topps Neon,Rainbow Bridge foil,10,Scarlet Witch,TRUE
2026 Topps Neon,Rainbow Bridge foil,11,Quicksilver,TRUE
2026 Topps Neon,Rainbow Bridge foil,12,Vision,TRUE
2026 Topps Neon,Rainbow Bridge foil,13,Ultron,TRUE
2026 Topps Neon,Rainbow Bridge foil,14,Doctor Strange,TRUE
2026 Topps Neon,Rainbow Bridge foil,15,Mephisto,TRUE
2026 Topps Neon,Rainbow Bridge foil,16,Thanos,TRUE
2026 Topps Neon,Rainbow Bridge foil,17,Loki,TRUE
2026 Topps Neon,Rainbow Bridge foil,18,Odin,TRUE
2026 Topps Neon,Rainbow Bridge foil,19,Daredevil,TRUE
2026 Topps Neon,Rainbow Bridge foil,20,Dragonfire,TRUE
2026 Topps Neon,Rainbow Bridge foil,21,Ant-Man,TRUE
2026 Topps Neon,Rainbow Bridge foil,22,Iron Fist,TRUE
2026 Topps Neon,Rainbow Bridge foil,23,X-23,TRUE
2026 Topps Neon,Rainbow Bridge foil,24,Moon Knight,TRUE
2026 Topps Neon,Rainbow Bridge foil,25,Jessica Jones,TRUE
2026 Topps Neon,Rainbow Bridge foil,26,Namor,TRUE
2026 Topps Neon,Rainbow Bridge foil,27,Taskmaster,TRUE
2026 Topps Neon,Rainbow Bridge foil,28,Kang The Conqueror,TRUE
2026 Topps Neon,Rainbow Bridge foil,29,The Thing,TRUE
2026 Topps Neon,Rainbow Bridge foil,30,Human Torch,TRUE
2026 Topps Neon,Rainbow Bridge foil,31,Invisible Woman,TRUE
2026 Topps Neon,Rainbow Bridge foil,32,Mister Fantastic,TRUE
2026 Topps Neon,Rainbow Bridge foil,33,Ransom,TRUE
2026 Topps Neon,Rainbow Bridge foil,34,Silver Surfer,TRUE
2026 Topps Neon,Rainbow Bridge foil,35,Sword Master,TRUE
2026 Topps Neon,Rainbow Bridge foil,36,Doctor Doom,TRUE
2026 Topps Neon,Rainbow Bridge foil,37,Ms. Marvel,TRUE
2026 Topps Neon,Rainbow Bridge foil,38,Ghost-Spider,TRUE
2026 Topps Neon,Rainbow Bridge foil,39,Professor X,TRUE
2026 Topps Neon,Rainbow Bridge foil,40,Cyclops,TRUE
2026 Topps Neon,Rainbow Bridge foil,41,Phoenix,TRUE
2026 Topps Neon,Rainbow Bridge foil,42,Beast,TRUE
2026 Topps Neon,Rainbow Bridge foil,43,Magneto,TRUE
2026 Topps Neon,Rainbow Bridge foil,44,Mister Sinister,TRUE
2026 Topps Neon,Rainbow Bridge foil,45,Cable,TRUE
2026 Topps Neon,Rainbow Bridge foil,46,Iceman,TRUE
2026 Topps Neon,Rainbow Bridge foil,47,Archangel,TRUE
2026 Topps Neon,Rainbow Bridge foil,48,Storm,TRUE
2026 Topps Neon,Rainbow Bridge foil,49,Colossus,TRUE
2026 Topps Neon,Rainbow Bridge foil,50,Magik,TRUE
2026 Topps Neon,Rainbow Bridge foil,51,Jubilee,TRUE
2026 Topps Neon,Rainbow Bridge foil,52,Rogue,TRUE
2026 Topps Neon,Rainbow Bridge foil,53,Gambit,TRUE
2026 Topps Neon,Rainbow Bridge foil,54,Kitty Pryde,TRUE
2026 Topps Neon,Rainbow Bridge foil,55,Juggernaut,TRUE
2026 Topps Neon,Rainbow Bridge foil,56,America Chavez,TRUE
2026 Topps Neon,Rainbow Bridge foil,57,Squirrel Girl,TRUE
2026 Topps Neon,Rainbow Bridge foil,58,Hulkette,TRUE
2026 Topps Neon,Rainbow Bridge foil,59,Dazzler,TRUE
2026 Topps Neon,Rainbow Bridge foil,60,Silver Samurai,TRUE
2026 Topps Neon,Rainbow Bridge foil,61,Emma Frost,TRUE
2026 Topps Neon,Rainbow Bridge foil,62,Wasp,TRUE
2026 Topps Neon,Rainbow Bridge foil,63,Elektra,TRUE
2026 Topps Neon,Rainbow Bridge foil,64,Misty Knight,TRUE
2026 Topps Neon,Rainbow Bridge foil,65,Miles Morales,TRUE
2026 Topps Neon,Rainbow Bridge foil,66,Kate Bishop,TRUE
2026 Topps Neon,Rainbow Bridge foil,67,Black Panther,TRUE
2026 Topps Neon,Rainbow Bridge foil,68,Killmonger,TRUE
2026 Topps Neon,Rainbow Bridge foil,69,Adam Warlock,TRUE
2026 Topps Neon,Rainbow Bridge foil,70,Gladiator,TRUE
2026 Topps Neon,Rainbow Bridge foil,71,Black Bolt,TRUE
2026 Topps Neon,Rainbow Bridge foil,72,Medusa,TRUE
2026 Topps Neon,Rainbow Bridge foil,73,Angela,TRUE
2026 Topps Neon,Rainbow Bridge foil,74,Star-Lord,TRUE
2026 Topps Neon,Rainbow Bridge foil,75,Groot,TRUE
2026 Topps Neon,Rainbow Bridge foil,76,Schwarzschild,TRUE
2026 Topps Neon,Rainbow Bridge foil,77,Rocket Raccoon,TRUE
2026 Topps Neon,Rainbow Bridge foil,78,Drax,TRUE
2026 Topps Neon,Rainbow Bridge foil,79,Chthon,TRUE
2026 Topps Neon,Rainbow Bridge foil,80,Havok,TRUE
2026 Topps Neon,Rainbow Bridge foil,81,Nova,TRUE
2026 Topps Neon,Rainbow Bridge foil,82,Man-Thing,TRUE
2026 Topps Neon,Rainbow Bridge foil,83,Kid Gladiator,TRUE
2026 Topps Neon,Rainbow Bridge foil,84,Fin Fang Foom,TRUE
2026 Topps Neon,Rainbow Bridge foil,85,Beta Ray Bill,TRUE
2026 Topps Neon,Rainbow Bridge foil,86,Hela,TRUE
2026 Topps Neon,Rainbow Bridge foil,87,Captain America,TRUE
2026 Topps Neon,Rainbow Bridge foil,88,Dormammu,TRUE
2026 Topps Neon,Rainbow Bridge foil,89,Batroc,TRUE
2026 Topps Neon,Rainbow Bridge foil,90,Mighty Thor,TRUE
2026 Topps Neon,Rainbow Bridge foil,91,Mystique,TRUE
2026 Topps Neon,Rainbow Bridge foil,92,Omega Red,TRUE
2026 Topps Neon,Rainbow Bridge foil,93,Sabretooth,TRUE
2026 Topps Neon,Rainbow Bridge foil,94,Wonder Man,TRUE
2026 Topps Neon,Rainbow Bridge foil,95,Green Goblin,TRUE
2026 Topps Neon,Rainbow Bridge foil,96,Venom,TRUE
2026 Topps Neon,Rainbow Bridge foil,97,Carnage,TRUE
2026 Topps Neon,Rainbow Bridge foil,98,Iron Cat,TRUE
2026 Topps Neon,Rainbow Bridge foil,99,Lizard,TRUE
2026 Topps Neon,Rainbow Bridge foil,100,Shocker,TRUE
2026 Topps Neon,Rainbow Bridge foil,101,Electro,TRUE
2026 Topps Neon,Rainbow Bridge foil,102,Rhino,TRUE
2026 Topps Neon,Rainbow Bridge foil,103,Scorpion,TRUE
2026 Topps Neon,Rainbow Bridge foil,104,Vulture,TRUE
2026 Topps Neon,Rainbow Bridge foil,105,Kraven The Hunter,TRUE
2026 Topps Neon,Rainbow Bridge foil,106,Prowler,TRUE
2026 Topps Neon,Rainbow Bridge foil,107,Silk,TRUE
2026 Topps Neon,Rainbow Bridge foil,108,Spider-Man 2099,TRUE
2026 Topps Neon,Rainbow Bridge foil,109,Hellverine,TRUE
2026 Topps Neon,Rainbow Bridge foil,110,Kingpin,TRUE
2026 Topps Neon,Rainbow Bridge foil,111,Invincible Woman,TRUE
2026 Topps Neon,Rainbow Bridge foil,112,Mister Negative,TRUE
2026 Topps Neon,Rainbow Bridge foil,113,Scarlet Spider,TRUE
2026 Topps Neon,Rainbow Bridge foil,114,Spider-Girl,TRUE
2026 Topps Neon,Rainbow Bridge foil,115,Spider-Woman,TRUE
2026 Topps Neon,Rainbow Bridge foil,116,Spider-Man Noir,TRUE
2026 Topps Neon,Rainbow Bridge foil,117,Bishop,TRUE
2026 Topps Neon,Rainbow Bridge foil,118,Deathdream,TRUE
2026 Topps Neon,Rainbow Bridge foil,119,Nightcrawler,TRUE
2026 Topps Neon,Rainbow Bridge foil,120,Toad,TRUE
2026 Topps Neon,Rainbow Bridge foil,121,Hobgoblin,TRUE
2026 Topps Neon,Rainbow Bridge foil,122,Sentry,TRUE
2026 Topps Neon,Rainbow Bridge foil,123,Blade,TRUE
2026 Topps Neon,Rainbow Bridge foil,124,Ghost Rider,TRUE
2026 Topps Neon,Rainbow Bridge foil,125,Apocalypse,TRUE
2026 Topps Neon,Rainbow Bridge foil,126,Warlock,TRUE
2026 Topps Neon,Rainbow Bridge foil,127,Psylocke,TRUE
2026 Topps Neon,Rainbow Bridge foil,128,War Machine,TRUE
2026 Topps Neon,Rainbow Bridge foil,129,Jeff The Land Shark,TRUE
2026 Topps Neon,Rainbow Bridge foil,130,M.O.D.O.K.,TRUE
2026 Topps Neon,Rainbow Bridge foil,131,Firestar,TRUE
2026 Topps Neon,Rainbow Bridge foil,132,Sunspot,TRUE
2026 Topps Neon,Rainbow Bridge foil,133,Spider-Ham,TRUE
2026 Topps Neon,Rainbow Bridge foil,134,Abomination,TRUE
2026 Topps Neon,Rainbow Bridge foil,135,Darkhawk,TRUE
2026 Topps Neon,Rainbow Bridge foil,136,She-Hulk,TRUE
2026 Topps Neon,Rainbow Bridge foil,137,Black Cat,TRUE
2026 Topps Neon,Rainbow Bridge foil,138,Hercules,TRUE
2026 Topps Neon,Rainbow Bridge foil,139,Baron Zemo,TRUE
2026 Topps Neon,Rainbow Bridge foil,140,Enchantress,TRUE
2026 Topps Neon,Rainbow Bridge foil,141,Ironheart,TRUE
2026 Topps Neon,Rainbow Bridge foil,142,Luna Snow,TRUE
2026 Topps Neon,Rainbow Bridge foil,143,Spider-Boy,TRUE
2026 Topps Neon,Rainbow Bridge foil,144,U.S. Agent,TRUE
2026 Topps Neon,Rainbow Bridge foil,145,Moonstar,TRUE
2026 Topps Neon,Rainbow Bridge foil,146,Yondu,TRUE
2026 Topps Neon,Rainbow Bridge foil,147,Jack of Hearts,TRUE
2026 Topps Neon,Rainbow Bridge foil,148,Absorbing Man,TRUE
2026 Topps Neon,Rainbow Bridge foil,149,Black Knight,TRUE
2026 Topps Neon,Rainbow Bridge foil,150,Silver Sable,TRUE
2026 Topps Neon,Rainbow Bridge foil,151,Spider-Punk,TRUE
2026 Topps Neon,Rainbow Bridge foil,152,Multiple Man,TRUE
2026 Topps Neon,Rainbow Bridge foil,153,Machine Man,TRUE
2026 Topps Neon,Rainbow Bridge foil,154,Jocasta,TRUE
2026 Topps Neon,Rainbow Bridge foil,155,Clea,TRUE
2026 Topps Neon,Rainbow Bridge foil,156,Wiccan,TRUE
2026 Topps Neon,Rainbow Bridge foil,157,Old Man Logan,TRUE
2026 Topps Neon,Rainbow Bridge foil,158,Anti-Venom,TRUE
2026 Topps Neon,Rainbow Bridge foil,159,Morbius,TRUE
2026 Topps Neon,Rainbow Bridge foil,160,Hellcat,TRUE
2026 Topps Neon,Rainbow Bridge foil,161,Echo,TRUE
2026 Topps Neon,Rainbow Bridge foil,162,Captain Britain,TRUE
2026 Topps Neon,Rainbow Bridge foil,163,Ikaris,TRUE
2026 Topps Neon,Rainbow Bridge foil,164,Ares,TRUE
2026 Topps Neon,Rainbow Bridge foil,165,Stryfe,TRUE
2026 Topps Neon,Rainbow Bridge foil,166,White Tiger,TRUE
2026 Topps Neon,Rainbow Bridge foil,167,Gwenpool,TRUE
2026 Topps Neon,Rainbow Bridge foil,168,Werewolf By Night,TRUE
2026 Topps Neon,Rainbow Bridge foil,169,Leader,TRUE
2026 Topps Neon,Rainbow Bridge foil,170,Deathlok,TRUE
2026 Topps Neon,Rainbow Bridge foil,171,White Widow,TRUE
2026 Topps Neon,Rainbow Bridge foil,172,Jitter,TRUE
2026 Topps Neon,Rainbow Bridge foil,173,Doyle Dormammu,TRUE
2026 Topps Neon,Rainbow Bridge foil,174,Phyla-Vell,TRUE
2026 Topps Neon,Rainbow Bridge foil,175,Terrax,TRUE
2026 Topps Neon,Rainbow Bridge foil,176,Ka-Zar,TRUE
2026 Topps Neon,Rainbow Bridge foil,177,Moon Girl,TRUE
2026 Topps Neon,Rainbow Bridge foil,178,Rescue,TRUE
2026 Topps Neon,Rainbow Bridge foil,179,Frenzy,TRUE
2026 Topps Neon,Rainbow Bridge foil,180,Baron Mordo,TRUE
2026 Topps Neon,Rainbow Bridge foil,181,Fantomex,TRUE
2026 Topps Neon,Rainbow Bridge foil,182,Quasar,TRUE
2026 Topps Neon,Rainbow Bridge foil,183,Exodus,TRUE
2026 Topps Neon,Rainbow Bridge foil,184,Doctor Voodoo,TRUE
2026 Topps Neon,Rainbow Bridge foil,185,Man-Wolf,TRUE
2026 Topps Neon,Rainbow Bridge foil,186,High Evolutionary,TRUE
2026 Topps Neon,Rainbow Bridge foil,187,Whiplash,TRUE
2026 Topps Neon,Rainbow Bridge foil,188,Genis-Vell,TRUE
2026 Topps Neon,Rainbow Bridge foil,189,Tigra,TRUE
2026 Topps Neon,Rainbow Bridge foil,190,Polaris,TRUE
2026 Topps Neon,Rainbow Bridge foil,191,Throg,TRUE
2026 Topps Neon,Rainbow Bridge foil,192,Maestro,TRUE
2026 Topps Neon,Rainbow Bridge foil,193,Slapstick,TRUE
2026 Topps Neon,Rainbow Bridge foil,194,Hallows' Eve,TRUE
2026 Topps Neon,Rainbow Bridge foil,195,Cosmic Ghost Rider,TRUE
2026 Topps Neon,Rainbow Bridge foil,196,Cypher,TRUE
2026 Topps Neon,Rainbow Bridge foil,197,The Maker,TRUE
2026 Topps Neon,Rainbow Bridge foil,198,Shang-Chi,TRUE
2026 Topps Neon,Rainbow Bridge foil,199,Nimrod,TRUE
2026 Topps Neon,Rainbow Bridge foil,200,Mary Jane,TRUE
2026 Topps Neon,Gold,1,Iron Man,TRUE
2026 Topps Neon,Gold,2,Thor,TRUE
2026 Topps Neon,Gold,3,Captain America,TRUE
2026 Topps Neon,Gold,4,Spider-Man,TRUE
2026 Topps Neon,Gold,5,Hulk,TRUE
2026 Topps Neon,Gold,6,Hawkeye,TRUE
2026 Topps Neon,Gold,7,Black Widow,TRUE
2026 Topps Neon,Gold,8,Captain Marvel,TRUE
2026 Topps Neon,Gold,9,Wolverine,TRUE
2026 Topps Neon,Gold,10,Scarlet Witch,TRUE
2026 Topps Neon,Gold,11,Quicksilver,TRUE
2026 Topps Neon,Gold,12,Vision,TRUE
2026 Topps Neon,Gold,13,Ultron,TRUE
2026 Topps Neon,Gold,14,Doctor Strange,TRUE
2026 Topps Neon,Gold,15,Mephisto,TRUE
2026 Topps Neon,Gold,16,Thanos,TRUE
2026 Topps Neon,Gold,17,Loki,TRUE
2026 Topps Neon,Gold,18,Odin,TRUE
2026 Topps Neon,Gold,19,Daredevil,TRUE
2026 Topps Neon,Gold,20,Dragonfire,TRUE
2026 Topps Neon,Gold,21,Ant-Man,TRUE
2026 Topps Neon,Gold,22,Iron Fist,TRUE
2026 Topps Neon,Gold,23,X-23,TRUE
2026 Topps Neon,Gold,24,Moon Knight,TRUE
2026 Topps Neon,Gold,25,Jessica Jones,TRUE
2026 Topps Neon,Gold,26,Namor,TRUE
2026 Topps Neon,Gold,27,Taskmaster,TRUE
2026 Topps Neon,Gold,28,Kang The Conqueror,TRUE
2026 Topps Neon,Gold,29,The Thing,TRUE
2026 Topps Neon,Gold,30,Human Torch,TRUE
2026 Topps Neon,Gold,31,Invisible Woman,TRUE
2026 Topps Neon,Gold,32,Mister Fantastic,TRUE
2026 Topps Neon,Gold,33,Ransom,TRUE
2026 Topps Neon,Gold,34,Silver Surfer,TRUE
2026 Topps Neon,Gold,35,Sword Master,TRUE
2026 Topps Neon,Gold,36,Doctor Doom,TRUE
2026 Topps Neon,Gold,37,Ms. Marvel,TRUE
2026 Topps Neon,Gold,38,Ghost-Spider,TRUE
2026 Topps Neon,Gold,39,Professor X,TRUE
2026 Topps Neon,Gold,40,Cyclops,TRUE
2026 Topps Neon,Gold,41,Phoenix,TRUE
2026 Topps Neon,Gold,42,Beast,TRUE
2026 Topps Neon,Gold,43,Magneto,TRUE
2026 Topps Neon,Gold,44,Mister Sinister,TRUE
2026 Topps Neon,Gold,45,Cable,TRUE
2026 Topps Neon,Gold,46,Iceman,TRUE
2026 Topps Neon,Gold,47,Archangel,TRUE
2026 Topps Neon,Gold,48,Storm,TRUE
2026 Topps Neon,Gold,49,Colossus,TRUE
2026 Topps Neon,Gold,50,Magik,TRUE
2026 Topps Neon,Gold,51,Jubilee,TRUE
2026 Topps Neon,Gold,52,Rogue,TRUE
2026 Topps Neon,Gold,53,Gambit,TRUE
2026 Topps Neon,Gold,54,Kitty Pryde,TRUE
2026 Topps Neon,Gold,55,Juggernaut,TRUE
2026 Topps Neon,Gold,56,America Chavez,TRUE
2026 Topps Neon,Gold,57,Squirrel Girl,TRUE
2026 Topps Neon,Gold,58,Hulkette,TRUE
2026 Topps Neon,Gold,59,Dazzler,TRUE
2026 Topps Neon,Gold,60,Silver Samurai,TRUE
2026 Topps Neon,Gold,61,Emma Frost,TRUE
2026 Topps Neon,Gold,62,Wasp,TRUE
2026 Topps Neon,Gold,63,Elektra,TRUE
2026 Topps Neon,Gold,64,Misty Knight,TRUE
2026 Topps Neon,Gold,65,Miles Morales,TRUE
2026 Topps Neon,Gold,66,Kate Bishop,TRUE
2026 Topps Neon,Gold,67,Black Panther,TRUE
2026 Topps Neon,Gold,68,Killmonger,TRUE
2026 Topps Neon,Gold,69,Adam Warlock,TRUE
2026 Topps Neon,Gold,70,Gladiator,TRUE
2026 Topps Neon,Gold,71,Black Bolt,TRUE
2026 Topps Neon,Gold,72,Medusa,TRUE
2026 Topps Neon,Gold,73,Angela,TRUE
2026 Topps Neon,Gold,74,Star-Lord,TRUE
2026 Topps Neon,Gold,75,Groot,TRUE
2026 Topps Neon,Gold,76,Schwarzschild,TRUE
2026 Topps Neon,Gold,77,Rocket Raccoon,TRUE
2026 Topps Neon,Gold,78,Drax,TRUE
2026 Topps Neon,Gold,79,Chthon,TRUE
2026 Topps Neon,Gold,80,Havok,TRUE
2026 Topps Neon,Gold,81,Nova,TRUE
2026 Topps Neon,Gold,82,Man-Thing,TRUE
2026 Topps Neon,Gold,83,Kid Gladiator,TRUE
2026 Topps Neon,Gold,84,Fin Fang Foom,TRUE
2026 Topps Neon,Gold,85,Beta Ray Bill,TRUE
2026 Topps Neon,Gold,86,Hela,TRUE
2026 Topps Neon,Gold,87,Captain America,TRUE
2026 Topps Neon,Gold,88,Dormammu,TRUE
2026 Topps Neon,Gold,89,Batroc,TRUE
2026 Topps Neon,Gold,90,Mighty Thor,TRUE
2026 Topps Neon,Gold,91,Mystique,TRUE
2026 Topps Neon,Gold,92,Omega Red,TRUE
2026 Topps Neon,Gold,93,Sabretooth,TRUE
2026 Topps Neon,Gold,94,Wonder Man,TRUE
2026 Topps Neon,Gold,95,Green Goblin,TRUE
2026 Topps Neon,Gold,96,Venom,TRUE
2026 Topps Neon,Gold,97,Carnage,TRUE
2026 Topps Neon,Gold,98,Iron Cat,TRUE
2026 Topps Neon,Gold,99,Lizard,TRUE
2026 Topps Neon,Gold,100,Shocker,TRUE
2026 Topps Neon,Gold,101,Electro,TRUE
2026 Topps Neon,Gold,102,Rhino,TRUE
2026 Topps Neon,Gold,103,Scorpion,TRUE
2026 Topps Neon,Gold,104,Vulture,TRUE
2026 Topps Neon,Gold,105,Kraven The Hunter,TRUE
2026 Topps Neon,Gold,106,Prowler,TRUE
2026 Topps Neon,Gold,107,Silk,TRUE
2026 Topps Neon,Gold,108,Spider-Man 2099,TRUE
2026 Topps Neon,Gold,109,Hellverine,TRUE
2026 Topps Neon,Gold,110,Kingpin,TRUE
2026 Topps Neon,Gold,111,Invincible Woman,TRUE
2026 Topps Neon,Gold,112,Mister Negative,TRUE
2026 Topps Neon,Gold,113,Scarlet Spider,TRUE
2026 Topps Neon,Gold,114,Spider-Girl,TRUE
2026 Topps Neon,Gold,115,Spider-Woman,TRUE
2026 Topps Neon,Gold,116,Spider-Man Noir,TRUE
2026 Topps Neon,Gold,117,Bishop,TRUE
2026 Topps Neon,Gold,118,Deathdream,TRUE
2026 Topps Neon,Gold,119,Nightcrawler,TRUE
2026 Topps Neon,Gold,120,Toad,TRUE
2026 Topps Neon,Gold,121,Hobgoblin,TRUE
2026 Topps Neon,Gold,122,Sentry,TRUE
2026 Topps Neon,Gold,123,Blade,TRUE
2026 Topps Neon,Gold,124,Ghost Rider,TRUE
2026 Topps Neon,Gold,125,Apocalypse,TRUE
2026 Topps Neon,Gold,126,Warlock,TRUE
2026 Topps Neon,Gold,127,Psylocke,TRUE
2026 Topps Neon,Gold,128,War Machine,TRUE
2026 Topps Neon,Gold,129,Jeff The Land Shark,TRUE
2026 Topps Neon,Gold,130,M.O.D.O.K.,TRUE
2026 Topps Neon,Gold,131,Firestar,TRUE
2026 Topps Neon,Gold,132,Sunspot,TRUE
2026 Topps Neon,Gold,133,Spider-Ham,TRUE
2026 Topps Neon,Gold,134,Abomination,TRUE
2026 Topps Neon,Gold,135,Darkhawk,TRUE
2026 Topps Neon,Gold,136,She-Hulk,TRUE
2026 Topps Neon,Gold,137,Black Cat,TRUE
2026 Topps Neon,Gold,138,Hercules,TRUE
2026 Topps Neon,Gold,139,Baron Zemo,TRUE
2026 Topps Neon,Gold,140,Enchantress,TRUE
2026 Topps Neon,Gold,141,Ironheart,TRUE
2026 Topps Neon,Gold,142,Luna Snow,TRUE
2026 Topps Neon,Gold,143,Spider-Boy,TRUE
2026 Topps Neon,Gold,144,U.S. Agent,TRUE
2026 Topps Neon,Gold,145,Moonstar,TRUE
2026 Topps Neon,Gold,146,Yondu,TRUE
2026 Topps Neon,Gold,147,Jack of Hearts,TRUE
2026 Topps Neon,Gold,148,Absorbing Man,TRUE
2026 Topps Neon,Gold,149,Black Knight,TRUE
2026 Topps Neon,Gold,150,Silver Sable,TRUE
2026 Topps Neon,Gold,151,Spider-Punk,TRUE
2026 Topps Neon,Gold,152,Multiple Man,TRUE
2026 Topps Neon,Gold,153,Machine Man,TRUE
2026 Topps Neon,Gold,154,Jocasta,TRUE
2026 Topps Neon,Gold,155,Clea,TRUE
2026 Topps Neon,Gold,156,Wiccan,TRUE
2026 Topps Neon,Gold,157,Old Man Logan,TRUE
2026 Topps Neon,Gold,158,Anti-Venom,TRUE
2026 Topps Neon,Gold,159,Morbius,TRUE
2026 Topps Neon,Gold,160,Hellcat,TRUE
2026 Topps Neon,Gold,161,Echo,TRUE
2026 Topps Neon,Gold,162,Captain Britain,TRUE
2026 Topps Neon,Gold,163,Ikaris,TRUE
2026 Topps Neon,Gold,164,Ares,TRUE
2026 Topps Neon,Gold,165,Stryfe,TRUE
2026 Topps Neon,Gold,166,White Tiger,TRUE
2026 Topps Neon,Gold,167,Gwenpool,TRUE
2026 Topps Neon,Gold,168,Werewolf By Night,TRUE
2026 Topps Neon,Gold,169,Leader,TRUE
2026 Topps Neon,Gold,170,Deathlok,TRUE
2026 Topps Neon,Gold,171,White Widow,TRUE
2026 Topps Neon,Gold,172,Jitter,TRUE
2026 Topps Neon,Gold,173,Doyle Dormammu,TRUE
2026 Topps Neon,Gold,174,Phyla-Vell,TRUE
2026 Topps Neon,Gold,175,Terrax,TRUE
2026 Topps Neon,Gold,176,Ka-Zar,TRUE
2026 Topps Neon,Gold,177,Moon Girl,TRUE
2026 Topps Neon,Gold,178,Rescue,TRUE
2026 Topps Neon,Gold,179,Frenzy,TRUE
2026 Topps Neon,Gold,180,Baron Mordo,TRUE
2026 Topps Neon,Gold,181,Fantomex,TRUE
2026 Topps Neon,Gold,182,Quasar,TRUE
2026 Topps Neon,Gold,183,Exodus,TRUE
2026 Topps Neon,Gold,184,Doctor Voodoo,TRUE
2026 Topps Neon,Gold,185,Man-Wolf,TRUE
2026 Topps Neon,Gold,186,High Evolutionary,TRUE
2026 Topps Neon,Gold,187,Whiplash,TRUE
2026 Topps Neon,Gold,188,Genis-Vell,TRUE
2026 Topps Neon,Gold,189,Tigra,TRUE
2026 Topps Neon,Gold,190,Polaris,TRUE
2026 Topps Neon,Gold,191,Throg,TRUE
2026 Topps Neon,Gold,192,Maestro,TRUE
2026 Topps Neon,Gold,193,Slapstick,TRUE
2026 Topps Neon,Gold,194,Hallows' Eve,TRUE
2026 Topps Neon,Gold,195,Cosmic Ghost Rider,TRUE
2026 Topps Neon,Gold,196,Cypher,TRUE
2026 Topps Neon,Gold,197,The Maker,TRUE
2026 Topps Neon,Gold,198,Shang-Chi,TRUE
2026 Topps Neon,Gold,199,Nimrod,TRUE
2026 Topps Neon,Gold,200,Mary Jane,TRUE
2026 Topps Neon,Iron Man Red+Gold,1,Iron Man,TRUE
2026 Topps Neon,Iron Man Red+Gold,2,Thor,TRUE
2026 Topps Neon,Iron Man Red+Gold,3,Captain America,TRUE
2026 Topps Neon,Iron Man Red+Gold,4,Spider-Man,TRUE
2026 Topps Neon,Iron Man Red+Gold,5,Hulk,TRUE
2026 Topps Neon,Iron Man Red+Gold,6,Hawkeye,TRUE
2026 Topps Neon,Iron Man Red+Gold,7,Black Widow,TRUE
2026 Topps Neon,Iron Man Red+Gold,8,Captain Marvel,TRUE
2026 Topps Neon,Iron Man Red+Gold,9,Wolverine,TRUE
2026 Topps Neon,Iron Man Red+Gold,10,Scarlet Witch,TRUE
2026 Topps Neon,Iron Man Red+Gold,11,Quicksilver,TRUE
2026 Topps Neon,Iron Man Red+Gold,12,Vision,TRUE
2026 Topps Neon,Iron Man Red+Gold,13,Ultron,TRUE
2026 Topps Neon,Iron Man Red+Gold,14,Doctor Strange,TRUE
2026 Topps Neon,Iron Man Red+Gold,15,Mephisto,TRUE
2026 Topps Neon,Iron Man Red+Gold,16,Thanos,TRUE
2026 Topps Neon,Iron Man Red+Gold,17,Loki,TRUE
2026 Topps Neon,Iron Man Red+Gold,18,Odin,TRUE
2026 Topps Neon,Iron Man Red+Gold,19,Daredevil,TRUE
2026 Topps Neon,Iron Man Red+Gold,20,Dragonfire,TRUE
2026 Topps Neon,Iron Man Red+Gold,21,Ant-Man,TRUE
2026 Topps Neon,Iron Man Red+Gold,22,Iron Fist,TRUE
2026 Topps Neon,Iron Man Red+Gold,23,X-23,TRUE
2026 Topps Neon,Iron Man Red+Gold,24,Moon Knight,TRUE
2026 Topps Neon,Iron Man Red+Gold,25,Jessica Jones,TRUE
2026 Topps Neon,Iron Man Red+Gold,26,Namor,TRUE
2026 Topps Neon,Iron Man Red+Gold,27,Taskmaster,TRUE
2026 Topps Neon,Iron Man Red+Gold,28,Kang The Conqueror,TRUE
2026 Topps Neon,Iron Man Red+Gold,29,The Thing,TRUE
2026 Topps Neon,Iron Man Red+Gold,30,Human Torch,TRUE
2026 Topps Neon,Iron Man Red+Gold,31,Invisible Woman,TRUE
2026 Topps Neon,Iron Man Red+Gold,32,Mister Fantastic,TRUE
2026 Topps Neon,Iron Man Red+Gold,33,Ransom,TRUE
2026 Topps Neon,Iron Man Red+Gold,34,Silver Surfer,TRUE
2026 Topps Neon,Iron Man Red+Gold,35,Sword Master,TRUE
2026 Topps Neon,Iron Man Red+Gold,36,Doctor Doom,TRUE
2026 Topps Neon,Iron Man Red+Gold,37,Ms. Marvel,TRUE
2026 Topps Neon,Iron Man Red+Gold,38,Ghost-Spider,TRUE
2026 Topps Neon,Iron Man Red+Gold,39,Professor X,TRUE
2026 Topps Neon,Iron Man Red+Gold,40,Cyclops,TRUE
2026 Topps Neon,Iron Man Red+Gold,41,Phoenix,TRUE
2026 Topps Neon,Iron Man Red+Gold,42,Beast,TRUE
2026 Topps Neon,Iron Man Red+Gold,43,Magneto,TRUE
2026 Topps Neon,Iron Man Red+Gold,44,Mister Sinister,TRUE
2026 Topps Neon,Iron Man Red+Gold,45,Cable,TRUE
2026 Topps Neon,Iron Man Red+Gold,46,Iceman,TRUE
2026 Topps Neon,Iron Man Red+Gold,47,Archangel,TRUE
2026 Topps Neon,Iron Man Red+Gold,48,Storm,TRUE
2026 Topps Neon,Iron Man Red+Gold,49,Colossus,TRUE
2026 Topps Neon,Iron Man Red+Gold,50,Magik,TRUE
2026 Topps Neon,Iron Man Red+Gold,51,Jubilee,TRUE
2026 Topps Neon,Iron Man Red+Gold,52,Rogue,TRUE
2026 Topps Neon,Iron Man Red+Gold,53,Gambit,TRUE
2026 Topps Neon,Iron Man Red+Gold,54,Kitty Pryde,TRUE
2026 Topps Neon,Iron Man Red+Gold,55,Juggernaut,TRUE
2026 Topps Neon,Iron Man Red+Gold,56,America Chavez,TRUE
2026 Topps Neon,Iron Man Red+Gold,57,Squirrel Girl,TRUE
2026 Topps Neon,Iron Man Red+Gold,58,Hulkette,TRUE
2026 Topps Neon,Iron Man Red+Gold,59,Dazzler,TRUE
2026 Topps Neon,Iron Man Red+Gold,60,Silver Samurai,TRUE
2026 Topps Neon,Iron Man Red+Gold,61,Emma Frost,TRUE
2026 Topps Neon,Iron Man Red+Gold,62,Wasp,TRUE
2026 Topps Neon,Iron Man Red+Gold,63,Elektra,TRUE
2026 Topps Neon,Iron Man Red+Gold,64,Misty Knight,TRUE
2026 Topps Neon,Iron Man Red+Gold,65,Miles Morales,TRUE
2026 Topps Neon,Iron Man Red+Gold,66,Kate Bishop,TRUE
2026 Topps Neon,Iron Man Red+Gold,67,Black Panther,TRUE
2026 Topps Neon,Iron Man Red+Gold,68,Killmonger,TRUE
2026 Topps Neon,Iron Man Red+Gold,69,Adam Warlock,TRUE
2026 Topps Neon,Iron Man Red+Gold,70,Gladiator,TRUE
2026 Topps Neon,Iron Man Red+Gold,71,Black Bolt,TRUE
2026 Topps Neon,Iron Man Red+Gold,72,Medusa,TRUE
2026 Topps Neon,Iron Man Red+Gold,73,Angela,TRUE
2026 Topps Neon,Iron Man Red+Gold,74,Star-Lord,TRUE
2026 Topps Neon,Iron Man Red+Gold,75,Groot,TRUE
2026 Topps Neon,Iron Man Red+Gold,76,Schwarzschild,TRUE
2026 Topps Neon,Iron Man Red+Gold,77,Rocket Raccoon,TRUE
2026 Topps Neon,Iron Man Red+Gold,78,Drax,TRUE
2026 Topps Neon,Iron Man Red+Gold,79,Chthon,TRUE
2026 Topps Neon,Iron Man Red+Gold,80,Havok,TRUE
2026 Topps Neon,Iron Man Red+Gold,81,Nova,TRUE
2026 Topps Neon,Iron Man Red+Gold,82,Man-Thing,TRUE
2026 Topps Neon,Iron Man Red+Gold,83,Kid Gladiator,TRUE
2026 Topps Neon,Iron Man Red+Gold,84,Fin Fang Foom,TRUE
2026 Topps Neon,Iron Man Red+Gold,85,Beta Ray Bill,TRUE
2026 Topps Neon,Iron Man Red+Gold,86,Hela,TRUE
2026 Topps Neon,Iron Man Red+Gold,87,Captain America,TRUE
2026 Topps Neon,Iron Man Red+Gold,88,Dormammu,TRUE
2026 Topps Neon,Iron Man Red+Gold,89,Batroc,TRUE
2026 Topps Neon,Iron Man Red+Gold,90,Mighty Thor,TRUE
2026 Topps Neon,Iron Man Red+Gold,91,Mystique,TRUE
2026 Topps Neon,Iron Man Red+Gold,92,Omega Red,TRUE
2026 Topps Neon,Iron Man Red+Gold,93,Sabretooth,TRUE
2026 Topps Neon,Iron Man Red+Gold,94,Wonder Man,TRUE
2026 Topps Neon,Iron Man Red+Gold,95,Green Goblin,TRUE
2026 Topps Neon,Iron Man Red+Gold,96,Venom,TRUE
2026 Topps Neon,Iron Man Red+Gold,97,Carnage,TRUE
2026 Topps Neon,Iron Man Red+Gold,98,Iron Cat,TRUE
2026 Topps Neon,Iron Man Red+Gold,99,Lizard,TRUE
2026 Topps Neon,Iron Man Red+Gold,100,Shocker,TRUE
2026 Topps Neon,Iron Man Red+Gold,101,Electro,TRUE
2026 Topps Neon,Iron Man Red+Gold,102,Rhino,TRUE
2026 Topps Neon,Iron Man Red+Gold,103,Scorpion,TRUE
2026 Topps Neon,Iron Man Red+Gold,104,Vulture,TRUE
2026 Topps Neon,Iron Man Red+Gold,105,Kraven The Hunter,TRUE
2026 Topps Neon,Iron Man Red+Gold,106,Prowler,TRUE
2026 Topps Neon,Iron Man Red+Gold,107,Silk,TRUE
2026 Topps Neon,Iron Man Red+Gold,108,Spider-Man 2099,TRUE
2026 Topps Neon,Iron Man Red+Gold,109,Hellverine,TRUE
2026 Topps Neon,Iron Man Red+Gold,110,Kingpin,TRUE
2026 Topps Neon,Iron Man Red+Gold,111,Invincible Woman,TRUE
2026 Topps Neon,Iron Man Red+Gold,112,Mister Negative,TRUE
2026 Topps Neon,Iron Man Red+Gold,113,Scarlet Spider,TRUE
2026 Topps Neon,Iron Man Red+Gold,114,Spider-Girl,TRUE
2026 Topps Neon,Iron Man Red+Gold,115,Spider-Woman,TRUE
2026 Topps Neon,Iron Man Red+Gold,116,Spider-Man Noir,TRUE
2026 Topps Neon,Iron Man Red+Gold,117,Bishop,TRUE
2026 Topps Neon,Iron Man Red+Gold,118,Deathdream,TRUE
2026 Topps Neon,Iron Man Red+Gold,119,Nightcrawler,TRUE
2026 Topps Neon,Iron Man Red+Gold,120,Toad,TRUE
2026 Topps Neon,Iron Man Red+Gold,121,Hobgoblin,TRUE
2026 Topps Neon,Iron Man Red+Gold,122,Sentry,TRUE
2026 Topps Neon,Iron Man Red+Gold,123,Blade,TRUE
2026 Topps Neon,Iron Man Red+Gold,124,Ghost Rider,TRUE
2026 Topps Neon,Iron Man Red+Gold,125,Apocalypse,TRUE
2026 Topps Neon,Iron Man Red+Gold,126,Warlock,TRUE
2026 Topps Neon,Iron Man Red+Gold,127,Psylocke,TRUE
2026 Topps Neon,Iron Man Red+Gold,128,War Machine,TRUE
2026 Topps Neon,Iron Man Red+Gold,129,Jeff The Land Shark,TRUE
2026 Topps Neon,Iron Man Red+Gold,130,M.O.D.O.K.,TRUE
2026 Topps Neon,Iron Man Red+Gold,131,Firestar,TRUE
2026 Topps Neon,Iron Man Red+Gold,132,Sunspot,TRUE
2026 Topps Neon,Iron Man Red+Gold,133,Spider-Ham,TRUE
2026 Topps Neon,Iron Man Red+Gold,134,Abomination,TRUE
2026 Topps Neon,Iron Man Red+Gold,135,Darkhawk,TRUE
2026 Topps Neon,Iron Man Red+Gold,136,She-Hulk,TRUE
2026 Topps Neon,Iron Man Red+Gold,137,Black Cat,TRUE
2026 Topps Neon,Iron Man Red+Gold,138,Hercules,TRUE
2026 Topps Neon,Iron Man Red+Gold,139,Baron Zemo,TRUE
2026 Topps Neon,Iron Man Red+Gold,140,Enchantress,TRUE
2026 Topps Neon,Iron Man Red+Gold,141,Ironheart,TRUE
2026 Topps Neon,Iron Man Red+Gold,142,Luna Snow,TRUE
2026 Topps Neon,Iron Man Red+Gold,143,Spider-Boy,TRUE
2026 Topps Neon,Iron Man Red+Gold,144,U.S. Agent,TRUE
2026 Topps Neon,Iron Man Red+Gold,145,Moonstar,TRUE
2026 Topps Neon,Iron Man Red+Gold,146,Yondu,TRUE
2026 Topps Neon,Iron Man Red+Gold,147,Jack of Hearts,TRUE
2026 Topps Neon,Iron Man Red+Gold,148,Absorbing Man,TRUE
2026 Topps Neon,Iron Man Red+Gold,149,Black Knight,TRUE
2026 Topps Neon,Iron Man Red+Gold,150,Silver Sable,TRUE
2026 Topps Neon,Iron Man Red+Gold,151,Spider-Punk,TRUE
2026 Topps Neon,Iron Man Red+Gold,152,Multiple Man,TRUE
2026 Topps Neon,Iron Man Red+Gold,153,Machine Man,TRUE
2026 Topps Neon,Iron Man Red+Gold,154,Jocasta,TRUE
2026 Topps Neon,Iron Man Red+Gold,155,Clea,TRUE
2026 Topps Neon,Iron Man Red+Gold,156,Wiccan,TRUE
2026 Topps Neon,Iron Man Red+Gold,157,Old Man Logan,TRUE
2026 Topps Neon,Iron Man Red+Gold,158,Anti-Venom,TRUE
2026 Topps Neon,Iron Man Red+Gold,159,Morbius,TRUE
2026 Topps Neon,Iron Man Red+Gold,160,Hellcat,TRUE
2026 Topps Neon,Iron Man Red+Gold,161,Echo,TRUE
2026 Topps Neon,Iron Man Red+Gold,162,Captain Britain,TRUE
2026 Topps Neon,Iron Man Red+Gold,163,Ikaris,TRUE
2026 Topps Neon,Iron Man Red+Gold,164,Ares,TRUE
2026 Topps Neon,Iron Man Red+Gold,165,Stryfe,TRUE
2026 Topps Neon,Iron Man Red+Gold,166,White Tiger,TRUE
2026 Topps Neon,Iron Man Red+Gold,167,Gwenpool,TRUE
2026 Topps Neon,Iron Man Red+Gold,168,Werewolf By Night,TRUE
2026 Topps Neon,Iron Man Red+Gold,169,Leader,TRUE
2026 Topps Neon,Iron Man Red+Gold,170,Deathlok,TRUE
2026 Topps Neon,Iron Man Red+Gold,171,White Widow,TRUE
2026 Topps Neon,Iron Man Red+Gold,172,Jitter,TRUE
2026 Topps Neon,Iron Man Red+Gold,173,Doyle Dormammu,TRUE
2026 Topps Neon,Iron Man Red+Gold,174,Phyla-Vell,TRUE
2026 Topps Neon,Iron Man Red+Gold,175,Terrax,TRUE
2026 Topps Neon,Iron Man Red+Gold,176,Ka-Zar,TRUE
2026 Topps Neon,Iron Man Red+Gold,177,Moon Girl,TRUE
2026 Topps Neon,Iron Man Red+Gold,178,Rescue,TRUE
2026 Topps Neon,Iron Man Red+Gold,179,Frenzy,TRUE
2026 Topps Neon,Iron Man Red+Gold,180,Baron Mordo,TRUE
2026 Topps Neon,Iron Man Red+Gold,181,Fantomex,TRUE
2026 Topps Neon,Iron Man Red+Gold,182,Quasar,TRUE
2026 Topps Neon,Iron Man Red+Gold,183,Exodus,TRUE
2026 Topps Neon,Iron Man Red+Gold,184,Doctor Voodoo,TRUE
2026 Topps Neon,Iron Man Red+Gold,185,Man-Wolf,TRUE
2026 Topps Neon,Iron Man Red+Gold,186,High Evolutionary,TRUE
2026 Topps Neon,Iron Man Red+Gold,187,Whiplash,TRUE
2026 Topps Neon,Iron Man Red+Gold,188,Genis-Vell,TRUE
2026 Topps Neon,Iron Man Red+Gold,189,Tigra,TRUE
2026 Topps Neon,Iron Man Red+Gold,190,Polaris,TRUE
2026 Topps Neon,Iron Man Red+Gold,191,Throg,TRUE
2026 Topps Neon,Iron Man Red+Gold,192,Maestro,TRUE
2026 Topps Neon,Iron Man Red+Gold,193,Slapstick,TRUE
2026 Topps Neon,Iron Man Red+Gold,194,Hallows' Eve,TRUE
2026 Topps Neon,Iron Man Red+Gold,195,Cosmic Ghost Rider,TRUE
2026 Topps Neon,Iron Man Red+Gold,196,Cypher,TRUE
2026 Topps Neon,Iron Man Red+Gold,197,The Maker,TRUE
2026 Topps Neon,Iron Man Red+Gold,198,Shang-Chi,TRUE
2026 Topps Neon,Iron Man Red+Gold,199,Nimrod,TRUE
2026 Topps Neon,Iron Man Red+Gold,200,Mary Jane,TRUE
2026 Topps Neon,Orange,1,Iron Man,TRUE
2026 Topps Neon,Orange,2,Thor,TRUE
2026 Topps Neon,Orange,3,Captain America,TRUE
2026 Topps Neon,Orange,4,Spider-Man,TRUE
2026 Topps Neon,Orange,5,Hulk,TRUE
2026 Topps Neon,Orange,6,Hawkeye,TRUE
2026 Topps Neon,Orange,7,Black Widow,TRUE
2026 Topps Neon,Orange,8,Captain Marvel,TRUE
2026 Topps Neon,Orange,9,Wolverine,TRUE
2026 Topps Neon,Orange,10,Scarlet Witch,TRUE
2026 Topps Neon,Orange,11,Quicksilver,TRUE
2026 Topps Neon,Orange,12,Vision,TRUE
2026 Topps Neon,Orange,13,Ultron,TRUE
2026 Topps Neon,Orange,14,Doctor Strange,TRUE
2026 Topps Neon,Orange,15,Mephisto,TRUE
2026 Topps Neon,Orange,16,Thanos,TRUE
2026 Topps Neon,Orange,17,Loki,TRUE
2026 Topps Neon,Orange,18,Odin,TRUE
2026 Topps Neon,Orange,19,Daredevil,TRUE
2026 Topps Neon,Orange,20,Dragonfire,TRUE
2026 Topps Neon,Orange,21,Ant-Man,TRUE
2026 Topps Neon,Orange,22,Iron Fist,TRUE
2026 Topps Neon,Orange,23,X-23,TRUE
2026 Topps Neon,Orange,24,Moon Knight,TRUE
2026 Topps Neon,Orange,25,Jessica Jones,TRUE
2026 Topps Neon,Orange,26,Namor,TRUE
2026 Topps Neon,Orange,27,Taskmaster,TRUE
2026 Topps Neon,Orange,28,Kang The Conqueror,TRUE
2026 Topps Neon,Orange,29,The Thing,TRUE
2026 Topps Neon,Orange,30,Human Torch,TRUE
2026 Topps Neon,Orange,31,Invisible Woman,TRUE
2026 Topps Neon,Orange,32,Mister Fantastic,TRUE
2026 Topps Neon,Orange,33,Ransom,TRUE
2026 Topps Neon,Orange,34,Silver Surfer,TRUE
2026 Topps Neon,Orange,35,Sword Master,TRUE
2026 Topps Neon,Orange,36,Doctor Doom,TRUE
2026 Topps Neon,Orange,37,Ms. Marvel,TRUE
2026 Topps Neon,Orange,38,Ghost-Spider,TRUE
2026 Topps Neon,Orange,39,Professor X,TRUE
2026 Topps Neon,Orange,40,Cyclops,TRUE
2026 Topps Neon,Orange,41,Phoenix,TRUE
2026 Topps Neon,Orange,42,Beast,TRUE
2026 Topps Neon,Orange,43,Magneto,TRUE
2026 Topps Neon,Orange,44,Mister Sinister,TRUE
2026 Topps Neon,Orange,45,Cable,TRUE
2026 Topps Neon,Orange,46,Iceman,TRUE
2026 Topps Neon,Orange,47,Archangel,TRUE
2026 Topps Neon,Orange,48,Storm,TRUE
2026 Topps Neon,Orange,49,Colossus,TRUE
2026 Topps Neon,Orange,50,Magik,TRUE
2026 Topps Neon,Orange,51,Jubilee,TRUE
2026 Topps Neon,Orange,52,Rogue,TRUE
2026 Topps Neon,Orange,53,Gambit,TRUE
2026 Topps Neon,Orange,54,Kitty Pryde,TRUE
2026 Topps Neon,Orange,55,Juggernaut,TRUE
2026 Topps Neon,Orange,56,America Chavez,TRUE
2026 Topps Neon,Orange,57,Squirrel Girl,TRUE
2026 Topps Neon,Orange,58,Hulkette,TRUE
2026 Topps Neon,Orange,59,Dazzler,TRUE
2026 Topps Neon,Orange,60,Silver Samurai,TRUE
2026 Topps Neon,Orange,61,Emma Frost,TRUE
2026 Topps Neon,Orange,62,Wasp,TRUE
2026 Topps Neon,Orange,63,Elektra,TRUE
2026 Topps Neon,Orange,64,Misty Knight,TRUE
2026 Topps Neon,Orange,65,Miles Morales,TRUE
2026 Topps Neon,Orange,66,Kate Bishop,TRUE
2026 Topps Neon,Orange,67,Black Panther,TRUE
2026 Topps Neon,Orange,68,Killmonger,TRUE
2026 Topps Neon,Orange,69,Adam Warlock,TRUE
2026 Topps Neon,Orange,70,Gladiator,TRUE
2026 Topps Neon,Orange,71,Black Bolt,TRUE
2026 Topps Neon,Orange,72,Medusa,TRUE
2026 Topps Neon,Orange,73,Angela,TRUE
2026 Topps Neon,Orange,74,Star-Lord,TRUE
2026 Topps Neon,Orange,75,Groot,TRUE
2026 Topps Neon,Orange,76,Schwarzschild,TRUE
2026 Topps Neon,Orange,77,Rocket Raccoon,TRUE
2026 Topps Neon,Orange,78,Drax,TRUE
2026 Topps Neon,Orange,79,Chthon,TRUE
2026 Topps Neon,Orange,80,Havok,TRUE
2026 Topps Neon,Orange,81,Nova,TRUE
2026 Topps Neon,Orange,82,Man-Thing,TRUE
2026 Topps Neon,Orange,83,Kid Gladiator,TRUE
2026 Topps Neon,Orange,84,Fin Fang Foom,TRUE
2026 Topps Neon,Orange,85,Beta Ray Bill,TRUE
2026 Topps Neon,Orange,86,Hela,TRUE
2026 Topps Neon,Orange,87,Captain America,TRUE
2026 Topps Neon,Orange,88,Dormammu,TRUE
2026 Topps Neon,Orange,89,Batroc,TRUE
2026 Topps Neon,Orange,90,Mighty Thor,TRUE
2026 Topps Neon,Orange,91,Mystique,TRUE
2026 Topps Neon,Orange,92,Omega Red,TRUE
2026 Topps Neon,Orange,93,Sabretooth,TRUE
2026 Topps Neon,Orange,94,Wonder Man,TRUE
2026 Topps Neon,Orange,95,Green Goblin,TRUE
2026 Topps Neon,Orange,96,Venom,TRUE
2026 Topps Neon,Orange,97,Carnage,TRUE
2026 Topps Neon,Orange,98,Iron Cat,TRUE
2026 Topps Neon,Orange,99,Lizard,TRUE
2026 Topps Neon,Orange,100,Shocker,TRUE
2026 Topps Neon,Orange,101,Electro,TRUE
2026 Topps Neon,Orange,102,Rhino,TRUE
2026 Topps Neon,Orange,103,Scorpion,TRUE
2026 Topps Neon,Orange,104,Vulture,TRUE
2026 Topps Neon,Orange,105,Kraven The Hunter,TRUE
2026 Topps Neon,Orange,106,Prowler,TRUE
2026 Topps Neon,Orange,107,Silk,TRUE
2026 Topps Neon,Orange,108,Spider-Man 2099,TRUE
2026 Topps Neon,Orange,109,Hellverine,TRUE
2026 Topps Neon,Orange,110,Kingpin,TRUE
2026 Topps Neon,Orange,111,Invincible Woman,TRUE
2026 Topps Neon,Orange,112,Mister Negative,TRUE
2026 Topps Neon,Orange,113,Scarlet Spider,TRUE
2026 Topps Neon,Orange,114,Spider-Girl,TRUE
2026 Topps Neon,Orange,115,Spider-Woman,TRUE
2026 Topps Neon,Orange,116,Spider-Man Noir,TRUE
2026 Topps Neon,Orange,117,Bishop,TRUE
2026 Topps Neon,Orange,118,Deathdream,TRUE
2026 Topps Neon,Orange,119,Nightcrawler,TRUE
2026 Topps Neon,Orange,120,Toad,TRUE
2026 Topps Neon,Orange,121,Hobgoblin,TRUE
2026 Topps Neon,Orange,122,Sentry,TRUE
2026 Topps Neon,Orange,123,Blade,TRUE
2026 Topps Neon,Orange,124,Ghost Rider,TRUE
2026 Topps Neon,Orange,125,Apocalypse,TRUE
2026 Topps Neon,Orange,126,Warlock,TRUE
2026 Topps Neon,Orange,127,Psylocke,TRUE
2026 Topps Neon,Orange,128,War Machine,TRUE
2026 Topps Neon,Orange,129,Jeff The Land Shark,TRUE
2026 Topps Neon,Orange,130,M.O.D.O.K.,TRUE
2026 Topps Neon,Orange,131,Firestar,TRUE
2026 Topps Neon,Orange,132,Sunspot,TRUE
2026 Topps Neon,Orange,133,Spider-Ham,TRUE
2026 Topps Neon,Orange,134,Abomination,TRUE
2026 Topps Neon,Orange,135,Darkhawk,TRUE
2026 Topps Neon,Orange,136,She-Hulk,TRUE
2026 Topps Neon,Orange,137,Black Cat,TRUE
2026 Topps Neon,Orange,138,Hercules,TRUE
2026 Topps Neon,Orange,139,Baron Zemo,TRUE
2026 Topps Neon,Orange,140,Enchantress,TRUE
2026 Topps Neon,Orange,141,Ironheart,TRUE
2026 Topps Neon,Orange,142,Luna Snow,TRUE
2026 Topps Neon,Orange,143,Spider-Boy,TRUE
2026 Topps Neon,Orange,144,U.S. Agent,TRUE
2026 Topps Neon,Orange,145,Moonstar,TRUE
2026 Topps Neon,Orange,146,Yondu,TRUE
2026 Topps Neon,Orange,147,Jack of Hearts,TRUE
2026 Topps Neon,Orange,148,Absorbing Man,TRUE
2026 Topps Neon,Orange,149,Black Knight,TRUE
2026 Topps Neon,Orange,150,Silver Sable,TRUE
2026 Topps Neon,Orange,151,Spider-Punk,TRUE
2026 Topps Neon,Orange,152,Multiple Man,TRUE
2026 Topps Neon,Orange,153,Machine Man,TRUE
2026 Topps Neon,Orange,154,Jocasta,TRUE
2026 Topps Neon,Orange,155,Clea,TRUE
2026 Topps Neon,Orange,156,Wiccan,TRUE
2026 Topps Neon,Orange,157,Old Man Logan,TRUE
2026 Topps Neon,Orange,158,Anti-Venom,TRUE
2026 Topps Neon,Orange,159,Morbius,TRUE
2026 Topps Neon,Orange,160,Hellcat,TRUE
2026 Topps Neon,Orange,161,Echo,TRUE
2026 Topps Neon,Orange,162,Captain Britain,TRUE
2026 Topps Neon,Orange,163,Ikaris,TRUE
2026 Topps Neon,Orange,164,Ares,TRUE
2026 Topps Neon,Orange,165,Stryfe,TRUE
2026 Topps Neon,Orange,166,White Tiger,TRUE
2026 Topps Neon,Orange,167,Gwenpool,TRUE
2026 Topps Neon,Orange,168,Werewolf By Night,TRUE
2026 Topps Neon,Orange,169,Leader,TRUE
2026 Topps Neon,Orange,170,Deathlok,TRUE
2026 Topps Neon,Orange,171,White Widow,TRUE
2026 Topps Neon,Orange,172,Jitter,TRUE
2026 Topps Neon,Orange,173,Doyle Dormammu,TRUE
2026 Topps Neon,Orange,174,Phyla-Vell,TRUE
2026 Topps Neon,Orange,175,Terrax,TRUE
2026 Topps Neon,Orange,176,Ka-Zar,TRUE
2026 Topps Neon,Orange,177,Moon Girl,TRUE
2026 Topps Neon,Orange,178,Rescue,TRUE
2026 Topps Neon,Orange,179,Frenzy,TRUE
2026 Topps Neon,Orange,180,Baron Mordo,TRUE
2026 Topps Neon,Orange,181,Fantomex,TRUE
2026 Topps Neon,Orange,182,Quasar,TRUE
2026 Topps Neon,Orange,183,Exodus,TRUE
2026 Topps Neon,Orange,184,Doctor Voodoo,TRUE
2026 Topps Neon,Orange,185,Man-Wolf,TRUE
2026 Topps Neon,Orange,186,High Evolutionary,TRUE
2026 Topps Neon,Orange,187,Whiplash,TRUE
2026 Topps Neon,Orange,188,Genis-Vell,TRUE
2026 Topps Neon,Orange,189,Tigra,TRUE
2026 Topps Neon,Orange,190,Polaris,TRUE
2026 Topps Neon,Orange,191,Throg,TRUE
2026 Topps Neon,Orange,192,Maestro,TRUE
2026 Topps Neon,Orange,193,Slapstick,TRUE
2026 Topps Neon,Orange,194,Hallows' Eve,TRUE
2026 Topps Neon,Orange,195,Cosmic Ghost Rider,TRUE
2026 Topps Neon,Orange,196,Cypher,TRUE
2026 Topps Neon,Orange,197,The Maker,TRUE
2026 Topps Neon,Orange,198,Shang-Chi,TRUE
2026 Topps Neon,Orange,199,Nimrod,TRUE
2026 Topps Neon,Orange,200,Mary Jane,TRUE
2026 Topps Neon,Black,1,Iron Man,TRUE
2026 Topps Neon,Black,2,Thor,TRUE
2026 Topps Neon,Black,3,Captain America,TRUE
2026 Topps Neon,Black,4,Spider-Man,TRUE
2026 Topps Neon,Black,5,Hulk,TRUE
2026 Topps Neon,Black,6,Hawkeye,TRUE
2026 Topps Neon,Black,7,Black Widow,TRUE
2026 Topps Neon,Black,8,Captain Marvel,TRUE
2026 Topps Neon,Black,9,Wolverine,TRUE
2026 Topps Neon,Black,10,Scarlet Witch,TRUE
2026 Topps Neon,Black,11,Quicksilver,TRUE
2026 Topps Neon,Black,12,Vision,TRUE
2026 Topps Neon,Black,13,Ultron,TRUE
2026 Topps Neon,Black,14,Doctor Strange,TRUE
2026 Topps Neon,Black,15,Mephisto,TRUE
2026 Topps Neon,Black,16,Thanos,TRUE
2026 Topps Neon,Black,17,Loki,TRUE
2026 Topps Neon,Black,18,Odin,TRUE
2026 Topps Neon,Black,19,Daredevil,TRUE
2026 Topps Neon,Black,20,Dragonfire,TRUE
2026 Topps Neon,Black,21,Ant-Man,TRUE
2026 Topps Neon,Black,22,Iron Fist,TRUE
2026 Topps Neon,Black,23,X-23,TRUE
2026 Topps Neon,Black,24,Moon Knight,TRUE
2026 Topps Neon,Black,25,Jessica Jones,TRUE
2026 Topps Neon,Black,26,Namor,TRUE
2026 Topps Neon,Black,27,Taskmaster,TRUE
2026 Topps Neon,Black,28,Kang The Conqueror,TRUE
2026 Topps Neon,Black,29,The Thing,TRUE
2026 Topps Neon,Black,30,Human Torch,TRUE
2026 Topps Neon,Black,31,Invisible Woman,TRUE
2026 Topps Neon,Black,32,Mister Fantastic,TRUE
2026 Topps Neon,Black,33,Ransom,TRUE
2026 Topps Neon,Black,34,Silver Surfer,TRUE
2026 Topps Neon,Black,35,Sword Master,TRUE
2026 Topps Neon,Black,36,Doctor Doom,TRUE
2026 Topps Neon,Black,37,Ms. Marvel,TRUE
2026 Topps Neon,Black,38,Ghost-Spider,TRUE
2026 Topps Neon,Black,39,Professor X,TRUE
2026 Topps Neon,Black,40,Cyclops,TRUE
2026 Topps Neon,Black,41,Phoenix,TRUE
2026 Topps Neon,Black,42,Beast,TRUE
2026 Topps Neon,Black,43,Magneto,TRUE
2026 Topps Neon,Black,44,Mister Sinister,TRUE
2026 Topps Neon,Black,45,Cable,TRUE
2026 Topps Neon,Black,46,Iceman,TRUE
2026 Topps Neon,Black,47,Archangel,TRUE
2026 Topps Neon,Black,48,Storm,TRUE
2026 Topps Neon,Black,49,Colossus,TRUE
2026 Topps Neon,Black,50,Magik,TRUE
2026 Topps Neon,Black,51,Jubilee,TRUE
2026 Topps Neon,Black,52,Rogue,TRUE
2026 Topps Neon,Black,53,Gambit,TRUE
2026 Topps Neon,Black,54,Kitty Pryde,TRUE
2026 Topps Neon,Black,55,Juggernaut,TRUE
2026 Topps Neon,Black,56,America Chavez,TRUE
2026 Topps Neon,Black,57,Squirrel Girl,TRUE
2026 Topps Neon,Black,58,Hulkette,TRUE
2026 Topps Neon,Black,59,Dazzler,TRUE
2026 Topps Neon,Black,60,Silver Samurai,TRUE
2026 Topps Neon,Black,61,Emma Frost,TRUE
2026 Topps Neon,Black,62,Wasp,TRUE
2026 Topps Neon,Black,63,Elektra,TRUE
2026 Topps Neon,Black,64,Misty Knight,TRUE
2026 Topps Neon,Black,65,Miles Morales,TRUE
2026 Topps Neon,Black,66,Kate Bishop,TRUE
2026 Topps Neon,Black,67,Black Panther,TRUE
2026 Topps Neon,Black,68,Killmonger,TRUE
2026 Topps Neon,Black,69,Adam Warlock,TRUE
2026 Topps Neon,Black,70,Gladiator,TRUE
2026 Topps Neon,Black,71,Black Bolt,TRUE
2026 Topps Neon,Black,72,Medusa,TRUE
2026 Topps Neon,Black,73,Angela,TRUE
2026 Topps Neon,Black,74,Star-Lord,TRUE
2026 Topps Neon,Black,75,Groot,TRUE
2026 Topps Neon,Black,76,Schwarzschild,TRUE
2026 Topps Neon,Black,77,Rocket Raccoon,TRUE
2026 Topps Neon,Black,78,Drax,TRUE
2026 Topps Neon,Black,79,Chthon,TRUE
2026 Topps Neon,Black,80,Havok,TRUE
2026 Topps Neon,Black,81,Nova,TRUE
2026 Topps Neon,Black,82,Man-Thing,TRUE
2026 Topps Neon,Black,83,Kid Gladiator,TRUE
2026 Topps Neon,Black,84,Fin Fang Foom,TRUE
2026 Topps Neon,Black,85,Beta Ray Bill,TRUE
2026 Topps Neon,Black,86,Hela,TRUE
2026 Topps Neon,Black,87,Captain America,TRUE
2026 Topps Neon,Black,88,Dormammu,TRUE
2026 Topps Neon,Black,89,Batroc,TRUE
2026 Topps Neon,Black,90,Mighty Thor,TRUE
2026 Topps Neon,Black,91,Mystique,TRUE
2026 Topps Neon,Black,92,Omega Red,TRUE
2026 Topps Neon,Black,93,Sabretooth,TRUE
2026 Topps Neon,Black,94,Wonder Man,TRUE
2026 Topps Neon,Black,95,Green Goblin,TRUE
2026 Topps Neon,Black,96,Venom,TRUE
2026 Topps Neon,Black,97,Carnage,TRUE
2026 Topps Neon,Black,98,Iron Cat,TRUE
2026 Topps Neon,Black,99,Lizard,TRUE
2026 Topps Neon,Black,100,Shocker,TRUE
2026 Topps Neon,Black,101,Electro,TRUE
2026 Topps Neon,Black,102,Rhino,TRUE
2026 Topps Neon,Black,103,Scorpion,TRUE
2026 Topps Neon,Black,104,Vulture,TRUE
2026 Topps Neon,Black,105,Kraven The Hunter,TRUE
2026 Topps Neon,Black,106,Prowler,TRUE
2026 Topps Neon,Black,107,Silk,TRUE
2026 Topps Neon,Black,108,Spider-Man 2099,TRUE
2026 Topps Neon,Black,109,Hellverine,TRUE
2026 Topps Neon,Black,110,Kingpin,TRUE
2026 Topps Neon,Black,111,Invincible Woman,TRUE
2026 Topps Neon,Black,112,Mister Negative,TRUE
2026 Topps Neon,Black,113,Scarlet Spider,TRUE
2026 Topps Neon,Black,114,Spider-Girl,TRUE
2026 Topps Neon,Black,115,Spider-Woman,TRUE
2026 Topps Neon,Black,116,Spider-Man Noir,TRUE
2026 Topps Neon,Black,117,Bishop,TRUE
2026 Topps Neon,Black,118,Deathdream,TRUE
2026 Topps Neon,Black,119,Nightcrawler,TRUE
2026 Topps Neon,Black,120,Toad,TRUE
2026 Topps Neon,Black,121,Hobgoblin,TRUE
2026 Topps Neon,Black,122,Sentry,TRUE
2026 Topps Neon,Black,123,Blade,TRUE
2026 Topps Neon,Black,124,Ghost Rider,TRUE
2026 Topps Neon,Black,125,Apocalypse,TRUE
2026 Topps Neon,Black,126,Warlock,TRUE
2026 Topps Neon,Black,127,Psylocke,TRUE
2026 Topps Neon,Black,128,War Machine,TRUE
2026 Topps Neon,Black,129,Jeff The Land Shark,TRUE
2026 Topps Neon,Black,130,M.O.D.O.K.,TRUE
2026 Topps Neon,Black,131,Firestar,TRUE
2026 Topps Neon,Black,132,Sunspot,TRUE
2026 Topps Neon,Black,133,Spider-Ham,TRUE
2026 Topps Neon,Black,134,Abomination,TRUE
2026 Topps Neon,Black,135,Darkhawk,TRUE
2026 Topps Neon,Black,136,She-Hulk,TRUE
2026 Topps Neon,Black,137,Black Cat,TRUE
2026 Topps Neon,Black,138,Hercules,TRUE
2026 Topps Neon,Black,139,Baron Zemo,TRUE
2026 Topps Neon,Black,140,Enchantress,TRUE
2026 Topps Neon,Black,141,Ironheart,TRUE
2026 Topps Neon,Black,142,Luna Snow,TRUE
2026 Topps Neon,Black,143,Spider-Boy,TRUE
2026 Topps Neon,Black,144,U.S. Agent,TRUE
2026 Topps Neon,Black,145,Moonstar,TRUE
2026 Topps Neon,Black,146,Yondu,TRUE
2026 Topps Neon,Black,147,Jack of Hearts,TRUE
2026 Topps Neon,Black,148,Absorbing Man,TRUE
2026 Topps Neon,Black,149,Black Knight,TRUE
2026 Topps Neon,Black,150,Silver Sable,TRUE
2026 Topps Neon,Black,151,Spider-Punk,TRUE
2026 Topps Neon,Black,152,Multiple Man,TRUE
2026 Topps Neon,Black,153,Machine Man,TRUE
2026 Topps Neon,Black,154,Jocasta,TRUE
2026 Topps Neon,Black,155,Clea,TRUE
2026 Topps Neon,Black,156,Wiccan,TRUE
2026 Topps Neon,Black,157,Old Man Logan,TRUE
2026 Topps Neon,Black,158,Anti-Venom,TRUE
2026 Topps Neon,Black,159,Morbius,TRUE
2026 Topps Neon,Black,160,Hellcat,TRUE
2026 Topps Neon,Black,161,Echo,TRUE
2026 Topps Neon,Black,162,Captain Britain,TRUE
2026 Topps Neon,Black,163,Ikaris,TRUE
2026 Topps Neon,Black,164,Ares,TRUE
2026 Topps Neon,Black,165,Stryfe,TRUE
2026 Topps Neon,Black,166,White Tiger,TRUE
2026 Topps Neon,Black,167,Gwenpool,TRUE
2026 Topps Neon,Black,168,Werewolf By Night,TRUE
2026 Topps Neon,Black,169,Leader,TRUE
2026 Topps Neon,Black,170,Deathlok,TRUE
2026 Topps Neon,Black,171,White Widow,TRUE
2026 Topps Neon,Black,172,Jitter,TRUE
2026 Topps Neon,Black,173,Doyle Dormammu,TRUE
2026 Topps Neon,Black,174,Phyla-Vell,TRUE
2026 Topps Neon,Black,175,Terrax,TRUE
2026 Topps Neon,Black,176,Ka-Zar,TRUE
2026 Topps Neon,Black,177,Moon Girl,TRUE
2026 Topps Neon,Black,178,Rescue,TRUE
2026 Topps Neon,Black,179,Frenzy,TRUE
2026 Topps Neon,Black,180,Baron Mordo,TRUE
2026 Topps Neon,Black,181,Fantomex,TRUE
2026 Topps Neon,Black,182,Quasar,TRUE
2026 Topps Neon,Black,183,Exodus,TRUE
2026 Topps Neon,Black,184,Doctor Voodoo,TRUE
2026 Topps Neon,Black,185,Man-Wolf,TRUE
2026 Topps Neon,Black,186,High Evolutionary,TRUE
2026 Topps Neon,Black,187,Whiplash,TRUE
2026 Topps Neon,Black,188,Genis-Vell,TRUE
2026 Topps Neon,Black,189,Tigra,TRUE
2026 Topps Neon,Black,190,Polaris,TRUE
2026 Topps Neon,Black,191,Throg,TRUE
2026 Topps Neon,Black,192,Maestro,TRUE
2026 Topps Neon,Black,193,Slapstick,TRUE
2026 Topps Neon,Black,194,Hallows' Eve,TRUE
2026 Topps Neon,Black,195,Cosmic Ghost Rider,TRUE
2026 Topps Neon,Black,196,Cypher,TRUE
2026 Topps Neon,Black,197,The Maker,TRUE
2026 Topps Neon,Black,198,Shang-Chi,TRUE
2026 Topps Neon,Black,199,Nimrod,TRUE
2026 Topps Neon,Black,200,Mary Jane,TRUE
2026 Topps Neon,Red,1,Iron Man,TRUE
2026 Topps Neon,Red,2,Thor,TRUE
2026 Topps Neon,Red,3,Captain America,TRUE
2026 Topps Neon,Red,4,Spider-Man,TRUE
2026 Topps Neon,Red,5,Hulk,TRUE
2026 Topps Neon,Red,6,Hawkeye,TRUE
2026 Topps Neon,Red,7,Black Widow,TRUE
2026 Topps Neon,Red,8,Captain Marvel,TRUE
2026 Topps Neon,Red,9,Wolverine,TRUE
2026 Topps Neon,Red,10,Scarlet Witch,TRUE
2026 Topps Neon,Red,11,Quicksilver,TRUE
2026 Topps Neon,Red,12,Vision,TRUE
2026 Topps Neon,Red,13,Ultron,TRUE
2026 Topps Neon,Red,14,Doctor Strange,TRUE
2026 Topps Neon,Red,15,Mephisto,TRUE
2026 Topps Neon,Red,16,Thanos,TRUE
2026 Topps Neon,Red,17,Loki,TRUE
2026 Topps Neon,Red,18,Odin,TRUE
2026 Topps Neon,Red,19,Daredevil,TRUE
2026 Topps Neon,Red,20,Dragonfire,TRUE
2026 Topps Neon,Red,21,Ant-Man,TRUE
2026 Topps Neon,Red,22,Iron Fist,TRUE
2026 Topps Neon,Red,23,X-23,TRUE
2026 Topps Neon,Red,24,Moon Knight,TRUE
2026 Topps Neon,Red,25,Jessica Jones,TRUE
2026 Topps Neon,Red,26,Namor,TRUE
2026 Topps Neon,Red,27,Taskmaster,TRUE
2026 Topps Neon,Red,28,Kang The Conqueror,TRUE
2026 Topps Neon,Red,29,The Thing,TRUE
2026 Topps Neon,Red,30,Human Torch,TRUE
2026 Topps Neon,Red,31,Invisible Woman,TRUE
2026 Topps Neon,Red,32,Mister Fantastic,TRUE
2026 Topps Neon,Red,33,Ransom,TRUE
2026 Topps Neon,Red,34,Silver Surfer,TRUE
2026 Topps Neon,Red,35,Sword Master,TRUE
2026 Topps Neon,Red,36,Doctor Doom,TRUE
2026 Topps Neon,Red,37,Ms. Marvel,TRUE
2026 Topps Neon,Red,38,Ghost-Spider,TRUE
2026 Topps Neon,Red,39,Professor X,TRUE
2026 Topps Neon,Red,40,Cyclops,TRUE
2026 Topps Neon,Red,41,Phoenix,TRUE
2026 Topps Neon,Red,42,Beast,TRUE
2026 Topps Neon,Red,43,Magneto,TRUE
2026 Topps Neon,Red,44,Mister Sinister,TRUE
2026 Topps Neon,Red,45,Cable,TRUE
2026 Topps Neon,Red,46,Iceman,TRUE
2026 Topps Neon,Red,47,Archangel,TRUE
2026 Topps Neon,Red,48,Storm,TRUE
2026 Topps Neon,Red,49,Colossus,TRUE
2026 Topps Neon,Red,50,Magik,TRUE
2026 Topps Neon,Red,51,Jubilee,TRUE
2026 Topps Neon,Red,52,Rogue,TRUE
2026 Topps Neon,Red,53,Gambit,TRUE
2026 Topps Neon,Red,54,Kitty Pryde,TRUE
2026 Topps Neon,Red,55,Juggernaut,TRUE
2026 Topps Neon,Red,56,America Chavez,TRUE
2026 Topps Neon,Red,57,Squirrel Girl,TRUE
2026 Topps Neon,Red,58,Hulkette,TRUE
2026 Topps Neon,Red,59,Dazzler,TRUE
2026 Topps Neon,Red,60,Silver Samurai,TRUE
2026 Topps Neon,Red,61,Emma Frost,TRUE
2026 Topps Neon,Red,62,Wasp,TRUE
2026 Topps Neon,Red,63,Elektra,TRUE
2026 Topps Neon,Red,64,Misty Knight,TRUE
2026 Topps Neon,Red,65,Miles Morales,TRUE
2026 Topps Neon,Red,66,Kate Bishop,TRUE
2026 Topps Neon,Red,67,Black Panther,TRUE
2026 Topps Neon,Red,68,Killmonger,TRUE
2026 Topps Neon,Red,69,Adam Warlock,TRUE
2026 Topps Neon,Red,70,Gladiator,TRUE
2026 Topps Neon,Red,71,Black Bolt,TRUE
2026 Topps Neon,Red,72,Medusa,TRUE
2026 Topps Neon,Red,73,Angela,TRUE
2026 Topps Neon,Red,74,Star-Lord,TRUE
2026 Topps Neon,Red,75,Groot,TRUE
2026 Topps Neon,Red,76,Schwarzschild,TRUE
2026 Topps Neon,Red,77,Rocket Raccoon,TRUE
2026 Topps Neon,Red,78,Drax,TRUE
2026 Topps Neon,Red,79,Chthon,TRUE
2026 Topps Neon,Red,80,Havok,TRUE
2026 Topps Neon,Red,81,Nova,TRUE
2026 Topps Neon,Red,82,Man-Thing,TRUE
2026 Topps Neon,Red,83,Kid Gladiator,TRUE
2026 Topps Neon,Red,84,Fin Fang Foom,TRUE
2026 Topps Neon,Red,85,Beta Ray Bill,TRUE
2026 Topps Neon,Red,86,Hela,TRUE
2026 Topps Neon,Red,87,Captain America,TRUE
2026 Topps Neon,Red,88,Dormammu,TRUE
2026 Topps Neon,Red,89,Batroc,TRUE
2026 Topps Neon,Red,90,Mighty Thor,TRUE
2026 Topps Neon,Red,91,Mystique,TRUE
2026 Topps Neon,Red,92,Omega Red,TRUE
2026 Topps Neon,Red,93,Sabretooth,TRUE
2026 Topps Neon,Red,94,Wonder Man,TRUE
2026 Topps Neon,Red,95,Green Goblin,TRUE
2026 Topps Neon,Red,96,Venom,TRUE
2026 Topps Neon,Red,97,Carnage,TRUE
2026 Topps Neon,Red,98,Iron Cat,TRUE
2026 Topps Neon,Red,99,Lizard,TRUE
2026 Topps Neon,Red,100,Shocker,TRUE
2026 Topps Neon,Red,101,Electro,TRUE
2026 Topps Neon,Red,102,Rhino,TRUE
2026 Topps Neon,Red,103,Scorpion,TRUE
2026 Topps Neon,Red,104,Vulture,TRUE
2026 Topps Neon,Red,105,Kraven The Hunter,TRUE
2026 Topps Neon,Red,106,Prowler,TRUE
2026 Topps Neon,Red,107,Silk,TRUE
2026 Topps Neon,Red,108,Spider-Man 2099,TRUE
2026 Topps Neon,Red,109,Hellverine,TRUE
2026 Topps Neon,Red,110,Kingpin,TRUE
2026 Topps Neon,Red,111,Invincible Woman,TRUE
2026 Topps Neon,Red,112,Mister Negative,TRUE
2026 Topps Neon,Red,113,Scarlet Spider,TRUE
2026 Topps Neon,Red,114,Spider-Girl,TRUE
2026 Topps Neon,Red,115,Spider-Woman,TRUE
2026 Topps Neon,Red,116,Spider-Man Noir,TRUE
2026 Topps Neon,Red,117,Bishop,TRUE
2026 Topps Neon,Red,118,Deathdream,TRUE
2026 Topps Neon,Red,119,Nightcrawler,TRUE
2026 Topps Neon,Red,120,Toad,TRUE
2026 Topps Neon,Red,121,Hobgoblin,TRUE
2026 Topps Neon,Red,122,Sentry,TRUE
2026 Topps Neon,Red,123,Blade,TRUE
2026 Topps Neon,Red,124,Ghost Rider,TRUE
2026 Topps Neon,Red,125,Apocalypse,TRUE
2026 Topps Neon,Red,126,Warlock,TRUE
2026 Topps Neon,Red,127,Psylocke,TRUE
2026 Topps Neon,Red,128,War Machine,TRUE
2026 Topps Neon,Red,129,Jeff The Land Shark,TRUE
2026 Topps Neon,Red,130,M.O.D.O.K.,TRUE
2026 Topps Neon,Red,131,Firestar,TRUE
2026 Topps Neon,Red,132,Sunspot,TRUE
2026 Topps Neon,Red,133,Spider-Ham,TRUE
2026 Topps Neon,Red,134,Abomination,TRUE
2026 Topps Neon,Red,135,Darkhawk,TRUE
2026 Topps Neon,Red,136,She-Hulk,TRUE
2026 Topps Neon,Red,137,Black Cat,TRUE
2026 Topps Neon,Red,138,Hercules,TRUE
2026 Topps Neon,Red,139,Baron Zemo,TRUE
2026 Topps Neon,Red,140,Enchantress,TRUE
2026 Topps Neon,Red,141,Ironheart,TRUE
2026 Topps Neon,Red,142,Luna Snow,TRUE
2026 Topps Neon,Red,143,Spider-Boy,TRUE
2026 Topps Neon,Red,144,U.S. Agent,TRUE
2026 Topps Neon,Red,145,Moonstar,TRUE
2026 Topps Neon,Red,146,Yondu,TRUE
2026 Topps Neon,Red,147,Jack of Hearts,TRUE
2026 Topps Neon,Red,148,Absorbing Man,TRUE
2026 Topps Neon,Red,149,Black Knight,TRUE
2026 Topps Neon,Red,150,Silver Sable,TRUE
2026 Topps Neon,Red,151,Spider-Punk,TRUE
2026 Topps Neon,Red,152,Multiple Man,TRUE
2026 Topps Neon,Red,153,Machine Man,TRUE
2026 Topps Neon,Red,154,Jocasta,TRUE
2026 Topps Neon,Red,155,Clea,TRUE
2026 Topps Neon,Red,156,Wiccan,TRUE
2026 Topps Neon,Red,157,Old Man Logan,TRUE
2026 Topps Neon,Red,158,Anti-Venom,TRUE
2026 Topps Neon,Red,159,Morbius,TRUE
2026 Topps Neon,Red,160,Hellcat,TRUE
2026 Topps Neon,Red,161,Echo,TRUE
2026 Topps Neon,Red,162,Captain Britain,TRUE
2026 Topps Neon,Red,163,Ikaris,TRUE
2026 Topps Neon,Red,164,Ares,TRUE
2026 Topps Neon,Red,165,Stryfe,TRUE
2026 Topps Neon,Red,166,White Tiger,TRUE
2026 Topps Neon,Red,167,Gwenpool,TRUE
2026 Topps Neon,Red,168,Werewolf By Night,TRUE
2026 Topps Neon,Red,169,Leader,TRUE
2026 Topps Neon,Red,170,Deathlok,TRUE
2026 Topps Neon,Red,171,White Widow,TRUE
2026 Topps Neon,Red,172,Jitter,TRUE
2026 Topps Neon,Red,173,Doyle Dormammu,TRUE
2026 Topps Neon,Red,174,Phyla-Vell,TRUE
2026 Topps Neon,Red,175,Terrax,TRUE
2026 Topps Neon,Red,176,Ka-Zar,TRUE
2026 Topps Neon,Red,177,Moon Girl,TRUE
2026 Topps Neon,Red,178,Rescue,TRUE
2026 Topps Neon,Red,179,Frenzy,TRUE
2026 Topps Neon,Red,180,Baron Mordo,TRUE
2026 Topps Neon,Red,181,Fantomex,TRUE
2026 Topps Neon,Red,182,Quasar,TRUE
2026 Topps Neon,Red,183,Exodus,TRUE
2026 Topps Neon,Red,184,Doctor Voodoo,TRUE
2026 Topps Neon,Red,185,Man-Wolf,TRUE
2026 Topps Neon,Red,186,High Evolutionary,TRUE
2026 Topps Neon,Red,187,Whiplash,TRUE
2026 Topps Neon,Red,188,Genis-Vell,TRUE
2026 Topps Neon,Red,189,Tigra,TRUE
2026 Topps Neon,Red,190,Polaris,TRUE
2026 Topps Neon,Red,191,Throg,TRUE
2026 Topps Neon,Red,192,Maestro,TRUE
2026 Topps Neon,Red,193,Slapstick,TRUE
2026 Topps Neon,Red,194,Hallows' Eve,TRUE
2026 Topps Neon,Red,195,Cosmic Ghost Rider,TRUE
2026 Topps Neon,Red,196,Cypher,TRUE
2026 Topps Neon,Red,197,The Maker,TRUE
2026 Topps Neon,Red,198,Shang-Chi,TRUE
2026 Topps Neon,Red,199,Nimrod,TRUE
2026 Topps Neon,Red,200,Mary Jane,TRUE
2026 Topps Neon,FoilFactor,1,Iron Man,TRUE
2026 Topps Neon,FoilFactor,2,Thor,TRUE
2026 Topps Neon,FoilFactor,3,Captain America,TRUE
2026 Topps Neon,FoilFactor,4,Spider-Man,TRUE
2026 Topps Neon,FoilFactor,5,Hulk,TRUE
2026 Topps Neon,FoilFactor,6,Hawkeye,TRUE
2026 Topps Neon,FoilFactor,7,Black Widow,TRUE
2026 Topps Neon,FoilFactor,8,Captain Marvel,TRUE
2026 Topps Neon,FoilFactor,9,Wolverine,TRUE
2026 Topps Neon,FoilFactor,10,Scarlet Witch,TRUE
2026 Topps Neon,FoilFactor,11,Quicksilver,TRUE
2026 Topps Neon,FoilFactor,12,Vision,TRUE
2026 Topps Neon,FoilFactor,13,Ultron,TRUE
2026 Topps Neon,FoilFactor,14,Doctor Strange,TRUE
2026 Topps Neon,FoilFactor,15,Mephisto,TRUE
2026 Topps Neon,FoilFactor,16,Thanos,TRUE
2026 Topps Neon,FoilFactor,17,Loki,TRUE
2026 Topps Neon,FoilFactor,18,Odin,TRUE
2026 Topps Neon,FoilFactor,19,Daredevil,TRUE
2026 Topps Neon,FoilFactor,20,Dragonfire,TRUE
2026 Topps Neon,FoilFactor,21,Ant-Man,TRUE
2026 Topps Neon,FoilFactor,22,Iron Fist,TRUE
2026 Topps Neon,FoilFactor,23,X-23,TRUE
2026 Topps Neon,FoilFactor,24,Moon Knight,TRUE
2026 Topps Neon,FoilFactor,25,Jessica Jones,TRUE
2026 Topps Neon,FoilFactor,26,Namor,TRUE
2026 Topps Neon,FoilFactor,27,Taskmaster,TRUE
2026 Topps Neon,FoilFactor,28,Kang The Conqueror,TRUE
2026 Topps Neon,FoilFactor,29,The Thing,TRUE
2026 Topps Neon,FoilFactor,30,Human Torch,TRUE
2026 Topps Neon,FoilFactor,31,Invisible Woman,TRUE
2026 Topps Neon,FoilFactor,32,Mister Fantastic,TRUE
2026 Topps Neon,FoilFactor,33,Ransom,TRUE
2026 Topps Neon,FoilFactor,34,Silver Surfer,TRUE
2026 Topps Neon,FoilFactor,35,Sword Master,TRUE
2026 Topps Neon,FoilFactor,36,Doctor Doom,TRUE
2026 Topps Neon,FoilFactor,37,Ms. Marvel,TRUE
2026 Topps Neon,FoilFactor,38,Ghost-Spider,TRUE
2026 Topps Neon,FoilFactor,39,Professor X,TRUE
2026 Topps Neon,FoilFactor,40,Cyclops,TRUE
2026 Topps Neon,FoilFactor,41,Phoenix,TRUE
2026 Topps Neon,FoilFactor,42,Beast,TRUE
2026 Topps Neon,FoilFactor,43,Magneto,TRUE
2026 Topps Neon,FoilFactor,44,Mister Sinister,TRUE
2026 Topps Neon,FoilFactor,45,Cable,TRUE
2026 Topps Neon,FoilFactor,46,Iceman,TRUE
2026 Topps Neon,FoilFactor,47,Archangel,TRUE
2026 Topps Neon,FoilFactor,48,Storm,TRUE
2026 Topps Neon,FoilFactor,49,Colossus,TRUE
2026 Topps Neon,FoilFactor,50,Magik,TRUE
2026 Topps Neon,FoilFactor,51,Jubilee,TRUE
2026 Topps Neon,FoilFactor,52,Rogue,TRUE
2026 Topps Neon,FoilFactor,53,Gambit,TRUE
2026 Topps Neon,FoilFactor,54,Kitty Pryde,TRUE
2026 Topps Neon,FoilFactor,55,Juggernaut,TRUE
2026 Topps Neon,FoilFactor,56,America Chavez,TRUE
2026 Topps Neon,FoilFactor,57,Squirrel Girl,TRUE
2026 Topps Neon,FoilFactor,58,Hulkette,TRUE
2026 Topps Neon,FoilFactor,59,Dazzler,TRUE
2026 Topps Neon,FoilFactor,60,Silver Samurai,TRUE
2026 Topps Neon,FoilFactor,61,Emma Frost,TRUE
2026 Topps Neon,FoilFactor,62,Wasp,TRUE
2026 Topps Neon,FoilFactor,63,Elektra,TRUE
2026 Topps Neon,FoilFactor,64,Misty Knight,TRUE
2026 Topps Neon,FoilFactor,65,Miles Morales,TRUE
2026 Topps Neon,FoilFactor,66,Kate Bishop,TRUE
2026 Topps Neon,FoilFactor,67,Black Panther,TRUE
2026 Topps Neon,FoilFactor,68,Killmonger,TRUE
2026 Topps Neon,FoilFactor,69,Adam Warlock,TRUE
2026 Topps Neon,FoilFactor,70,Gladiator,TRUE
2026 Topps Neon,FoilFactor,71,Black Bolt,TRUE
2026 Topps Neon,FoilFactor,72,Medusa,TRUE
2026 Topps Neon,FoilFactor,73,Angela,TRUE
2026 Topps Neon,FoilFactor,74,Star-Lord,TRUE
2026 Topps Neon,FoilFactor,75,Groot,TRUE
2026 Topps Neon,FoilFactor,76,Schwarzschild,TRUE
2026 Topps Neon,FoilFactor,77,Rocket Raccoon,TRUE
2026 Topps Neon,FoilFactor,78,Drax,TRUE
2026 Topps Neon,FoilFactor,79,Chthon,TRUE
2026 Topps Neon,FoilFactor,80,Havok,TRUE
2026 Topps Neon,FoilFactor,81,Nova,TRUE
2026 Topps Neon,FoilFactor,82,Man-Thing,TRUE
2026 Topps Neon,FoilFactor,83,Kid Gladiator,TRUE
2026 Topps Neon,FoilFactor,84,Fin Fang Foom,TRUE
2026 Topps Neon,FoilFactor,85,Beta Ray Bill,TRUE
2026 Topps Neon,FoilFactor,86,Hela,TRUE
2026 Topps Neon,FoilFactor,87,Captain America,TRUE
2026 Topps Neon,FoilFactor,88,Dormammu,TRUE
2026 Topps Neon,FoilFactor,89,Batroc,TRUE
2026 Topps Neon,FoilFactor,90,Mighty Thor,TRUE
2026 Topps Neon,FoilFactor,91,Mystique,TRUE
2026 Topps Neon,FoilFactor,92,Omega Red,TRUE
2026 Topps Neon,FoilFactor,93,Sabretooth,TRUE
2026 Topps Neon,FoilFactor,94,Wonder Man,TRUE
2026 Topps Neon,FoilFactor,95,Green Goblin,TRUE
2026 Topps Neon,FoilFactor,96,Venom,TRUE
2026 Topps Neon,FoilFactor,97,Carnage,TRUE
2026 Topps Neon,FoilFactor,98,Iron Cat,TRUE
2026 Topps Neon,FoilFactor,99,Lizard,TRUE
2026 Topps Neon,FoilFactor,100,Shocker,TRUE
2026 Topps Neon,FoilFactor,101,Electro,TRUE
2026 Topps Neon,FoilFactor,102,Rhino,TRUE
2026 Topps Neon,FoilFactor,103,Scorpion,TRUE
2026 Topps Neon,FoilFactor,104,Vulture,TRUE
2026 Topps Neon,FoilFactor,105,Kraven The Hunter,TRUE
2026 Topps Neon,FoilFactor,106,Prowler,TRUE
2026 Topps Neon,FoilFactor,107,Silk,TRUE
2026 Topps Neon,FoilFactor,108,Spider-Man 2099,TRUE
2026 Topps Neon,FoilFactor,109,Hellverine,TRUE
2026 Topps Neon,FoilFactor,110,Kingpin,TRUE
2026 Topps Neon,FoilFactor,111,Invincible Woman,TRUE
2026 Topps Neon,FoilFactor,112,Mister Negative,TRUE
2026 Topps Neon,FoilFactor,113,Scarlet Spider,TRUE
2026 Topps Neon,FoilFactor,114,Spider-Girl,TRUE
2026 Topps Neon,FoilFactor,115,Spider-Woman,TRUE
2026 Topps Neon,FoilFactor,116,Spider-Man Noir,TRUE
2026 Topps Neon,FoilFactor,117,Bishop,TRUE
2026 Topps Neon,FoilFactor,118,Deathdream,TRUE
2026 Topps Neon,FoilFactor,119,Nightcrawler,TRUE
2026 Topps Neon,FoilFactor,120,Toad,TRUE
2026 Topps Neon,FoilFactor,121,Hobgoblin,TRUE
2026 Topps Neon,FoilFactor,122,Sentry,TRUE
2026 Topps Neon,FoilFactor,123,Blade,TRUE
2026 Topps Neon,FoilFactor,124,Ghost Rider,TRUE
2026 Topps Neon,FoilFactor,125,Apocalypse,TRUE
2026 Topps Neon,FoilFactor,126,Warlock,TRUE
2026 Topps Neon,FoilFactor,127,Psylocke,TRUE
2026 Topps Neon,FoilFactor,128,War Machine,TRUE
2026 Topps Neon,FoilFactor,129,Jeff The Land Shark,TRUE
2026 Topps Neon,FoilFactor,130,M.O.D.O.K.,TRUE
2026 Topps Neon,FoilFactor,131,Firestar,TRUE
2026 Topps Neon,FoilFactor,132,Sunspot,TRUE
2026 Topps Neon,FoilFactor,133,Spider-Ham,TRUE
2026 Topps Neon,FoilFactor,134,Abomination,TRUE
2026 Topps Neon,FoilFactor,135,Darkhawk,TRUE
2026 Topps Neon,FoilFactor,136,She-Hulk,TRUE
2026 Topps Neon,FoilFactor,137,Black Cat,TRUE
2026 Topps Neon,FoilFactor,138,Hercules,TRUE
2026 Topps Neon,FoilFactor,139,Baron Zemo,TRUE
2026 Topps Neon,FoilFactor,140,Enchantress,TRUE
2026 Topps Neon,FoilFactor,141,Ironheart,TRUE
2026 Topps Neon,FoilFactor,142,Luna Snow,TRUE
2026 Topps Neon,FoilFactor,143,Spider-Boy,TRUE
2026 Topps Neon,FoilFactor,144,U.S. Agent,TRUE
2026 Topps Neon,FoilFactor,145,Moonstar,TRUE
2026 Topps Neon,FoilFactor,146,Yondu,TRUE
2026 Topps Neon,FoilFactor,147,Jack of Hearts,TRUE
2026 Topps Neon,FoilFactor,148,Absorbing Man,TRUE
2026 Topps Neon,FoilFactor,149,Black Knight,TRUE
2026 Topps Neon,FoilFactor,150,Silver Sable,TRUE
2026 Topps Neon,FoilFactor,151,Spider-Punk,TRUE
2026 Topps Neon,FoilFactor,152,Multiple Man,TRUE
2026 Topps Neon,FoilFactor,153,Machine Man,TRUE
2026 Topps Neon,FoilFactor,154,Jocasta,TRUE
2026 Topps Neon,FoilFactor,155,Clea,TRUE
2026 Topps Neon,FoilFactor,156,Wiccan,TRUE
2026 Topps Neon,FoilFactor,157,Old Man Logan,TRUE
2026 Topps Neon,FoilFactor,158,Anti-Venom,TRUE
2026 Topps Neon,FoilFactor,159,Morbius,TRUE
2026 Topps Neon,FoilFactor,160,Hellcat,TRUE
2026 Topps Neon,FoilFactor,161,Echo,TRUE
2026 Topps Neon,FoilFactor,162,Captain Britain,TRUE
2026 Topps Neon,FoilFactor,163,Ikaris,TRUE
2026 Topps Neon,FoilFactor,164,Ares,TRUE
2026 Topps Neon,FoilFactor,165,Stryfe,TRUE
2026 Topps Neon,FoilFactor,166,White Tiger,TRUE
2026 Topps Neon,FoilFactor,167,Gwenpool,TRUE
2026 Topps Neon,FoilFactor,168,Werewolf By Night,TRUE
2026 Topps Neon,FoilFactor,169,Leader,TRUE
2026 Topps Neon,FoilFactor,170,Deathlok,TRUE
2026 Topps Neon,FoilFactor,171,White Widow,TRUE
2026 Topps Neon,FoilFactor,172,Jitter,TRUE
2026 Topps Neon,FoilFactor,173,Doyle Dormammu,TRUE
2026 Topps Neon,FoilFactor,174,Phyla-Vell,TRUE
2026 Topps Neon,FoilFactor,175,Terrax,TRUE
2026 Topps Neon,FoilFactor,176,Ka-Zar,TRUE
2026 Topps Neon,FoilFactor,177,Moon Girl,TRUE
2026 Topps Neon,FoilFactor,178,Rescue,TRUE
2026 Topps Neon,FoilFactor,179,Frenzy,TRUE
2026 Topps Neon,FoilFactor,180,Baron Mordo,TRUE
2026 Topps Neon,FoilFactor,181,Fantomex,TRUE
2026 Topps Neon,FoilFactor,182,Quasar,TRUE
2026 Topps Neon,FoilFactor,183,Exodus,TRUE
2026 Topps Neon,FoilFactor,184,Doctor Voodoo,TRUE
2026 Topps Neon,FoilFactor,185,Man-Wolf,TRUE
2026 Topps Neon,FoilFactor,186,High Evolutionary,TRUE
2026 Topps Neon,FoilFactor,187,Whiplash,TRUE
2026 Topps Neon,FoilFactor,188,Genis-Vell,TRUE
2026 Topps Neon,FoilFactor,189,Tigra,TRUE
2026 Topps Neon,FoilFactor,190,Polaris,TRUE
2026 Topps Neon,FoilFactor,191,Throg,TRUE
2026 Topps Neon,FoilFactor,192,Maestro,TRUE
2026 Topps Neon,FoilFactor,193,Slapstick,TRUE
2026 Topps Neon,FoilFactor,194,Hallows' Eve,TRUE
2026 Topps Neon,FoilFactor,195,Cosmic Ghost Rider,TRUE
2026 Topps Neon,FoilFactor,196,Cypher,TRUE
2026 Topps Neon,FoilFactor,197,The Maker,TRUE
2026 Topps Neon,FoilFactor,198,Shang-Chi,TRUE
2026 Topps Neon,FoilFactor,199,Nimrod,TRUE
2026 Topps Neon,FoilFactor,200,Mary Jane,TRUE
2026 Topps Neon,Neon Green,1,Iron Man,TRUE
2026 Topps Neon,CHROME NEON ETCH BASE VARIATION,2,Thor,TRUE
2026 Topps Neon,CHROME NEON ETCH BASE VARIATION,3,Captain America,TRUE
2026 Topps Neon,CHROME NEON ETCH BASE VARIATION,4,Spider-Man,TRUE
2026 Topps Neon,CHROME NEON ETCH BASE VARIATION,5,Hulk,TRUE
2026 Topps Neon,CHROME NEON ETCH BASE VARIATION,6,Hawkeye,TRUE
2026 Topps Neon,CHROME NEON ETCH BASE VARIATION,7,Black Widow,TRUE
2026 Topps Neon,CHROME NEON ETCH BASE VARIATION,8,Captain Marvel,TRUE
2026 Topps Neon,CHROME NEON ETCH BASE VARIATION,9,Wolverine,TRUE
2026 Topps Neon,CHROME NEON ETCH BASE VARIATION,10,Scarlet Witch,TRUE
2026 Topps Neon,CHROME NEON ETCH BASE VARIATION,11,Quicksilver,TRUE
2026 Topps Neon,CHROME NEON ETCH BASE VARIATION,12,Vision,TRUE
2026 Topps Neon,CHROME NEON ETCH BASE VARIATION,13,Ultron,TRUE
2026 Topps Neon,CHROME NEON ETCH BASE VARIATION,14,Doctor Strange,TRUE
2026 Topps Neon,CHROME NEON ETCH BASE VARIATION,15,Mephisto,TRUE
2026 Topps Neon,CHROME NEON ETCH BASE VARIATION,16,Thanos,TRUE
2026 Topps Neon,CHROME NEON ETCH BASE VARIATION,17,Loki,TRUE
2026 Topps Neon,CHROME NEON ETCH BASE VARIATION,18,Odin,TRUE
2026 Topps Neon,CHROME NEON ETCH BASE VARIATION,19,Daredevil,TRUE
2026 Topps Neon,CHROME NEON ETCH BASE VARIATION,20,Dragonfire,TRUE
2026 Topps Neon,CHROME NEON ETCH BASE VARIATION,21,Ant-Man,TRUE
2026 Topps Neon,CHROME NEON ETCH BASE VARIATION,22,Iron Fist,TRUE
2026 Topps Neon,CHROME NEON ETCH BASE VARIATION,23,X-23,TRUE
2026 Topps Neon,CHROME NEON ETCH BASE VARIATION,24,Moon Knight,TRUE
2026 Topps Neon,CHROME NEON ETCH BASE VARIATION,25,Jessica Jones,TRUE
2026 Topps Neon,CHROME NEON ETCH BASE VARIATION,26,Namor,TRUE
2026 Topps Neon,CHROME NEON ETCH BASE VARIATION,27,Taskmaster,TRUE
2026 Topps Neon,CHROME NEON ETCH BASE VARIATION,28,Kang The Conqueror,TRUE
2026 Topps Neon,CHROME NEON ETCH BASE VARIATION,29,The Thing,TRUE
2026 Topps Neon,CHROME NEON ETCH BASE VARIATION,30,Human Torch,TRUE
2026 Topps Neon,CHROME NEON ETCH BASE VARIATION,31,Invisible Woman,TRUE
2026 Topps Neon,CHROME NEON ETCH BASE VARIATION,32,Mister Fantastic,TRUE
2026 Topps Neon,CHROME NEON ETCH BASE VARIATION,33,Ransom,TRUE
2026 Topps Neon,CHROME NEON ETCH BASE VARIATION,34,Silver Surfer,TRUE
2026 Topps Neon,CHROME NEON ETCH BASE VARIATION,35,Sword Master,TRUE
2026 Topps Neon,CHROME NEON ETCH BASE VARIATION,36,Doctor Doom,TRUE
2026 Topps Neon,CHROME NEON ETCH BASE VARIATION,37,Ms. Marvel,TRUE
2026 Topps Neon,CHROME NEON ETCH BASE VARIATION,38,Ghost-Spider,TRUE
2026 Topps Neon,CHROME NEON ETCH BASE VARIATION,39,Professor X,TRUE
2026 Topps Neon,CHROME NEON ETCH BASE VARIATION,40,Cyclops,TRUE
2026 Topps Neon,CHROME NEON ETCH BASE VARIATION,41,Phoenix,TRUE
2026 Topps Neon,CHROME NEON ETCH BASE VARIATION,42,Beast,TRUE
2026 Topps Neon,CHROME NEON ETCH BASE VARIATION,43,Magneto,TRUE
2026 Topps Neon,CHROME NEON ETCH BASE VARIATION,44,Mister Sinister,TRUE
2026 Topps Neon,CHROME NEON ETCH BASE VARIATION,45,Cable,TRUE
2026 Topps Neon,CHROME NEON ETCH BASE VARIATION,46,Iceman,TRUE
2026 Topps Neon,CHROME NEON ETCH BASE VARIATION,47,Archangel,TRUE
2026 Topps Neon,CHROME NEON ETCH BASE VARIATION,48,Storm,TRUE
2026 Topps Neon,CHROME NEON ETCH BASE VARIATION,49,Colossus,TRUE
2026 Topps Neon,CHROME NEON ETCH BASE VARIATION,50,Magik,TRUE
2026 Topps Neon,CHROME NEON ETCH BASE VARIATION,51,Jubilee,TRUE
2026 Topps Neon,CHROME NEON ETCH BASE VARIATION,52,Rogue,TRUE
2026 Topps Neon,CHROME NEON ETCH BASE VARIATION,53,Gambit,TRUE
2026 Topps Neon,CHROME NEON ETCH BASE VARIATION,54,Kitty Pryde,TRUE
2026 Topps Neon,CHROME NEON ETCH BASE VARIATION,55,Juggernaut,TRUE
2026 Topps Neon,CHROME NEON ETCH BASE VARIATION,56,America Chavez,TRUE
2026 Topps Neon,CHROME NEON ETCH BASE VARIATION,57,Squirrel Girl,TRUE
2026 Topps Neon,CHROME NEON ETCH BASE VARIATION,58,Hulkette,TRUE
2026 Topps Neon,CHROME NEON ETCH BASE VARIATION,59,Dazzler,TRUE
2026 Topps Neon,CHROME NEON ETCH BASE VARIATION,60,Silver Samurai,TRUE
2026 Topps Neon,CHROME NEON ETCH BASE VARIATION,61,Emma Frost,TRUE
2026 Topps Neon,CHROME NEON ETCH BASE VARIATION,62,Wasp,TRUE
2026 Topps Neon,CHROME NEON ETCH BASE VARIATION,63,Elektra,TRUE
2026 Topps Neon,CHROME NEON ETCH BASE VARIATION,64,Misty Knight,TRUE
2026 Topps Neon,CHROME NEON ETCH BASE VARIATION,65,Miles Morales,TRUE
2026 Topps Neon,CHROME NEON ETCH BASE VARIATION,66,Kate Bishop,TRUE
2026 Topps Neon,CHROME NEON ETCH BASE VARIATION,67,Black Panther,TRUE
2026 Topps Neon,CHROME NEON ETCH BASE VARIATION,68,Killmonger,TRUE
2026 Topps Neon,CHROME NEON ETCH BASE VARIATION,69,Adam Warlock,TRUE
2026 Topps Neon,CHROME NEON ETCH BASE VARIATION,70,Gladiator,TRUE
2026 Topps Neon,CHROME NEON ETCH BASE VARIATION,71,Black Bolt,TRUE
2026 Topps Neon,CHROME NEON ETCH BASE VARIATION,72,Medusa,TRUE
2026 Topps Neon,CHROME NEON ETCH BASE VARIATION,73,Angela,TRUE
2026 Topps Neon,CHROME NEON ETCH BASE VARIATION,74,Star-Lord,TRUE
2026 Topps Neon,CHROME NEON ETCH BASE VARIATION,75,Groot,TRUE
2026 Topps Neon,CHROME NEON ETCH BASE VARIATION,76,Schwarzschild,TRUE
2026 Topps Neon,CHROME NEON ETCH BASE VARIATION,77,Rocket Raccoon,TRUE
2026 Topps Neon,CHROME NEON ETCH BASE VARIATION,78,Drax,TRUE
2026 Topps Neon,CHROME NEON ETCH BASE VARIATION,79,Chthon,TRUE
2026 Topps Neon,CHROME NEON ETCH BASE VARIATION,80,Havok,TRUE
2026 Topps Neon,CHROME NEON ETCH BASE VARIATION,81,Nova,TRUE
2026 Topps Neon,CHROME NEON ETCH BASE VARIATION,82,Man-Thing,TRUE
2026 Topps Neon,CHROME NEON ETCH BASE VARIATION,83,Kid Gladiator,TRUE
2026 Topps Neon,CHROME NEON ETCH BASE VARIATION,84,Fin Fang Foom,TRUE
2026 Topps Neon,CHROME NEON ETCH BASE VARIATION,85,Beta Ray Bill,TRUE
2026 Topps Neon,CHROME NEON ETCH BASE VARIATION,86,Hela,TRUE
2026 Topps Neon,CHROME NEON ETCH BASE VARIATION,87,Captain America,TRUE
2026 Topps Neon,CHROME NEON ETCH BASE VARIATION,88,Dormammu,TRUE
2026 Topps Neon,CHROME NEON ETCH BASE VARIATION,89,Batroc,TRUE
2026 Topps Neon,CHROME NEON ETCH BASE VARIATION,90,Mighty Thor,TRUE
2026 Topps Neon,CHROME NEON ETCH BASE VARIATION,91,Mystique,TRUE
2026 Topps Neon,CHROME NEON ETCH BASE VARIATION,92,Omega Red,TRUE
2026 Topps Neon,CHROME NEON ETCH BASE VARIATION,93,Sabretooth,TRUE
2026 Topps Neon,CHROME NEON ETCH BASE VARIATION,94,Wonder Man,TRUE
2026 Topps Neon,CHROME NEON ETCH BASE VARIATION,95,Green Goblin,TRUE
2026 Topps Neon,CHROME NEON ETCH BASE VARIATION,96,Venom,TRUE
2026 Topps Neon,CHROME NEON ETCH BASE VARIATION,97,Carnage,TRUE
2026 Topps Neon,CHROME NEON ETCH BASE VARIATION,98,Iron Cat,TRUE
2026 Topps Neon,CHROME NEON ETCH BASE VARIATION,99,Lizard,TRUE
2026 Topps Neon,CHROME NEON ETCH BASE VARIATION,100,Shocker,TRUE
2026 Topps Neon,CHROME NEON ETCH BASE VARIATION,101,Electro,TRUE
2026 Topps Neon,CHROME NEON ETCH BASE VARIATION,102,Rhino,TRUE
2026 Topps Neon,CHROME NEON ETCH BASE VARIATION,103,Scorpion,TRUE
2026 Topps Neon,CHROME NEON ETCH BASE VARIATION,104,Vulture,TRUE
2026 Topps Neon,CHROME NEON ETCH BASE VARIATION,105,Kraven The Hunter,TRUE
2026 Topps Neon,CHROME NEON ETCH BASE VARIATION,106,Prowler,TRUE
2026 Topps Neon,CHROME NEON ETCH BASE VARIATION,107,Silk,TRUE
2026 Topps Neon,CHROME NEON ETCH BASE VARIATION,108,Spider-Man 2099,TRUE
2026 Topps Neon,CHROME NEON ETCH BASE VARIATION,109,Hellverine,TRUE
2026 Topps Neon,CHROME NEON ETCH BASE VARIATION,110,Kingpin,TRUE
2026 Topps Neon,CHROME NEON ETCH BASE VARIATION,111,Invincible Woman,TRUE
2026 Topps Neon,CHROME NEON ETCH BASE VARIATION,112,Mister Negative,TRUE
2026 Topps Neon,CHROME NEON ETCH BASE VARIATION,113,Scarlet Spider,TRUE
2026 Topps Neon,CHROME NEON ETCH BASE VARIATION,114,Spider-Girl,TRUE
2026 Topps Neon,CHROME NEON ETCH BASE VARIATION,115,Spider-Woman,TRUE
2026 Topps Neon,CHROME NEON ETCH BASE VARIATION,116,Spider-Man Noir,TRUE
2026 Topps Neon,CHROME NEON ETCH BASE VARIATION,117,Bishop,TRUE
2026 Topps Neon,CHROME NEON ETCH BASE VARIATION,118,Deathdream,TRUE
2026 Topps Neon,CHROME NEON ETCH BASE VARIATION,119,Nightcrawler,TRUE
2026 Topps Neon,CHROME NEON ETCH BASE VARIATION,120,Toad,TRUE
2026 Topps Neon,CHROME NEON ETCH BASE VARIATION,121,Hobgoblin,TRUE
2026 Topps Neon,CHROME NEON ETCH BASE VARIATION,122,Sentry,TRUE
2026 Topps Neon,CHROME NEON ETCH BASE VARIATION,123,Blade,TRUE
2026 Topps Neon,CHROME NEON ETCH BASE VARIATION,124,Ghost Rider,TRUE
2026 Topps Neon,CHROME NEON ETCH BASE VARIATION,125,Apocalypse,TRUE
2026 Topps Neon,CHROME NEON ETCH BASE VARIATION,126,Warlock,TRUE
2026 Topps Neon,CHROME NEON ETCH BASE VARIATION,127,Psylocke,TRUE
2026 Topps Neon,CHROME NEON ETCH BASE VARIATION,128,War Machine,TRUE
2026 Topps Neon,CHROME NEON ETCH BASE VARIATION,129,Jeff The Land Shark,TRUE
2026 Topps Neon,CHROME NEON ETCH BASE VARIATION,130,M.O.D.O.K.,TRUE
2026 Topps Neon,CHROME NEON ETCH BASE VARIATION,131,Firestar,TRUE
2026 Topps Neon,CHROME NEON ETCH BASE VARIATION,132,Sunspot,TRUE
2026 Topps Neon,CHROME NEON ETCH BASE VARIATION,133,Spider-Ham,TRUE
2026 Topps Neon,CHROME NEON ETCH BASE VARIATION,134,Abomination,TRUE
2026 Topps Neon,CHROME NEON ETCH BASE VARIATION,135,Darkhawk,TRUE
2026 Topps Neon,CHROME NEON ETCH BASE VARIATION,136,She-Hulk,TRUE
2026 Topps Neon,CHROME NEON ETCH BASE VARIATION,137,Black Cat,TRUE
2026 Topps Neon,CHROME NEON ETCH BASE VARIATION,138,Hercules,TRUE
2026 Topps Neon,CHROME NEON ETCH BASE VARIATION,139,Baron Zemo,TRUE
2026 Topps Neon,CHROME NEON ETCH BASE VARIATION,140,Enchantress,TRUE
2026 Topps Neon,CHROME NEON ETCH BASE VARIATION,141,Ironheart,TRUE
2026 Topps Neon,CHROME NEON ETCH BASE VARIATION,142,Luna Snow,TRUE
2026 Topps Neon,CHROME NEON ETCH BASE VARIATION,143,Spider-Boy,TRUE
2026 Topps Neon,CHROME NEON ETCH BASE VARIATION,144,U.S. Agent,TRUE
2026 Topps Neon,CHROME NEON ETCH BASE VARIATION,145,Moonstar,TRUE
2026 Topps Neon,CHROME NEON ETCH BASE VARIATION,146,Yondu,TRUE
2026 Topps Neon,CHROME NEON ETCH BASE VARIATION,147,Jack of Hearts,TRUE
2026 Topps Neon,CHROME NEON ETCH BASE VARIATION,148,Absorbing Man,TRUE
2026 Topps Neon,CHROME NEON ETCH BASE VARIATION,149,Black Knight,TRUE
2026 Topps Neon,CHROME NEON ETCH BASE VARIATION,150,Silver Sable,TRUE
2026 Topps Neon,CHROME NEON ETCH BASE VARIATION,151,Spider-Punk,TRUE
2026 Topps Neon,CHROME NEON ETCH BASE VARIATION,152,Multiple Man,TRUE
2026 Topps Neon,CHROME NEON ETCH BASE VARIATION,153,Machine Man,TRUE
2026 Topps Neon,CHROME NEON ETCH BASE VARIATION,154,Jocasta,TRUE
2026 Topps Neon,CHROME NEON ETCH BASE VARIATION,155,Clea,TRUE
2026 Topps Neon,CHROME NEON ETCH BASE VARIATION,156,Wiccan,TRUE
2026 Topps Neon,CHROME NEON ETCH BASE VARIATION,157,Old Man Logan,TRUE
2026 Topps Neon,CHROME NEON ETCH BASE VARIATION,158,Anti-Venom,TRUE
2026 Topps Neon,CHROME NEON ETCH BASE VARIATION,159,Morbius,TRUE
2026 Topps Neon,CHROME NEON ETCH BASE VARIATION,160,Hellcat,TRUE
2026 Topps Neon,CHROME NEON ETCH BASE VARIATION,161,Echo,TRUE
2026 Topps Neon,CHROME NEON ETCH BASE VARIATION,162,Captain Britain,TRUE
2026 Topps Neon,CHROME NEON ETCH BASE VARIATION,163,Ikaris,TRUE
2026 Topps Neon,CHROME NEON ETCH BASE VARIATION,164,Ares,TRUE
2026 Topps Neon,CHROME NEON ETCH BASE VARIATION,165,Stryfe,TRUE
2026 Topps Neon,CHROME NEON ETCH BASE VARIATION,166,White Tiger,TRUE
2026 Topps Neon,CHROME NEON ETCH BASE VARIATION,167,Gwenpool,TRUE
2026 Topps Neon,CHROME NEON ETCH BASE VARIATION,168,Werewolf By Night,TRUE
2026 Topps Neon,CHROME NEON ETCH BASE VARIATION,169,Leader,TRUE
2026 Topps Neon,CHROME NEON ETCH BASE VARIATION,170,Deathlok,TRUE
2026 Topps Neon,CHROME NEON ETCH BASE VARIATION,171,White Widow,TRUE
2026 Topps Neon,CHROME NEON ETCH BASE VARIATION,172,Jitter,TRUE
2026 Topps Neon,CHROME NEON ETCH BASE VARIATION,173,Doyle Dormammu,TRUE
2026 Topps Neon,CHROME NEON ETCH BASE VARIATION,174,Phyla-Vell,TRUE
2026 Topps Neon,CHROME NEON ETCH BASE VARIATION,175,Terrax,TRUE
2026 Topps Neon,CHROME NEON ETCH BASE VARIATION,176,Ka-Zar,TRUE
2026 Topps Neon,CHROME NEON ETCH BASE VARIATION,177,Moon Girl,TRUE
2026 Topps Neon,CHROME NEON ETCH BASE VARIATION,178,Rescue,TRUE
2026 Topps Neon,CHROME NEON ETCH BASE VARIATION,179,Frenzy,TRUE
2026 Topps Neon,CHROME NEON ETCH BASE VARIATION,180,Baron Mordo,TRUE
2026 Topps Neon,CHROME NEON ETCH BASE VARIATION,181,Fantomex,TRUE
2026 Topps Neon,CHROME NEON ETCH BASE VARIATION,182,Quasar,TRUE
2026 Topps Neon,CHROME NEON ETCH BASE VARIATION,183,Exodus,TRUE
2026 Topps Neon,CHROME NEON ETCH BASE VARIATION,184,Doctor Voodoo,TRUE
2026 Topps Neon,CHROME NEON ETCH BASE VARIATION,185,Man-Wolf,TRUE
2026 Topps Neon,CHROME NEON ETCH BASE VARIATION,186,High Evolutionary,TRUE
2026 Topps Neon,CHROME NEON ETCH BASE VARIATION,187,Whiplash,TRUE
2026 Topps Neon,CHROME NEON ETCH BASE VARIATION,188,Genis-Vell,TRUE
2026 Topps Neon,CHROME NEON ETCH BASE VARIATION,189,Tigra,TRUE
2026 Topps Neon,CHROME NEON ETCH BASE VARIATION,190,Polaris,TRUE
2026 Topps Neon,CHROME NEON ETCH BASE VARIATION,191,Throg,TRUE
2026 Topps Neon,CHROME NEON ETCH BASE VARIATION,192,Maestro,TRUE
2026 Topps Neon,CHROME NEON ETCH BASE VARIATION,193,Slapstick,TRUE
2026 Topps Neon,CHROME NEON ETCH BASE VARIATION,194,Hallows' Eve,TRUE
2026 Topps Neon,CHROME NEON ETCH BASE VARIATION,195,Cosmic Ghost Rider,TRUE
2026 Topps Neon,CHROME NEON ETCH BASE VARIATION,196,Cypher,TRUE
2026 Topps Neon,CHROME NEON ETCH BASE VARIATION,197,The Maker,TRUE
2026 Topps Neon,CHROME NEON ETCH BASE VARIATION,198,Shang-Chi,TRUE
2026 Topps Neon,CHROME NEON ETCH BASE VARIATION,199,Nimrod,TRUE
2026 Topps Neon,CHROME NEON ETCH BASE VARIATION,200,Mary Jane,TRUE
2026 Topps Neon,Neon Etch - Green,1,Iron Man,TRUE
2026 Topps Neon,Neon Etch - Green,2,Thor,TRUE
2026 Topps Neon,Neon Etch - Green,3,Captain America,TRUE
2026 Topps Neon,Neon Etch - Green,4,Spider-Man,TRUE
2026 Topps Neon,Neon Etch - Green,5,Hulk,TRUE
2026 Topps Neon,Neon Etch - Green,6,Hawkeye,TRUE
2026 Topps Neon,Neon Etch - Green,7,Black Widow,TRUE
2026 Topps Neon,Neon Etch - Green,8,Captain Marvel,TRUE
2026 Topps Neon,Neon Etch - Green,9,Wolverine,TRUE
2026 Topps Neon,Neon Etch - Green,10,Scarlet Witch,TRUE
2026 Topps Neon,Neon Etch - Green,11,Quicksilver,TRUE
2026 Topps Neon,Neon Etch - Green,12,Vision,TRUE
2026 Topps Neon,Neon Etch - Green,13,Ultron,TRUE
2026 Topps Neon,Neon Etch - Green,14,Doctor Strange,TRUE
2026 Topps Neon,Neon Etch - Green,15,Mephisto,TRUE
2026 Topps Neon,Neon Etch - Green,16,Thanos,TRUE
2026 Topps Neon,Neon Etch - Green,17,Loki,TRUE
2026 Topps Neon,Neon Etch - Green,18,Odin,TRUE
2026 Topps Neon,Neon Etch - Green,19,Daredevil,TRUE
2026 Topps Neon,Neon Etch - Green,20,Dragonfire,TRUE
2026 Topps Neon,Neon Etch - Green,21,Ant-Man,TRUE
2026 Topps Neon,Neon Etch - Green,22,Iron Fist,TRUE
2026 Topps Neon,Neon Etch - Green,23,X-23,TRUE
2026 Topps Neon,Neon Etch - Green,24,Moon Knight,TRUE
2026 Topps Neon,Neon Etch - Green,25,Jessica Jones,TRUE
2026 Topps Neon,Neon Etch - Green,26,Namor,TRUE
2026 Topps Neon,Neon Etch - Green,27,Taskmaster,TRUE
2026 Topps Neon,Neon Etch - Green,28,Kang The Conqueror,TRUE
2026 Topps Neon,Neon Etch - Green,29,The Thing,TRUE
2026 Topps Neon,Neon Etch - Green,30,Human Torch,TRUE
2026 Topps Neon,Neon Etch - Green,31,Invisible Woman,TRUE
2026 Topps Neon,Neon Etch - Green,32,Mister Fantastic,TRUE
2026 Topps Neon,Neon Etch - Green,33,Ransom,TRUE
2026 Topps Neon,Neon Etch - Green,34,Silver Surfer,TRUE
2026 Topps Neon,Neon Etch - Green,35,Sword Master,TRUE
2026 Topps Neon,Neon Etch - Green,36,Doctor Doom,TRUE
2026 Topps Neon,Neon Etch - Green,37,Ms. Marvel,TRUE
2026 Topps Neon,Neon Etch - Green,38,Ghost-Spider,TRUE
2026 Topps Neon,Neon Etch - Green,39,Professor X,TRUE
2026 Topps Neon,Neon Etch - Green,40,Cyclops,TRUE
2026 Topps Neon,Neon Etch - Green,41,Phoenix,TRUE
2026 Topps Neon,Neon Etch - Green,42,Beast,TRUE
2026 Topps Neon,Neon Etch - Green,43,Magneto,TRUE
2026 Topps Neon,Neon Etch - Green,44,Mister Sinister,TRUE
2026 Topps Neon,Neon Etch - Green,45,Cable,TRUE
2026 Topps Neon,Neon Etch - Green,46,Iceman,TRUE
2026 Topps Neon,Neon Etch - Green,47,Archangel,TRUE
2026 Topps Neon,Neon Etch - Green,48,Storm,TRUE
2026 Topps Neon,Neon Etch - Green,49,Colossus,TRUE
2026 Topps Neon,Neon Etch - Green,50,Magik,TRUE
2026 Topps Neon,Neon Etch - Green,51,Jubilee,TRUE
2026 Topps Neon,Neon Etch - Green,52,Rogue,TRUE
2026 Topps Neon,Neon Etch - Green,53,Gambit,TRUE
2026 Topps Neon,Neon Etch - Green,54,Kitty Pryde,TRUE
2026 Topps Neon,Neon Etch - Green,55,Juggernaut,TRUE
2026 Topps Neon,Neon Etch - Green,56,America Chavez,TRUE
2026 Topps Neon,Neon Etch - Green,57,Squirrel Girl,TRUE
2026 Topps Neon,Neon Etch - Green,58,Hulkette,TRUE
2026 Topps Neon,Neon Etch - Green,59,Dazzler,TRUE
2026 Topps Neon,Neon Etch - Green,60,Silver Samurai,TRUE
2026 Topps Neon,Neon Etch - Green,61,Emma Frost,TRUE
2026 Topps Neon,Neon Etch - Green,62,Wasp,TRUE
2026 Topps Neon,Neon Etch - Green,63,Elektra,TRUE
2026 Topps Neon,Neon Etch - Green,64,Misty Knight,TRUE
2026 Topps Neon,Neon Etch - Green,65,Miles Morales,TRUE
2026 Topps Neon,Neon Etch - Green,66,Kate Bishop,TRUE
2026 Topps Neon,Neon Etch - Green,67,Black Panther,TRUE
2026 Topps Neon,Neon Etch - Green,68,Killmonger,TRUE
2026 Topps Neon,Neon Etch - Green,69,Adam Warlock,TRUE
2026 Topps Neon,Neon Etch - Green,70,Gladiator,TRUE
2026 Topps Neon,Neon Etch - Green,71,Black Bolt,TRUE
2026 Topps Neon,Neon Etch - Green,72,Medusa,TRUE
2026 Topps Neon,Neon Etch - Green,73,Angela,TRUE
2026 Topps Neon,Neon Etch - Green,74,Star-Lord,TRUE
2026 Topps Neon,Neon Etch - Green,75,Groot,TRUE
2026 Topps Neon,Neon Etch - Green,76,Schwarzschild,TRUE
2026 Topps Neon,Neon Etch - Green,77,Rocket Raccoon,TRUE
2026 Topps Neon,Neon Etch - Green,78,Drax,TRUE
2026 Topps Neon,Neon Etch - Green,79,Chthon,TRUE
2026 Topps Neon,Neon Etch - Green,80,Havok,TRUE
2026 Topps Neon,Neon Etch - Green,81,Nova,TRUE
2026 Topps Neon,Neon Etch - Green,82,Man-Thing,TRUE
2026 Topps Neon,Neon Etch - Green,83,Kid Gladiator,TRUE
2026 Topps Neon,Neon Etch - Green,84,Fin Fang Foom,TRUE
2026 Topps Neon,Neon Etch - Green,85,Beta Ray Bill,TRUE
2026 Topps Neon,Neon Etch - Green,86,Hela,TRUE
2026 Topps Neon,Neon Etch - Green,87,Captain America,TRUE
2026 Topps Neon,Neon Etch - Green,88,Dormammu,TRUE
2026 Topps Neon,Neon Etch - Green,89,Batroc,TRUE
2026 Topps Neon,Neon Etch - Green,90,Mighty Thor,TRUE
2026 Topps Neon,Neon Etch - Green,91,Mystique,TRUE
2026 Topps Neon,Neon Etch - Green,92,Omega Red,TRUE
2026 Topps Neon,Neon Etch - Green,93,Sabretooth,TRUE
2026 Topps Neon,Neon Etch - Green,94,Wonder Man,TRUE
2026 Topps Neon,Neon Etch - Green,95,Green Goblin,TRUE
2026 Topps Neon,Neon Etch - Green,96,Venom,TRUE
2026 Topps Neon,Neon Etch - Green,97,Carnage,TRUE
2026 Topps Neon,Neon Etch - Green,98,Iron Cat,TRUE
2026 Topps Neon,Neon Etch - Green,99,Lizard,TRUE
2026 Topps Neon,Neon Etch - Green,100,Shocker,TRUE
2026 Topps Neon,Neon Etch - Green,101,Electro,TRUE
2026 Topps Neon,Neon Etch - Green,102,Rhino,TRUE
2026 Topps Neon,Neon Etch - Green,103,Scorpion,TRUE
2026 Topps Neon,Neon Etch - Green,104,Vulture,TRUE
2026 Topps Neon,Neon Etch - Green,105,Kraven The Hunter,TRUE
2026 Topps Neon,Neon Etch - Green,106,Prowler,TRUE
2026 Topps Neon,Neon Etch - Green,107,Silk,TRUE
2026 Topps Neon,Neon Etch - Green,108,Spider-Man 2099,TRUE
2026 Topps Neon,Neon Etch - Green,109,Hellverine,TRUE
2026 Topps Neon,Neon Etch - Green,110,Kingpin,TRUE
2026 Topps Neon,Neon Etch - Green,111,Invincible Woman,TRUE
2026 Topps Neon,Neon Etch - Green,112,Mister Negative,TRUE
2026 Topps Neon,Neon Etch - Green,113,Scarlet Spider,TRUE
2026 Topps Neon,Neon Etch - Green,114,Spider-Girl,TRUE
2026 Topps Neon,Neon Etch - Green,115,Spider-Woman,TRUE
2026 Topps Neon,Neon Etch - Green,116,Spider-Man Noir,TRUE
2026 Topps Neon,Neon Etch - Green,117,Bishop,TRUE
2026 Topps Neon,Neon Etch - Green,118,Deathdream,TRUE
2026 Topps Neon,Neon Etch - Green,119,Nightcrawler,TRUE
2026 Topps Neon,Neon Etch - Green,120,Toad,TRUE
2026 Topps Neon,Neon Etch - Green,121,Hobgoblin,TRUE
2026 Topps Neon,Neon Etch - Green,122,Sentry,TRUE
2026 Topps Neon,Neon Etch - Green,123,Blade,TRUE
2026 Topps Neon,Neon Etch - Green,124,Ghost Rider,TRUE
2026 Topps Neon,Neon Etch - Green,125,Apocalypse,TRUE
2026 Topps Neon,Neon Etch - Green,126,Warlock,TRUE
2026 Topps Neon,Neon Etch - Green,127,Psylocke,TRUE
2026 Topps Neon,Neon Etch - Green,128,War Machine,TRUE
2026 Topps Neon,Neon Etch - Green,129,Jeff The Land Shark,TRUE
2026 Topps Neon,Neon Etch - Green,130,M.O.D.O.K.,TRUE
2026 Topps Neon,Neon Etch - Green,131,Firestar,TRUE
2026 Topps Neon,Neon Etch - Green,132,Sunspot,TRUE
2026 Topps Neon,Neon Etch - Green,133,Spider-Ham,TRUE
2026 Topps Neon,Neon Etch - Green,134,Abomination,TRUE
2026 Topps Neon,Neon Etch - Green,135,Darkhawk,TRUE
2026 Topps Neon,Neon Etch - Green,136,She-Hulk,TRUE
2026 Topps Neon,Neon Etch - Green,137,Black Cat,TRUE
2026 Topps Neon,Neon Etch - Green,138,Hercules,TRUE
2026 Topps Neon,Neon Etch - Green,139,Baron Zemo,TRUE
2026 Topps Neon,Neon Etch - Green,140,Enchantress,TRUE
2026 Topps Neon,Neon Etch - Green,141,Ironheart,TRUE
2026 Topps Neon,Neon Etch - Green,142,Luna Snow,TRUE
2026 Topps Neon,Neon Etch - Green,143,Spider-Boy,TRUE
2026 Topps Neon,Neon Etch - Green,144,U.S. Agent,TRUE
2026 Topps Neon,Neon Etch - Green,145,Moonstar,TRUE
2026 Topps Neon,Neon Etch - Green,146,Yondu,TRUE
2026 Topps Neon,Neon Etch - Green,147,Jack of Hearts,TRUE
2026 Topps Neon,Neon Etch - Green,148,Absorbing Man,TRUE
2026 Topps Neon,Neon Etch - Green,149,Black Knight,TRUE
2026 Topps Neon,Neon Etch - Green,150,Silver Sable,TRUE
2026 Topps Neon,Neon Etch - Green,151,Spider-Punk,TRUE
2026 Topps Neon,Neon Etch - Green,152,Multiple Man,TRUE
2026 Topps Neon,Neon Etch - Green,153,Machine Man,TRUE
2026 Topps Neon,Neon Etch - Green,154,Jocasta,TRUE
2026 Topps Neon,Neon Etch - Green,155,Clea,TRUE
2026 Topps Neon,Neon Etch - Green,156,Wiccan,TRUE
2026 Topps Neon,Neon Etch - Green,157,Old Man Logan,TRUE
2026 Topps Neon,Neon Etch - Green,158,Anti-Venom,TRUE
2026 Topps Neon,Neon Etch - Green,159,Morbius,TRUE
2026 Topps Neon,Neon Etch - Green,160,Hellcat,TRUE
2026 Topps Neon,Neon Etch - Green,161,Echo,TRUE
2026 Topps Neon,Neon Etch - Green,162,Captain Britain,TRUE
2026 Topps Neon,Neon Etch - Green,163,Ikaris,TRUE
2026 Topps Neon,Neon Etch - Green,164,Ares,TRUE
2026 Topps Neon,Neon Etch - Green,165,Stryfe,TRUE
2026 Topps Neon,Neon Etch - Green,166,White Tiger,TRUE
2026 Topps Neon,Neon Etch - Green,167,Gwenpool,TRUE
2026 Topps Neon,Neon Etch - Green,168,Werewolf By Night,TRUE
2026 Topps Neon,Neon Etch - Green,169,Leader,TRUE
2026 Topps Neon,Neon Etch - Green,170,Deathlok,TRUE
2026 Topps Neon,Neon Etch - Green,171,White Widow,TRUE
2026 Topps Neon,Neon Etch - Green,172,Jitter,TRUE
2026 Topps Neon,Neon Etch - Green,173,Doyle Dormammu,TRUE
2026 Topps Neon,Neon Etch - Green,174,Phyla-Vell,TRUE
2026 Topps Neon,Neon Etch - Green,175,Terrax,TRUE
2026 Topps Neon,Neon Etch - Green,176,Ka-Zar,TRUE
2026 Topps Neon,Neon Etch - Green,177,Moon Girl,TRUE
2026 Topps Neon,Neon Etch - Green,178,Rescue,TRUE
2026 Topps Neon,Neon Etch - Green,179,Frenzy,TRUE
2026 Topps Neon,Neon Etch - Green,180,Baron Mordo,TRUE
2026 Topps Neon,Neon Etch - Green,181,Fantomex,TRUE
2026 Topps Neon,Neon Etch - Green,182,Quasar,TRUE
2026 Topps Neon,Neon Etch - Green,183,Exodus,TRUE
2026 Topps Neon,Neon Etch - Green,184,Doctor Voodoo,TRUE
2026 Topps Neon,Neon Etch - Green,185,Man-Wolf,TRUE
2026 Topps Neon,Neon Etch - Green,186,High Evolutionary,TRUE
2026 Topps Neon,Neon Etch - Green,187,Whiplash,TRUE
2026 Topps Neon,Neon Etch - Green,188,Genis-Vell,TRUE
2026 Topps Neon,Neon Etch - Green,189,Tigra,TRUE
2026 Topps Neon,Neon Etch - Green,190,Polaris,TRUE
2026 Topps Neon,Neon Etch - Green,191,Throg,TRUE
2026 Topps Neon,Neon Etch - Green,192,Maestro,TRUE
2026 Topps Neon,Neon Etch - Green,193,Slapstick,TRUE
2026 Topps Neon,Neon Etch - Green,194,Hallows' Eve,TRUE
2026 Topps Neon,Neon Etch - Green,195,Cosmic Ghost Rider,TRUE
2026 Topps Neon,Neon Etch - Green,196,Cypher,TRUE
2026 Topps Neon,Neon Etch - Green,197,The Maker,TRUE
2026 Topps Neon,Neon Etch - Green,198,Shang-Chi,TRUE
2026 Topps Neon,Neon Etch - Green,199,Nimrod,TRUE
2026 Topps Neon,Neon Etch - Green,200,Mary Jane,TRUE
2026 Topps Neon,Neon Etch - Purple,1,Iron Man,TRUE
2026 Topps Neon,Neon Etch - Purple,2,Thor,TRUE
2026 Topps Neon,Neon Etch - Purple,3,Captain America,TRUE
2026 Topps Neon,Neon Etch - Purple,4,Spider-Man,TRUE
2026 Topps Neon,Neon Etch - Purple,5,Hulk,TRUE
2026 Topps Neon,Neon Etch - Purple,6,Hawkeye,TRUE
2026 Topps Neon,Neon Etch - Purple,7,Black Widow,TRUE
2026 Topps Neon,Neon Etch - Purple,8,Captain Marvel,TRUE
2026 Topps Neon,Neon Etch - Purple,9,Wolverine,TRUE
2026 Topps Neon,Neon Etch - Purple,10,Scarlet Witch,TRUE
2026 Topps Neon,Neon Etch - Purple,11,Quicksilver,TRUE
2026 Topps Neon,Neon Etch - Purple,12,Vision,TRUE
2026 Topps Neon,Neon Etch - Purple,13,Ultron,TRUE
2026 Topps Neon,Neon Etch - Purple,14,Doctor Strange,TRUE
2026 Topps Neon,Neon Etch - Purple,15,Mephisto,TRUE
2026 Topps Neon,Neon Etch - Purple,16,Thanos,TRUE
2026 Topps Neon,Neon Etch - Purple,17,Loki,TRUE
2026 Topps Neon,Neon Etch - Purple,18,Odin,TRUE
2026 Topps Neon,Neon Etch - Purple,19,Daredevil,TRUE
2026 Topps Neon,Neon Etch - Purple,20,Dragonfire,TRUE
2026 Topps Neon,Neon Etch - Purple,21,Ant-Man,TRUE
2026 Topps Neon,Neon Etch - Purple,22,Iron Fist,TRUE
2026 Topps Neon,Neon Etch - Purple,23,X-23,TRUE
2026 Topps Neon,Neon Etch - Purple,24,Moon Knight,TRUE
2026 Topps Neon,Neon Etch - Purple,25,Jessica Jones,TRUE
2026 Topps Neon,Neon Etch - Purple,26,Namor,TRUE
2026 Topps Neon,Neon Etch - Purple,27,Taskmaster,TRUE
2026 Topps Neon,Neon Etch - Purple,28,Kang The Conqueror,TRUE
2026 Topps Neon,Neon Etch - Purple,29,The Thing,TRUE
2026 Topps Neon,Neon Etch - Purple,30,Human Torch,TRUE
2026 Topps Neon,Neon Etch - Purple,31,Invisible Woman,TRUE
2026 Topps Neon,Neon Etch - Purple,32,Mister Fantastic,TRUE
2026 Topps Neon,Neon Etch - Purple,33,Ransom,TRUE
2026 Topps Neon,Neon Etch - Purple,34,Silver Surfer,TRUE
2026 Topps Neon,Neon Etch - Purple,35,Sword Master,TRUE
2026 Topps Neon,Neon Etch - Purple,36,Doctor Doom,TRUE
2026 Topps Neon,Neon Etch - Purple,37,Ms. Marvel,TRUE
2026 Topps Neon,Neon Etch - Purple,38,Ghost-Spider,TRUE
2026 Topps Neon,Neon Etch - Purple,39,Professor X,TRUE
2026 Topps Neon,Neon Etch - Purple,40,Cyclops,TRUE
2026 Topps Neon,Neon Etch - Purple,41,Phoenix,TRUE
2026 Topps Neon,Neon Etch - Purple,42,Beast,TRUE
2026 Topps Neon,Neon Etch - Purple,43,Magneto,TRUE
2026 Topps Neon,Neon Etch - Purple,44,Mister Sinister,TRUE
2026 Topps Neon,Neon Etch - Purple,45,Cable,TRUE
2026 Topps Neon,Neon Etch - Purple,46,Iceman,TRUE
2026 Topps Neon,Neon Etch - Purple,47,Archangel,TRUE
2026 Topps Neon,Neon Etch - Purple,48,Storm,TRUE
2026 Topps Neon,Neon Etch - Purple,49,Colossus,TRUE
2026 Topps Neon,Neon Etch - Purple,50,Magik,TRUE
2026 Topps Neon,Neon Etch - Purple,51,Jubilee,TRUE
2026 Topps Neon,Neon Etch - Purple,52,Rogue,TRUE
2026 Topps Neon,Neon Etch - Purple,53,Gambit,TRUE
2026 Topps Neon,Neon Etch - Purple,54,Kitty Pryde,TRUE
2026 Topps Neon,Neon Etch - Purple,55,Juggernaut,TRUE
2026 Topps Neon,Neon Etch - Purple,56,America Chavez,TRUE
2026 Topps Neon,Neon Etch - Purple,57,Squirrel Girl,TRUE
2026 Topps Neon,Neon Etch - Purple,58,Hulkette,TRUE
2026 Topps Neon,Neon Etch - Purple,59,Dazzler,TRUE
2026 Topps Neon,Neon Etch - Purple,60,Silver Samurai,TRUE
2026 Topps Neon,Neon Etch - Purple,61,Emma Frost,TRUE
2026 Topps Neon,Neon Etch - Purple,62,Wasp,TRUE
2026 Topps Neon,Neon Etch - Purple,63,Elektra,TRUE
2026 Topps Neon,Neon Etch - Purple,64,Misty Knight,TRUE
2026 Topps Neon,Neon Etch - Purple,65,Miles Morales,TRUE
2026 Topps Neon,Neon Etch - Purple,66,Kate Bishop,TRUE
2026 Topps Neon,Neon Etch - Purple,67,Black Panther,TRUE
2026 Topps Neon,Neon Etch - Purple,68,Killmonger,TRUE
2026 Topps Neon,Neon Etch - Purple,69,Adam Warlock,TRUE
2026 Topps Neon,Neon Etch - Purple,70,Gladiator,TRUE
2026 Topps Neon,Neon Etch - Purple,71,Black Bolt,TRUE
2026 Topps Neon,Neon Etch - Purple,72,Medusa,TRUE
2026 Topps Neon,Neon Etch - Purple,73,Angela,TRUE
2026 Topps Neon,Neon Etch - Purple,74,Star-Lord,TRUE
2026 Topps Neon,Neon Etch - Purple,75,Groot,TRUE
2026 Topps Neon,Neon Etch - Purple,76,Schwarzschild,TRUE
2026 Topps Neon,Neon Etch - Purple,77,Rocket Raccoon,TRUE
2026 Topps Neon,Neon Etch - Purple,78,Drax,TRUE
2026 Topps Neon,Neon Etch - Purple,79,Chthon,TRUE
2026 Topps Neon,Neon Etch - Purple,80,Havok,TRUE
2026 Topps Neon,Neon Etch - Purple,81,Nova,TRUE
2026 Topps Neon,Neon Etch - Purple,82,Man-Thing,TRUE
2026 Topps Neon,Neon Etch - Purple,83,Kid Gladiator,TRUE
2026 Topps Neon,Neon Etch - Purple,84,Fin Fang Foom,TRUE
2026 Topps Neon,Neon Etch - Purple,85,Beta Ray Bill,TRUE
2026 Topps Neon,Neon Etch - Purple,86,Hela,TRUE
2026 Topps Neon,Neon Etch - Purple,87,Captain America,TRUE
2026 Topps Neon,Neon Etch - Purple,88,Dormammu,TRUE
2026 Topps Neon,Neon Etch - Purple,89,Batroc,TRUE
2026 Topps Neon,Neon Etch - Purple,90,Mighty Thor,TRUE
2026 Topps Neon,Neon Etch - Purple,91,Mystique,TRUE
2026 Topps Neon,Neon Etch - Purple,92,Omega Red,TRUE
2026 Topps Neon,Neon Etch - Purple,93,Sabretooth,TRUE
2026 Topps Neon,Neon Etch - Purple,94,Wonder Man,TRUE
2026 Topps Neon,Neon Etch - Purple,95,Green Goblin,TRUE
2026 Topps Neon,Neon Etch - Purple,96,Venom,TRUE
2026 Topps Neon,Neon Etch - Purple,97,Carnage,TRUE
2026 Topps Neon,Neon Etch - Purple,98,Iron Cat,TRUE
2026 Topps Neon,Neon Etch - Purple,99,Lizard,TRUE
2026 Topps Neon,Neon Etch - Purple,100,Shocker,TRUE
2026 Topps Neon,Neon Etch - Purple,101,Electro,TRUE
2026 Topps Neon,Neon Etch - Purple,102,Rhino,TRUE
2026 Topps Neon,Neon Etch - Purple,103,Scorpion,TRUE
2026 Topps Neon,Neon Etch - Purple,104,Vulture,TRUE
2026 Topps Neon,Neon Etch - Purple,105,Kraven The Hunter,TRUE
2026 Topps Neon,Neon Etch - Purple,106,Prowler,TRUE
2026 Topps Neon,Neon Etch - Purple,107,Silk,TRUE
2026 Topps Neon,Neon Etch - Purple,108,Spider-Man 2099,TRUE
2026 Topps Neon,Neon Etch - Purple,109,Hellverine,TRUE
2026 Topps Neon,Neon Etch - Purple,110,Kingpin,TRUE
2026 Topps Neon,Neon Etch - Purple,111,Invincible Woman,TRUE
2026 Topps Neon,Neon Etch - Purple,112,Mister Negative,TRUE
2026 Topps Neon,Neon Etch - Purple,113,Scarlet Spider,TRUE
2026 Topps Neon,Neon Etch - Purple,114,Spider-Girl,TRUE
2026 Topps Neon,Neon Etch - Purple,115,Spider-Woman,TRUE
2026 Topps Neon,Neon Etch - Purple,116,Spider-Man Noir,TRUE
2026 Topps Neon,Neon Etch - Purple,117,Bishop,TRUE
2026 Topps Neon,Neon Etch - Purple,118,Deathdream,TRUE
2026 Topps Neon,Neon Etch - Purple,119,Nightcrawler,TRUE
2026 Topps Neon,Neon Etch - Purple,120,Toad,TRUE
2026 Topps Neon,Neon Etch - Purple,121,Hobgoblin,TRUE
2026 Topps Neon,Neon Etch - Purple,122,Sentry,TRUE
2026 Topps Neon,Neon Etch - Purple,123,Blade,TRUE
2026 Topps Neon,Neon Etch - Purple,124,Ghost Rider,TRUE
2026 Topps Neon,Neon Etch - Purple,125,Apocalypse,TRUE
2026 Topps Neon,Neon Etch - Purple,126,Warlock,TRUE
2026 Topps Neon,Neon Etch - Purple,127,Psylocke,TRUE
2026 Topps Neon,Neon Etch - Purple,128,War Machine,TRUE
2026 Topps Neon,Neon Etch - Purple,129,Jeff The Land Shark,TRUE
2026 Topps Neon,Neon Etch - Purple,130,M.O.D.O.K.,TRUE
2026 Topps Neon,Neon Etch - Purple,131,Firestar,TRUE
2026 Topps Neon,Neon Etch - Purple,132,Sunspot,TRUE
2026 Topps Neon,Neon Etch - Purple,133,Spider-Ham,TRUE
2026 Topps Neon,Neon Etch - Purple,134,Abomination,TRUE
2026 Topps Neon,Neon Etch - Purple,135,Darkhawk,TRUE
2026 Topps Neon,Neon Etch - Purple,136,She-Hulk,TRUE
2026 Topps Neon,Neon Etch - Purple,137,Black Cat,TRUE
2026 Topps Neon,Neon Etch - Purple,138,Hercules,TRUE
2026 Topps Neon,Neon Etch - Purple,139,Baron Zemo,TRUE
2026 Topps Neon,Neon Etch - Purple,140,Enchantress,TRUE
2026 Topps Neon,Neon Etch - Purple,141,Ironheart,TRUE
2026 Topps Neon,Neon Etch - Purple,142,Luna Snow,TRUE
2026 Topps Neon,Neon Etch - Purple,143,Spider-Boy,TRUE
2026 Topps Neon,Neon Etch - Purple,144,U.S. Agent,TRUE
2026 Topps Neon,Neon Etch - Purple,145,Moonstar,TRUE
2026 Topps Neon,Neon Etch - Purple,146,Yondu,TRUE
2026 Topps Neon,Neon Etch - Purple,147,Jack of Hearts,TRUE
2026 Topps Neon,Neon Etch - Purple,148,Absorbing Man,TRUE
2026 Topps Neon,Neon Etch - Purple,149,Black Knight,TRUE
2026 Topps Neon,Neon Etch - Purple,150,Silver Sable,TRUE
2026 Topps Neon,Neon Etch - Purple,151,Spider-Punk,TRUE
2026 Topps Neon,Neon Etch - Purple,152,Multiple Man,TRUE
2026 Topps Neon,Neon Etch - Purple,153,Machine Man,TRUE
2026 Topps Neon,Neon Etch - Purple,154,Jocasta,TRUE
2026 Topps Neon,Neon Etch - Purple,155,Clea,TRUE
2026 Topps Neon,Neon Etch - Purple,156,Wiccan,TRUE
2026 Topps Neon,Neon Etch - Purple,157,Old Man Logan,TRUE
2026 Topps Neon,Neon Etch - Purple,158,Anti-Venom,TRUE
2026 Topps Neon,Neon Etch - Purple,159,Morbius,TRUE
2026 Topps Neon,Neon Etch - Purple,160,Hellcat,TRUE
2026 Topps Neon,Neon Etch - Purple,161,Echo,TRUE
2026 Topps Neon,Neon Etch - Purple,162,Captain Britain,TRUE
2026 Topps Neon,Neon Etch - Purple,163,Ikaris,TRUE
2026 Topps Neon,Neon Etch - Purple,164,Ares,TRUE
2026 Topps Neon,Neon Etch - Purple,165,Stryfe,TRUE
2026 Topps Neon,Neon Etch - Purple,166,White Tiger,TRUE
2026 Topps Neon,Neon Etch - Purple,167,Gwenpool,TRUE
2026 Topps Neon,Neon Etch - Purple,168,Werewolf By Night,TRUE
2026 Topps Neon,Neon Etch - Purple,169,Leader,TRUE
2026 Topps Neon,Neon Etch - Purple,170,Deathlok,TRUE
2026 Topps Neon,Neon Etch - Purple,171,White Widow,TRUE
2026 Topps Neon,Neon Etch - Purple,172,Jitter,TRUE
2026 Topps Neon,Neon Etch - Purple,173,Doyle Dormammu,TRUE
2026 Topps Neon,Neon Etch - Purple,174,Phyla-Vell,TRUE
2026 Topps Neon,Neon Etch - Purple,175,Terrax,TRUE
2026 Topps Neon,Neon Etch - Purple,176,Ka-Zar,TRUE
2026 Topps Neon,Neon Etch - Purple,177,Moon Girl,TRUE
2026 Topps Neon,Neon Etch - Purple,178,Rescue,TRUE
2026 Topps Neon,Neon Etch - Purple,179,Frenzy,TRUE
2026 Topps Neon,Neon Etch - Purple,180,Baron Mordo,TRUE
2026 Topps Neon,Neon Etch - Purple,181,Fantomex,TRUE
2026 Topps Neon,Neon Etch - Purple,182,Quasar,TRUE
2026 Topps Neon,Neon Etch - Purple,183,Exodus,TRUE
2026 Topps Neon,Neon Etch - Purple,184,Doctor Voodoo,TRUE
2026 Topps Neon,Neon Etch - Purple,185,Man-Wolf,TRUE
2026 Topps Neon,Neon Etch - Purple,186,High Evolutionary,TRUE
2026 Topps Neon,Neon Etch - Purple,187,Whiplash,TRUE
2026 Topps Neon,Neon Etch - Purple,188,Genis-Vell,TRUE
2026 Topps Neon,Neon Etch - Purple,189,Tigra,TRUE
2026 Topps Neon,Neon Etch - Purple,190,Polaris,TRUE
2026 Topps Neon,Neon Etch - Purple,191,Throg,TRUE
2026 Topps Neon,Neon Etch - Purple,192,Maestro,TRUE
2026 Topps Neon,Neon Etch - Purple,193,Slapstick,TRUE
2026 Topps Neon,Neon Etch - Purple,194,Hallows' Eve,TRUE
2026 Topps Neon,Neon Etch - Purple,195,Cosmic Ghost Rider,TRUE
2026 Topps Neon,Neon Etch - Purple,196,Cypher,TRUE
2026 Topps Neon,Neon Etch - Purple,197,The Maker,TRUE
2026 Topps Neon,Neon Etch - Purple,198,Shang-Chi,TRUE
2026 Topps Neon,Neon Etch - Purple,199,Nimrod,TRUE
2026 Topps Neon,Neon Etch - Purple,200,Mary Jane,TRUE
2026 Topps Neon,Neon Etch - Gold,1,Iron Man,TRUE
2026 Topps Neon,Neon Etch - Gold,2,Thor,TRUE
2026 Topps Neon,Neon Etch - Gold,3,Captain America,TRUE
2026 Topps Neon,Neon Etch - Gold,4,Spider-Man,TRUE
2026 Topps Neon,Neon Etch - Gold,5,Hulk,TRUE
2026 Topps Neon,Neon Etch - Gold,6,Hawkeye,TRUE
2026 Topps Neon,Neon Etch - Gold,7,Black Widow,TRUE
2026 Topps Neon,Neon Etch - Gold,8,Captain Marvel,TRUE
2026 Topps Neon,Neon Etch - Gold,9,Wolverine,TRUE
2026 Topps Neon,Neon Etch - Gold,10,Scarlet Witch,TRUE
2026 Topps Neon,Neon Etch - Gold,11,Quicksilver,TRUE
2026 Topps Neon,Neon Etch - Gold,12,Vision,TRUE
2026 Topps Neon,Neon Etch - Gold,13,Ultron,TRUE
2026 Topps Neon,Neon Etch - Gold,14,Doctor Strange,TRUE
2026 Topps Neon,Neon Etch - Gold,15,Mephisto,TRUE
2026 Topps Neon,Neon Etch - Gold,16,Thanos,TRUE
2026 Topps Neon,Neon Etch - Gold,17,Loki,TRUE
2026 Topps Neon,Neon Etch - Gold,18,Odin,TRUE
2026 Topps Neon,Neon Etch - Gold,19,Daredevil,TRUE
2026 Topps Neon,Neon Etch - Gold,20,Dragonfire,TRUE
2026 Topps Neon,Neon Etch - Gold,21,Ant-Man,TRUE
2026 Topps Neon,Neon Etch - Gold,22,Iron Fist,TRUE
2026 Topps Neon,Neon Etch - Gold,23,X-23,TRUE
2026 Topps Neon,Neon Etch - Gold,24,Moon Knight,TRUE
2026 Topps Neon,Neon Etch - Gold,25,Jessica Jones,TRUE
2026 Topps Neon,Neon Etch - Gold,26,Namor,TRUE
2026 Topps Neon,Neon Etch - Gold,27,Taskmaster,TRUE
2026 Topps Neon,Neon Etch - Gold,28,Kang The Conqueror,TRUE
2026 Topps Neon,Neon Etch - Gold,29,The Thing,TRUE
2026 Topps Neon,Neon Etch - Gold,30,Human Torch,TRUE
2026 Topps Neon,Neon Etch - Gold,31,Invisible Woman,TRUE
2026 Topps Neon,Neon Etch - Gold,32,Mister Fantastic,TRUE
2026 Topps Neon,Neon Etch - Gold,33,Ransom,TRUE
2026 Topps Neon,Neon Etch - Gold,34,Silver Surfer,TRUE
2026 Topps Neon,Neon Etch - Gold,35,Sword Master,TRUE
2026 Topps Neon,Neon Etch - Gold,36,Doctor Doom,TRUE
2026 Topps Neon,Neon Etch - Gold,37,Ms. Marvel,TRUE
2026 Topps Neon,Neon Etch - Gold,38,Ghost-Spider,TRUE
2026 Topps Neon,Neon Etch - Gold,39,Professor X,TRUE
2026 Topps Neon,Neon Etch - Gold,40,Cyclops,TRUE
2026 Topps Neon,Neon Etch - Gold,41,Phoenix,TRUE
2026 Topps Neon,Neon Etch - Gold,42,Beast,TRUE
2026 Topps Neon,Neon Etch - Gold,43,Magneto,TRUE
2026 Topps Neon,Neon Etch - Gold,44,Mister Sinister,TRUE
2026 Topps Neon,Neon Etch - Gold,45,Cable,TRUE
2026 Topps Neon,Neon Etch - Gold,46,Iceman,TRUE
2026 Topps Neon,Neon Etch - Gold,47,Archangel,TRUE
2026 Topps Neon,Neon Etch - Gold,48,Storm,TRUE
2026 Topps Neon,Neon Etch - Gold,49,Colossus,TRUE
2026 Topps Neon,Neon Etch - Gold,50,Magik,TRUE
2026 Topps Neon,Neon Etch - Gold,51,Jubilee,TRUE
2026 Topps Neon,Neon Etch - Gold,52,Rogue,TRUE
2026 Topps Neon,Neon Etch - Gold,53,Gambit,TRUE
2026 Topps Neon,Neon Etch - Gold,54,Kitty Pryde,TRUE
2026 Topps Neon,Neon Etch - Gold,55,Juggernaut,TRUE
2026 Topps Neon,Neon Etch - Gold,56,America Chavez,TRUE
2026 Topps Neon,Neon Etch - Gold,57,Squirrel Girl,TRUE
2026 Topps Neon,Neon Etch - Gold,58,Hulkette,TRUE
2026 Topps Neon,Neon Etch - Gold,59,Dazzler,TRUE
2026 Topps Neon,Neon Etch - Gold,60,Silver Samurai,TRUE
2026 Topps Neon,Neon Etch - Gold,61,Emma Frost,TRUE
2026 Topps Neon,Neon Etch - Gold,62,Wasp,TRUE
2026 Topps Neon,Neon Etch - Gold,63,Elektra,TRUE
2026 Topps Neon,Neon Etch - Gold,64,Misty Knight,TRUE
2026 Topps Neon,Neon Etch - Gold,65,Miles Morales,TRUE
2026 Topps Neon,Neon Etch - Gold,66,Kate Bishop,TRUE
2026 Topps Neon,Neon Etch - Gold,67,Black Panther,TRUE
2026 Topps Neon,Neon Etch - Gold,68,Killmonger,TRUE
2026 Topps Neon,Neon Etch - Gold,69,Adam Warlock,TRUE
2026 Topps Neon,Neon Etch - Gold,70,Gladiator,TRUE
2026 Topps Neon,Neon Etch - Gold,71,Black Bolt,TRUE
2026 Topps Neon,Neon Etch - Gold,72,Medusa,TRUE
2026 Topps Neon,Neon Etch - Gold,73,Angela,TRUE
2026 Topps Neon,Neon Etch - Gold,74,Star-Lord,TRUE
2026 Topps Neon,Neon Etch - Gold,75,Groot,TRUE
2026 Topps Neon,Neon Etch - Gold,76,Schwarzschild,TRUE
2026 Topps Neon,Neon Etch - Gold,77,Rocket Raccoon,TRUE
2026 Topps Neon,Neon Etch - Gold,78,Drax,TRUE
2026 Topps Neon,Neon Etch - Gold,79,Chthon,TRUE
2026 Topps Neon,Neon Etch - Gold,80,Havok,TRUE
2026 Topps Neon,Neon Etch - Gold,81,Nova,TRUE
2026 Topps Neon,Neon Etch - Gold,82,Man-Thing,TRUE
2026 Topps Neon,Neon Etch - Gold,83,Kid Gladiator,TRUE
2026 Topps Neon,Neon Etch - Gold,84,Fin Fang Foom,TRUE
2026 Topps Neon,Neon Etch - Gold,85,Beta Ray Bill,TRUE
2026 Topps Neon,Neon Etch - Gold,86,Hela,TRUE
2026 Topps Neon,Neon Etch - Gold,87,Captain America,TRUE
2026 Topps Neon,Neon Etch - Gold,88,Dormammu,TRUE
2026 Topps Neon,Neon Etch - Gold,89,Batroc,TRUE
2026 Topps Neon,Neon Etch - Gold,90,Mighty Thor,TRUE
2026 Topps Neon,Neon Etch - Gold,91,Mystique,TRUE
2026 Topps Neon,Neon Etch - Gold,92,Omega Red,TRUE
2026 Topps Neon,Neon Etch - Gold,93,Sabretooth,TRUE
2026 Topps Neon,Neon Etch - Gold,94,Wonder Man,TRUE
2026 Topps Neon,Neon Etch - Gold,95,Green Goblin,TRUE
2026 Topps Neon,Neon Etch - Gold,96,Venom,TRUE
2026 Topps Neon,Neon Etch - Gold,97,Carnage,TRUE
2026 Topps Neon,Neon Etch - Gold,98,Iron Cat,TRUE
2026 Topps Neon,Neon Etch - Gold,99,Lizard,TRUE
2026 Topps Neon,Neon Etch - Gold,100,Shocker,TRUE
2026 Topps Neon,Neon Etch - Gold,101,Electro,TRUE
2026 Topps Neon,Neon Etch - Gold,102,Rhino,TRUE
2026 Topps Neon,Neon Etch - Gold,103,Scorpion,TRUE
2026 Topps Neon,Neon Etch - Gold,104,Vulture,TRUE
2026 Topps Neon,Neon Etch - Gold,105,Kraven The Hunter,TRUE
2026 Topps Neon,Neon Etch - Gold,106,Prowler,TRUE
2026 Topps Neon,Neon Etch - Gold,107,Silk,TRUE
2026 Topps Neon,Neon Etch - Gold,108,Spider-Man 2099,TRUE
2026 Topps Neon,Neon Etch - Gold,109,Hellverine,TRUE
2026 Topps Neon,Neon Etch - Gold,110,Kingpin,TRUE
2026 Topps Neon,Neon Etch - Gold,111,Invincible Woman,TRUE
2026 Topps Neon,Neon Etch - Gold,112,Mister Negative,TRUE
2026 Topps Neon,Neon Etch - Gold,113,Scarlet Spider,TRUE
2026 Topps Neon,Neon Etch - Gold,114,Spider-Girl,TRUE
2026 Topps Neon,Neon Etch - Gold,115,Spider-Woman,TRUE
2026 Topps Neon,Neon Etch - Gold,116,Spider-Man Noir,TRUE
2026 Topps Neon,Neon Etch - Gold,117,Bishop,TRUE
2026 Topps Neon,Neon Etch - Gold,118,Deathdream,TRUE
2026 Topps Neon,Neon Etch - Gold,119,Nightcrawler,TRUE
2026 Topps Neon,Neon Etch - Gold,120,Toad,TRUE
2026 Topps Neon,Neon Etch - Gold,121,Hobgoblin,TRUE
2026 Topps Neon,Neon Etch - Gold,122,Sentry,TRUE
2026 Topps Neon,Neon Etch - Gold,123,Blade,TRUE
2026 Topps Neon,Neon Etch - Gold,124,Ghost Rider,TRUE
2026 Topps Neon,Neon Etch - Gold,125,Apocalypse,TRUE
2026 Topps Neon,Neon Etch - Gold,126,Warlock,TRUE
2026 Topps Neon,Neon Etch - Gold,127,Psylocke,TRUE
2026 Topps Neon,Neon Etch - Gold,128,War Machine,TRUE
2026 Topps Neon,Neon Etch - Gold,129,Jeff The Land Shark,TRUE
2026 Topps Neon,Neon Etch - Gold,130,M.O.D.O.K.,TRUE
2026 Topps Neon,Neon Etch - Gold,131,Firestar,TRUE
2026 Topps Neon,Neon Etch - Gold,132,Sunspot,TRUE
2026 Topps Neon,Neon Etch - Gold,133,Spider-Ham,TRUE
2026 Topps Neon,Neon Etch - Gold,134,Abomination,TRUE
2026 Topps Neon,Neon Etch - Gold,135,Darkhawk,TRUE
2026 Topps Neon,Neon Etch - Gold,136,She-Hulk,TRUE
2026 Topps Neon,Neon Etch - Gold,137,Black Cat,TRUE
2026 Topps Neon,Neon Etch - Gold,138,Hercules,TRUE
2026 Topps Neon,Neon Etch - Gold,139,Baron Zemo,TRUE
2026 Topps Neon,Neon Etch - Gold,140,Enchantress,TRUE
2026 Topps Neon,Neon Etch - Gold,141,Ironheart,TRUE
2026 Topps Neon,Neon Etch - Gold,142,Luna Snow,TRUE
2026 Topps Neon,Neon Etch - Gold,143,Spider-Boy,TRUE
2026 Topps Neon,Neon Etch - Gold,144,U.S. Agent,TRUE
2026 Topps Neon,Neon Etch - Gold,145,Moonstar,TRUE
2026 Topps Neon,Neon Etch - Gold,146,Yondu,TRUE
2026 Topps Neon,Neon Etch - Gold,147,Jack of Hearts,TRUE
2026 Topps Neon,Neon Etch - Gold,148,Absorbing Man,TRUE
2026 Topps Neon,Neon Etch - Gold,149,Black Knight,TRUE
2026 Topps Neon,Neon Etch - Gold,150,Silver Sable,TRUE
2026 Topps Neon,Neon Etch - Gold,151,Spider-Punk,TRUE
2026 Topps Neon,Neon Etch - Gold,152,Multiple Man,TRUE
2026 Topps Neon,Neon Etch - Gold,153,Machine Man,TRUE
2026 Topps Neon,Neon Etch - Gold,154,Jocasta,TRUE
2026 Topps Neon,Neon Etch - Gold,155,Clea,TRUE
2026 Topps Neon,Neon Etch - Gold,156,Wiccan,TRUE
2026 Topps Neon,Neon Etch - Gold,157,Old Man Logan,TRUE
2026 Topps Neon,Neon Etch - Gold,158,Anti-Venom,TRUE
2026 Topps Neon,Neon Etch - Gold,159,Morbius,TRUE
2026 Topps Neon,Neon Etch - Gold,160,Hellcat,TRUE
2026 Topps Neon,Neon Etch - Gold,161,Echo,TRUE
2026 Topps Neon,Neon Etch - Gold,162,Captain Britain,TRUE
2026 Topps Neon,Neon Etch - Gold,163,Ikaris,TRUE
2026 Topps Neon,Neon Etch - Gold,164,Ares,TRUE
2026 Topps Neon,Neon Etch - Gold,165,Stryfe,TRUE
2026 Topps Neon,Neon Etch - Gold,166,White Tiger,TRUE
2026 Topps Neon,Neon Etch - Gold,167,Gwenpool,TRUE
2026 Topps Neon,Neon Etch - Gold,168,Werewolf By Night,TRUE
2026 Topps Neon,Neon Etch - Gold,169,Leader,TRUE
2026 Topps Neon,Neon Etch - Gold,170,Deathlok,TRUE
2026 Topps Neon,Neon Etch - Gold,171,White Widow,TRUE
2026 Topps Neon,Neon Etch - Gold,172,Jitter,TRUE
2026 Topps Neon,Neon Etch - Gold,173,Doyle Dormammu,TRUE
2026 Topps Neon,Neon Etch - Gold,174,Phyla-Vell,TRUE
2026 Topps Neon,Neon Etch - Gold,175,Terrax,TRUE
2026 Topps Neon,Neon Etch - Gold,176,Ka-Zar,TRUE
2026 Topps Neon,Neon Etch - Gold,177,Moon Girl,TRUE
2026 Topps Neon,Neon Etch - Gold,178,Rescue,TRUE
2026 Topps Neon,Neon Etch - Gold,179,Frenzy,TRUE
2026 Topps Neon,Neon Etch - Gold,180,Baron Mordo,TRUE
2026 Topps Neon,Neon Etch - Gold,181,Fantomex,TRUE
2026 Topps Neon,Neon Etch - Gold,182,Quasar,TRUE
2026 Topps Neon,Neon Etch - Gold,183,Exodus,TRUE
2026 Topps Neon,Neon Etch - Gold,184,Doctor Voodoo,TRUE
2026 Topps Neon,Neon Etch - Gold,185,Man-Wolf,TRUE
2026 Topps Neon,Neon Etch - Gold,186,High Evolutionary,TRUE
2026 Topps Neon,Neon Etch - Gold,187,Whiplash,TRUE
2026 Topps Neon,Neon Etch - Gold,188,Genis-Vell,TRUE
2026 Topps Neon,Neon Etch - Gold,189,Tigra,TRUE
2026 Topps Neon,Neon Etch - Gold,190,Polaris,TRUE
2026 Topps Neon,Neon Etch - Gold,191,Throg,TRUE
2026 Topps Neon,Neon Etch - Gold,192,Maestro,TRUE
2026 Topps Neon,Neon Etch - Gold,193,Slapstick,TRUE
2026 Topps Neon,Neon Etch - Gold,194,Hallows' Eve,TRUE
2026 Topps Neon,Neon Etch - Gold,195,Cosmic Ghost Rider,TRUE
2026 Topps Neon,Neon Etch - Gold,196,Cypher,TRUE
2026 Topps Neon,Neon Etch - Gold,197,The Maker,TRUE
2026 Topps Neon,Neon Etch - Gold,198,Shang-Chi,TRUE
2026 Topps Neon,Neon Etch - Gold,199,Nimrod,TRUE
2026 Topps Neon,Neon Etch - Gold,200,Mary Jane,TRUE
2026 Topps Neon,Neon Etch - Orange,1,Iron Man,TRUE
2026 Topps Neon,Neon Etch - Orange,2,Thor,TRUE
2026 Topps Neon,Neon Etch - Orange,3,Captain America,TRUE
2026 Topps Neon,Neon Etch - Orange,4,Spider-Man,TRUE
2026 Topps Neon,Neon Etch - Orange,5,Hulk,TRUE
2026 Topps Neon,Neon Etch - Orange,6,Hawkeye,TRUE
2026 Topps Neon,Neon Etch - Orange,7,Black Widow,TRUE
2026 Topps Neon,Neon Etch - Orange,8,Captain Marvel,TRUE
2026 Topps Neon,Neon Etch - Orange,9,Wolverine,TRUE
2026 Topps Neon,Neon Etch - Orange,10,Scarlet Witch,TRUE
2026 Topps Neon,Neon Etch - Orange,11,Quicksilver,TRUE
2026 Topps Neon,Neon Etch - Orange,12,Vision,TRUE
2026 Topps Neon,Neon Etch - Orange,13,Ultron,TRUE
2026 Topps Neon,Neon Etch - Orange,14,Doctor Strange,TRUE
2026 Topps Neon,Neon Etch - Orange,15,Mephisto,TRUE
2026 Topps Neon,Neon Etch - Orange,16,Thanos,TRUE
2026 Topps Neon,Neon Etch - Orange,17,Loki,TRUE
2026 Topps Neon,Neon Etch - Orange,18,Odin,TRUE
2026 Topps Neon,Neon Etch - Orange,19,Daredevil,TRUE
2026 Topps Neon,Neon Etch - Orange,20,Dragonfire,TRUE
2026 Topps Neon,Neon Etch - Orange,21,Ant-Man,TRUE
2026 Topps Neon,Neon Etch - Orange,22,Iron Fist,TRUE
2026 Topps Neon,Neon Etch - Orange,23,X-23,TRUE
2026 Topps Neon,Neon Etch - Orange,24,Moon Knight,TRUE
2026 Topps Neon,Neon Etch - Orange,25,Jessica Jones,TRUE
2026 Topps Neon,Neon Etch - Orange,26,Namor,TRUE
2026 Topps Neon,Neon Etch - Orange,27,Taskmaster,TRUE
2026 Topps Neon,Neon Etch - Orange,28,Kang The Conqueror,TRUE
2026 Topps Neon,Neon Etch - Orange,29,The Thing,TRUE
2026 Topps Neon,Neon Etch - Orange,30,Human Torch,TRUE
2026 Topps Neon,Neon Etch - Orange,31,Invisible Woman,TRUE
2026 Topps Neon,Neon Etch - Orange,32,Mister Fantastic,TRUE
2026 Topps Neon,Neon Etch - Orange,33,Ransom,TRUE
2026 Topps Neon,Neon Etch - Orange,34,Silver Surfer,TRUE
2026 Topps Neon,Neon Etch - Orange,35,Sword Master,TRUE
2026 Topps Neon,Neon Etch - Orange,36,Doctor Doom,TRUE
2026 Topps Neon,Neon Etch - Orange,37,Ms. Marvel,TRUE
2026 Topps Neon,Neon Etch - Orange,38,Ghost-Spider,TRUE
2026 Topps Neon,Neon Etch - Orange,39,Professor X,TRUE
2026 Topps Neon,Neon Etch - Orange,40,Cyclops,TRUE
2026 Topps Neon,Neon Etch - Orange,41,Phoenix,TRUE
2026 Topps Neon,Neon Etch - Orange,42,Beast,TRUE
2026 Topps Neon,Neon Etch - Orange,43,Magneto,TRUE
2026 Topps Neon,Neon Etch - Orange,44,Mister Sinister,TRUE
2026 Topps Neon,Neon Etch - Orange,45,Cable,TRUE
2026 Topps Neon,Neon Etch - Orange,46,Iceman,TRUE
2026 Topps Neon,Neon Etch - Orange,47,Archangel,TRUE
2026 Topps Neon,Neon Etch - Orange,48,Storm,TRUE
2026 Topps Neon,Neon Etch - Orange,49,Colossus,TRUE
2026 Topps Neon,Neon Etch - Orange,50,Magik,TRUE
2026 Topps Neon,Neon Etch - Orange,51,Jubilee,TRUE
2026 Topps Neon,Neon Etch - Orange,52,Rogue,TRUE
2026 Topps Neon,Neon Etch - Orange,53,Gambit,TRUE
2026 Topps Neon,Neon Etch - Orange,54,Kitty Pryde,TRUE
2026 Topps Neon,Neon Etch - Orange,55,Juggernaut,TRUE
2026 Topps Neon,Neon Etch - Orange,56,America Chavez,TRUE
2026 Topps Neon,Neon Etch - Orange,57,Squirrel Girl,TRUE
2026 Topps Neon,Neon Etch - Orange,58,Hulkette,TRUE
2026 Topps Neon,Neon Etch - Orange,59,Dazzler,TRUE
2026 Topps Neon,Neon Etch - Orange,60,Silver Samurai,TRUE
2026 Topps Neon,Neon Etch - Orange,61,Emma Frost,TRUE
2026 Topps Neon,Neon Etch - Orange,62,Wasp,TRUE
2026 Topps Neon,Neon Etch - Orange,63,Elektra,TRUE
2026 Topps Neon,Neon Etch - Orange,64,Misty Knight,TRUE
2026 Topps Neon,Neon Etch - Orange,65,Miles Morales,TRUE
2026 Topps Neon,Neon Etch - Orange,66,Kate Bishop,TRUE
2026 Topps Neon,Neon Etch - Orange,67,Black Panther,TRUE
2026 Topps Neon,Neon Etch - Orange,68,Killmonger,TRUE
2026 Topps Neon,Neon Etch - Orange,69,Adam Warlock,TRUE
2026 Topps Neon,Neon Etch - Orange,70,Gladiator,TRUE
2026 Topps Neon,Neon Etch - Orange,71,Black Bolt,TRUE
2026 Topps Neon,Neon Etch - Orange,72,Medusa,TRUE
2026 Topps Neon,Neon Etch - Orange,73,Angela,TRUE
2026 Topps Neon,Neon Etch - Orange,74,Star-Lord,TRUE
2026 Topps Neon,Neon Etch - Orange,75,Groot,TRUE
2026 Topps Neon,Neon Etch - Orange,76,Schwarzschild,TRUE
2026 Topps Neon,Neon Etch - Orange,77,Rocket Raccoon,TRUE
2026 Topps Neon,Neon Etch - Orange,78,Drax,TRUE
2026 Topps Neon,Neon Etch - Orange,79,Chthon,TRUE
2026 Topps Neon,Neon Etch - Orange,80,Havok,TRUE
2026 Topps Neon,Neon Etch - Orange,81,Nova,TRUE
2026 Topps Neon,Neon Etch - Orange,82,Man-Thing,TRUE
2026 Topps Neon,Neon Etch - Orange,83,Kid Gladiator,TRUE
2026 Topps Neon,Neon Etch - Orange,84,Fin Fang Foom,TRUE
2026 Topps Neon,Neon Etch - Orange,85,Beta Ray Bill,TRUE
2026 Topps Neon,Neon Etch - Orange,86,Hela,TRUE
2026 Topps Neon,Neon Etch - Orange,87,Captain America,TRUE
2026 Topps Neon,Neon Etch - Orange,88,Dormammu,TRUE
2026 Topps Neon,Neon Etch - Orange,89,Batroc,TRUE
2026 Topps Neon,Neon Etch - Orange,90,Mighty Thor,TRUE
2026 Topps Neon,Neon Etch - Orange,91,Mystique,TRUE
2026 Topps Neon,Neon Etch - Orange,92,Omega Red,TRUE
2026 Topps Neon,Neon Etch - Orange,93,Sabretooth,TRUE
2026 Topps Neon,Neon Etch - Orange,94,Wonder Man,TRUE
2026 Topps Neon,Neon Etch - Orange,95,Green Goblin,TRUE
2026 Topps Neon,Neon Etch - Orange,96,Venom,TRUE
2026 Topps Neon,Neon Etch - Orange,97,Carnage,TRUE
2026 Topps Neon,Neon Etch - Orange,98,Iron Cat,TRUE
2026 Topps Neon,Neon Etch - Orange,99,Lizard,TRUE
2026 Topps Neon,Neon Etch - Orange,100,Shocker,TRUE
2026 Topps Neon,Neon Etch - Orange,101,Electro,TRUE
2026 Topps Neon,Neon Etch - Orange,102,Rhino,TRUE
2026 Topps Neon,Neon Etch - Orange,103,Scorpion,TRUE
2026 Topps Neon,Neon Etch - Orange,104,Vulture,TRUE
2026 Topps Neon,Neon Etch - Orange,105,Kraven The Hunter,TRUE
2026 Topps Neon,Neon Etch - Orange,106,Prowler,TRUE
2026 Topps Neon,Neon Etch - Orange,107,Silk,TRUE
2026 Topps Neon,Neon Etch - Orange,108,Spider-Man 2099,TRUE
2026 Topps Neon,Neon Etch - Orange,109,Hellverine,TRUE
2026 Topps Neon,Neon Etch - Orange,110,Kingpin,TRUE
2026 Topps Neon,Neon Etch - Orange,111,Invincible Woman,TRUE
2026 Topps Neon,Neon Etch - Orange,112,Mister Negative,TRUE
2026 Topps Neon,Neon Etch - Orange,113,Scarlet Spider,TRUE
2026 Topps Neon,Neon Etch - Orange,114,Spider-Girl,TRUE
2026 Topps Neon,Neon Etch - Orange,115,Spider-Woman,TRUE
2026 Topps Neon,Neon Etch - Orange,116,Spider-Man Noir,TRUE
2026 Topps Neon,Neon Etch - Orange,117,Bishop,TRUE
2026 Topps Neon,Neon Etch - Orange,118,Deathdream,TRUE
2026 Topps Neon,Neon Etch - Orange,119,Nightcrawler,TRUE
2026 Topps Neon,Neon Etch - Orange,120,Toad,TRUE
2026 Topps Neon,Neon Etch - Orange,121,Hobgoblin,TRUE
2026 Topps Neon,Neon Etch - Orange,122,Sentry,TRUE
2026 Topps Neon,Neon Etch - Orange,123,Blade,TRUE
2026 Topps Neon,Neon Etch - Orange,124,Ghost Rider,TRUE
2026 Topps Neon,Neon Etch - Orange,125,Apocalypse,TRUE
2026 Topps Neon,Neon Etch - Orange,126,Warlock,TRUE
2026 Topps Neon,Neon Etch - Orange,127,Psylocke,TRUE
2026 Topps Neon,Neon Etch - Orange,128,War Machine,TRUE
2026 Topps Neon,Neon Etch - Orange,129,Jeff The Land Shark,TRUE
2026 Topps Neon,Neon Etch - Orange,130,M.O.D.O.K.,TRUE
2026 Topps Neon,Neon Etch - Orange,131,Firestar,TRUE
2026 Topps Neon,Neon Etch - Orange,132,Sunspot,TRUE
2026 Topps Neon,Neon Etch - Orange,133,Spider-Ham,TRUE
2026 Topps Neon,Neon Etch - Orange,134,Abomination,TRUE
2026 Topps Neon,Neon Etch - Orange,135,Darkhawk,TRUE
2026 Topps Neon,Neon Etch - Orange,136,She-Hulk,TRUE
2026 Topps Neon,Neon Etch - Orange,137,Black Cat,TRUE
2026 Topps Neon,Neon Etch - Orange,138,Hercules,TRUE
2026 Topps Neon,Neon Etch - Orange,139,Baron Zemo,TRUE
2026 Topps Neon,Neon Etch - Orange,140,Enchantress,TRUE
2026 Topps Neon,Neon Etch - Orange,141,Ironheart,TRUE
2026 Topps Neon,Neon Etch - Orange,142,Luna Snow,TRUE
2026 Topps Neon,Neon Etch - Orange,143,Spider-Boy,TRUE
2026 Topps Neon,Neon Etch - Orange,144,U.S. Agent,TRUE
2026 Topps Neon,Neon Etch - Orange,145,Moonstar,TRUE
2026 Topps Neon,Neon Etch - Orange,146,Yondu,TRUE
2026 Topps Neon,Neon Etch - Orange,147,Jack of Hearts,TRUE
2026 Topps Neon,Neon Etch - Orange,148,Absorbing Man,TRUE
2026 Topps Neon,Neon Etch - Orange,149,Black Knight,TRUE
2026 Topps Neon,Neon Etch - Orange,150,Silver Sable,TRUE
2026 Topps Neon,Neon Etch - Orange,151,Spider-Punk,TRUE
2026 Topps Neon,Neon Etch - Orange,152,Multiple Man,TRUE
2026 Topps Neon,Neon Etch - Orange,153,Machine Man,TRUE
2026 Topps Neon,Neon Etch - Orange,154,Jocasta,TRUE
2026 Topps Neon,Neon Etch - Orange,155,Clea,TRUE
2026 Topps Neon,Neon Etch - Orange,156,Wiccan,TRUE
2026 Topps Neon,Neon Etch - Orange,157,Old Man Logan,TRUE
2026 Topps Neon,Neon Etch - Orange,158,Anti-Venom,TRUE
2026 Topps Neon,Neon Etch - Orange,159,Morbius,TRUE
2026 Topps Neon,Neon Etch - Orange,160,Hellcat,TRUE
2026 Topps Neon,Neon Etch - Orange,161,Echo,TRUE
2026 Topps Neon,Neon Etch - Orange,162,Captain Britain,TRUE
2026 Topps Neon,Neon Etch - Orange,163,Ikaris,TRUE
2026 Topps Neon,Neon Etch - Orange,164,Ares,TRUE
2026 Topps Neon,Neon Etch - Orange,165,Stryfe,TRUE
2026 Topps Neon,Neon Etch - Orange,166,White Tiger,TRUE
2026 Topps Neon,Neon Etch - Orange,167,Gwenpool,TRUE
2026 Topps Neon,Neon Etch - Orange,168,Werewolf By Night,TRUE
2026 Topps Neon,Neon Etch - Orange,169,Leader,TRUE
2026 Topps Neon,Neon Etch - Orange,170,Deathlok,TRUE
2026 Topps Neon,Neon Etch - Orange,171,White Widow,TRUE
2026 Topps Neon,Neon Etch - Orange,172,Jitter,TRUE
2026 Topps Neon,Neon Etch - Orange,173,Doyle Dormammu,TRUE
2026 Topps Neon,Neon Etch - Orange,174,Phyla-Vell,TRUE
2026 Topps Neon,Neon Etch - Orange,175,Terrax,TRUE
2026 Topps Neon,Neon Etch - Orange,176,Ka-Zar,TRUE
2026 Topps Neon,Neon Etch - Orange,177,Moon Girl,TRUE
2026 Topps Neon,Neon Etch - Orange,178,Rescue,TRUE
2026 Topps Neon,Neon Etch - Orange,179,Frenzy,TRUE
2026 Topps Neon,Neon Etch - Orange,180,Baron Mordo,TRUE
2026 Topps Neon,Neon Etch - Orange,181,Fantomex,TRUE
2026 Topps Neon,Neon Etch - Orange,182,Quasar,TRUE
2026 Topps Neon,Neon Etch - Orange,183,Exodus,TRUE
2026 Topps Neon,Neon Etch - Orange,184,Doctor Voodoo,TRUE
2026 Topps Neon,Neon Etch - Orange,185,Man-Wolf,TRUE
2026 Topps Neon,Neon Etch - Orange,186,High Evolutionary,TRUE
2026 Topps Neon,Neon Etch - Orange,187,Whiplash,TRUE
2026 Topps Neon,Neon Etch - Orange,188,Genis-Vell,TRUE
2026 Topps Neon,Neon Etch - Orange,189,Tigra,TRUE
2026 Topps Neon,Neon Etch - Orange,190,Polaris,TRUE
2026 Topps Neon,Neon Etch - Orange,191,Throg,TRUE
2026 Topps Neon,Neon Etch - Orange,192,Maestro,TRUE
2026 Topps Neon,Neon Etch - Orange,193,Slapstick,TRUE
2026 Topps Neon,Neon Etch - Orange,194,Hallows' Eve,TRUE
2026 Topps Neon,Neon Etch - Orange,195,Cosmic Ghost Rider,TRUE
2026 Topps Neon,Neon Etch - Orange,196,Cypher,TRUE
2026 Topps Neon,Neon Etch - Orange,197,The Maker,TRUE
2026 Topps Neon,Neon Etch - Orange,198,Shang-Chi,TRUE
2026 Topps Neon,Neon Etch - Orange,199,Nimrod,TRUE
2026 Topps Neon,Neon Etch - Orange,200,Mary Jane,TRUE
2026 Topps Neon,Neon Etch - Black,1,Iron Man,TRUE
2026 Topps Neon,Neon Etch - Black,2,Thor,TRUE
2026 Topps Neon,Neon Etch - Black,3,Captain America,TRUE
2026 Topps Neon,Neon Etch - Black,4,Spider-Man,TRUE
2026 Topps Neon,Neon Etch - Black,5,Hulk,TRUE
2026 Topps Neon,Neon Etch - Black,6,Hawkeye,TRUE
2026 Topps Neon,Neon Etch - Black,7,Black Widow,TRUE
2026 Topps Neon,Neon Etch - Black,8,Captain Marvel,TRUE
2026 Topps Neon,Neon Etch - Black,9,Wolverine,TRUE
2026 Topps Neon,Neon Etch - Black,10,Scarlet Witch,TRUE
2026 Topps Neon,Neon Etch - Black,11,Quicksilver,TRUE
2026 Topps Neon,Neon Etch - Black,12,Vision,TRUE
2026 Topps Neon,Neon Etch - Black,13,Ultron,TRUE
2026 Topps Neon,Neon Etch - Black,14,Doctor Strange,TRUE
2026 Topps Neon,Neon Etch - Black,15,Mephisto,TRUE
2026 Topps Neon,Neon Etch - Black,16,Thanos,TRUE
2026 Topps Neon,Neon Etch - Black,17,Loki,TRUE
2026 Topps Neon,Neon Etch - Black,18,Odin,TRUE
2026 Topps Neon,Neon Etch - Black,19,Daredevil,TRUE
2026 Topps Neon,Neon Etch - Black,20,Dragonfire,TRUE
2026 Topps Neon,Neon Etch - Black,21,Ant-Man,TRUE
2026 Topps Neon,Neon Etch - Black,22,Iron Fist,TRUE
2026 Topps Neon,Neon Etch - Black,23,X-23,TRUE
2026 Topps Neon,Neon Etch - Black,24,Moon Knight,TRUE
2026 Topps Neon,Neon Etch - Black,25,Jessica Jones,TRUE
2026 Topps Neon,Neon Etch - Black,26,Namor,TRUE
2026 Topps Neon,Neon Etch - Black,27,Taskmaster,TRUE
2026 Topps Neon,Neon Etch - Black,28,Kang The Conqueror,TRUE
2026 Topps Neon,Neon Etch - Black,29,The Thing,TRUE
2026 Topps Neon,Neon Etch - Black,30,Human Torch,TRUE
2026 Topps Neon,Neon Etch - Black,31,Invisible Woman,TRUE
2026 Topps Neon,Neon Etch - Black,32,Mister Fantastic,TRUE
2026 Topps Neon,Neon Etch - Black,33,Ransom,TRUE
2026 Topps Neon,Neon Etch - Black,34,Silver Surfer,TRUE
2026 Topps Neon,Neon Etch - Black,35,Sword Master,TRUE
2026 Topps Neon,Neon Etch - Black,36,Doctor Doom,TRUE
2026 Topps Neon,Neon Etch - Black,37,Ms. Marvel,TRUE
2026 Topps Neon,Neon Etch - Black,38,Ghost-Spider,TRUE
2026 Topps Neon,Neon Etch - Black,39,Professor X,TRUE
2026 Topps Neon,Neon Etch - Black,40,Cyclops,TRUE
2026 Topps Neon,Neon Etch - Black,41,Phoenix,TRUE
2026 Topps Neon,Neon Etch - Black,42,Beast,TRUE
2026 Topps Neon,Neon Etch - Black,43,Magneto,TRUE
2026 Topps Neon,Neon Etch - Black,44,Mister Sinister,TRUE
2026 Topps Neon,Neon Etch - Black,45,Cable,TRUE
2026 Topps Neon,Neon Etch - Black,46,Iceman,TRUE
2026 Topps Neon,Neon Etch - Black,47,Archangel,TRUE
2026 Topps Neon,Neon Etch - Black,48,Storm,TRUE
2026 Topps Neon,Neon Etch - Black,49,Colossus,TRUE
2026 Topps Neon,Neon Etch - Black,50,Magik,TRUE
2026 Topps Neon,Neon Etch - Black,51,Jubilee,TRUE
2026 Topps Neon,Neon Etch - Black,52,Rogue,TRUE
2026 Topps Neon,Neon Etch - Black,53,Gambit,TRUE
2026 Topps Neon,Neon Etch - Black,54,Kitty Pryde,TRUE
2026 Topps Neon,Neon Etch - Black,55,Juggernaut,TRUE
2026 Topps Neon,Neon Etch - Black,56,America Chavez,TRUE
2026 Topps Neon,Neon Etch - Black,57,Squirrel Girl,TRUE
2026 Topps Neon,Neon Etch - Black,58,Hulkette,TRUE
2026 Topps Neon,Neon Etch - Black,59,Dazzler,TRUE
2026 Topps Neon,Neon Etch - Black,60,Silver Samurai,TRUE
2026 Topps Neon,Neon Etch - Black,61,Emma Frost,TRUE
2026 Topps Neon,Neon Etch - Black,62,Wasp,TRUE
2026 Topps Neon,Neon Etch - Black,63,Elektra,TRUE
2026 Topps Neon,Neon Etch - Black,64,Misty Knight,TRUE
2026 Topps Neon,Neon Etch - Black,65,Miles Morales,TRUE
2026 Topps Neon,Neon Etch - Black,66,Kate Bishop,TRUE
2026 Topps Neon,Neon Etch - Black,67,Black Panther,TRUE
2026 Topps Neon,Neon Etch - Black,68,Killmonger,TRUE
2026 Topps Neon,Neon Etch - Black,69,Adam Warlock,TRUE
2026 Topps Neon,Neon Etch - Black,70,Gladiator,TRUE
2026 Topps Neon,Neon Etch - Black,71,Black Bolt,TRUE
2026 Topps Neon,Neon Etch - Black,72,Medusa,TRUE
2026 Topps Neon,Neon Etch - Black,73,Angela,TRUE
2026 Topps Neon,Neon Etch - Black,74,Star-Lord,TRUE
2026 Topps Neon,Neon Etch - Black,75,Groot,TRUE
2026 Topps Neon,Neon Etch - Black,76,Schwarzschild,TRUE
2026 Topps Neon,Neon Etch - Black,77,Rocket Raccoon,TRUE
2026 Topps Neon,Neon Etch - Black,78,Drax,TRUE
2026 Topps Neon,Neon Etch - Black,79,Chthon,TRUE
2026 Topps Neon,Neon Etch - Black,80,Havok,TRUE
2026 Topps Neon,Neon Etch - Black,81,Nova,TRUE
2026 Topps Neon,Neon Etch - Black,82,Man-Thing,TRUE
2026 Topps Neon,Neon Etch - Black,83,Kid Gladiator,TRUE
2026 Topps Neon,Neon Etch - Black,84,Fin Fang Foom,TRUE
2026 Topps Neon,Neon Etch - Black,85,Beta Ray Bill,TRUE
2026 Topps Neon,Neon Etch - Black,86,Hela,TRUE
2026 Topps Neon,Neon Etch - Black,87,Captain America,TRUE
2026 Topps Neon,Neon Etch - Black,88,Dormammu,TRUE
2026 Topps Neon,Neon Etch - Black,89,Batroc,TRUE
2026 Topps Neon,Neon Etch - Black,90,Mighty Thor,TRUE
2026 Topps Neon,Neon Etch - Black,91,Mystique,TRUE
2026 Topps Neon,Neon Etch - Black,92,Omega Red,TRUE
2026 Topps Neon,Neon Etch - Black,93,Sabretooth,TRUE
2026 Topps Neon,Neon Etch - Black,94,Wonder Man,TRUE
2026 Topps Neon,Neon Etch - Black,95,Green Goblin,TRUE
2026 Topps Neon,Neon Etch - Black,96,Venom,TRUE
2026 Topps Neon,Neon Etch - Black,97,Carnage,TRUE
2026 Topps Neon,Neon Etch - Black,98,Iron Cat,TRUE
2026 Topps Neon,Neon Etch - Black,99,Lizard,TRUE
2026 Topps Neon,Neon Etch - Black,100,Shocker,TRUE
2026 Topps Neon,Neon Etch - Black,101,Electro,TRUE
2026 Topps Neon,Neon Etch - Black,102,Rhino,TRUE
2026 Topps Neon,Neon Etch - Black,103,Scorpion,TRUE
2026 Topps Neon,Neon Etch - Black,104,Vulture,TRUE
2026 Topps Neon,Neon Etch - Black,105,Kraven The Hunter,TRUE
2026 Topps Neon,Neon Etch - Black,106,Prowler,TRUE
2026 Topps Neon,Neon Etch - Black,107,Silk,TRUE
2026 Topps Neon,Neon Etch - Black,108,Spider-Man 2099,TRUE
2026 Topps Neon,Neon Etch - Black,109,Hellverine,TRUE
2026 Topps Neon,Neon Etch - Black,110,Kingpin,TRUE
2026 Topps Neon,Neon Etch - Black,111,Invincible Woman,TRUE
2026 Topps Neon,Neon Etch - Black,112,Mister Negative,TRUE
2026 Topps Neon,Neon Etch - Black,113,Scarlet Spider,TRUE
2026 Topps Neon,Neon Etch - Black,114,Spider-Girl,TRUE
2026 Topps Neon,Neon Etch - Black,115,Spider-Woman,TRUE
2026 Topps Neon,Neon Etch - Black,116,Spider-Man Noir,TRUE
2026 Topps Neon,Neon Etch - Black,117,Bishop,TRUE
2026 Topps Neon,Neon Etch - Black,118,Deathdream,TRUE
2026 Topps Neon,Neon Etch - Black,119,Nightcrawler,TRUE
2026 Topps Neon,Neon Etch - Black,120,Toad,TRUE
2026 Topps Neon,Neon Etch - Black,121,Hobgoblin,TRUE
2026 Topps Neon,Neon Etch - Black,122,Sentry,TRUE
2026 Topps Neon,Neon Etch - Black,123,Blade,TRUE
2026 Topps Neon,Neon Etch - Black,124,Ghost Rider,TRUE
2026 Topps Neon,Neon Etch - Black,125,Apocalypse,TRUE
2026 Topps Neon,Neon Etch - Black,126,Warlock,TRUE
2026 Topps Neon,Neon Etch - Black,127,Psylocke,TRUE
2026 Topps Neon,Neon Etch - Black,128,War Machine,TRUE
2026 Topps Neon,Neon Etch - Black,129,Jeff The Land Shark,TRUE
2026 Topps Neon,Neon Etch - Black,130,M.O.D.O.K.,TRUE
2026 Topps Neon,Neon Etch - Black,131,Firestar,TRUE
2026 Topps Neon,Neon Etch - Black,132,Sunspot,TRUE
2026 Topps Neon,Neon Etch - Black,133,Spider-Ham,TRUE
2026 Topps Neon,Neon Etch - Black,134,Abomination,TRUE
2026 Topps Neon,Neon Etch - Black,135,Darkhawk,TRUE
2026 Topps Neon,Neon Etch - Black,136,She-Hulk,TRUE
2026 Topps Neon,Neon Etch - Black,137,Black Cat,TRUE
2026 Topps Neon,Neon Etch - Black,138,Hercules,TRUE
2026 Topps Neon,Neon Etch - Black,139,Baron Zemo,TRUE
2026 Topps Neon,Neon Etch - Black,140,Enchantress,TRUE
2026 Topps Neon,Neon Etch - Black,141,Ironheart,TRUE
2026 Topps Neon,Neon Etch - Black,142,Luna Snow,TRUE
2026 Topps Neon,Neon Etch - Black,143,Spider-Boy,TRUE
2026 Topps Neon,Neon Etch - Black,144,U.S. Agent,TRUE
2026 Topps Neon,Neon Etch - Black,145,Moonstar,TRUE
2026 Topps Neon,Neon Etch - Black,146,Yondu,TRUE
2026 Topps Neon,Neon Etch - Black,147,Jack of Hearts,TRUE
2026 Topps Neon,Neon Etch - Black,148,Absorbing Man,TRUE
2026 Topps Neon,Neon Etch - Black,149,Black Knight,TRUE
2026 Topps Neon,Neon Etch - Black,150,Silver Sable,TRUE
2026 Topps Neon,Neon Etch - Black,151,Spider-Punk,TRUE
2026 Topps Neon,Neon Etch - Black,152,Multiple Man,TRUE
2026 Topps Neon,Neon Etch - Black,153,Machine Man,TRUE
2026 Topps Neon,Neon Etch - Black,154,Jocasta,TRUE
2026 Topps Neon,Neon Etch - Black,155,Clea,TRUE
2026 Topps Neon,Neon Etch - Black,156,Wiccan,TRUE
2026 Topps Neon,Neon Etch - Black,157,Old Man Logan,TRUE
2026 Topps Neon,Neon Etch - Black,158,Anti-Venom,TRUE
2026 Topps Neon,Neon Etch - Black,159,Morbius,TRUE
2026 Topps Neon,Neon Etch - Black,160,Hellcat,TRUE
2026 Topps Neon,Neon Etch - Black,161,Echo,TRUE
2026 Topps Neon,Neon Etch - Black,162,Captain Britain,TRUE
2026 Topps Neon,Neon Etch - Black,163,Ikaris,TRUE
2026 Topps Neon,Neon Etch - Black,164,Ares,TRUE
2026 Topps Neon,Neon Etch - Black,165,Stryfe,TRUE
2026 Topps Neon,Neon Etch - Black,166,White Tiger,TRUE
2026 Topps Neon,Neon Etch - Black,167,Gwenpool,TRUE
2026 Topps Neon,Neon Etch - Black,168,Werewolf By Night,TRUE
2026 Topps Neon,Neon Etch - Black,169,Leader,TRUE
2026 Topps Neon,Neon Etch - Black,170,Deathlok,TRUE
2026 Topps Neon,Neon Etch - Black,171,White Widow,TRUE
2026 Topps Neon,Neon Etch - Black,172,Jitter,TRUE
2026 Topps Neon,Neon Etch - Black,173,Doyle Dormammu,TRUE
2026 Topps Neon,Neon Etch - Black,174,Phyla-Vell,TRUE
2026 Topps Neon,Neon Etch - Black,175,Terrax,TRUE
2026 Topps Neon,Neon Etch - Black,176,Ka-Zar,TRUE
2026 Topps Neon,Neon Etch - Black,177,Moon Girl,TRUE
2026 Topps Neon,Neon Etch - Black,178,Rescue,TRUE
2026 Topps Neon,Neon Etch - Black,179,Frenzy,TRUE
2026 Topps Neon,Neon Etch - Black,180,Baron Mordo,TRUE
2026 Topps Neon,Neon Etch - Black,181,Fantomex,TRUE
2026 Topps Neon,Neon Etch - Black,182,Quasar,TRUE
2026 Topps Neon,Neon Etch - Black,183,Exodus,TRUE
2026 Topps Neon,Neon Etch - Black,184,Doctor Voodoo,TRUE
2026 Topps Neon,Neon Etch - Black,185,Man-Wolf,TRUE
2026 Topps Neon,Neon Etch - Black,186,High Evolutionary,TRUE
2026 Topps Neon,Neon Etch - Black,187,Whiplash,TRUE
2026 Topps Neon,Neon Etch - Black,188,Genis-Vell,TRUE
2026 Topps Neon,Neon Etch - Black,189,Tigra,TRUE
2026 Topps Neon,Neon Etch - Black,190,Polaris,TRUE
2026 Topps Neon,Neon Etch - Black,191,Throg,TRUE
2026 Topps Neon,Neon Etch - Black,192,Maestro,TRUE
2026 Topps Neon,Neon Etch - Black,193,Slapstick,TRUE
2026 Topps Neon,Neon Etch - Black,194,Hallows' Eve,TRUE
2026 Topps Neon,Neon Etch - Black,195,Cosmic Ghost Rider,TRUE
2026 Topps Neon,Neon Etch - Black,196,Cypher,TRUE
2026 Topps Neon,Neon Etch - Black,197,The Maker,TRUE
2026 Topps Neon,Neon Etch - Black,198,Shang-Chi,TRUE
2026 Topps Neon,Neon Etch - Black,199,Nimrod,TRUE
2026 Topps Neon,Neon Etch - Black,200,Mary Jane,TRUE
2026 Topps Neon,Neon Etch - Red,1,Iron Man,TRUE
2026 Topps Neon,Neon Etch - Red,2,Thor,TRUE
2026 Topps Neon,Neon Etch - Red,3,Captain America,TRUE
2026 Topps Neon,Neon Etch - Red,4,Spider-Man,TRUE
2026 Topps Neon,Neon Etch - Red,5,Hulk,TRUE
2026 Topps Neon,Neon Etch - Red,6,Hawkeye,TRUE
2026 Topps Neon,Neon Etch - Red,7,Black Widow,TRUE
2026 Topps Neon,Neon Etch - Red,8,Captain Marvel,TRUE
2026 Topps Neon,Neon Etch - Red,9,Wolverine,TRUE
2026 Topps Neon,Neon Etch - Red,10,Scarlet Witch,TRUE
2026 Topps Neon,Neon Etch - Red,11,Quicksilver,TRUE
2026 Topps Neon,Neon Etch - Red,12,Vision,TRUE
2026 Topps Neon,Neon Etch - Red,13,Ultron,TRUE
2026 Topps Neon,Neon Etch - Red,14,Doctor Strange,TRUE
2026 Topps Neon,Neon Etch - Red,15,Mephisto,TRUE
2026 Topps Neon,Neon Etch - Red,16,Thanos,TRUE
2026 Topps Neon,Neon Etch - Red,17,Loki,TRUE
2026 Topps Neon,Neon Etch - Red,18,Odin,TRUE
2026 Topps Neon,Neon Etch - Red,19,Daredevil,TRUE
2026 Topps Neon,Neon Etch - Red,20,Dragonfire,TRUE
2026 Topps Neon,Neon Etch - Red,21,Ant-Man,TRUE
2026 Topps Neon,Neon Etch - Red,22,Iron Fist,TRUE
2026 Topps Neon,Neon Etch - Red,23,X-23,TRUE
2026 Topps Neon,Neon Etch - Red,24,Moon Knight,TRUE
2026 Topps Neon,Neon Etch - Red,25,Jessica Jones,TRUE
2026 Topps Neon,Neon Etch - Red,26,Namor,TRUE
2026 Topps Neon,Neon Etch - Red,27,Taskmaster,TRUE
2026 Topps Neon,Neon Etch - Red,28,Kang The Conqueror,TRUE
2026 Topps Neon,Neon Etch - Red,29,The Thing,TRUE
2026 Topps Neon,Neon Etch - Red,30,Human Torch,TRUE
2026 Topps Neon,Neon Etch - Red,31,Invisible Woman,TRUE
2026 Topps Neon,Neon Etch - Red,32,Mister Fantastic,TRUE
2026 Topps Neon,Neon Etch - Red,33,Ransom,TRUE
2026 Topps Neon,Neon Etch - Red,34,Silver Surfer,TRUE
2026 Topps Neon,Neon Etch - Red,35,Sword Master,TRUE
2026 Topps Neon,Neon Etch - Red,36,Doctor Doom,TRUE
2026 Topps Neon,Neon Etch - Red,37,Ms. Marvel,TRUE
2026 Topps Neon,Neon Etch - Red,38,Ghost-Spider,TRUE
2026 Topps Neon,Neon Etch - Red,39,Professor X,TRUE
2026 Topps Neon,Neon Etch - Red,40,Cyclops,TRUE
2026 Topps Neon,Neon Etch - Red,41,Phoenix,TRUE
2026 Topps Neon,Neon Etch - Red,42,Beast,TRUE
2026 Topps Neon,Neon Etch - Red,43,Magneto,TRUE
2026 Topps Neon,Neon Etch - Red,44,Mister Sinister,TRUE
2026 Topps Neon,Neon Etch - Red,45,Cable,TRUE
2026 Topps Neon,Neon Etch - Red,46,Iceman,TRUE
2026 Topps Neon,Neon Etch - Red,47,Archangel,TRUE
2026 Topps Neon,Neon Etch - Red,48,Storm,TRUE
2026 Topps Neon,Neon Etch - Red,49,Colossus,TRUE
2026 Topps Neon,Neon Etch - Red,50,Magik,TRUE
2026 Topps Neon,Neon Etch - Red,51,Jubilee,TRUE
2026 Topps Neon,Neon Etch - Red,52,Rogue,TRUE
2026 Topps Neon,Neon Etch - Red,53,Gambit,TRUE
2026 Topps Neon,Neon Etch - Red,54,Kitty Pryde,TRUE
2026 Topps Neon,Neon Etch - Red,55,Juggernaut,TRUE
2026 Topps Neon,Neon Etch - Red,56,America Chavez,TRUE
2026 Topps Neon,Neon Etch - Red,57,Squirrel Girl,TRUE
2026 Topps Neon,Neon Etch - Red,58,Hulkette,TRUE
2026 Topps Neon,Neon Etch - Red,59,Dazzler,TRUE
2026 Topps Neon,Neon Etch - Red,60,Silver Samurai,TRUE
2026 Topps Neon,Neon Etch - Red,61,Emma Frost,TRUE
2026 Topps Neon,Neon Etch - Red,62,Wasp,TRUE
2026 Topps Neon,Neon Etch - Red,63,Elektra,TRUE
2026 Topps Neon,Neon Etch - Red,64,Misty Knight,TRUE
2026 Topps Neon,Neon Etch - Red,65,Miles Morales,TRUE
2026 Topps Neon,Neon Etch - Red,66,Kate Bishop,TRUE
2026 Topps Neon,Neon Etch - Red,67,Black Panther,TRUE
2026 Topps Neon,Neon Etch - Red,68,Killmonger,TRUE
2026 Topps Neon,Neon Etch - Red,69,Adam Warlock,TRUE
2026 Topps Neon,Neon Etch - Red,70,Gladiator,TRUE
2026 Topps Neon,Neon Etch - Red,71,Black Bolt,TRUE
2026 Topps Neon,Neon Etch - Red,72,Medusa,TRUE
2026 Topps Neon,Neon Etch - Red,73,Angela,TRUE
2026 Topps Neon,Neon Etch - Red,74,Star-Lord,TRUE
2026 Topps Neon,Neon Etch - Red,75,Groot,TRUE
2026 Topps Neon,Neon Etch - Red,76,Schwarzschild,TRUE
2026 Topps Neon,Neon Etch - Red,77,Rocket Raccoon,TRUE
2026 Topps Neon,Neon Etch - Red,78,Drax,TRUE
2026 Topps Neon,Neon Etch - Red,79,Chthon,TRUE
2026 Topps Neon,Neon Etch - Red,80,Havok,TRUE
2026 Topps Neon,Neon Etch - Red,81,Nova,TRUE
2026 Topps Neon,Neon Etch - Red,82,Man-Thing,TRUE
2026 Topps Neon,Neon Etch - Red,83,Kid Gladiator,TRUE
2026 Topps Neon,Neon Etch - Red,84,Fin Fang Foom,TRUE
2026 Topps Neon,Neon Etch - Red,85,Beta Ray Bill,TRUE
2026 Topps Neon,Neon Etch - Red,86,Hela,TRUE
2026 Topps Neon,Neon Etch - Red,87,Captain America,TRUE
2026 Topps Neon,Neon Etch - Red,88,Dormammu,TRUE
2026 Topps Neon,Neon Etch - Red,89,Batroc,TRUE
2026 Topps Neon,Neon Etch - Red,90,Mighty Thor,TRUE
2026 Topps Neon,Neon Etch - Red,91,Mystique,TRUE
2026 Topps Neon,Neon Etch - Red,92,Omega Red,TRUE
2026 Topps Neon,Neon Etch - Red,93,Sabretooth,TRUE
2026 Topps Neon,Neon Etch - Red,94,Wonder Man,TRUE
2026 Topps Neon,Neon Etch - Red,95,Green Goblin,TRUE
2026 Topps Neon,Neon Etch - Red,96,Venom,TRUE
2026 Topps Neon,Neon Etch - Red,97,Carnage,TRUE
2026 Topps Neon,Neon Etch - Red,98,Iron Cat,TRUE
2026 Topps Neon,Neon Etch - Red,99,Lizard,TRUE
2026 Topps Neon,Neon Etch - Red,100,Shocker,TRUE
2026 Topps Neon,Neon Etch - Red,101,Electro,TRUE
2026 Topps Neon,Neon Etch - Red,102,Rhino,TRUE
2026 Topps Neon,Neon Etch - Red,103,Scorpion,TRUE
2026 Topps Neon,Neon Etch - Red,104,Vulture,TRUE
2026 Topps Neon,Neon Etch - Red,105,Kraven The Hunter,TRUE
2026 Topps Neon,Neon Etch - Red,106,Prowler,TRUE
2026 Topps Neon,Neon Etch - Red,107,Silk,TRUE
2026 Topps Neon,Neon Etch - Red,108,Spider-Man 2099,TRUE
2026 Topps Neon,Neon Etch - Red,109,Hellverine,TRUE
2026 Topps Neon,Neon Etch - Red,110,Kingpin,TRUE
2026 Topps Neon,Neon Etch - Red,111,Invincible Woman,TRUE
2026 Topps Neon,Neon Etch - Red,112,Mister Negative,TRUE
2026 Topps Neon,Neon Etch - Red,113,Scarlet Spider,TRUE
2026 Topps Neon,Neon Etch - Red,114,Spider-Girl,TRUE
2026 Topps Neon,Neon Etch - Red,115,Spider-Woman,TRUE
2026 Topps Neon,Neon Etch - Red,116,Spider-Man Noir,TRUE
2026 Topps Neon,Neon Etch - Red,117,Bishop,TRUE
2026 Topps Neon,Neon Etch - Red,118,Deathdream,TRUE
2026 Topps Neon,Neon Etch - Red,119,Nightcrawler,TRUE
2026 Topps Neon,Neon Etch - Red,120,Toad,TRUE
2026 Topps Neon,Neon Etch - Red,121,Hobgoblin,TRUE
2026 Topps Neon,Neon Etch - Red,122,Sentry,TRUE
2026 Topps Neon,Neon Etch - Red,123,Blade,TRUE
2026 Topps Neon,Neon Etch - Red,124,Ghost Rider,TRUE
2026 Topps Neon,Neon Etch - Red,125,Apocalypse,TRUE
2026 Topps Neon,Neon Etch - Red,126,Warlock,TRUE
2026 Topps Neon,Neon Etch - Red,127,Psylocke,TRUE
2026 Topps Neon,Neon Etch - Red,128,War Machine,TRUE
2026 Topps Neon,Neon Etch - Red,129,Jeff The Land Shark,TRUE
2026 Topps Neon,Neon Etch - Red,130,M.O.D.O.K.,TRUE
2026 Topps Neon,Neon Etch - Red,131,Firestar,TRUE
2026 Topps Neon,Neon Etch - Red,132,Sunspot,TRUE
2026 Topps Neon,Neon Etch - Red,133,Spider-Ham,TRUE
2026 Topps Neon,Neon Etch - Red,134,Abomination,TRUE
2026 Topps Neon,Neon Etch - Red,135,Darkhawk,TRUE
2026 Topps Neon,Neon Etch - Red,136,She-Hulk,TRUE
2026 Topps Neon,Neon Etch - Red,137,Black Cat,TRUE
2026 Topps Neon,Neon Etch - Red,138,Hercules,TRUE
2026 Topps Neon,Neon Etch - Red,139,Baron Zemo,TRUE
2026 Topps Neon,Neon Etch - Red,140,Enchantress,TRUE
2026 Topps Neon,Neon Etch - Red,141,Ironheart,TRUE
2026 Topps Neon,Neon Etch - Red,142,Luna Snow,TRUE
2026 Topps Neon,Neon Etch - Red,143,Spider-Boy,TRUE
2026 Topps Neon,Neon Etch - Red,144,U.S. Agent,TRUE
2026 Topps Neon,Neon Etch - Red,145,Moonstar,TRUE
2026 Topps Neon,Neon Etch - Red,146,Yondu,TRUE
2026 Topps Neon,Neon Etch - Red,147,Jack of Hearts,TRUE
2026 Topps Neon,Neon Etch - Red,148,Absorbing Man,TRUE
2026 Topps Neon,Neon Etch - Red,149,Black Knight,TRUE
2026 Topps Neon,Neon Etch - Red,150,Silver Sable,TRUE
2026 Topps Neon,Neon Etch - Red,151,Spider-Punk,TRUE
2026 Topps Neon,Neon Etch - Red,152,Multiple Man,TRUE
2026 Topps Neon,Neon Etch - Red,153,Machine Man,TRUE
2026 Topps Neon,Neon Etch - Red,154,Jocasta,TRUE
2026 Topps Neon,Neon Etch - Red,155,Clea,TRUE
2026 Topps Neon,Neon Etch - Red,156,Wiccan,TRUE
2026 Topps Neon,Neon Etch - Red,157,Old Man Logan,TRUE
2026 Topps Neon,Neon Etch - Red,158,Anti-Venom,TRUE
2026 Topps Neon,Neon Etch - Red,159,Morbius,TRUE
2026 Topps Neon,Neon Etch - Red,160,Hellcat,TRUE
2026 Topps Neon,Neon Etch - Red,161,Echo,TRUE
2026 Topps Neon,Neon Etch - Red,162,Captain Britain,TRUE
2026 Topps Neon,Neon Etch - Red,163,Ikaris,TRUE
2026 Topps Neon,Neon Etch - Red,164,Ares,TRUE
2026 Topps Neon,Neon Etch - Red,165,Stryfe,TRUE
2026 Topps Neon,Neon Etch - Red,166,White Tiger,TRUE
2026 Topps Neon,Neon Etch - Red,167,Gwenpool,TRUE
2026 Topps Neon,Neon Etch - Red,168,Werewolf By Night,TRUE
2026 Topps Neon,Neon Etch - Red,169,Leader,TRUE
2026 Topps Neon,Neon Etch - Red,170,Deathlok,TRUE
2026 Topps Neon,Neon Etch - Red,171,White Widow,TRUE
2026 Topps Neon,Neon Etch - Red,172,Jitter,TRUE
2026 Topps Neon,Neon Etch - Red,173,Doyle Dormammu,TRUE
2026 Topps Neon,Neon Etch - Red,174,Phyla-Vell,TRUE
2026 Topps Neon,Neon Etch - Red,175,Terrax,TRUE
2026 Topps Neon,Neon Etch - Red,176,Ka-Zar,TRUE
2026 Topps Neon,Neon Etch - Red,177,Moon Girl,TRUE
2026 Topps Neon,Neon Etch - Red,178,Rescue,TRUE
2026 Topps Neon,Neon Etch - Red,179,Frenzy,TRUE
2026 Topps Neon,Neon Etch - Red,180,Baron Mordo,TRUE
2026 Topps Neon,Neon Etch - Red,181,Fantomex,TRUE
2026 Topps Neon,Neon Etch - Red,182,Quasar,TRUE
2026 Topps Neon,Neon Etch - Red,183,Exodus,TRUE
2026 Topps Neon,Neon Etch - Red,184,Doctor Voodoo,TRUE
2026 Topps Neon,Neon Etch - Red,185,Man-Wolf,TRUE
2026 Topps Neon,Neon Etch - Red,186,High Evolutionary,TRUE
2026 Topps Neon,Neon Etch - Red,187,Whiplash,TRUE
2026 Topps Neon,Neon Etch - Red,188,Genis-Vell,TRUE
2026 Topps Neon,Neon Etch - Red,189,Tigra,TRUE
2026 Topps Neon,Neon Etch - Red,190,Polaris,TRUE
2026 Topps Neon,Neon Etch - Red,191,Throg,TRUE
2026 Topps Neon,Neon Etch - Red,192,Maestro,TRUE
2026 Topps Neon,Neon Etch - Red,193,Slapstick,TRUE
2026 Topps Neon,Neon Etch - Red,194,Hallows' Eve,TRUE
2026 Topps Neon,Neon Etch - Red,195,Cosmic Ghost Rider,TRUE
2026 Topps Neon,Neon Etch - Red,196,Cypher,TRUE
2026 Topps Neon,Neon Etch - Red,197,The Maker,TRUE
2026 Topps Neon,Neon Etch - Red,198,Shang-Chi,TRUE
2026 Topps Neon,Neon Etch - Red,199,Nimrod,TRUE
2026 Topps Neon,Neon Etch - Red,200,Mary Jane,TRUE
2026 Topps Neon,Neon Etch - SuperFractor,1,Iron Man,TRUE
2026 Topps Neon,Neon Etch - SuperFractor,2,Thor,TRUE
2026 Topps Neon,Neon Etch - SuperFractor,3,Captain America,TRUE
2026 Topps Neon,Neon Etch - SuperFractor,4,Spider-Man,TRUE
2026 Topps Neon,Neon Etch - SuperFractor,5,Hulk,TRUE
2026 Topps Neon,Neon Etch - SuperFractor,6,Hawkeye,TRUE
2026 Topps Neon,Neon Etch - SuperFractor,7,Black Widow,TRUE
2026 Topps Neon,Neon Etch - SuperFractor,8,Captain Marvel,TRUE
2026 Topps Neon,Neon Etch - SuperFractor,9,Wolverine,TRUE
2026 Topps Neon,Neon Etch - SuperFractor,10,Scarlet Witch,TRUE
2026 Topps Neon,Neon Etch - SuperFractor,11,Quicksilver,TRUE
2026 Topps Neon,Neon Etch - SuperFractor,12,Vision,TRUE
2026 Topps Neon,Neon Etch - SuperFractor,13,Ultron,TRUE
2026 Topps Neon,Neon Etch - SuperFractor,14,Doctor Strange,TRUE
2026 Topps Neon,Neon Etch - SuperFractor,15,Mephisto,TRUE
2026 Topps Neon,Neon Etch - SuperFractor,16,Thanos,TRUE
2026 Topps Neon,Neon Etch - SuperFractor,17,Loki,TRUE
2026 Topps Neon,Neon Etch - SuperFractor,18,Odin,TRUE
2026 Topps Neon,Neon Etch - SuperFractor,19,Daredevil,TRUE
2026 Topps Neon,Neon Etch - SuperFractor,20,Dragonfire,TRUE
2026 Topps Neon,Neon Etch - SuperFractor,21,Ant-Man,TRUE
2026 Topps Neon,Neon Etch - SuperFractor,22,Iron Fist,TRUE
2026 Topps Neon,Neon Etch - SuperFractor,23,X-23,TRUE
2026 Topps Neon,Neon Etch - SuperFractor,24,Moon Knight,TRUE
2026 Topps Neon,Neon Etch - SuperFractor,25,Jessica Jones,TRUE
2026 Topps Neon,Neon Etch - SuperFractor,26,Namor,TRUE
2026 Topps Neon,Neon Etch - SuperFractor,27,Taskmaster,TRUE
2026 Topps Neon,Neon Etch - SuperFractor,28,Kang The Conqueror,TRUE
2026 Topps Neon,Neon Etch - SuperFractor,29,The Thing,TRUE
2026 Topps Neon,Neon Etch - SuperFractor,30,Human Torch,TRUE
2026 Topps Neon,Neon Etch - SuperFractor,31,Invisible Woman,TRUE
2026 Topps Neon,Neon Etch - SuperFractor,32,Mister Fantastic,TRUE
2026 Topps Neon,Neon Etch - SuperFractor,33,Ransom,TRUE
2026 Topps Neon,Neon Etch - SuperFractor,34,Silver Surfer,TRUE
2026 Topps Neon,Neon Etch - SuperFractor,35,Sword Master,TRUE
2026 Topps Neon,Neon Etch - SuperFractor,36,Doctor Doom,TRUE
2026 Topps Neon,Neon Etch - SuperFractor,37,Ms. Marvel,TRUE
2026 Topps Neon,Neon Etch - SuperFractor,38,Ghost-Spider,TRUE
2026 Topps Neon,Neon Etch - SuperFractor,39,Professor X,TRUE
2026 Topps Neon,Neon Etch - SuperFractor,40,Cyclops,TRUE
2026 Topps Neon,Neon Etch - SuperFractor,41,Phoenix,TRUE
2026 Topps Neon,Neon Etch - SuperFractor,42,Beast,TRUE
2026 Topps Neon,Neon Etch - SuperFractor,43,Magneto,TRUE
2026 Topps Neon,Neon Etch - SuperFractor,44,Mister Sinister,TRUE
2026 Topps Neon,Neon Etch - SuperFractor,45,Cable,TRUE
2026 Topps Neon,Neon Etch - SuperFractor,46,Iceman,TRUE
2026 Topps Neon,Neon Etch - SuperFractor,47,Archangel,TRUE
2026 Topps Neon,Neon Etch - SuperFractor,48,Storm,TRUE
2026 Topps Neon,Neon Etch - SuperFractor,49,Colossus,TRUE
2026 Topps Neon,Neon Etch - SuperFractor,50,Magik,TRUE
2026 Topps Neon,Neon Etch - SuperFractor,51,Jubilee,TRUE
2026 Topps Neon,Neon Etch - SuperFractor,52,Rogue,TRUE
2026 Topps Neon,Neon Etch - SuperFractor,53,Gambit,TRUE
2026 Topps Neon,Neon Etch - SuperFractor,54,Kitty Pryde,TRUE
2026 Topps Neon,Neon Etch - SuperFractor,55,Juggernaut,TRUE
2026 Topps Neon,Neon Etch - SuperFractor,56,America Chavez,TRUE
2026 Topps Neon,Neon Etch - SuperFractor,57,Squirrel Girl,TRUE
2026 Topps Neon,Neon Etch - SuperFractor,58,Hulkette,TRUE
2026 Topps Neon,Neon Etch - SuperFractor,59,Dazzler,TRUE
2026 Topps Neon,Neon Etch - SuperFractor,60,Silver Samurai,TRUE
2026 Topps Neon,Neon Etch - SuperFractor,61,Emma Frost,TRUE
2026 Topps Neon,Neon Etch - SuperFractor,62,Wasp,TRUE
2026 Topps Neon,Neon Etch - SuperFractor,63,Elektra,TRUE
2026 Topps Neon,Neon Etch - SuperFractor,64,Misty Knight,TRUE
2026 Topps Neon,Neon Etch - SuperFractor,65,Miles Morales,TRUE
2026 Topps Neon,Neon Etch - SuperFractor,66,Kate Bishop,TRUE
2026 Topps Neon,Neon Etch - SuperFractor,67,Black Panther,TRUE
2026 Topps Neon,Neon Etch - SuperFractor,68,Killmonger,TRUE
2026 Topps Neon,Neon Etch - SuperFractor,69,Adam Warlock,TRUE
2026 Topps Neon,Neon Etch - SuperFractor,70,Gladiator,TRUE
2026 Topps Neon,Neon Etch - SuperFractor,71,Black Bolt,TRUE
2026 Topps Neon,Neon Etch - SuperFractor,72,Medusa,TRUE
2026 Topps Neon,Neon Etch - SuperFractor,73,Angela,TRUE
2026 Topps Neon,Neon Etch - SuperFractor,74,Star-Lord,TRUE
2026 Topps Neon,Neon Etch - SuperFractor,75,Groot,TRUE
2026 Topps Neon,Neon Etch - SuperFractor,76,Schwarzschild,TRUE
2026 Topps Neon,Neon Etch - SuperFractor,77,Rocket Raccoon,TRUE
2026 Topps Neon,Neon Etch - SuperFractor,78,Drax,TRUE
2026 Topps Neon,Neon Etch - SuperFractor,79,Chthon,TRUE
2026 Topps Neon,Neon Etch - SuperFractor,80,Havok,TRUE
2026 Topps Neon,Neon Etch - SuperFractor,81,Nova,TRUE
2026 Topps Neon,Neon Etch - SuperFractor,82,Man-Thing,TRUE
2026 Topps Neon,Neon Etch - SuperFractor,83,Kid Gladiator,TRUE
2026 Topps Neon,Neon Etch - SuperFractor,84,Fin Fang Foom,TRUE
2026 Topps Neon,Neon Etch - SuperFractor,85,Beta Ray Bill,TRUE
2026 Topps Neon,Neon Etch - SuperFractor,86,Hela,TRUE
2026 Topps Neon,Neon Etch - SuperFractor,87,Captain America,TRUE
2026 Topps Neon,Neon Etch - SuperFractor,88,Dormammu,TRUE
2026 Topps Neon,Neon Etch - SuperFractor,89,Batroc,TRUE
2026 Topps Neon,Neon Etch - SuperFractor,90,Mighty Thor,TRUE
2026 Topps Neon,Neon Etch - SuperFractor,91,Mystique,TRUE
2026 Topps Neon,Neon Etch - SuperFractor,92,Omega Red,TRUE
2026 Topps Neon,Neon Etch - SuperFractor,93,Sabretooth,TRUE
2026 Topps Neon,Neon Etch - SuperFractor,94,Wonder Man,TRUE
2026 Topps Neon,Neon Etch - SuperFractor,95,Green Goblin,TRUE
2026 Topps Neon,Neon Etch - SuperFractor,96,Venom,TRUE
2026 Topps Neon,Neon Etch - SuperFractor,97,Carnage,TRUE
2026 Topps Neon,Neon Etch - SuperFractor,98,Iron Cat,TRUE
2026 Topps Neon,Neon Etch - SuperFractor,99,Lizard,TRUE
2026 Topps Neon,Neon Etch - SuperFractor,100,Shocker,TRUE
2026 Topps Neon,Neon Etch - SuperFractor,101,Electro,TRUE
2026 Topps Neon,Neon Etch - SuperFractor,102,Rhino,TRUE
2026 Topps Neon,Neon Etch - SuperFractor,103,Scorpion,TRUE
2026 Topps Neon,Neon Etch - SuperFractor,104,Vulture,TRUE
2026 Topps Neon,Neon Etch - SuperFractor,105,Kraven The Hunter,TRUE
2026 Topps Neon,Neon Etch - SuperFractor,106,Prowler,TRUE
2026 Topps Neon,Neon Etch - SuperFractor,107,Silk,TRUE
2026 Topps Neon,Neon Etch - SuperFractor,108,Spider-Man 2099,TRUE
2026 Topps Neon,Neon Etch - SuperFractor,109,Hellverine,TRUE
2026 Topps Neon,Neon Etch - SuperFractor,110,Kingpin,TRUE
2026 Topps Neon,Neon Etch - SuperFractor,111,Invincible Woman,TRUE
2026 Topps Neon,Neon Etch - SuperFractor,112,Mister Negative,TRUE
2026 Topps Neon,Neon Etch - SuperFractor,113,Scarlet Spider,TRUE
2026 Topps Neon,Neon Etch - SuperFractor,114,Spider-Girl,TRUE
2026 Topps Neon,Neon Etch - SuperFractor,115,Spider-Woman,TRUE
2026 Topps Neon,Neon Etch - SuperFractor,116,Spider-Man Noir,TRUE
2026 Topps Neon,Neon Etch - SuperFractor,117,Bishop,TRUE
2026 Topps Neon,Neon Etch - SuperFractor,118,Deathdream,TRUE
2026 Topps Neon,Neon Etch - SuperFractor,119,Nightcrawler,TRUE
2026 Topps Neon,Neon Etch - SuperFractor,120,Toad,TRUE
2026 Topps Neon,Neon Etch - SuperFractor,121,Hobgoblin,TRUE
2026 Topps Neon,Neon Etch - SuperFractor,122,Sentry,TRUE
2026 Topps Neon,Neon Etch - SuperFractor,123,Blade,TRUE
2026 Topps Neon,Neon Etch - SuperFractor,124,Ghost Rider,TRUE
2026 Topps Neon,Neon Etch - SuperFractor,125,Apocalypse,TRUE
2026 Topps Neon,Neon Etch - SuperFractor,126,Warlock,TRUE
2026 Topps Neon,Neon Etch - SuperFractor,127,Psylocke,TRUE
2026 Topps Neon,Neon Etch - SuperFractor,128,War Machine,TRUE
2026 Topps Neon,Neon Etch - SuperFractor,129,Jeff The Land Shark,TRUE
2026 Topps Neon,Neon Etch - SuperFractor,130,M.O.D.O.K.,TRUE
2026 Topps Neon,Neon Etch - SuperFractor,131,Firestar,TRUE
2026 Topps Neon,Neon Etch - SuperFractor,132,Sunspot,TRUE
2026 Topps Neon,Neon Etch - SuperFractor,133,Spider-Ham,TRUE
2026 Topps Neon,Neon Etch - SuperFractor,134,Abomination,TRUE
2026 Topps Neon,Neon Etch - SuperFractor,135,Darkhawk,TRUE
2026 Topps Neon,Neon Etch - SuperFractor,136,She-Hulk,TRUE
2026 Topps Neon,Neon Etch - SuperFractor,137,Black Cat,TRUE
2026 Topps Neon,Neon Etch - SuperFractor,138,Hercules,TRUE
2026 Topps Neon,Neon Etch - SuperFractor,139,Baron Zemo,TRUE
2026 Topps Neon,Neon Etch - SuperFractor,140,Enchantress,TRUE
2026 Topps Neon,Neon Etch - SuperFractor,141,Ironheart,TRUE
2026 Topps Neon,Neon Etch - SuperFractor,142,Luna Snow,TRUE
2026 Topps Neon,Neon Etch - SuperFractor,143,Spider-Boy,TRUE
2026 Topps Neon,Neon Etch - SuperFractor,144,U.S. Agent,TRUE
2026 Topps Neon,Neon Etch - SuperFractor,145,Moonstar,TRUE
2026 Topps Neon,Neon Etch - SuperFractor,146,Yondu,TRUE
2026 Topps Neon,Neon Etch - SuperFractor,147,Jack of Hearts,TRUE
2026 Topps Neon,Neon Etch - SuperFractor,148,Absorbing Man,TRUE
2026 Topps Neon,Neon Etch - SuperFractor,149,Black Knight,TRUE
2026 Topps Neon,Neon Etch - SuperFractor,150,Silver Sable,TRUE
2026 Topps Neon,Neon Etch - SuperFractor,151,Spider-Punk,TRUE
2026 Topps Neon,Neon Etch - SuperFractor,152,Multiple Man,TRUE
2026 Topps Neon,Neon Etch - SuperFractor,153,Machine Man,TRUE
2026 Topps Neon,Neon Etch - SuperFractor,154,Jocasta,TRUE
2026 Topps Neon,Neon Etch - SuperFractor,155,Clea,TRUE
2026 Topps Neon,Neon Etch - SuperFractor,156,Wiccan,TRUE
2026 Topps Neon,Neon Etch - SuperFractor,157,Old Man Logan,TRUE
2026 Topps Neon,Neon Etch - SuperFractor,158,Anti-Venom,TRUE
2026 Topps Neon,Neon Etch - SuperFractor,159,Morbius,TRUE
2026 Topps Neon,Neon Etch - SuperFractor,160,Hellcat,TRUE
2026 Topps Neon,Neon Etch - SuperFractor,161,Echo,TRUE
2026 Topps Neon,Neon Etch - SuperFractor,162,Captain Britain,TRUE
2026 Topps Neon,Neon Etch - SuperFractor,163,Ikaris,TRUE
2026 Topps Neon,Neon Etch - SuperFractor,164,Ares,TRUE
2026 Topps Neon,Neon Etch - SuperFractor,165,Stryfe,TRUE
2026 Topps Neon,Neon Etch - SuperFractor,166,White Tiger,TRUE
2026 Topps Neon,Neon Etch - SuperFractor,167,Gwenpool,TRUE
2026 Topps Neon,Neon Etch - SuperFractor,168,Werewolf By Night,TRUE
2026 Topps Neon,Neon Etch - SuperFractor,169,Leader,TRUE
2026 Topps Neon,Neon Etch - SuperFractor,170,Deathlok,TRUE
2026 Topps Neon,Neon Etch - SuperFractor,171,White Widow,TRUE
2026 Topps Neon,Neon Etch - SuperFractor,172,Jitter,TRUE
2026 Topps Neon,Neon Etch - SuperFractor,173,Doyle Dormammu,TRUE
2026 Topps Neon,Neon Etch - SuperFractor,174,Phyla-Vell,TRUE
2026 Topps Neon,Neon Etch - SuperFractor,175,Terrax,TRUE
2026 Topps Neon,Neon Etch - SuperFractor,176,Ka-Zar,TRUE
2026 Topps Neon,Neon Etch - SuperFractor,177,Moon Girl,TRUE
2026 Topps Neon,Neon Etch - SuperFractor,178,Rescue,TRUE
2026 Topps Neon,Neon Etch - SuperFractor,179,Frenzy,TRUE
2026 Topps Neon,Neon Etch - SuperFractor,180,Baron Mordo,TRUE
2026 Topps Neon,Neon Etch - SuperFractor,181,Fantomex,TRUE
2026 Topps Neon,Neon Etch - SuperFractor,182,Quasar,TRUE
2026 Topps Neon,Neon Etch - SuperFractor,183,Exodus,TRUE
2026 Topps Neon,Neon Etch - SuperFractor,184,Doctor Voodoo,TRUE
2026 Topps Neon,Neon Etch - SuperFractor,185,Man-Wolf,TRUE
2026 Topps Neon,Neon Etch - SuperFractor,186,High Evolutionary,TRUE
2026 Topps Neon,Neon Etch - SuperFractor,187,Whiplash,TRUE
2026 Topps Neon,Neon Etch - SuperFractor,188,Genis-Vell,TRUE
2026 Topps Neon,Neon Etch - SuperFractor,189,Tigra,TRUE
2026 Topps Neon,Neon Etch - SuperFractor,190,Polaris,TRUE
2026 Topps Neon,Neon Etch - SuperFractor,191,Throg,TRUE
2026 Topps Neon,Neon Etch - SuperFractor,192,Maestro,TRUE
2026 Topps Neon,Neon Etch - SuperFractor,193,Slapstick,TRUE
2026 Topps Neon,Neon Etch - SuperFractor,194,Hallows' Eve,TRUE
2026 Topps Neon,Neon Etch - SuperFractor,195,Cosmic Ghost Rider,TRUE
2026 Topps Neon,Neon Etch - SuperFractor,196,Cypher,TRUE
2026 Topps Neon,Neon Etch - SuperFractor,197,The Maker,TRUE
2026 Topps Neon,Neon Etch - SuperFractor,198,Shang-Chi,TRUE
2026 Topps Neon,Neon Etch - SuperFractor,199,Nimrod,TRUE
2026 Topps Neon,Neon Etch - SuperFractor,200,Mary Jane,TRUE
2026 Topps Neon,MARVEL RIVALS IMAGE VARIATION ,1,Iron Man,TRUE
2026 Topps Neon,MARVEL RIVALS IMAGE VARIATION ,2,Thor,TRUE
2026 Topps Neon,MARVEL RIVALS IMAGE VARIATION ,3,Captain America,TRUE
2026 Topps Neon,MARVEL RIVALS IMAGE VARIATION ,4,Spider-Man,TRUE
2026 Topps Neon,MARVEL RIVALS IMAGE VARIATION ,5,Hulk,TRUE
2026 Topps Neon,MARVEL RIVALS IMAGE VARIATION ,10,Scarlet Witch,TRUE
2026 Topps Neon,MARVEL RIVALS IMAGE VARIATION ,14,Doctor Strange,TRUE
2026 Topps Neon,MARVEL RIVALS IMAGE VARIATION ,19,Daredevil,TRUE
2026 Topps Neon,MARVEL RIVALS IMAGE VARIATION ,24,Moon Knight,TRUE
2026 Topps Neon,MARVEL RIVALS IMAGE VARIATION ,29,The Thing,TRUE
2026 Topps Neon,MARVEL RIVALS IMAGE VARIATION ,41,Phoenix,TRUE
2026 Topps Neon,MARVEL RIVALS IMAGE VARIATION ,43,Magneto,TRUE
2026 Topps Neon,MARVEL RIVALS IMAGE VARIATION ,50,Magik,TRUE
2026 Topps Neon,MARVEL RIVALS IMAGE VARIATION ,53,Gambit,TRUE
2026 Topps Neon,MARVEL RIVALS IMAGE VARIATION ,61,Emma Frost,TRUE
2026 Topps Neon,MARVEL RIVALS IMAGE VARIATION ,67,Black Panther,TRUE
2026 Topps Neon,MARVEL RIVALS IMAGE VARIATION ,73,Angela,TRUE
2026 Topps Neon,MARVEL RIVALS IMAGE VARIATION ,86,Hela,TRUE
2026 Topps Neon,MARVEL RIVALS IMAGE VARIATION ,129,Jeff The Land Shark,TRUE
2026 Topps Neon,MARVEL RIVALS IMAGE VARIATION ,142,Luna Snow,TRUE
2026 Topps Neon,MARVEL RIVALS  - Gold,1,Iron Man,TRUE
2026 Topps Neon,MARVEL RIVALS  - Gold,2,Thor,TRUE
2026 Topps Neon,MARVEL RIVALS  - Gold,3,Captain America,TRUE
2026 Topps Neon,MARVEL RIVALS  - Gold,4,Spider-Man,TRUE
2026 Topps Neon,MARVEL RIVALS  - Gold,5,Hulk,TRUE
2026 Topps Neon,MARVEL RIVALS  - Gold,10,Scarlet Witch,TRUE
2026 Topps Neon,MARVEL RIVALS  - Gold,14,Doctor Strange,TRUE
2026 Topps Neon,MARVEL RIVALS  - Gold,19,Daredevil,TRUE
2026 Topps Neon,MARVEL RIVALS  - Gold,24,Moon Knight,TRUE
2026 Topps Neon,MARVEL RIVALS  - Gold,29,The Thing,TRUE
2026 Topps Neon,MARVEL RIVALS  - Gold,41,Phoenix,TRUE
2026 Topps Neon,MARVEL RIVALS  - Gold,43,Magneto,TRUE
2026 Topps Neon,MARVEL RIVALS  - Gold,50,Magik,TRUE
2026 Topps Neon,MARVEL RIVALS  - Gold,53,Gambit,TRUE
2026 Topps Neon,MARVEL RIVALS  - Gold,61,Emma Frost,TRUE
2026 Topps Neon,MARVEL RIVALS  - Gold,67,Black Panther,TRUE
2026 Topps Neon,MARVEL RIVALS  - Gold,73,Angela,TRUE
2026 Topps Neon,MARVEL RIVALS  - Gold,86,Hela,TRUE
2026 Topps Neon,MARVEL RIVALS  - Gold,129,Jeff The Land Shark,TRUE
2026 Topps Neon,MARVEL RIVALS  - Gold,142,Luna Snow,TRUE
2026 Topps Neon,MARVEL RIVALS  - Orange,1,Iron Man,TRUE
2026 Topps Neon,MARVEL RIVALS  - Orange,2,Thor,TRUE
2026 Topps Neon,MARVEL RIVALS  - Orange,3,Captain America,TRUE
2026 Topps Neon,MARVEL RIVALS  - Orange,4,Spider-Man,TRUE
2026 Topps Neon,MARVEL RIVALS  - Orange,5,Hulk,TRUE
2026 Topps Neon,MARVEL RIVALS  - Orange,10,Scarlet Witch,TRUE
2026 Topps Neon,MARVEL RIVALS  - Orange,14,Doctor Strange,TRUE
2026 Topps Neon,MARVEL RIVALS  - Orange,19,Daredevil,TRUE
2026 Topps Neon,MARVEL RIVALS  - Orange,24,Moon Knight,TRUE
2026 Topps Neon,MARVEL RIVALS  - Orange,29,The Thing,TRUE
2026 Topps Neon,MARVEL RIVALS  - Orange,41,Phoenix,TRUE
2026 Topps Neon,MARVEL RIVALS  - Orange,43,Magneto,TRUE
2026 Topps Neon,MARVEL RIVALS  - Orange,50,Magik,TRUE
2026 Topps Neon,MARVEL RIVALS  - Orange,53,Gambit,TRUE
2026 Topps Neon,MARVEL RIVALS  - Orange,61,Emma Frost,TRUE
2026 Topps Neon,MARVEL RIVALS  - Orange,67,Black Panther,TRUE
2026 Topps Neon,MARVEL RIVALS  - Orange,73,Angela,TRUE
2026 Topps Neon,MARVEL RIVALS  - Orange,86,Hela,TRUE
2026 Topps Neon,MARVEL RIVALS  - Orange,129,Jeff The Land Shark,TRUE
2026 Topps Neon,MARVEL RIVALS  - Orange,142,Luna Snow,TRUE
2026 Topps Neon,MARVEL RIVALS  - Black,1,Iron Man,TRUE
2026 Topps Neon,MARVEL RIVALS  - Black,2,Thor,TRUE
2026 Topps Neon,MARVEL RIVALS  - Black,3,Captain America,TRUE
2026 Topps Neon,MARVEL RIVALS  - Black,4,Spider-Man,TRUE
2026 Topps Neon,MARVEL RIVALS  - Black,5,Hulk,TRUE
2026 Topps Neon,MARVEL RIVALS  - Black,10,Scarlet Witch,TRUE
2026 Topps Neon,MARVEL RIVALS  - Black,14,Doctor Strange,TRUE
2026 Topps Neon,MARVEL RIVALS  - Black,19,Daredevil,TRUE
2026 Topps Neon,MARVEL RIVALS  - Black,24,Moon Knight,TRUE
2026 Topps Neon,MARVEL RIVALS  - Black,29,The Thing,TRUE
2026 Topps Neon,MARVEL RIVALS  - Black,41,Phoenix,TRUE
2026 Topps Neon,MARVEL RIVALS  - Black,43,Magneto,TRUE
2026 Topps Neon,MARVEL RIVALS  - Black,50,Magik,TRUE
2026 Topps Neon,MARVEL RIVALS  - Black,53,Gambit,TRUE
2026 Topps Neon,MARVEL RIVALS  - Black,61,Emma Frost,TRUE
2026 Topps Neon,MARVEL RIVALS  - Black,67,Black Panther,TRUE
2026 Topps Neon,MARVEL RIVALS  - Black,73,Angela,TRUE
2026 Topps Neon,MARVEL RIVALS  - Black,86,Hela,TRUE
2026 Topps Neon,MARVEL RIVALS  - Black,129,Jeff The Land Shark,TRUE
2026 Topps Neon,MARVEL RIVALS  - Black,142,Luna Snow,TRUE
2026 Topps Neon,MARVEL RIVALS  - Red,1,Iron Man,TRUE
2026 Topps Neon,MARVEL RIVALS  - Red,2,Thor,TRUE
2026 Topps Neon,MARVEL RIVALS  - Red,3,Captain America,TRUE
2026 Topps Neon,MARVEL RIVALS  - Red,4,Spider-Man,TRUE
2026 Topps Neon,MARVEL RIVALS  - Red,5,Hulk,TRUE
2026 Topps Neon,MARVEL RIVALS  - Red,10,Scarlet Witch,TRUE
2026 Topps Neon,MARVEL RIVALS  - Red,14,Doctor Strange,TRUE
2026 Topps Neon,MARVEL RIVALS  - Red,19,Daredevil,TRUE
2026 Topps Neon,MARVEL RIVALS  - Red,24,Moon Knight,TRUE
2026 Topps Neon,MARVEL RIVALS  - Red,29,The Thing,TRUE
2026 Topps Neon,MARVEL RIVALS  - Red,41,Phoenix,TRUE
2026 Topps Neon,MARVEL RIVALS  - Red,43,Magneto,TRUE
2026 Topps Neon,MARVEL RIVALS  - Red,50,Magik,TRUE
2026 Topps Neon,MARVEL RIVALS  - Red,53,Gambit,TRUE
2026 Topps Neon,MARVEL RIVALS  - Red,61,Emma Frost,TRUE
2026 Topps Neon,MARVEL RIVALS  - Red,67,Black Panther,TRUE
2026 Topps Neon,MARVEL RIVALS  - Red,73,Angela,TRUE
2026 Topps Neon,MARVEL RIVALS  - Red,86,Hela,TRUE
2026 Topps Neon,MARVEL RIVALS  - Red,129,Jeff The Land Shark,TRUE
2026 Topps Neon,MARVEL RIVALS  - Red,142,Luna Snow,TRUE
2026 Topps Neon,MARVEL RIVALS  - FoilFractor,1,Iron Man,TRUE
2026 Topps Neon,MARVEL RIVALS  - FoilFractor,2,Thor,TRUE
2026 Topps Neon,MARVEL RIVALS  - FoilFractor,3,Captain America,TRUE
2026 Topps Neon,MARVEL RIVALS  - FoilFractor,4,Spider-Man,TRUE
2026 Topps Neon,MARVEL RIVALS  - FoilFractor,5,Hulk,TRUE
2026 Topps Neon,MARVEL RIVALS  - FoilFractor,10,Scarlet Witch,TRUE
2026 Topps Neon,MARVEL RIVALS  - FoilFractor,14,Doctor Strange,TRUE
2026 Topps Neon,MARVEL RIVALS  - FoilFractor,19,Daredevil,TRUE
2026 Topps Neon,MARVEL RIVALS  - FoilFractor,24,Moon Knight,TRUE
2026 Topps Neon,MARVEL RIVALS  - FoilFractor,29,The Thing,TRUE
2026 Topps Neon,MARVEL RIVALS  - FoilFractor,41,Phoenix,TRUE
2026 Topps Neon,MARVEL RIVALS  - FoilFractor,43,Magneto,TRUE
2026 Topps Neon,MARVEL RIVALS  - FoilFractor,50,Magik,TRUE
2026 Topps Neon,MARVEL RIVALS  - FoilFractor,53,Gambit,TRUE
2026 Topps Neon,MARVEL RIVALS  - FoilFractor,61,Emma Frost,TRUE
2026 Topps Neon,MARVEL RIVALS  - FoilFractor,67,Black Panther,TRUE
2026 Topps Neon,MARVEL RIVALS  - FoilFractor,73,Angela,TRUE
2026 Topps Neon,MARVEL RIVALS  - FoilFractor,86,Hela,TRUE
2026 Topps Neon,MARVEL RIVALS  - FoilFractor,129,Jeff The Land Shark,TRUE
2026 Topps Neon,MARVEL RIVALS  - FoilFractor,142,Luna Snow,TRUE
2026 Topps Neon,SUPER BOX DESIGN,1,Iron Man,TRUE
2026 Topps Neon,SUPER BOX DESIGN,2,Thor,TRUE
2026 Topps Neon,SUPER BOX DESIGN,3,Captain America,TRUE
2026 Topps Neon,SUPER BOX DESIGN,4,Spider-Man,TRUE
2026 Topps Neon,SUPER BOX DESIGN,5,Hulk,TRUE
2026 Topps Neon,SUPER BOX DESIGN,6,Hawkeye,TRUE
2026 Topps Neon,SUPER BOX DESIGN,7,Black Widow,TRUE
2026 Topps Neon,SUPER BOX DESIGN,8,Captain Marvel,TRUE
2026 Topps Neon,SUPER BOX DESIGN,9,Wolverine,TRUE
2026 Topps Neon,SUPER BOX DESIGN,10,Scarlet Witch,TRUE
2026 Topps Neon,SUPER BOX DESIGN,11,Quicksilver,TRUE
2026 Topps Neon,SUPER BOX DESIGN,12,Vision,TRUE
2026 Topps Neon,SUPER BOX DESIGN,13,Ultron,TRUE
2026 Topps Neon,SUPER BOX DESIGN,14,Doctor Strange,TRUE
2026 Topps Neon,SUPER BOX DESIGN,15,Mephisto,TRUE
2026 Topps Neon,SUPER BOX DESIGN,16,Thanos,TRUE
2026 Topps Neon,SUPER BOX DESIGN,17,Loki,TRUE
2026 Topps Neon,SUPER BOX DESIGN,18,Odin,TRUE
2026 Topps Neon,SUPER BOX DESIGN,19,Daredevil,TRUE
2026 Topps Neon,SUPER BOX DESIGN,20,Dragonfire,TRUE
2026 Topps Neon,SUPER BOX DESIGN,21,Ant-Man,TRUE
2026 Topps Neon,SUPER BOX DESIGN,22,Iron Fist,TRUE
2026 Topps Neon,SUPER BOX DESIGN,23,X-23,TRUE
2026 Topps Neon,SUPER BOX DESIGN,24,Moon Knight,TRUE
2026 Topps Neon,SUPER BOX DESIGN,25,Jessica Jones,TRUE
2026 Topps Neon,SUPER BOX DESIGN,26,Namor,TRUE
2026 Topps Neon,SUPER BOX DESIGN,27,Taskmaster,TRUE
2026 Topps Neon,SUPER BOX DESIGN,28,Kang The Conqueror,TRUE
2026 Topps Neon,SUPER BOX DESIGN,29,The Thing,TRUE
2026 Topps Neon,SUPER BOX DESIGN,30,Human Torch,TRUE
2026 Topps Neon,SUPER BOX DESIGN,31,Invisible Woman,TRUE
2026 Topps Neon,SUPER BOX DESIGN,32,Mister Fantastic,TRUE
2026 Topps Neon,SUPER BOX DESIGN,33,Ransom,TRUE
2026 Topps Neon,SUPER BOX DESIGN,34,Silver Surfer,TRUE
2026 Topps Neon,SUPER BOX DESIGN,35,Sword Master,TRUE
2026 Topps Neon,SUPER BOX DESIGN,36,Doctor Doom,TRUE
2026 Topps Neon,SUPER BOX DESIGN,37,Ms. Marvel,TRUE
2026 Topps Neon,SUPER BOX DESIGN,38,Ghost-Spider,TRUE
2026 Topps Neon,SUPER BOX DESIGN,39,Professor X,TRUE
2026 Topps Neon,SUPER BOX DESIGN,40,Cyclops,TRUE
2026 Topps Neon,SUPER BOX DESIGN,41,Phoenix,TRUE
2026 Topps Neon,SUPER BOX DESIGN,42,Beast,TRUE
2026 Topps Neon,SUPER BOX DESIGN,43,Magneto,TRUE
2026 Topps Neon,SUPER BOX DESIGN,44,Mister Sinister,TRUE
2026 Topps Neon,SUPER BOX DESIGN,45,Cable,TRUE
2026 Topps Neon,SUPER BOX DESIGN,46,Iceman,TRUE
2026 Topps Neon,SUPER BOX DESIGN,47,Archangel,TRUE
2026 Topps Neon,SUPER BOX DESIGN,48,Storm,TRUE
2026 Topps Neon,SUPER BOX DESIGN,49,Colossus,TRUE
2026 Topps Neon,SUPER BOX DESIGN,50,Magik,TRUE
2026 Topps Neon,SUPER BOX DESIGN,51,Jubilee,TRUE
2026 Topps Neon,SUPER BOX DESIGN,52,Rogue,TRUE
2026 Topps Neon,SUPER BOX DESIGN,53,Gambit,TRUE
2026 Topps Neon,SUPER BOX DESIGN,54,Kitty Pryde,TRUE
2026 Topps Neon,SUPER BOX DESIGN,55,Juggernaut,TRUE
2026 Topps Neon,SUPER BOX DESIGN,56,America Chavez,TRUE
2026 Topps Neon,SUPER BOX DESIGN,57,Squirrel Girl,TRUE
2026 Topps Neon,SUPER BOX DESIGN,58,Hulkette,TRUE
2026 Topps Neon,SUPER BOX DESIGN,59,Dazzler,TRUE
2026 Topps Neon,SUPER BOX DESIGN,60,Silver Samurai,TRUE
2026 Topps Neon,SUPER BOX DESIGN,61,Emma Frost,TRUE
2026 Topps Neon,SUPER BOX DESIGN,62,Wasp,TRUE
2026 Topps Neon,SUPER BOX DESIGN,63,Elektra,TRUE
2026 Topps Neon,SUPER BOX DESIGN,64,Misty Knight,TRUE
2026 Topps Neon,SUPER BOX DESIGN,65,Miles Morales,TRUE
2026 Topps Neon,SUPER BOX DESIGN,66,Kate Bishop,TRUE
2026 Topps Neon,SUPER BOX DESIGN,67,Black Panther,TRUE
2026 Topps Neon,SUPER BOX DESIGN,68,Killmonger,TRUE
2026 Topps Neon,SUPER BOX DESIGN,69,Adam Warlock,TRUE
2026 Topps Neon,SUPER BOX DESIGN,70,Gladiator,TRUE
2026 Topps Neon,SUPER BOX DESIGN,71,Black Bolt,TRUE
2026 Topps Neon,SUPER BOX DESIGN,72,Medusa,TRUE
2026 Topps Neon,SUPER BOX DESIGN,73,Angela,TRUE
2026 Topps Neon,SUPER BOX DESIGN,74,Star-Lord,TRUE
2026 Topps Neon,SUPER BOX DESIGN,75,Groot,TRUE
2026 Topps Neon,SUPER BOX DESIGN,76,Schwarzschild,TRUE
2026 Topps Neon,SUPER BOX DESIGN,77,Rocket Raccoon,TRUE
2026 Topps Neon,SUPER BOX DESIGN,78,Drax,TRUE
2026 Topps Neon,SUPER BOX DESIGN,79,Chthon,TRUE
2026 Topps Neon,SUPER BOX DESIGN,80,Havok,TRUE
2026 Topps Neon,SUPER BOX DESIGN,81,Nova,TRUE
2026 Topps Neon,SUPER BOX DESIGN,82,Man-Thing,TRUE
2026 Topps Neon,SUPER BOX DESIGN,83,Kid Gladiator,TRUE
2026 Topps Neon,SUPER BOX DESIGN,84,Fin Fang Foom,TRUE
2026 Topps Neon,SUPER BOX DESIGN,85,Beta Ray Bill,TRUE
2026 Topps Neon,SUPER BOX DESIGN,86,Hela,TRUE
2026 Topps Neon,SUPER BOX DESIGN,87,Captain America,TRUE
2026 Topps Neon,SUPER BOX DESIGN,88,Dormammu,TRUE
2026 Topps Neon,SUPER BOX DESIGN,89,Batroc,TRUE
2026 Topps Neon,SUPER BOX DESIGN,90,Mighty Thor,TRUE
2026 Topps Neon,SUPER BOX DESIGN,91,Mystique,TRUE
2026 Topps Neon,SUPER BOX DESIGN,92,Omega Red,TRUE
2026 Topps Neon,SUPER BOX DESIGN,93,Sabretooth,TRUE
2026 Topps Neon,SUPER BOX DESIGN,94,Wonder Man,TRUE
2026 Topps Neon,SUPER BOX DESIGN,95,Green Goblin,TRUE
2026 Topps Neon,SUPER BOX DESIGN,96,Venom,TRUE
2026 Topps Neon,SUPER BOX DESIGN,97,Carnage,TRUE
2026 Topps Neon,SUPER BOX DESIGN,98,Iron Cat,TRUE
2026 Topps Neon,SUPER BOX DESIGN,99,Lizard,TRUE
2026 Topps Neon,SUPER BOX DESIGN,100,Shocker,TRUE
2026 Topps Neon,GLOW UP,GU-1,Thor,TRUE
2026 Topps Neon,GLOW UP,GU-2,Scarlet Witch,TRUE
2026 Topps Neon,GLOW UP,GU-3,Spider-Man,TRUE
2026 Topps Neon,GLOW UP,GU-4,X-23,TRUE
2026 Topps Neon,GLOW UP,GU-5,Rogue,TRUE
2026 Topps Neon,GLOW UP,GU-6,She-Hulk,TRUE
2026 Topps Neon,GLOW UP,GU-7,Magik,TRUE
2026 Topps Neon,GLOW UP,GU-8,Hulk,TRUE
2026 Topps Neon,GLOW UP,GU-9,Kingpin,TRUE
2026 Topps Neon,GLOW UP,GU-10,Jean Grey,TRUE
2026 Topps Neon,GLOW UP,GU-11,Ghost Rider,TRUE
2026 Topps Neon,GLOW UP,GU-12,Cyclops,TRUE
2026 Topps Neon,GLOW UP,GU-13,Captain Marvel,TRUE
2026 Topps Neon,GLOW UP,GU-14,Black Panther,TRUE
2026 Topps Neon,GLOW UP,GU-15,Captain America,TRUE
2026 Topps Neon,GLOW UP,GU-16,Iceman,TRUE
2026 Topps Neon,GLOW UP,GU-17,Professor X,TRUE
2026 Topps Neon,GLOW UP,GU-18,Firestar,TRUE
2026 Topps Neon,GLOW UP,GU-19,Havok,TRUE
2026 Topps Neon,GLOW UP,GU-20,Bishop,TRUE
2026 Topps Neon,GLOW UP - Gold,GU-1,Thor,TRUE
2026 Topps Neon,GLOW UP - Gold,GU-2,Scarlet Witch,TRUE
2026 Topps Neon,GLOW UP - Gold,GU-3,Spider-Man,TRUE
2026 Topps Neon,GLOW UP - Gold,GU-4,X-23,TRUE
2026 Topps Neon,GLOW UP - Gold,GU-5,Rogue,TRUE
2026 Topps Neon,GLOW UP - Gold,GU-6,She-Hulk,TRUE
2026 Topps Neon,GLOW UP - Gold,GU-7,Magik,TRUE
2026 Topps Neon,GLOW UP - Gold,GU-8,Hulk,TRUE
2026 Topps Neon,GLOW UP - Gold,GU-9,Kingpin,TRUE
2026 Topps Neon,GLOW UP - Gold,GU-10,Jean Grey,TRUE
2026 Topps Neon,GLOW UP - Gold,GU-11,Ghost Rider,TRUE
2026 Topps Neon,GLOW UP - Gold,GU-12,Cyclops,TRUE
2026 Topps Neon,GLOW UP - Gold,GU-13,Captain Marvel,TRUE
2026 Topps Neon,GLOW UP - Gold,GU-14,Black Panther,TRUE
2026 Topps Neon,GLOW UP - Gold,GU-15,Captain America,TRUE
2026 Topps Neon,GLOW UP - Gold,GU-16,Iceman,TRUE
2026 Topps Neon,GLOW UP - Gold,GU-17,Professor X,TRUE
2026 Topps Neon,GLOW UP - Gold,GU-18,Firestar,TRUE
2026 Topps Neon,GLOW UP - Gold,GU-19,Havok,TRUE
2026 Topps Neon,GLOW UP - Gold,GU-20,Bishop,TRUE
2026 Topps Neon,GLOW UP - Orange,GU-1,Thor,TRUE
2026 Topps Neon,GLOW UP - Orange,GU-2,Scarlet Witch,TRUE
2026 Topps Neon,GLOW UP - Orange,GU-3,Spider-Man,TRUE
2026 Topps Neon,GLOW UP - Orange,GU-4,X-23,TRUE
2026 Topps Neon,GLOW UP - Orange,GU-5,Rogue,TRUE
2026 Topps Neon,GLOW UP - Orange,GU-6,She-Hulk,TRUE
2026 Topps Neon,GLOW UP - Orange,GU-7,Magik,TRUE
2026 Topps Neon,GLOW UP - Orange,GU-8,Hulk,TRUE
2026 Topps Neon,GLOW UP - Orange,GU-9,Kingpin,TRUE
2026 Topps Neon,GLOW UP - Orange,GU-10,Jean Grey,TRUE
2026 Topps Neon,GLOW UP - Orange,GU-11,Ghost Rider,TRUE
2026 Topps Neon,GLOW UP - Orange,GU-12,Cyclops,TRUE
2026 Topps Neon,GLOW UP - Orange,GU-13,Captain Marvel,TRUE
2026 Topps Neon,GLOW UP - Orange,GU-14,Black Panther,TRUE
2026 Topps Neon,GLOW UP - Orange,GU-15,Captain America,TRUE
2026 Topps Neon,GLOW UP - Orange,GU-16,Iceman,TRUE
2026 Topps Neon,GLOW UP - Orange,GU-17,Professor X,TRUE
2026 Topps Neon,GLOW UP - Orange,GU-18,Firestar,TRUE
2026 Topps Neon,GLOW UP - Orange,GU-19,Havok,TRUE
2026 Topps Neon,GLOW UP - Orange,GU-20,Bishop,TRUE
2026 Topps Neon,GLOW UP - Black,GU-1,Thor,TRUE
2026 Topps Neon,GLOW UP - Black,GU-2,Scarlet Witch,TRUE
2026 Topps Neon,GLOW UP - Black,GU-3,Spider-Man,TRUE
2026 Topps Neon,GLOW UP - Black,GU-4,X-23,TRUE
2026 Topps Neon,GLOW UP - Black,GU-5,Rogue,TRUE
2026 Topps Neon,GLOW UP - Black,GU-6,She-Hulk,TRUE
2026 Topps Neon,GLOW UP - Black,GU-7,Magik,TRUE
2026 Topps Neon,GLOW UP - Black,GU-8,Hulk,TRUE
2026 Topps Neon,GLOW UP - Black,GU-9,Kingpin,TRUE
2026 Topps Neon,GLOW UP - Black,GU-10,Jean Grey,TRUE
2026 Topps Neon,GLOW UP - Black,GU-11,Ghost Rider,TRUE
2026 Topps Neon,GLOW UP - Black,GU-12,Cyclops,TRUE
2026 Topps Neon,GLOW UP - Black,GU-13,Captain Marvel,TRUE
2026 Topps Neon,GLOW UP - Black,GU-14,Black Panther,TRUE
2026 Topps Neon,GLOW UP - Black,GU-15,Captain America,TRUE
2026 Topps Neon,GLOW UP - Black,GU-16,Iceman,TRUE
2026 Topps Neon,GLOW UP - Black,GU-17,Professor X,TRUE
2026 Topps Neon,GLOW UP - Black,GU-18,Firestar,TRUE
2026 Topps Neon,GLOW UP - Black,GU-19,Havok,TRUE
2026 Topps Neon,GLOW UP - Black,GU-20,Bishop,TRUE
2026 Topps Neon,GLOW UP -Red,GU-1,Thor,TRUE
2026 Topps Neon,GLOW UP -Red,GU-2,Scarlet Witch,TRUE
2026 Topps Neon,GLOW UP -Red,GU-3,Spider-Man,TRUE
2026 Topps Neon,GLOW UP -Red,GU-4,X-23,TRUE
2026 Topps Neon,GLOW UP -Red,GU-5,Rogue,TRUE
2026 Topps Neon,GLOW UP -Red,GU-6,She-Hulk,TRUE
2026 Topps Neon,GLOW UP -Red,GU-7,Magik,TRUE
2026 Topps Neon,GLOW UP -Red,GU-8,Hulk,TRUE
2026 Topps Neon,GLOW UP -Red,GU-9,Kingpin,TRUE
2026 Topps Neon,GLOW UP -Red,GU-10,Jean Grey,TRUE
2026 Topps Neon,GLOW UP -Red,GU-11,Ghost Rider,TRUE
2026 Topps Neon,GLOW UP -Red,GU-12,Cyclops,TRUE
2026 Topps Neon,GLOW UP -Red,GU-13,Captain Marvel,TRUE
2026 Topps Neon,GLOW UP -Red,GU-14,Black Panther,TRUE
2026 Topps Neon,GLOW UP -Red,GU-15,Captain America,TRUE
2026 Topps Neon,GLOW UP -Red,GU-16,Iceman,TRUE
2026 Topps Neon,GLOW UP -Red,GU-17,Professor X,TRUE
2026 Topps Neon,GLOW UP -Red,GU-18,Firestar,TRUE
2026 Topps Neon,GLOW UP -Red,GU-19,Havok,TRUE
2026 Topps Neon,GLOW UP -Red,GU-20,Bishop,TRUE
2026 Topps Neon,GLOW UP - FoilFractor,GU-1,Thor,TRUE
2026 Topps Neon,GLOW UP - FoilFractor,GU-2,Scarlet Witch,TRUE
2026 Topps Neon,GLOW UP - FoilFractor,GU-3,Spider-Man,TRUE
2026 Topps Neon,GLOW UP - FoilFractor,GU-4,X-23,TRUE
2026 Topps Neon,GLOW UP - FoilFractor,GU-5,Rogue,TRUE
2026 Topps Neon,GLOW UP - FoilFractor,GU-6,She-Hulk,TRUE
2026 Topps Neon,GLOW UP - FoilFractor,GU-7,Magik,TRUE
2026 Topps Neon,GLOW UP - FoilFractor,GU-8,Hulk,TRUE
2026 Topps Neon,GLOW UP - FoilFractor,GU-9,Kingpin,TRUE
2026 Topps Neon,GLOW UP - FoilFractor,GU-10,Jean Grey,TRUE
2026 Topps Neon,GLOW UP - FoilFractor,GU-11,Ghost Rider,TRUE
2026 Topps Neon,GLOW UP - FoilFractor,GU-12,Cyclops,TRUE
2026 Topps Neon,GLOW UP - FoilFractor,GU-13,Captain Marvel,TRUE
2026 Topps Neon,GLOW UP - FoilFractor,GU-14,Black Panther,TRUE
2026 Topps Neon,GLOW UP - FoilFractor,GU-15,Captain America,TRUE
2026 Topps Neon,GLOW UP - FoilFractor,GU-16,Iceman,TRUE
2026 Topps Neon,GLOW UP - FoilFractor,GU-17,Professor X,TRUE
2026 Topps Neon,GLOW UP - FoilFractor,GU-18,Firestar,TRUE
2026 Topps Neon,GLOW UP - FoilFractor,GU-19,Havok,TRUE
2026 Topps Neon,GLOW UP - FoilFractor,GU-20,Bishop,TRUE
2026 Topps Neon,FRIENDLY NEIGHBORHOOD SPIDER MAN,FNS-1,Spider-Man,TRUE
2026 Topps Neon,FRIENDLY NEIGHBORHOOD SPIDER MAN,FNS-2,Norman Osborn,TRUE
2026 Topps Neon,FRIENDLY NEIGHBORHOOD SPIDER MAN,FNS-3,Daredevil,TRUE
2026 Topps Neon,FRIENDLY NEIGHBORHOOD SPIDER MAN,FNS-4,May Parker,TRUE
2026 Topps Neon,FRIENDLY NEIGHBORHOOD SPIDER MAN,FNS-5,Dr. Otto Octavius,TRUE
2026 Topps Neon,FRIENDLY NEIGHBORHOOD SPIDER MAN,FNS-6,Carmilla Black,TRUE
2026 Topps Neon,FRIENDLY NEIGHBORHOOD SPIDER MAN,FNS-7,Scorpion,TRUE
2026 Topps Neon,FRIENDLY NEIGHBORHOOD SPIDER MAN,FNS-8,Doctor Strange,TRUE
2026 Topps Neon,FRIENDLY NEIGHBORHOOD SPIDER MAN,FNS-9,Iron Man,TRUE
2026 Topps Neon,FRIENDLY NEIGHBORHOOD SPIDER MAN,FNS-10,Thaddeus Ross,TRUE
2026 Topps Neon,FRIENDLY NEIGHBORHOOD SPIDER MAN,FNS-11,Lonnie Lincoln,TRUE
2026 Topps Neon,FRIENDLY NEIGHBORHOOD SPIDER MAN,FNS-12,Nico Minoru,TRUE
2026 Topps Neon,FRIENDLY NEIGHBORHOOD SPIDER MAN,FNS-13,Harry Osborn,TRUE
2026 Topps Neon,FRIENDLY NEIGHBORHOOD SPIDER MAN,FNS-14,Big Donovan,TRUE
2026 Topps Neon,FRIENDLY NEIGHBORHOOD SPIDER MAN,FNS-15,Chameleon,TRUE
2026 Topps Neon,FRIENDLY NEIGHBORHOOD SPIDER MAN,FNS-16,Bulldozer,TRUE
2026 Topps Neon,FRIENDLY NEIGHBORHOOD SPIDER MAN,FNS-17,Butane,TRUE
2026 Topps Neon,FRIENDLY NEIGHBORHOOD SPIDER MAN,FNS-18,Mila Masaryk,TRUE
2026 Topps Neon,FRIENDLY NEIGHBORHOOD SPIDER MAN,FNS-19,Symbiotic Alien,TRUE
2026 Topps Neon,FRIENDLY NEIGHBORHOOD SPIDER MAN,FNS-20,Mikhail Sytsevich,TRUE
2026 Topps Neon,PET AVENGERS ASSEMBLE,PAA-1,Devil Dinosaur,TRUE
2026 Topps Neon,PET AVENGERS ASSEMBLE,PAA-2,Lockjaw,TRUE
2026 Topps Neon,PET AVENGERS ASSEMBLE,PAA-3,Throg,TRUE
2026 Topps Neon,PET AVENGERS ASSEMBLE,PAA-4,Tippy-Toe,TRUE
2026 Topps Neon,PET AVENGERS ASSEMBLE,PAA-5,Bats,TRUE
2026 Topps Neon,PET AVENGERS ASSEMBLE,PAA-6,Jeff The Land Shark,TRUE
2026 Topps Neon,PET AVENGERS ASSEMBLE,PAA-7,Alligator Loki,TRUE
2026 Topps Neon,PET AVENGERS ASSEMBLE,PAA-8,Cosmo,TRUE
2026 Topps Neon,PET AVENGERS ASSEMBLE,PAA-9,Chewie,TRUE
2026 Topps Neon,PET AVENGERS ASSEMBLE,PAA-10,Lucky The Pizza Dog,TRUE
2026 Topps Neon,PET AVENGERS- Gold,PAA-1,Devil Dinosaur,TRUE
2026 Topps Neon,PET AVENGERS- Gold,PAA-2,Lockjaw,TRUE
2026 Topps Neon,PET AVENGERS- Gold,PAA-3,Throg,TRUE
2026 Topps Neon,PET AVENGERS- Gold,PAA-4,Tippy-Toe,TRUE
2026 Topps Neon,PET AVENGERS- Gold,PAA-5,Bats,TRUE
2026 Topps Neon,PET AVENGERS- Gold,PAA-6,Jeff The Land Shark,TRUE
2026 Topps Neon,PET AVENGERS- Gold,PAA-7,Alligator Loki,TRUE
2026 Topps Neon,PET AVENGERS- Gold,PAA-8,Cosmo,TRUE
2026 Topps Neon,PET AVENGERS- Gold,PAA-9,Chewie,TRUE
2026 Topps Neon,PET AVENGERS- Gold,PAA-10,Lucky The Pizza Dog,TRUE
2026 Topps Neon,PET AVENGERS- Orange,PAA-1,Devil Dinosaur,TRUE
2026 Topps Neon,PET AVENGERS- Orange,PAA-2,Lockjaw,TRUE
2026 Topps Neon,PET AVENGERS- Orange,PAA-3,Throg,TRUE
2026 Topps Neon,PET AVENGERS- Orange,PAA-4,Tippy-Toe,TRUE
2026 Topps Neon,PET AVENGERS- Orange,PAA-5,Bats,TRUE
2026 Topps Neon,PET AVENGERS- Orange,PAA-6,Jeff The Land Shark,TRUE
2026 Topps Neon,PET AVENGERS- Orange,PAA-7,Alligator Loki,TRUE
2026 Topps Neon,PET AVENGERS- Orange,PAA-8,Cosmo,TRUE
2026 Topps Neon,PET AVENGERS- Orange,PAA-9,Chewie,TRUE
2026 Topps Neon,PET AVENGERS- Orange,PAA-10,Lucky The Pizza Dog,TRUE
2026 Topps Neon,PET AVENGERS- Black,PAA-1,Devil Dinosaur,TRUE
2026 Topps Neon,PET AVENGERS- Black,PAA-2,Lockjaw,TRUE
2026 Topps Neon,PET AVENGERS- Black,PAA-3,Throg,TRUE
2026 Topps Neon,PET AVENGERS- Black,PAA-4,Tippy-Toe,TRUE
2026 Topps Neon,PET AVENGERS- Black,PAA-5,Bats,TRUE
2026 Topps Neon,PET AVENGERS- Black,PAA-6,Jeff The Land Shark,TRUE
2026 Topps Neon,PET AVENGERS- Black,PAA-7,Alligator Loki,TRUE
2026 Topps Neon,PET AVENGERS- Black,PAA-8,Cosmo,TRUE
2026 Topps Neon,PET AVENGERS- Black,PAA-9,Chewie,TRUE
2026 Topps Neon,PET AVENGERS- Black,PAA-10,Lucky The Pizza Dog,TRUE
2026 Topps Neon,PET AVENGERS- Red,PAA-1,Devil Dinosaur,TRUE
2026 Topps Neon,PET AVENGERS- Red,PAA-2,Lockjaw,TRUE
2026 Topps Neon,PET AVENGERS- Red,PAA-3,Throg,TRUE
2026 Topps Neon,PET AVENGERS- Red,PAA-4,Tippy-Toe,TRUE
2026 Topps Neon,PET AVENGERS- Red,PAA-5,Bats,TRUE
2026 Topps Neon,PET AVENGERS- Red,PAA-6,Jeff The Land Shark,TRUE
2026 Topps Neon,PET AVENGERS- Red,PAA-7,Alligator Loki,TRUE
2026 Topps Neon,PET AVENGERS- Red,PAA-8,Cosmo,TRUE
2026 Topps Neon,PET AVENGERS- Red,PAA-9,Chewie,TRUE
2026 Topps Neon,PET AVENGERS- Red,PAA-10,Lucky The Pizza Dog,TRUE
2026 Topps Neon,PET AVENGERS- FoilFractor,PAA-1,Devil Dinosaur,TRUE
2026 Topps Neon,PET AVENGERS- FoilFractor,PAA-2,Lockjaw,TRUE
2026 Topps Neon,PET AVENGERS- FoilFractor,PAA-3,Throg,TRUE
2026 Topps Neon,PET AVENGERS- FoilFractor,PAA-4,Tippy-Toe,TRUE
2026 Topps Neon,PET AVENGERS- FoilFractor,PAA-5,Bats,TRUE
2026 Topps Neon,PET AVENGERS- FoilFractor,PAA-6,Jeff The Land Shark,TRUE
2026 Topps Neon,PET AVENGERS- FoilFractor,PAA-7,Alligator Loki,TRUE
2026 Topps Neon,PET AVENGERS- FoilFractor,PAA-8,Cosmo,TRUE
2026 Topps Neon,PET AVENGERS- FoilFractor,PAA-9,Chewie,TRUE
2026 Topps Neon,PET AVENGERS- FoilFractor,PAA-10,Lucky The Pizza Dog,TRUE
2026 Topps Neon,MANGA MADNESS,MM-1,Ghost-Spider,TRUE
2026 Topps Neon,MANGA MADNESS,MM-2,Psylocke,TRUE
2026 Topps Neon,MANGA MADNESS,MM-3,Scarlet Witch,TRUE
2026 Topps Neon,MANGA MADNESS,MM-4,Silk,TRUE
2026 Topps Neon,MANGA MADNESS,MM-5,Rogue,TRUE
2026 Topps Neon,MANGA MADNESS,MM-6,Venom,TRUE
2026 Topps Neon,MANGA MADNESS,MM-7,Carnage,TRUE
2026 Topps Neon,MANGA MADNESS,MM-8,Black Cat,TRUE
2026 Topps Neon,MANGA MADNESS,MM-9,Wolverine,TRUE
2026 Topps Neon,MANGA MADNESS,MM-10,Emma Frost,TRUE
2026 Topps Neon,MARVEL SNAP,MS-1,Angela,TRUE
2026 Topps Neon,MARVEL SNAP,MS-2,Apocalypse,TRUE
2026 Topps Neon,MARVEL SNAP,MS-3,Venom,TRUE
2026 Topps Neon,MARVEL SNAP,MS-4,Cyclops,TRUE
2026 Topps Neon,MARVEL SNAP,MS-5,Cosmo,TRUE
2026 Topps Neon,MARVEL SNAP,MS-6,Doctor Doom,TRUE
2026 Topps Neon,MARVEL SNAP,MS-7,Galactus,TRUE
2026 Topps Neon,MARVEL SNAP,MS-8,She-Hulk,TRUE
2026 Topps Neon,MARVEL SNAP,MS-9,Gambit,TRUE
2026 Topps Neon,MARVEL SNAP,MS-10,Green Goblin,TRUE
2026 Topps Neon,MARVEL SNAP,MS-11,Invisible Woman,TRUE
2026 Topps Neon,MARVEL SNAP,MS-12,Hela,TRUE
2026 Topps Neon,MARVEL SNAP,MS-13,Iron Man,TRUE
2026 Topps Neon,MARVEL SNAP,MS-14,Juggernaut,TRUE
2026 Topps Neon,MARVEL SNAP,MS-15,Kitty Pryde,TRUE
2026 Topps Neon,MARVEL SNAP,MS-16,Magneto,TRUE
2026 Topps Neon,MARVEL SNAP,MS-17,Blob,TRUE
2026 Topps Neon,MARVEL SNAP,MS-18,Onslaught,TRUE
2026 Topps Neon,MARVEL SNAP,MS-19,Devil Dinosaur,TRUE
2026 Topps Neon,MARVEL SNAP,MS-20,Terrax The Tamer,TRUE
2026 Topps Neon,1 UP,1UP-1,Venom Carnage,TRUE
2026 Topps Neon,2 UP,1UP-2,Miles Morales Ghost-Spider,TRUE
2026 Topps Neon,3 UP,1UP-3,Mary Jane Black Cat,TRUE
2026 Topps Neon,4 UP,1UP-4,Storm Black Panther,TRUE
2026 Topps Neon,5 UP,1UP-5,Wolverine Hulk,TRUE
2026 Topps Neon,6 UP,1UP-6,X-23 Cyclops,TRUE
2026 Topps Neon,7 UP,1UP-7,Daredevil She-Hulk,TRUE
2026 Topps Neon,8 UP,1UP-8,Iron Man. Captain America,TRUE
2026 Topps Neon,9 UP,1UP-9,Nova Thor,TRUE
2026 Topps Neon,10 UP,1UP-10,Spider-Man Black Widow,TRUE
2026 Topps Neon,NEON HEROINES,NH-1,X-23,TRUE
2026 Topps Neon,NEON HEROINES,NH-2,Silk,TRUE
2026 Topps Neon,NEON HEROINES,NH-3,Psylocke,TRUE
2026 Topps Neon,NEON HEROINES,NH-4,Scarlet Witch,TRUE
2026 Topps Neon,NEON HEROINES,NH-5,Ghost-Spider,TRUE
2026 Topps Neon,NEON HEROINES,NH-6,Clea,TRUE
2026 Topps Neon,NEON HEROINES,NH-7,Mary Jane,TRUE
2026 Topps Neon,NEON HEROINES,NH-8,Firestar,TRUE
2026 Topps Neon,NEON HEROINES,NH-9,Jean Grey,TRUE
2026 Topps Neon,NEON HEROINES,NH-10,Magik,TRUE
2026 Topps Neon,NEON HEROINES,NH-11,Lady Loki,TRUE
2026 Topps Neon,NEON HEROINES,NH-12,Rogue,TRUE
2026 Topps Neon,NEON VILLAINS,NV-1,Doctor Doom,TRUE
2026 Topps Neon,NEON VILLAINS,NV-2,Green Goblin,TRUE
2026 Topps Neon,NEON VILLAINS,NV-3,Galactus,TRUE
2026 Topps Neon,NEON VILLAINS,NV-4,Carnage,TRUE
2026 Topps Neon,NEON VILLAINS,NV-5,Omega Red,TRUE
2026 Topps Neon,NEON VILLAINS,NV-6,Ultron,TRUE
2026 Topps Neon,NEON VILLAINS,NV-7,Magneto,TRUE
2026 Topps Neon,NEON VILLAINS,NV-8,Apocalypse,TRUE
2026 Topps Neon,NEON VILLAINS,NV-9,Invincible Woman,TRUE
2026 Topps Neon,NEON VILLAINS,NV-10,Super-Skrull,TRUE
2026 Topps Neon,NEON TAROTS,NT-1,Doctor Strange,TRUE
2026 Topps Neon,NEON TAROTS,NT-2,Hallows' Eve,TRUE
2026 Topps Neon,NEON TAROTS,NT-3,Scarlet Witch,TRUE
2026 Topps Neon,NEON TAROTS,NT-4,Nico Minoru,TRUE
2026 Topps Neon,NEON TAROTS,NT-5,Ghost Rider,TRUE
2026 Topps Neon,NEON TAROTS,NT-6,Magik,TRUE
2026 Topps Neon,NEON TAROTS,NT-7,Wiccan,TRUE
2026 Topps Neon,NEON TAROTS,NT-8,Red Goblin,TRUE
2026 Topps Neon,NEON TAROTS,NT-9,Andi Benton,TRUE
2026 Topps Neon,NEON TAROTS,NT-10,Clea,TRUE
2026 Topps Neon,NEON TAROTS,NT-11,Blade,TRUE
2026 Topps Neon,NEON TAROTS,NT-12,Hellstrom,TRUE
2026 Topps Neon,MARQUEE MOTION,MM-1,Spider-Man,TRUE
2026 Topps Neon,MARQUEE MOTION,MM-2,Venom + Spider-Man,TRUE
2026 Topps Neon,MARQUEE MOTION,MM-3,Carnage + Spider-Man +Red Goblin,TRUE
2026 Topps Neon,MARQUEE MOTION,MM-4,Red Goblin + Green Goblin,TRUE
2026 Topps Neon,MARQUEE MOTION,MM-5,Ghost-Spider,TRUE
2026 Topps Neon,MARQUEE MOTION,MM-6,Black Cat + Mary Jane,TRUE
2026 Topps Neon,MARQUEE MOTION,MM-7,Phoenix + Dark Phoenix,TRUE
2026 Topps Neon,MARQUEE MOTION,MM-8,Carnage +Venom,TRUE
2026 Topps Neon,MARQUEE MOTION,MM-9,Wolverine +Spider-Man +Venom,TRUE
2026 Topps Neon,MARQUEE MOTION,MM-10,Miles Morales + Green Goblin,TRUE
2026 Topps Neon,MARQUEE MOTION,MM-11,Magik,TRUE
2026 Topps Neon,MANGA MADNESS AUTOGRAPH,MMA-1,Rose Besch,TRUE
2026 Topps Neon,MANGA MADNESS AUTOGRAPH,MMA-2,Rose Besch,TRUE
2026 Topps Neon,MANGA MADNESS AUTOGRAPH,MMA-3,Rose Besch,TRUE
2026 Topps Neon,MANGA MADNESS AUTOGRAPH,MMA-4,Rose Besch,TRUE
2026 Topps Neon,MANGA MADNESS AUTOGRAPH,MMA-5,Rose Besch,TRUE
2026 Topps Neon,MANGA MADNESS AUTOGRAPH,MMA-6,Leirix,TRUE
2026 Topps Neon,MANGA MADNESS AUTOGRAPH,MMA-7,Leirix,TRUE
2026 Topps Neon,MANGA MADNESS AUTOGRAPH,MMA-8,Leirix,TRUE
2026 Topps Neon,MANGA MADNESS AUTOGRAPH,MMA-9,Leirix,TRUE
2026 Topps Neon,MANGA MADNESS AUTOGRAPH,MMA-10,Leirix,TRUE
2026 Topps Neon,FRIENDLY NEIGHBORHOOD SPIDER MAN VOICE ACTOR AUTOS,SVA-AK,Anjali Kunapaneni,TRUE
2026 Topps Neon,FRIENDLY NEIGHBORHOOD SPIDER MAN VOICE ACTOR AUTOS,SVA-CC,Charlie Cox,TRUE
2026 Topps Neon,FRIENDLY NEIGHBORHOOD SPIDER MAN VOICE ACTOR AUTOS,SVA-EB,Eugene Byrd,TRUE
2026 Topps Neon,FRIENDLY NEIGHBORHOOD SPIDER MAN VOICE ACTOR AUTOS,SVA-EE,"Ettore ""Big E"" Ewen",TRUE
2026 Topps Neon,FRIENDLY NEIGHBORHOOD SPIDER MAN VOICE ACTOR AUTOS,SVA-GS,Grace Song,TRUE
2026 Topps Neon,FRIENDLY NEIGHBORHOOD SPIDER MAN VOICE ACTOR AUTOS,SVA-HT,Hudson Thames,TRUE
2026 Topps Neon,FRIENDLY NEIGHBORHOOD SPIDER MAN VOICE ACTOR AUTOS,SVA-JG,Jake Green,TRUE
2026 Topps Neon,FRIENDLY NEIGHBORHOOD SPIDER MAN VOICE ACTOR AUTOS,SVA-JM,Jonathan Medina,TRUE
2026 Topps Neon,FRIENDLY NEIGHBORHOOD SPIDER MAN VOICE ACTOR AUTOS,SVA-KW,Kari Wahlgren,TRUE
2026 Topps Neon,FRIENDLY NEIGHBORHOOD SPIDER MAN VOICE ACTOR AUTOS,SVA-LB,Leilani Barrett,TRUE
2026 Topps Neon,FRIENDLY NEIGHBORHOOD SPIDER MAN VOICE ACTOR AUTOS,SVA-MW,Mick Wingert,TRUE
2026 Topps Neon,FRIENDLY NEIGHBORHOOD SPIDER MAN VOICE ACTOR AUTOS,SVA-RAD,Robin Atkin Downes,TRUE
2026 Topps Neon,FRIENDLY NEIGHBORHOOD SPIDER MAN VOICE ACTOR AUTOS,SVA-SN,Sarah Natochenny,TRUE
2026 Topps Neon,GIANT SIZED BOOKLET AUTOGRAPHS,GS-1,Mister Fantastic,TRUE
2026 Topps Neon,GIANT SIZED BOOKLET AUTOGRAPHS,GS-2,Galactus,TRUE
2026 Topps Neon,GIANT SIZED BOOKLET AUTOGRAPHS,GS-3,Spider-Man,TRUE
2026 Topps Neon,GIANT SIZED BOOKLET AUTOGRAPHS,GS-4,Human Torch,TRUE
2026 Topps Neon,GIANT SIZED BOOKLET AUTOGRAPHS,GS-5,Ghost-Spider,TRUE
2026 Topps Neon,GIANT SIZED BOOKLET AUTOGRAPHS,GS-6,Iron Man,TRUE
2026 Topps Neon,GIANT SIZED BOOKLET AUTOGRAPHS,GS-7,Dark Phoenix,TRUE
2026 Topps Neon,GIANT SIZED BOOKLET AUTOGRAPHS,GS-8,Thor,TRUE
2026 Topps Neon,GIANT SIZED BOOKLET AUTOGRAPHS,GS-9,Thanos,TRUE
2026 Topps Neon,GIANT SIZED BOOKLET AUTOGRAPHS,GS-10,Storm,TRUE
2026 Topps Neon,SKETCH CARD ARTISTS,1,A Jhay,TRUE
2026 Topps Neon,SKETCH CARD ARTISTS,2,Adam Fields,TRUE
2026 Topps Neon,SKETCH CARD ARTISTS,3,Aditya Chandra,TRUE
2026 Topps Neon,SKETCH CARD ARTISTS,4,Al Stefano,TRUE
2026 Topps Neon,SKETCH CARD ARTISTS,5,Alcione Silva,TRUE
2026 Topps Neon,SKETCH CARD ARTISTS,6,Alessandro Micelli,TRUE
2026 Topps Neon,SKETCH CARD ARTISTS,7,Alex Mines,TRUE
2026 Topps Neon,SKETCH CARD ARTISTS,8,Allen Geneta,TRUE
2026 Topps Neon,SKETCH CARD ARTISTS,9,Allenser,TRUE
2026 Topps Neon,SKETCH CARD ARTISTS,10,Andrew Fernandes,TRUE
2026 Topps Neon,SKETCH CARD ARTISTS,11,ANDY TIU,TRUE
2026 Topps Neon,SKETCH CARD ARTISTS,12,Angel Aviles,TRUE
2026 Topps Neon,SKETCH CARD ARTISTS,13,Angelo De Capua,TRUE
2026 Topps Neon,SKETCH CARD ARTISTS,14,Ariel Aguire,TRUE
2026 Topps Neon,SKETCH CARD ARTISTS,15,Ariel Mamani,TRUE
2026 Topps Neon,SKETCH CARD ARTISTS,16,Ash,TRUE
2026 Topps Neon,SKETCH CARD ARTISTS,17,Bella Rachlin,TRUE
2026 Topps Neon,SKETCH CARD ARTISTS,18,Benjamin Lombart,TRUE
2026 Topps Neon,SKETCH CARD ARTISTS,19,Bete Rodrigues,TRUE
2026 Topps Neon,SKETCH CARD ARTISTS,20,BLANCAS,TRUE
2026 Topps Neon,SKETCH CARD ARTISTS,21,Brent Ragland,TRUE
2026 Topps Neon,SKETCH CARD ARTISTS,22,Carlo Allen Victoria,TRUE
2026 Topps Neon,SKETCH CARD ARTISTS,23,Carlton,TRUE
2026 Topps Neon,SKETCH CARD ARTISTS,24,Chao,TRUE
2026 Topps Neon,SKETCH CARD ARTISTS,25,Charlie Cody,TRUE
2026 Topps Neon,SKETCH CARD ARTISTS,26,Chenduz,TRUE
2026 Topps Neon,SKETCH CARD ARTISTS,27,Chris Foreman,TRUE
2026 Topps Neon,SKETCH CARD ARTISTS,28,Chris Meeks,TRUE
2026 Topps Neon,SKETCH CARD ARTISTS,29,Cisco Rivera,TRUE
2026 Topps Neon,SKETCH CARD ARTISTS,30,Clark,TRUE
2026 Topps Neon,SKETCH CARD ARTISTS,31,Court,TRUE
2026 Topps Neon,SKETCH CARD ARTISTS,32,Cyrus Sherkat,TRUE
2026 Topps Neon,SKETCH CARD ARTISTS,33,Daniel Farruggia,TRUE
2026 Topps Neon,SKETCH CARD ARTISTS,34,Daniel M Chavez,TRUE
2026 Topps Neon,SKETCH CARD ARTISTS,35,Daniel Riveron,TRUE
2026 Topps Neon,SKETCH CARD ARTISTS,36,Danny,TRUE
2026 Topps Neon,SKETCH CARD ARTISTS,37,Darrin Pepe,TRUE
2026 Topps Neon,SKETCH CARD ARTISTS,38,Débora Centeio,TRUE
2026 Topps Neon,SKETCH CARD ARTISTS,39,Dexter Wee,TRUE
2026 Topps Neon,SKETCH CARD ARTISTS,40,DMN,TRUE
2026 Topps Neon,SKETCH CARD ARTISTS,41,Dove McHargue,TRUE
2026 Topps Neon,SKETCH CARD ARTISTS,42,DRE,TRUE
2026 Topps Neon,SKETCH CARD ARTISTS,43,Duke,TRUE
2026 Topps Neon,SKETCH CARD ARTISTS,44,DYJ,TRUE
2026 Topps Neon,SKETCH CARD ARTISTS,45,Dylan Riley,TRUE
2026 Topps Neon,SKETCH CARD ARTISTS,46,Elvin A Hernandez,TRUE
2026 Topps Neon,SKETCH CARD ARTISTS,47,"Emmanuel Villafaña ""EMMVILL""",TRUE
2026 Topps Neon,SKETCH CARD ARTISTS,48,Emrah Cildir,TRUE
2026 Topps Neon,SKETCH CARD ARTISTS,49,Eric,TRUE
2026 Topps Neon,SKETCH CARD ARTISTS,50,Eric Lehtonen,TRUE
2026 Topps Neon,SKETCH CARD ARTISTS,51,Ernest Romero,TRUE
2026 Topps Neon,SKETCH CARD ARTISTS,52,Fabio Ramacci,TRUE
2026 Topps Neon,SKETCH CARD ARTISTS,53,FEDZZ,TRUE
2026 Topps Neon,SKETCH CARD ARTISTS,54,Frank A. Kadar,TRUE
2026 Topps Neon,SKETCH CARD ARTISTS,55,Franklim Teixeira,TRUE
2026 Topps Neon,SKETCH CARD ARTISTS,56,Fresia,TRUE
2026 Topps Neon,SKETCH CARD ARTISTS,57,Gabe Farber,TRUE
2026 Topps Neon,SKETCH CARD ARTISTS,58,Gabriel Tardivo,TRUE
2026 Topps Neon,SKETCH CARD ARTISTS,59,Gary Shipman,TRUE
2026 Topps Neon,SKETCH CARD ARTISTS,60,George Vega,TRUE
2026 Topps Neon,SKETCH CARD ARTISTS,61,Gerry Garcia Jr,TRUE
2026 Topps Neon,SKETCH CARD ARTISTS,62,Getatom,TRUE
2026 Topps Neon,SKETCH CARD ARTISTS,63,Gilbert Perez Art,TRUE
2026 Topps Neon,SKETCH CARD ARTISTS,64,Greg Kirkpatrick,TRUE
2026 Topps Neon,SKETCH CARD ARTISTS,65,Greg Treize,TRUE
2026 Topps Neon,SKETCH CARD ARTISTS,66,Hector Barros,TRUE
2026 Topps Neon,SKETCH CARD ARTISTS,67,Hugh Vogt,TRUE
2026 Topps Neon,SKETCH CARD ARTISTS,68,IQ,TRUE
2026 Topps Neon,SKETCH CARD ARTISTS,69,Isiah Xavier Bradley,TRUE
2026 Topps Neon,SKETCH CARD ARTISTS,70,Jason Christner,TRUE
2026 Topps Neon,SKETCH CARD ARTISTS,71,Jason Queen,TRUE
2026 Topps Neon,SKETCH CARD ARTISTS,72,Jason Rodriguez,TRUE
2026 Topps Neon,SKETCH CARD ARTISTS,73,Jason Saldajeno,TRUE
2026 Topps Neon,SKETCH CARD ARTISTS,74,Jason Sobol,TRUE
2026 Topps Neon,SKETCH CARD ARTISTS,75,Jay Peteranetz,TRUE
2026 Topps Neon,SKETCH CARD ARTISTS,76,Jessica Hickman,TRUE
2026 Topps Neon,SKETCH CARD ARTISTS,77,Jezreel L Rojales,TRUE
2026 Topps Neon,SKETCH CARD ARTISTS,78,"Jiaxin ""YinShan"" Sun",TRUE
2026 Topps Neon,SKETCH CARD ARTISTS,79,Jim Dickson,TRUE
2026 Topps Neon,SKETCH CARD ARTISTS,80,Jim O'Riley,TRUE
2026 Topps Neon,SKETCH CARD ARTISTS,81,John Pleak,TRUE
2026 Topps Neon,SKETCH CARD ARTISTS,82,John-Paul Howard,TRUE
2026 Topps Neon,SKETCH CARD ARTISTS,83,JohnruzelJimenez,TRUE
2026 Topps Neon,SKETCH CARD ARTISTS,84,Jojo Hilario,TRUE
2026 Topps Neon,SKETCH CARD ARTISTS,85,Josh Nuñez,TRUE
2026 Topps Neon,SKETCH CARD ARTISTS,86,Keith Farnum,TRUE
2026 Topps Neon,SKETCH CARD ARTISTS,87,Kenny Calderon,TRUE
2026 Topps Neon,SKETCH CARD ARTISTS,88,Kevin Cleveland,TRUE
2026 Topps Neon,SKETCH CARD ARTISTS,89,Kevin Norman,TRUE
2026 Topps Neon,SKETCH CARD ARTISTS,90,Larry Santiago,TRUE
2026 Topps Neon,SKETCH CARD ARTISTS,91,Lee Lightfoot,TRUE
2026 Topps Neon,SKETCH CARD ARTISTS,92,Leon Braojos,TRUE
2026 Topps Neon,SKETCH CARD ARTISTS,93,Loc Nguyen,TRUE
2026 Topps Neon,SKETCH CARD ARTISTS,94,Louis Womble,TRUE
2026 Topps Neon,SKETCH CARD ARTISTS,95,Lucas,TRUE
2026 Topps Neon,SKETCH CARD ARTISTS,96,Macklin,TRUE
2026 Topps Neon,SKETCH CARD ARTISTS,97,Marcia Dye,TRUE
2026 Topps Neon,SKETCH CARD ARTISTS,98,Marco Carrillo,TRUE
2026 Topps Neon,SKETCH CARD ARTISTS,99,Marcus D. Newsome,TRUE
2026 Topps Neon,SKETCH CARD ARTISTS,100,Marlo Martos,TRUE
2026 Topps Neon,SKETCH CARD ARTISTS,101,marservicio,TRUE
2026 Topps Neon,SKETCH CARD ARTISTS,102,Matt Stewart,TRUE
2026 Topps Neon,SKETCH CARD ARTISTS,103,Matthew Lopez,TRUE
2026 Topps Neon,SKETCH CARD ARTISTS,104,Matthew Warlick,TRUE
2026 Topps Neon,SKETCH CARD ARTISTS,105,Michael Mastermaker,TRUE
2026 Topps Neon,SKETCH CARD ARTISTS,106,Mike Dalzell,TRUE
2026 Topps Neon,SKETCH CARD ARTISTS,107,Mirko Di Noia,TRUE
2026 Topps Neon,SKETCH CARD ARTISTS,108,Mohammad Jilani,TRUE
2026 Topps Neon,SKETCH CARD ARTISTS,109,Nathan Nelson,TRUE
2026 Topps Neon,SKETCH CARD ARTISTS,110,Nathanna Érica,TRUE
2026 Topps Neon,SKETCH CARD ARTISTS,111,NerP,TRUE
2026 Topps Neon,SKETCH CARD ARTISTS,112,Nick Gribbon,TRUE
2026 Topps Neon,SKETCH CARD ARTISTS,113,Noval Hernawan,TRUE
2026 Topps Neon,SKETCH CARD ARTISTS,114,Patricio Carrasco,TRUE
2026 Topps Neon,SKETCH CARD ARTISTS,115,Peejay Catacutan,TRUE
2026 Topps Neon,SKETCH CARD ARTISTS,116,Percival Kholoma,TRUE
2026 Topps Neon,SKETCH CARD ARTISTS,117,Rafael Dante,TRUE
2026 Topps Neon,SKETCH CARD ARTISTS,118,Raptorquill,TRUE
2026 Topps Neon,SKETCH CARD ARTISTS,119,Rich Hennemann,TRUE
2026 Topps Neon,SKETCH CARD ARTISTS,120,Richard E. Valbuena a.k.a. Richval,TRUE
2026 Topps Neon,SKETCH CARD ARTISTS,121,Rob Demers,TRUE
2026 Topps Neon,SKETCH CARD ARTISTS,122,Rodel Martin,TRUE
2026 Topps Neon,SKETCH CARD ARTISTS,123,Ronel Gravo,TRUE
2026 Topps Neon,SKETCH CARD ARTISTS,124,Roy Cover,TRUE
2026 Topps Neon,SKETCH CARD ARTISTS,125,Rustico Limosinero,TRUE
2026 Topps Neon,SKETCH CARD ARTISTS,126,Ryan Finley,TRUE
2026 Topps Neon,SKETCH CARD ARTISTS,127,Sherwin Santiago,TRUE
2026 Topps Neon,SKETCH CARD ARTISTS,128,Stephane Leonardi,TRUE
2026 Topps Neon,SKETCH CARD ARTISTS,129,Steve Alce,TRUE
2026 Topps Neon,SKETCH CARD ARTISTS,130,Sturdy,TRUE
2026 Topps Neon,SKETCH CARD ARTISTS,131,Takkun,TRUE
2026 Topps Neon,SKETCH CARD ARTISTS,132,Tim Shinn,TRUE
2026 Topps Neon,SKETCH CARD ARTISTS,133,TOMA,TRUE
2026 Topps Neon,SKETCH CARD ARTISTS,134,uko,TRUE
2026 Topps Neon,SKETCH CARD ARTISTS,135,Will Pleydon,TRUE
2026 Topps Neon,SKETCH CARD ARTISTS,136,ジェイソン (Jason),TRUE
2026 Topps Neon,MARVEL SNAP XL,SXL-1,Angela,TRUE
2026 Topps Neon,MARVEL SNAP XL,SXL-2,Apocalypse,TRUE
2026 Topps Neon,MARVEL SNAP XL,SXL-3,Venom,TRUE
2026 Topps Neon,MARVEL SNAP XL,SXL-4,Cyclops,TRUE
2026 Topps Neon,MARVEL SNAP XL,SXL-5,Cosmo,TRUE
2026 Topps Neon,MARVEL SNAP XL,SXL-6,Doctor Doom,TRUE
2026 Topps Neon,MARVEL SNAP XL,SXL-7,Galactus,TRUE
2026 Topps Neon,MARVEL SNAP XL,SXL-8,She-Hulk,TRUE
2026 Topps Neon,MARVEL SNAP XL,SXL-9,Gambit,TRUE
2026 Topps Neon,MARVEL SNAP XL,SXL-10,Green Goblin,TRUE
2026 Topps Neon,MARVEL SNAP XL,SXL-11,Invisible Woman,TRUE
2026 Topps Neon,MARVEL SNAP XL,SXL-12,Hela,TRUE
2026 Topps Neon,MARVEL SNAP XL,SXL-13,Iron Man,TRUE
2026 Topps Neon,MARVEL SNAP XL,SXL-14,Juggernaut,TRUE
2026 Topps Neon,MARVEL SNAP XL,SXL-15,Onslaught,TRUE
2026 Topps Neon,MARVEL SNAP XL,SXL-16,Magneto,TRUE