Main Set,Subset,Card number,Card Name,Is Insert
2026 Topps Vault Marvel,VAULT ORIGINALS,VO-01,Black Cat,FALSE
2026 Topps Vault Marvel,VAULT ORIGINALS,VO-02,Black Panther,FALSE
2026 Topps Vault Marvel,VAULT ORIGINALS,VO-03,Black Widow,FALSE
2026 Topps Vault Marvel,VAULT ORIGINALS,VO-04,Captain America,FALSE
2026 Topps Vault Marvel,VAULT ORIGINALS,VO-05,Carnage,FALSE
2026 Topps Vault Marvel,VAULT ORIGINALS,VO-06,Phoenix,FALSE
2026 Topps Vault Marvel,VAULT ORIGINALS,VO-07,Ghost-Spider,FALSE
2026 Topps Vault Marvel,VAULT ORIGINALS,VO-08,Hulk,FALSE
2026 Topps Vault Marvel,VAULT ORIGINALS,VO-09,Iron Man,FALSE
2026 Topps Vault Marvel,VAULT ORIGINALS,VO-10,Jeff the Land Shark,FALSE
2026 Topps Vault Marvel,VAULT ORIGINALS,VO-11,Magik,FALSE
2026 Topps Vault Marvel,VAULT ORIGINALS,VO-12,Mary Jane,FALSE
2026 Topps Vault Marvel,VAULT ORIGINALS,VO-13,Moon Knight,FALSE
2026 Topps Vault Marvel,VAULT ORIGINALS,VO-14,Rogue,FALSE
2026 Topps Vault Marvel,VAULT ORIGINALS,VO-15,Scarlet Witch,FALSE
2026 Topps Vault Marvel,VAULT ORIGINALS,VO-16,She-Hulk,FALSE
2026 Topps Vault Marvel,VAULT ORIGINALS,VO-17,Spider-Man,FALSE
2026 Topps Vault Marvel,VAULT ORIGINALS,VO-18,Thor,FALSE
2026 Topps Vault Marvel,VAULT ORIGINALS,VO-19,Venom,FALSE
2026 Topps Vault Marvel,VAULT ORIGINALS,VO-20,Wolverine,FALSE
2026 Topps Vault Marvel,VAULT ORIGINALS - Black,VO-01,Black Cat,TRUE
2026 Topps Vault Marvel,VAULT ORIGINALS - Black,VO-02,Black Panther,TRUE
2026 Topps Vault Marvel,VAULT ORIGINALS - Black,VO-03,Black Widow,TRUE
2026 Topps Vault Marvel,VAULT ORIGINALS - Black,VO-04,Captain America,TRUE
2026 Topps Vault Marvel,VAULT ORIGINALS - Black,VO-05,Carnage,TRUE
2026 Topps Vault Marvel,VAULT ORIGINALS - Black,VO-06,Phoenix,TRUE
2026 Topps Vault Marvel,VAULT ORIGINALS - Black,VO-07,Ghost-Spider,TRUE
2026 Topps Vault Marvel,VAULT ORIGINALS - Black,VO-08,Hulk,TRUE
2026 Topps Vault Marvel,VAULT ORIGINALS - Black,VO-09,Iron Man,TRUE
2026 Topps Vault Marvel,VAULT ORIGINALS - Black,VO-10,Jeff the Land Shark,TRUE
2026 Topps Vault Marvel,VAULT ORIGINALS - Black,VO-11,Magik,TRUE
2026 Topps Vault Marvel,VAULT ORIGINALS - Black,VO-12,Mary Jane,TRUE
2026 Topps Vault Marvel,VAULT ORIGINALS - Black,VO-13,Moon Knight,TRUE
2026 Topps Vault Marvel,VAULT ORIGINALS - Black,VO-14,Rogue,TRUE
2026 Topps Vault Marvel,VAULT ORIGINALS - Black,VO-15,Scarlet Witch,TRUE
2026 Topps Vault Marvel,VAULT ORIGINALS - Black,VO-16,She-Hulk,TRUE
2026 Topps Vault Marvel,VAULT ORIGINALS - Black,VO-17,Spider-Man,TRUE
2026 Topps Vault Marvel,VAULT ORIGINALS - Black,VO-18,Thor,TRUE
2026 Topps Vault Marvel,VAULT ORIGINALS - Black,VO-19,Venom,TRUE
2026 Topps Vault Marvel,VAULT ORIGINALS - Black,VO-20,Wolverine,TRUE
2026 Topps Vault Marvel,VAULT ORIGINALS - RED,VO-01,Black Cat,TRUE
2026 Topps Vault Marvel,VAULT ORIGINALS - RED,VO-02,Black Panther,TRUE
2026 Topps Vault Marvel,VAULT ORIGINALS - RED,VO-03,Black Widow,TRUE
2026 Topps Vault Marvel,VAULT ORIGINALS - RED,VO-04,Captain America,TRUE
2026 Topps Vault Marvel,VAULT ORIGINALS - RED,VO-05,Carnage,TRUE
2026 Topps Vault Marvel,VAULT ORIGINALS - RED,VO-06,Phoenix,TRUE
2026 Topps Vault Marvel,VAULT ORIGINALS - RED,VO-07,Ghost-Spider,TRUE
2026 Topps Vault Marvel,VAULT ORIGINALS - RED,VO-08,Hulk,TRUE
2026 Topps Vault Marvel,VAULT ORIGINALS - RED,VO-09,Iron Man,TRUE
2026 Topps Vault Marvel,VAULT ORIGINALS - RED,VO-10,Jeff the Land Shark,TRUE
2026 Topps Vault Marvel,VAULT ORIGINALS - RED,VO-11,Magik,TRUE
2026 Topps Vault Marvel,VAULT ORIGINALS - RED,VO-12,Mary Jane,TRUE
2026 Topps Vault Marvel,VAULT ORIGINALS - RED,VO-13,Moon Knight,TRUE
2026 Topps Vault Marvel,VAULT ORIGINALS - RED,VO-14,Rogue,TRUE
2026 Topps Vault Marvel,VAULT ORIGINALS - RED,VO-15,Scarlet Witch,TRUE
2026 Topps Vault Marvel,VAULT ORIGINALS - RED,VO-16,She-Hulk,TRUE
2026 Topps Vault Marvel,VAULT ORIGINALS - RED,VO-17,Spider-Man,TRUE
2026 Topps Vault Marvel,VAULT ORIGINALS - RED,VO-18,Thor,TRUE
2026 Topps Vault Marvel,VAULT ORIGINALS - RED,VO-19,Venom,TRUE
2026 Topps Vault Marvel,VAULT ORIGINALS - RED,VO-20,Wolverine,TRUE
2026 Topps Vault Marvel,VAULT ORIGINALS - GOLD,VO-01,Black Cat,TRUE
2026 Topps Vault Marvel,VAULT ORIGINALS - GOLD,VO-02,Black Panther,TRUE
2026 Topps Vault Marvel,VAULT ORIGINALS - GOLD,VO-03,Black Widow,TRUE
2026 Topps Vault Marvel,VAULT ORIGINALS - GOLD,VO-04,Captain America,TRUE
2026 Topps Vault Marvel,VAULT ORIGINALS - GOLD,VO-05,Carnage,TRUE
2026 Topps Vault Marvel,VAULT ORIGINALS - GOLD,VO-06,Phoenix,TRUE
2026 Topps Vault Marvel,VAULT ORIGINALS - GOLD,VO-07,Ghost-Spider,TRUE
2026 Topps Vault Marvel,VAULT ORIGINALS - GOLD,VO-08,Hulk,TRUE
2026 Topps Vault Marvel,VAULT ORIGINALS - GOLD,VO-09,Iron Man,TRUE
2026 Topps Vault Marvel,VAULT ORIGINALS - GOLD,VO-10,Jeff the Land Shark,TRUE
2026 Topps Vault Marvel,VAULT ORIGINALS - GOLD,VO-11,Magik,TRUE
2026 Topps Vault Marvel,VAULT ORIGINALS - GOLD,VO-12,Mary Jane,TRUE
2026 Topps Vault Marvel,VAULT ORIGINALS - GOLD,VO-13,Moon Knight,TRUE
2026 Topps Vault Marvel,VAULT ORIGINALS - GOLD,VO-14,Rogue,TRUE
2026 Topps Vault Marvel,VAULT ORIGINALS - GOLD,VO-15,Scarlet Witch,TRUE
2026 Topps Vault Marvel,VAULT ORIGINALS - GOLD,VO-16,She-Hulk,TRUE
2026 Topps Vault Marvel,VAULT ORIGINALS - GOLD,VO-17,Spider-Man,TRUE
2026 Topps Vault Marvel,VAULT ORIGINALS - GOLD,VO-18,Thor,TRUE
2026 Topps Vault Marvel,VAULT ORIGINALS - GOLD,VO-19,Venom,TRUE
2026 Topps Vault Marvel,VAULT ORIGINALS - GOLD,VO-20,Wolverine,TRUE
2026 Topps Vault Marvel,VAULT RELICS,VR-01,Captain America,TRUE
2026 Topps Vault Marvel,VAULT RELICS,VR-02,Falcon,TRUE
2026 Topps Vault Marvel,VAULT RELICS,VR-03,President Thaddeus Ross,TRUE
2026 Topps Vault Marvel,VAULT RELICS,VR-04,Ironheart,TRUE
2026 Topps Vault Marvel,VAULT RELICS,VR-05,Shuri,TRUE
2026 Topps Vault Marvel,VAULT RELICS,VR-06,Mantis,TRUE
2026 Topps Vault Marvel,VAULT RELICS,VR-07,Drax,TRUE
2026 Topps Vault Marvel,VAULT RELICS,VR-08,Star-Lord,TRUE
2026 Topps Vault Marvel,VAULT RELICS,VR-09,Ant-Man,TRUE
2026 Topps Vault Marvel,VAULT RELICS,VR-10,Iron Man,TRUE
2026 Topps Vault Marvel,VAULT RELICS,VR-11,Thor,TRUE
2026 Topps Vault Marvel,VAULT RELICS,VR-12,Black Widow,TRUE
2026 Topps Vault Marvel,VAULT RELICS,VR-13,Hulk,TRUE
2026 Topps Vault Marvel,VAULT RELICS,VR-14,Hawkeye,TRUE
2026 Topps Vault Marvel,VAULT RELICS,VR-15,Loki,TRUE
2026 Topps Vault Marvel,VAULT RELICS,VR-16,Captain America,TRUE
2026 Topps Vault Marvel,VAULT RELICS,VR-17,Pepper Potts,TRUE
2026 Topps Vault Marvel,VAULT RELICS - Black,VR-01,Captain America,TRUE
2026 Topps Vault Marvel,VAULT RELICS - Black,VR-02,Falcon,TRUE
2026 Topps Vault Marvel,VAULT RELICS - Black,VR-03,President Thaddeus Ross,TRUE
2026 Topps Vault Marvel,VAULT RELICS - Black,VR-04,Ironheart,TRUE
2026 Topps Vault Marvel,VAULT RELICS - Black,VR-05,Shuri,TRUE
2026 Topps Vault Marvel,VAULT RELICS - Black,VR-06,Mantis,TRUE
2026 Topps Vault Marvel,VAULT RELICS - Black,VR-07,Drax,TRUE
2026 Topps Vault Marvel,VAULT RELICS - Black,VR-08,Star-Lord,TRUE
2026 Topps Vault Marvel,VAULT RELICS - Black,VR-09,Ant-Man,TRUE
2026 Topps Vault Marvel,VAULT RELICS - Black,VR-10,Iron Man,TRUE
2026 Topps Vault Marvel,VAULT RELICS - Black,VR-11,Thor,TRUE
2026 Topps Vault Marvel,VAULT RELICS - Black,VR-12,Black Widow,TRUE
2026 Topps Vault Marvel,VAULT RELICS - Black,VR-13,Hulk,TRUE
2026 Topps Vault Marvel,VAULT RELICS - Black,VR-14,Hawkeye,TRUE
2026 Topps Vault Marvel,VAULT RELICS - Black,VR-15,Loki,TRUE
2026 Topps Vault Marvel,VAULT RELICS - Black,VR-16,Captain America,TRUE
2026 Topps Vault Marvel,VAULT RELICS - Black,VR-17,Pepper Potts,TRUE
2026 Topps Vault Marvel,VAULT RELICS - Red,VR-01,Captain America,TRUE
2026 Topps Vault Marvel,VAULT RELICS - Red,VR-02,Falcon,TRUE
2026 Topps Vault Marvel,VAULT RELICS - Red,VR-03,President Thaddeus Ross,TRUE
2026 Topps Vault Marvel,VAULT RELICS - Red,VR-04,Ironheart,TRUE
2026 Topps Vault Marvel,VAULT RELICS - Red,VR-05,Shuri,TRUE
2026 Topps Vault Marvel,VAULT RELICS - Red,VR-06,Mantis,TRUE
2026 Topps Vault Marvel,VAULT RELICS - Red,VR-07,Drax,TRUE
2026 Topps Vault Marvel,VAULT RELICS - Red,VR-08,Star-Lord,TRUE
2026 Topps Vault Marvel,VAULT RELICS - Red,VR-09,Ant-Man,TRUE
2026 Topps Vault Marvel,VAULT RELICS - Red,VR-10,Iron Man,TRUE
2026 Topps Vault Marvel,VAULT RELICS - Red,VR-11,Thor,TRUE
2026 Topps Vault Marvel,VAULT RELICS - Red,VR-12,Black Widow,TRUE
2026 Topps Vault Marvel,VAULT RELICS - Red,VR-13,Hulk,TRUE
2026 Topps Vault Marvel,VAULT RELICS - Red,VR-14,Hawkeye,TRUE
2026 Topps Vault Marvel,VAULT RELICS - Red,VR-15,Loki,TRUE
2026 Topps Vault Marvel,VAULT RELICS - Red,VR-16,Captain America,TRUE
2026 Topps Vault Marvel,VAULT RELICS - Red,VR-17,Pepper Potts,TRUE
2026 Topps Vault Marvel,VAULT RELICS - Gold,VR-01,Captain America,TRUE
2026 Topps Vault Marvel,VAULT RELICS - Gold,VR-02,Falcon,TRUE
2026 Topps Vault Marvel,VAULT RELICS - Gold,VR-03,President Thaddeus Ross,TRUE
2026 Topps Vault Marvel,VAULT RELICS - Gold,VR-04,Ironheart,TRUE
2026 Topps Vault Marvel,VAULT RELICS - Gold,VR-05,Shuri,TRUE
2026 Topps Vault Marvel,VAULT RELICS - Gold,VR-06,Mantis,TRUE
2026 Topps Vault Marvel,VAULT RELICS - Gold,VR-07,Drax,TRUE
2026 Topps Vault Marvel,VAULT RELICS - Gold,VR-08,Star-Lord,TRUE
2026 Topps Vault Marvel,VAULT RELICS - Gold,VR-09,Ant-Man,TRUE
2026 Topps Vault Marvel,VAULT RELICS - Gold,VR-10,Iron Man,TRUE
2026 Topps Vault Marvel,VAULT RELICS - Gold,VR-11,Thor,TRUE
2026 Topps Vault Marvel,VAULT RELICS - Gold,VR-12,Black Widow,TRUE
2026 Topps Vault Marvel,VAULT RELICS - Gold,VR-13,Hulk,TRUE
2026 Topps Vault Marvel,VAULT RELICS - Gold,VR-14,Hawkeye,TRUE
2026 Topps Vault Marvel,VAULT RELICS - Gold,VR-15,Loki,TRUE
2026 Topps Vault Marvel,VAULT RELICS - Gold,VR-16,Captain America,TRUE
2026 Topps Vault Marvel,VAULT RELICS - Gold,VR-17,Pepper Potts,TRUE
2026 Topps Vault Marvel,MARVEL DIAMONDS,MD-01,Yelena Belova,TRUE
2026 Topps Vault Marvel,MARVEL DIAMONDS,MD-02,Pietro Maximoff,TRUE
2026 Topps Vault Marvel,MARVEL DIAMONDS,MD-03,Queen Ramonda,TRUE
2026 Topps Vault Marvel,MARVEL DIAMONDS,MD-04,Odin,TRUE
2026 Topps Vault Marvel,MARVEL DIAMONDS,MD-05,The Mandarin,TRUE
2026 Topps Vault Marvel,MARVEL DIAMONDS,MD-06,Doctor Strange,TRUE
2026 Topps Vault Marvel,MARVEL DIAMONDS,MD-07,Wong,TRUE
2026 Topps Vault Marvel,MARVEL DIAMONDS,MD-08,Rocket,TRUE
2026 Topps Vault Marvel,MARVEL DIAMONDS,MD-09,Captain Marvel,TRUE
2026 Topps Vault Marvel,MARVEL DIAMONDS,MD-10,Hela,TRUE
2026 Topps Vault Marvel,MARVEL DIAMONDS,MD-11,Mordo,TRUE
2026 Topps Vault Marvel,MARVEL DIAMONDS,MD-12,Captain America,TRUE
2026 Topps Vault Marvel,MARVEL DIAMONDS,MD-13,Thor,TRUE
2026 Topps Vault Marvel,MARVEL DIAMONDS,MD-14,Star-Lord,TRUE
2026 Topps Vault Marvel,MARVEL DIAMONDS,MD-15,The High Evolutionary,TRUE
2026 Topps Vault Marvel,MARVEL DIAMONDS,MD-16,Phil Coulson,TRUE
2026 Topps Vault Marvel,MARVEL DIAMONDS,MD-17,Maria Hill,TRUE
2026 Topps Vault Marvel,MARVEL DIAMONDS,MD-18,Drax,TRUE
2026 Topps Vault Marvel,MARVEL DIAMONDS,MD-19,Red Guardian,TRUE
2026 Topps Vault Marvel,MARVEL DIAMONDS,MD-20,Korath,TRUE
2026 Topps Vault Marvel,MARVEL DIAMONDS,MD-21,War Machine,TRUE
2026 Topps Vault Marvel,MARVEL DIAMONDS,MD-22,Ayesha,TRUE
2026 Topps Vault Marvel,MARVEL DIAMONDS,MD-23,Wanda Maximoff,TRUE
2026 Topps Vault Marvel,MARVEL DIAMONDS,MD-24,G'iah,TRUE
2026 Topps Vault Marvel,MARVEL DIAMONDS,MD-25,Ghost,TRUE
2026 Topps Vault Marvel,MARVEL DIAMONDS,MD-26,Zuri,TRUE
2026 Topps Vault Marvel,MARVEL DIAMONDS,MD-27,Nova Prime,TRUE
2026 Topps Vault Marvel,MARVEL DIAMONDS,MD-28,Pepper Potts,TRUE
2026 Topps Vault Marvel,MARVEL DIAMONDS,MD-29,Kate Bishop,TRUE
2026 Topps Vault Marvel,MARVEL DIAMONDS,MD-30,Peggy Carter,TRUE
2026 Topps Vault Marvel,MARVEL DIAMONDS,MD-31,Heimdall,TRUE
2026 Topps Vault Marvel,MARVEL DIAMONDS,MD-32,Ultron,TRUE
2026 Topps Vault Marvel,MARVEL DIAMONDS,MD-33,Erik Killmonger,TRUE
2026 Topps Vault Marvel,MARVEL DIAMONDS,MD-34,The Grandmaster,TRUE
2026 Topps Vault Marvel,MARVEL DIAMONDS,MD-35,Hawkeye,TRUE
2026 Topps Vault Marvel,MARVEL DIAMONDS,MD-36,Happy Hogan,TRUE
2026 Topps Vault Marvel,MARVEL DIAMONDS,MD-37,Thanos,TRUE
2026 Topps Vault Marvel,MARVEL DIAMONDS,MD-38,Yon-Rogg,TRUE
2026 Topps Vault Marvel,MARVEL DIAMONDS,MD-39,Nebula,TRUE
2026 Topps Vault Marvel,MARVEL DIAMONDS,MD-40,Ego,TRUE
2026 Topps Vault Marvel,MARVEL DIAMONDS,MD-41,Ronan,TRUE
2026 Topps Vault Marvel,MARVEL DIAMONDS,MD-42,Christine Everhart,TRUE
2026 Topps Vault Marvel,MARVEL DIAMONDS,MD-43,Shuri,TRUE
2026 Topps Vault Marvel,MARVEL DIAMONDS,MD-44,Laura Barton,TRUE
2026 Topps Vault Marvel,MARVEL DIAMONDS,MD-45,Cosmo,TRUE
2026 Topps Vault Marvel,MARVEL DIAMONDS,MD-46,Hulk,TRUE
2026 Topps Vault Marvel,MARVEL DIAMONDS,MD-47,Frigga,TRUE
2026 Topps Vault Marvel,MARVEL DIAMONDS,MD-48,X-23,TRUE
2026 Topps Vault Marvel,MARVEL DIAMONDS,MD-49,Yondu,TRUE
2026 Topps Vault Marvel,MARVEL DIAMONDS,MD-50,Janet Van Dyne,TRUE
2026 Topps Vault Marvel,MARVEL DIAMONDS,MD-51,Whiplash,TRUE
2026 Topps Vault Marvel,MARVEL DIAMONDS,MD-52,The Mighty Thor,TRUE
2026 Topps Vault Marvel,MARVEL DIAMONDS,MD-53,Mr. Knight,TRUE
2026 Topps Vault Marvel,MARVEL DIAMONDS,MD-54,Mobius,TRUE
2026 Topps Vault Marvel,MARVEL DIAMONDS,MD-55,Vision,TRUE
2026 Topps Vault Marvel,MARVEL DIAMONDS,MD-56,Ant-Man,TRUE
2026 Topps Vault Marvel,MARVEL DIAMONDS,MD-57,Eitri,TRUE
2026 Topps Vault Marvel,MARVEL DIAMONDS,MD-58,Mantis,TRUE
2026 Topps Vault Marvel,MARVEL DIAMONDS,MD-59,Dr. Christine Palmer,TRUE
2026 Topps Vault Marvel,MARVEL DIAMONDS,MD-60,Ikaris,TRUE
2026 Topps Vault Marvel,MARVEL DIAMONDS,MD-61,Iron Man,TRUE
2026 Topps Vault Marvel,MARVEL DIAMONDS,MD-62,Ajak,TRUE
2026 Topps Vault Marvel,MARVEL DIAMONDS,MD-63,Justin Hammer,TRUE
2026 Topps Vault Marvel,MARVEL DIAMONDS,MD-64,Nick Fury,TRUE
2026 Topps Vault Marvel,MARVEL DIAMONDS,MD-65,Black Widow,TRUE
2026 Topps Vault Marvel,MARVEL DIAMONDS,MD-66,Winter Soldier,TRUE
2026 Topps Vault Marvel,MARVEL DIAMONDS,MD-67,Shang-Chi,TRUE
2026 Topps Vault Marvel,MARVEL DIAMONDS,MD-68,Sylvie,TRUE
2026 Topps Vault Marvel,MARVEL DIAMONDS,MD-69,Dr. Abraham Erskine,TRUE
2026 Topps Vault Marvel,MARVEL DIAMONDS,MD-70,Dr. Erik Selvig,TRUE
2026 Topps Vault Marvel,MARVEL DIAMONDS,MD-71,She-Hulk,TRUE
2026 Topps Vault Marvel,MARVEL DIAMONDS,MD-72,Loki,TRUE
2026 Topps Vault Marvel,MARVEL DIAMONDS,MD-73,Spider-Man,TRUE
2026 Topps Vault Marvel,MARVEL DIAMONDS,MD-74,The Collector,TRUE
2026 Topps Vault Marvel,MARVEL DIAMONDS,MD-75,Groot,TRUE
2026 Topps Vault Marvel,MARVEL DIAMONDS,MD-76,Gamora,TRUE
2026 Topps Vault Marvel,MARVEL DIAMONDS,MD-77,Hope Van Dyne,TRUE
2026 Topps Vault Marvel,MARVEL DIAMONDS,MD-78,Dr. Bill Foster,TRUE
2026 Topps Vault Marvel,MARVEL DIAMONDS,MD-79,Daredevil,TRUE
2026 Topps Vault Marvel,MARVEL DIAMONDS,MD-80,Mister Fantastic,TRUE
2026 Topps Vault Marvel,MARVEL DIAMONDS,MD-81,Invisible Woman,TRUE
2026 Topps Vault Marvel,MARVEL DIAMONDS,MD-82,Human Torch,TRUE
2026 Topps Vault Marvel,MARVEL DIAMONDS,MD-83,The Thing,TRUE
2026 Topps Vault Marvel,MARVEL DIAMONDS,MD-84,Silver Surfer,TRUE
2026 Topps Vault Marvel,MARVEL DIAMONDS,MD-85,Falcon,TRUE
2026 Topps Vault Marvel,MARVEL DIAMONDS,MD-86,Ms. Marvel,TRUE
2026 Topps Vault Marvel,MARVEL DIAMONDS,MD-87,Monica Rambeau,TRUE
2026 Topps Vault Marvel,MARVEL DIAMONDS,MD-88,King Laufey,TRUE
2026 Topps Vault Marvel,MARVEL DIAMONDS,MD-89,John F. Walker,TRUE
2026 Topps Vault Marvel,MARVEL DIAMONDS,MD-90,Falcon,TRUE
2026 Topps Vault Marvel,MARVEL DIAMONDS,MD-91,Wilson Fisk,TRUE
2026 Topps Vault Marvel,MARVEL DIAMONDS - Black,MD-01,Yelena Belova,TRUE
2026 Topps Vault Marvel,MARVEL DIAMONDS - Black,MD-02,Pietro Maximoff,TRUE
2026 Topps Vault Marvel,MARVEL DIAMONDS - Black,MD-03,Queen Ramonda,TRUE
2026 Topps Vault Marvel,MARVEL DIAMONDS - Black,MD-04,Odin,TRUE
2026 Topps Vault Marvel,MARVEL DIAMONDS - Black,MD-05,The Mandarin,TRUE
2026 Topps Vault Marvel,MARVEL DIAMONDS - Black,MD-06,Doctor Strange,TRUE
2026 Topps Vault Marvel,MARVEL DIAMONDS - Black,MD-07,Wong,TRUE
2026 Topps Vault Marvel,MARVEL DIAMONDS - Black,MD-08,Rocket,TRUE
2026 Topps Vault Marvel,MARVEL DIAMONDS - Black,MD-09,Captain Marvel,TRUE
2026 Topps Vault Marvel,MARVEL DIAMONDS - Black,MD-10,Hela,TRUE
2026 Topps Vault Marvel,MARVEL DIAMONDS - Black,MD-11,Mordo,TRUE
2026 Topps Vault Marvel,MARVEL DIAMONDS - Black,MD-12,Captain America,TRUE
2026 Topps Vault Marvel,MARVEL DIAMONDS - Black,MD-13,Thor,TRUE
2026 Topps Vault Marvel,MARVEL DIAMONDS - Black,MD-14,Star-Lord,TRUE
2026 Topps Vault Marvel,MARVEL DIAMONDS - Black,MD-15,The High Evolutionary,TRUE
2026 Topps Vault Marvel,MARVEL DIAMONDS - Black,MD-16,Phil Coulson,TRUE
2026 Topps Vault Marvel,MARVEL DIAMONDS - Black,MD-17,Maria Hill,TRUE
2026 Topps Vault Marvel,MARVEL DIAMONDS - Black,MD-18,Drax,TRUE
2026 Topps Vault Marvel,MARVEL DIAMONDS - Black,MD-19,Red Guardian,TRUE
2026 Topps Vault Marvel,MARVEL DIAMONDS - Black,MD-20,Korath,TRUE
2026 Topps Vault Marvel,MARVEL DIAMONDS - Black,MD-21,War Machine,TRUE
2026 Topps Vault Marvel,MARVEL DIAMONDS - Black,MD-22,Ayesha,TRUE
2026 Topps Vault Marvel,MARVEL DIAMONDS - Black,MD-23,Wanda Maximoff,TRUE
2026 Topps Vault Marvel,MARVEL DIAMONDS - Black,MD-24,G'iah,TRUE
2026 Topps Vault Marvel,MARVEL DIAMONDS - Black,MD-25,Ghost,TRUE
2026 Topps Vault Marvel,MARVEL DIAMONDS - Black,MD-26,Zuri,TRUE
2026 Topps Vault Marvel,MARVEL DIAMONDS - Black,MD-27,Nova Prime,TRUE
2026 Topps Vault Marvel,MARVEL DIAMONDS - Black,MD-28,Pepper Potts,TRUE
2026 Topps Vault Marvel,MARVEL DIAMONDS - Black,MD-29,Kate Bishop,TRUE
2026 Topps Vault Marvel,MARVEL DIAMONDS - Black,MD-30,Peggy Carter,TRUE
2026 Topps Vault Marvel,MARVEL DIAMONDS - Black,MD-31,Heimdall,TRUE
2026 Topps Vault Marvel,MARVEL DIAMONDS - Black,MD-32,Ultron,TRUE
2026 Topps Vault Marvel,MARVEL DIAMONDS - Black,MD-33,Erik Killmonger,TRUE
2026 Topps Vault Marvel,MARVEL DIAMONDS - Black,MD-34,The Grandmaster,TRUE
2026 Topps Vault Marvel,MARVEL DIAMONDS - Black,MD-35,Hawkeye,TRUE
2026 Topps Vault Marvel,MARVEL DIAMONDS - Black,MD-36,Happy Hogan,TRUE
2026 Topps Vault Marvel,MARVEL DIAMONDS - Black,MD-37,Thanos,TRUE
2026 Topps Vault Marvel,MARVEL DIAMONDS - Black,MD-38,Yon-Rogg,TRUE
2026 Topps Vault Marvel,MARVEL DIAMONDS - Black,MD-39,Nebula,TRUE
2026 Topps Vault Marvel,MARVEL DIAMONDS - Black,MD-40,Ego,TRUE
2026 Topps Vault Marvel,MARVEL DIAMONDS - Black,MD-41,Ronan,TRUE
2026 Topps Vault Marvel,MARVEL DIAMONDS - Black,MD-42,Christine Everhart,TRUE
2026 Topps Vault Marvel,MARVEL DIAMONDS - Black,MD-43,Shuri,TRUE
2026 Topps Vault Marvel,MARVEL DIAMONDS - Black,MD-44,Laura Barton,TRUE
2026 Topps Vault Marvel,MARVEL DIAMONDS - Black,MD-45,Cosmo,TRUE
2026 Topps Vault Marvel,MARVEL DIAMONDS - Black,MD-46,Hulk,TRUE
2026 Topps Vault Marvel,MARVEL DIAMONDS - Black,MD-47,Frigga,TRUE
2026 Topps Vault Marvel,MARVEL DIAMONDS - Black,MD-48,X-23,TRUE
2026 Topps Vault Marvel,MARVEL DIAMONDS - Black,MD-49,Yondu,TRUE
2026 Topps Vault Marvel,MARVEL DIAMONDS - Black,MD-50,Janet Van Dyne,TRUE
2026 Topps Vault Marvel,MARVEL DIAMONDS - Black,MD-51,Whiplash,TRUE
2026 Topps Vault Marvel,MARVEL DIAMONDS - Black,MD-52,The Mighty Thor,TRUE
2026 Topps Vault Marvel,MARVEL DIAMONDS - Black,MD-53,Mr. Knight,TRUE
2026 Topps Vault Marvel,MARVEL DIAMONDS - Black,MD-54,Mobius,TRUE
2026 Topps Vault Marvel,MARVEL DIAMONDS - Black,MD-55,Vision,TRUE
2026 Topps Vault Marvel,MARVEL DIAMONDS - Black,MD-56,Ant-Man,TRUE
2026 Topps Vault Marvel,MARVEL DIAMONDS - Black,MD-57,Eitri,TRUE
2026 Topps Vault Marvel,MARVEL DIAMONDS - Black,MD-58,Mantis,TRUE
2026 Topps Vault Marvel,MARVEL DIAMONDS - Black,MD-59,Dr. Christine Palmer,TRUE
2026 Topps Vault Marvel,MARVEL DIAMONDS - Black,MD-60,Ikaris,TRUE
2026 Topps Vault Marvel,MARVEL DIAMONDS - Black,MD-61,Iron Man,TRUE
2026 Topps Vault Marvel,MARVEL DIAMONDS - Black,MD-62,Ajak,TRUE
2026 Topps Vault Marvel,MARVEL DIAMONDS - Black,MD-63,Justin Hammer,TRUE
2026 Topps Vault Marvel,MARVEL DIAMONDS - Black,MD-64,Nick Fury,TRUE
2026 Topps Vault Marvel,MARVEL DIAMONDS - Black,MD-65,Black Widow,TRUE
2026 Topps Vault Marvel,MARVEL DIAMONDS - Black,MD-66,Winter Soldier,TRUE
2026 Topps Vault Marvel,MARVEL DIAMONDS - Black,MD-67,Shang-Chi,TRUE
2026 Topps Vault Marvel,MARVEL DIAMONDS - Black,MD-68,Sylvie,TRUE
2026 Topps Vault Marvel,MARVEL DIAMONDS - Black,MD-69,Dr. Abraham Erskine,TRUE
2026 Topps Vault Marvel,MARVEL DIAMONDS - Black,MD-70,Dr. Erik Selvig,TRUE
2026 Topps Vault Marvel,MARVEL DIAMONDS - Black,MD-71,She-Hulk,TRUE
2026 Topps Vault Marvel,MARVEL DIAMONDS - Black,MD-72,Loki,TRUE
2026 Topps Vault Marvel,MARVEL DIAMONDS - Black,MD-73,Spider-Man,TRUE
2026 Topps Vault Marvel,MARVEL DIAMONDS - Black,MD-74,The Collector,TRUE
2026 Topps Vault Marvel,MARVEL DIAMONDS - Black,MD-75,Groot,TRUE
2026 Topps Vault Marvel,MARVEL DIAMONDS - Black,MD-76,Gamora,TRUE
2026 Topps Vault Marvel,MARVEL DIAMONDS - Black,MD-77,Hope Van Dyne,TRUE
2026 Topps Vault Marvel,MARVEL DIAMONDS - Black,MD-78,Dr. Bill Foster,TRUE
2026 Topps Vault Marvel,MARVEL DIAMONDS - Black,MD-79,Daredevil,TRUE
2026 Topps Vault Marvel,MARVEL DIAMONDS - Black,MD-80,Mister Fantastic,TRUE
2026 Topps Vault Marvel,MARVEL DIAMONDS - Black,MD-81,Invisible Woman,TRUE
2026 Topps Vault Marvel,MARVEL DIAMONDS - Black,MD-82,Human Torch,TRUE
2026 Topps Vault Marvel,MARVEL DIAMONDS - Black,MD-83,The Thing,TRUE
2026 Topps Vault Marvel,MARVEL DIAMONDS - Black,MD-84,Silver Surfer,TRUE
2026 Topps Vault Marvel,MARVEL DIAMONDS - Black,MD-85,Falcon,TRUE
2026 Topps Vault Marvel,MARVEL DIAMONDS - Black,MD-86,Ms. Marvel,TRUE
2026 Topps Vault Marvel,MARVEL DIAMONDS - Black,MD-87,Monica Rambeau,TRUE
2026 Topps Vault Marvel,MARVEL DIAMONDS - Black,MD-88,King Laufey,TRUE
2026 Topps Vault Marvel,MARVEL DIAMONDS - Black,MD-89,John F. Walker,TRUE
2026 Topps Vault Marvel,MARVEL DIAMONDS - Black,MD-90,Falcon,TRUE
2026 Topps Vault Marvel,MARVEL DIAMONDS - Black,MD-91,Wilson Fisk,TRUE
2026 Topps Vault Marvel,MARVEL DIAMONDS - Red,MD-01,Yelena Belova,TRUE
2026 Topps Vault Marvel,MARVEL DIAMONDS - Red,MD-02,Pietro Maximoff,TRUE
2026 Topps Vault Marvel,MARVEL DIAMONDS - Red,MD-03,Queen Ramonda,TRUE
2026 Topps Vault Marvel,MARVEL DIAMONDS - Red,MD-04,Odin,TRUE
2026 Topps Vault Marvel,MARVEL DIAMONDS - Red,MD-05,The Mandarin,TRUE
2026 Topps Vault Marvel,MARVEL DIAMONDS - Red,MD-06,Doctor Strange,TRUE
2026 Topps Vault Marvel,MARVEL DIAMONDS - Red,MD-07,Wong,TRUE
2026 Topps Vault Marvel,MARVEL DIAMONDS - Red,MD-08,Rocket,TRUE
2026 Topps Vault Marvel,MARVEL DIAMONDS - Red,MD-09,Captain Marvel,TRUE
2026 Topps Vault Marvel,MARVEL DIAMONDS - Red,MD-10,Hela,TRUE
2026 Topps Vault Marvel,MARVEL DIAMONDS - Red,MD-11,Mordo,TRUE
2026 Topps Vault Marvel,MARVEL DIAMONDS - Red,MD-12,Captain America,TRUE
2026 Topps Vault Marvel,MARVEL DIAMONDS - Red,MD-13,Thor,TRUE
2026 Topps Vault Marvel,MARVEL DIAMONDS - Red,MD-14,Star-Lord,TRUE
2026 Topps Vault Marvel,MARVEL DIAMONDS - Red,MD-15,The High Evolutionary,TRUE
2026 Topps Vault Marvel,MARVEL DIAMONDS - Red,MD-16,Phil Coulson,TRUE
2026 Topps Vault Marvel,MARVEL DIAMONDS - Red,MD-17,Maria Hill,TRUE
2026 Topps Vault Marvel,MARVEL DIAMONDS - Red,MD-18,Drax,TRUE
2026 Topps Vault Marvel,MARVEL DIAMONDS - Red,MD-19,Red Guardian,TRUE
2026 Topps Vault Marvel,MARVEL DIAMONDS - Red,MD-20,Korath,TRUE
2026 Topps Vault Marvel,MARVEL DIAMONDS - Red,MD-21,War Machine,TRUE
2026 Topps Vault Marvel,MARVEL DIAMONDS - Red,MD-22,Ayesha,TRUE
2026 Topps Vault Marvel,MARVEL DIAMONDS - Red,MD-23,Wanda Maximoff,TRUE
2026 Topps Vault Marvel,MARVEL DIAMONDS - Red,MD-24,G'iah,TRUE
2026 Topps Vault Marvel,MARVEL DIAMONDS - Red,MD-25,Ghost,TRUE
2026 Topps Vault Marvel,MARVEL DIAMONDS - Red,MD-26,Zuri,TRUE
2026 Topps Vault Marvel,MARVEL DIAMONDS - Red,MD-27,Nova Prime,TRUE
2026 Topps Vault Marvel,MARVEL DIAMONDS - Red,MD-28,Pepper Potts,TRUE
2026 Topps Vault Marvel,MARVEL DIAMONDS - Red,MD-29,Kate Bishop,TRUE
2026 Topps Vault Marvel,MARVEL DIAMONDS - Red,MD-30,Peggy Carter,TRUE
2026 Topps Vault Marvel,MARVEL DIAMONDS - Red,MD-31,Heimdall,TRUE
2026 Topps Vault Marvel,MARVEL DIAMONDS - Red,MD-32,Ultron,TRUE
2026 Topps Vault Marvel,MARVEL DIAMONDS - Red,MD-33,Erik Killmonger,TRUE
2026 Topps Vault Marvel,MARVEL DIAMONDS - Red,MD-34,The Grandmaster,TRUE
2026 Topps Vault Marvel,MARVEL DIAMONDS - Red,MD-35,Hawkeye,TRUE
2026 Topps Vault Marvel,MARVEL DIAMONDS - Red,MD-36,Happy Hogan,TRUE
2026 Topps Vault Marvel,MARVEL DIAMONDS - Red,MD-37,Thanos,TRUE
2026 Topps Vault Marvel,MARVEL DIAMONDS - Red,MD-38,Yon-Rogg,TRUE
2026 Topps Vault Marvel,MARVEL DIAMONDS - Red,MD-39,Nebula,TRUE
2026 Topps Vault Marvel,MARVEL DIAMONDS - Red,MD-40,Ego,TRUE
2026 Topps Vault Marvel,MARVEL DIAMONDS - Red,MD-41,Ronan,TRUE
2026 Topps Vault Marvel,MARVEL DIAMONDS - Red,MD-42,Christine Everhart,TRUE
2026 Topps Vault Marvel,MARVEL DIAMONDS - Red,MD-43,Shuri,TRUE
2026 Topps Vault Marvel,MARVEL DIAMONDS - Red,MD-44,Laura Barton,TRUE
2026 Topps Vault Marvel,MARVEL DIAMONDS - Red,MD-45,Cosmo,TRUE
2026 Topps Vault Marvel,MARVEL DIAMONDS - Red,MD-46,Hulk,TRUE
2026 Topps Vault Marvel,MARVEL DIAMONDS - Red,MD-47,Frigga,TRUE
2026 Topps Vault Marvel,MARVEL DIAMONDS - Red,MD-48,X-23,TRUE
2026 Topps Vault Marvel,MARVEL DIAMONDS - Red,MD-49,Yondu,TRUE
2026 Topps Vault Marvel,MARVEL DIAMONDS - Red,MD-50,Janet Van Dyne,TRUE
2026 Topps Vault Marvel,MARVEL DIAMONDS - Red,MD-51,Whiplash,TRUE
2026 Topps Vault Marvel,MARVEL DIAMONDS - Red,MD-52,The Mighty Thor,TRUE
2026 Topps Vault Marvel,MARVEL DIAMONDS - Red,MD-53,Mr. Knight,TRUE
2026 Topps Vault Marvel,MARVEL DIAMONDS - Red,MD-54,Mobius,TRUE
2026 Topps Vault Marvel,MARVEL DIAMONDS - Red,MD-55,Vision,TRUE
2026 Topps Vault Marvel,MARVEL DIAMONDS - Red,MD-56,Ant-Man,TRUE
2026 Topps Vault Marvel,MARVEL DIAMONDS - Red,MD-57,Eitri,TRUE
2026 Topps Vault Marvel,MARVEL DIAMONDS - Red,MD-58,Mantis,TRUE
2026 Topps Vault Marvel,MARVEL DIAMONDS - Red,MD-59,Dr. Christine Palmer,TRUE
2026 Topps Vault Marvel,MARVEL DIAMONDS - Red,MD-60,Ikaris,TRUE
2026 Topps Vault Marvel,MARVEL DIAMONDS - Red,MD-61,Iron Man,TRUE
2026 Topps Vault Marvel,MARVEL DIAMONDS - Red,MD-62,Ajak,TRUE
2026 Topps Vault Marvel,MARVEL DIAMONDS - Red,MD-63,Justin Hammer,TRUE
2026 Topps Vault Marvel,MARVEL DIAMONDS - Red,MD-64,Nick Fury,TRUE
2026 Topps Vault Marvel,MARVEL DIAMONDS - Red,MD-65,Black Widow,TRUE
2026 Topps Vault Marvel,MARVEL DIAMONDS - Red,MD-66,Winter Soldier,TRUE
2026 Topps Vault Marvel,MARVEL DIAMONDS - Red,MD-67,Shang-Chi,TRUE
2026 Topps Vault Marvel,MARVEL DIAMONDS - Red,MD-68,Sylvie,TRUE
2026 Topps Vault Marvel,MARVEL DIAMONDS - Red,MD-69,Dr. Abraham Erskine,TRUE
2026 Topps Vault Marvel,MARVEL DIAMONDS - Red,MD-70,Dr. Erik Selvig,TRUE
2026 Topps Vault Marvel,MARVEL DIAMONDS - Red,MD-71,She-Hulk,TRUE
2026 Topps Vault Marvel,MARVEL DIAMONDS - Red,MD-72,Loki,TRUE
2026 Topps Vault Marvel,MARVEL DIAMONDS - Red,MD-73,Spider-Man,TRUE
2026 Topps Vault Marvel,MARVEL DIAMONDS - Red,MD-74,The Collector,TRUE
2026 Topps Vault Marvel,MARVEL DIAMONDS - Red,MD-75,Groot,TRUE
2026 Topps Vault Marvel,MARVEL DIAMONDS - Red,MD-76,Gamora,TRUE
2026 Topps Vault Marvel,MARVEL DIAMONDS - Red,MD-77,Hope Van Dyne,TRUE
2026 Topps Vault Marvel,MARVEL DIAMONDS - Red,MD-78,Dr. Bill Foster,TRUE
2026 Topps Vault Marvel,MARVEL DIAMONDS - Red,MD-79,Daredevil,TRUE
2026 Topps Vault Marvel,MARVEL DIAMONDS - Red,MD-80,Mister Fantastic,TRUE
2026 Topps Vault Marvel,MARVEL DIAMONDS - Red,MD-81,Invisible Woman,TRUE
2026 Topps Vault Marvel,MARVEL DIAMONDS - Red,MD-82,Human Torch,TRUE
2026 Topps Vault Marvel,MARVEL DIAMONDS - Red,MD-83,The Thing,TRUE
2026 Topps Vault Marvel,MARVEL DIAMONDS - Red,MD-84,Silver Surfer,TRUE
2026 Topps Vault Marvel,MARVEL DIAMONDS - Red,MD-85,Falcon,TRUE
2026 Topps Vault Marvel,MARVEL DIAMONDS - Red,MD-86,Ms. Marvel,TRUE
2026 Topps Vault Marvel,MARVEL DIAMONDS - Red,MD-87,Monica Rambeau,TRUE
2026 Topps Vault Marvel,MARVEL DIAMONDS - Red,MD-88,King Laufey,TRUE
2026 Topps Vault Marvel,MARVEL DIAMONDS - Red,MD-89,John F. Walker,TRUE
2026 Topps Vault Marvel,MARVEL DIAMONDS - Red,MD-90,Falcon,TRUE
2026 Topps Vault Marvel,MARVEL DIAMONDS - Red,MD-91,Wilson Fisk,TRUE
2026 Topps Vault Marvel,MARVEL DIAMONDS - Gold,MD-01,Yelena Belova,TRUE
2026 Topps Vault Marvel,MARVEL DIAMONDS - Gold,MD-02,Pietro Maximoff,TRUE
2026 Topps Vault Marvel,MARVEL DIAMONDS - Gold,MD-03,Queen Ramonda,TRUE
2026 Topps Vault Marvel,MARVEL DIAMONDS - Gold,MD-04,Odin,TRUE
2026 Topps Vault Marvel,MARVEL DIAMONDS - Gold,MD-05,The Mandarin,TRUE
2026 Topps Vault Marvel,MARVEL DIAMONDS - Gold,MD-06,Doctor Strange,TRUE
2026 Topps Vault Marvel,MARVEL DIAMONDS - Gold,MD-07,Wong,TRUE
2026 Topps Vault Marvel,MARVEL DIAMONDS - Gold,MD-08,Rocket,TRUE
2026 Topps Vault Marvel,MARVEL DIAMONDS - Gold,MD-09,Captain Marvel,TRUE
2026 Topps Vault Marvel,MARVEL DIAMONDS - Gold,MD-10,Hela,TRUE
2026 Topps Vault Marvel,MARVEL DIAMONDS - Gold,MD-11,Mordo,TRUE
2026 Topps Vault Marvel,MARVEL DIAMONDS - Gold,MD-12,Captain America,TRUE
2026 Topps Vault Marvel,MARVEL DIAMONDS - Gold,MD-13,Thor,TRUE
2026 Topps Vault Marvel,MARVEL DIAMONDS - Gold,MD-14,Star-Lord,TRUE
2026 Topps Vault Marvel,MARVEL DIAMONDS - Gold,MD-15,The High Evolutionary,TRUE
2026 Topps Vault Marvel,MARVEL DIAMONDS - Gold,MD-16,Phil Coulson,TRUE
2026 Topps Vault Marvel,MARVEL DIAMONDS - Gold,MD-17,Maria Hill,TRUE
2026 Topps Vault Marvel,MARVEL DIAMONDS - Gold,MD-18,Drax,TRUE
2026 Topps Vault Marvel,MARVEL DIAMONDS - Gold,MD-19,Red Guardian,TRUE
2026 Topps Vault Marvel,MARVEL DIAMONDS - Gold,MD-20,Korath,TRUE
2026 Topps Vault Marvel,MARVEL DIAMONDS - Gold,MD-21,War Machine,TRUE
2026 Topps Vault Marvel,MARVEL DIAMONDS - Gold,MD-22,Ayesha,TRUE
2026 Topps Vault Marvel,MARVEL DIAMONDS - Gold,MD-23,Wanda Maximoff,TRUE
2026 Topps Vault Marvel,MARVEL DIAMONDS - Gold,MD-24,G'iah,TRUE
2026 Topps Vault Marvel,MARVEL DIAMONDS - Gold,MD-25,Ghost,TRUE
2026 Topps Vault Marvel,MARVEL DIAMONDS - Gold,MD-26,Zuri,TRUE
2026 Topps Vault Marvel,MARVEL DIAMONDS - Gold,MD-27,Nova Prime,TRUE
2026 Topps Vault Marvel,MARVEL DIAMONDS - Gold,MD-28,Pepper Potts,TRUE
2026 Topps Vault Marvel,MARVEL DIAMONDS - Gold,MD-29,Kate Bishop,TRUE
2026 Topps Vault Marvel,MARVEL DIAMONDS - Gold,MD-30,Peggy Carter,TRUE
2026 Topps Vault Marvel,MARVEL DIAMONDS - Gold,MD-31,Heimdall,TRUE
2026 Topps Vault Marvel,MARVEL DIAMONDS - Gold,MD-32,Ultron,TRUE
2026 Topps Vault Marvel,MARVEL DIAMONDS - Gold,MD-33,Erik Killmonger,TRUE
2026 Topps Vault Marvel,MARVEL DIAMONDS - Gold,MD-34,The Grandmaster,TRUE
2026 Topps Vault Marvel,MARVEL DIAMONDS - Gold,MD-35,Hawkeye,TRUE
2026 Topps Vault Marvel,MARVEL DIAMONDS - Gold,MD-36,Happy Hogan,TRUE
2026 Topps Vault Marvel,MARVEL DIAMONDS - Gold,MD-37,Thanos,TRUE
2026 Topps Vault Marvel,MARVEL DIAMONDS - Gold,MD-38,Yon-Rogg,TRUE
2026 Topps Vault Marvel,MARVEL DIAMONDS - Gold,MD-39,Nebula,TRUE
2026 Topps Vault Marvel,MARVEL DIAMONDS - Gold,MD-40,Ego,TRUE
2026 Topps Vault Marvel,MARVEL DIAMONDS - Gold,MD-41,Ronan,TRUE
2026 Topps Vault Marvel,MARVEL DIAMONDS - Gold,MD-42,Christine Everhart,TRUE
2026 Topps Vault Marvel,MARVEL DIAMONDS - Gold,MD-43,Shuri,TRUE
2026 Topps Vault Marvel,MARVEL DIAMONDS - Gold,MD-44,Laura Barton,TRUE
2026 Topps Vault Marvel,MARVEL DIAMONDS - Gold,MD-45,Cosmo,TRUE
2026 Topps Vault Marvel,MARVEL DIAMONDS - Gold,MD-46,Hulk,TRUE
2026 Topps Vault Marvel,MARVEL DIAMONDS - Gold,MD-47,Frigga,TRUE
2026 Topps Vault Marvel,MARVEL DIAMONDS - Gold,MD-48,X-23,TRUE
2026 Topps Vault Marvel,MARVEL DIAMONDS - Gold,MD-49,Yondu,TRUE
2026 Topps Vault Marvel,MARVEL DIAMONDS - Gold,MD-50,Janet Van Dyne,TRUE
2026 Topps Vault Marvel,MARVEL DIAMONDS - Gold,MD-51,Whiplash,TRUE
2026 Topps Vault Marvel,MARVEL DIAMONDS - Gold,MD-52,The Mighty Thor,TRUE
2026 Topps Vault Marvel,MARVEL DIAMONDS - Gold,MD-53,Mr. Knight,TRUE
2026 Topps Vault Marvel,MARVEL DIAMONDS - Gold,MD-54,Mobius,TRUE
2026 Topps Vault Marvel,MARVEL DIAMONDS - Gold,MD-55,Vision,TRUE
2026 Topps Vault Marvel,MARVEL DIAMONDS - Gold,MD-56,Ant-Man,TRUE
2026 Topps Vault Marvel,MARVEL DIAMONDS - Gold,MD-57,Eitri,TRUE
2026 Topps Vault Marvel,MARVEL DIAMONDS - Gold,MD-58,Mantis,TRUE
2026 Topps Vault Marvel,MARVEL DIAMONDS - Gold,MD-59,Dr. Christine Palmer,TRUE
2026 Topps Vault Marvel,MARVEL DIAMONDS - Gold,MD-60,Ikaris,TRUE
2026 Topps Vault Marvel,MARVEL DIAMONDS - Gold,MD-61,Iron Man,TRUE
2026 Topps Vault Marvel,MARVEL DIAMONDS - Gold,MD-62,Ajak,TRUE
2026 Topps Vault Marvel,MARVEL DIAMONDS - Gold,MD-63,Justin Hammer,TRUE
2026 Topps Vault Marvel,MARVEL DIAMONDS - Gold,MD-64,Nick Fury,TRUE
2026 Topps Vault Marvel,MARVEL DIAMONDS - Gold,MD-65,Black Widow,TRUE
2026 Topps Vault Marvel,MARVEL DIAMONDS - Gold,MD-66,Winter Soldier,TRUE
2026 Topps Vault Marvel,MARVEL DIAMONDS - Gold,MD-67,Shang-Chi,TRUE
2026 Topps Vault Marvel,MARVEL DIAMONDS - Gold,MD-68,Sylvie,TRUE
2026 Topps Vault Marvel,MARVEL DIAMONDS - Gold,MD-69,Dr. Abraham Erskine,TRUE
2026 Topps Vault Marvel,MARVEL DIAMONDS - Gold,MD-70,Dr. Erik Selvig,TRUE
2026 Topps Vault Marvel,MARVEL DIAMONDS - Gold,MD-71,She-Hulk,TRUE
2026 Topps Vault Marvel,MARVEL DIAMONDS - Gold,MD-72,Loki,TRUE
2026 Topps Vault Marvel,MARVEL DIAMONDS - Gold,MD-73,Spider-Man,TRUE
2026 Topps Vault Marvel,MARVEL DIAMONDS - Gold,MD-74,The Collector,TRUE
2026 Topps Vault Marvel,MARVEL DIAMONDS - Gold,MD-75,Groot,TRUE
2026 Topps Vault Marvel,MARVEL DIAMONDS - Gold,MD-76,Gamora,TRUE
2026 Topps Vault Marvel,MARVEL DIAMONDS - Gold,MD-77,Hope Van Dyne,TRUE
2026 Topps Vault Marvel,MARVEL DIAMONDS - Gold,MD-78,Dr. Bill Foster,TRUE
2026 Topps Vault Marvel,MARVEL DIAMONDS - Gold,MD-79,Daredevil,TRUE
2026 Topps Vault Marvel,MARVEL DIAMONDS - Gold,MD-80,Mister Fantastic,TRUE
2026 Topps Vault Marvel,MARVEL DIAMONDS - Gold,MD-81,Invisible Woman,TRUE
2026 Topps Vault Marvel,MARVEL DIAMONDS - Gold,MD-82,Human Torch,TRUE
2026 Topps Vault Marvel,MARVEL DIAMONDS - Gold,MD-83,The Thing,TRUE
2026 Topps Vault Marvel,MARVEL DIAMONDS - Gold,MD-84,Silver Surfer,TRUE
2026 Topps Vault Marvel,MARVEL DIAMONDS - Gold,MD-85,Falcon,TRUE
2026 Topps Vault Marvel,MARVEL DIAMONDS - Gold,MD-86,Ms. Marvel,TRUE
2026 Topps Vault Marvel,MARVEL DIAMONDS - Gold,MD-87,Monica Rambeau,TRUE
2026 Topps Vault Marvel,MARVEL DIAMONDS - Gold,MD-88,King Laufey,TRUE
2026 Topps Vault Marvel,MARVEL DIAMONDS - Gold,MD-89,John F. Walker,TRUE
2026 Topps Vault Marvel,MARVEL DIAMONDS - Gold,MD-90,Falcon,TRUE
2026 Topps Vault Marvel,MARVEL DIAMONDS - Gold,MD-91,Wilson Fisk,TRUE
2026 Topps Vault Marvel,TRUE GREATNESS,TG-1,Iron Man,TRUE
2026 Topps Vault Marvel,TRUE GREATNESS,TG-2,Spider-Man,TRUE
2026 Topps Vault Marvel,TRUE GREATNESS,TG-3,Captain America,TRUE
2026 Topps Vault Marvel,TRUE GREATNESS,TG-4,Falcon,TRUE
2026 Topps Vault Marvel,TRUE GREATNESS,TG-5,Thanos,TRUE
2026 Topps Vault Marvel,TRUE GREATNESS,TG-6,Doctor Strange,TRUE
2026 Topps Vault Marvel,TRUE GREATNESS,TG-7,Ant-Man,TRUE
2026 Topps Vault Marvel,TRUE GREATNESS,TG-8,Thor,TRUE
2026 Topps Vault Marvel,TRUE GREATNESS,TG-9,Valkyrie,TRUE
2026 Topps Vault Marvel,TRUE GREATNESS,TG-10,Hulk,TRUE
2026 Topps Vault Marvel,TRUE GREATNESS,TG-11,Loki,TRUE
2026 Topps Vault Marvel,TRUE GREATNESS,TG-12,Odin,TRUE
2026 Topps Vault Marvel,TRUE GREATNESS,TG-13,Star-Lord,TRUE
2026 Topps Vault Marvel,TRUE GREATNESS,TG-14,Rocket,TRUE
2026 Topps Vault Marvel,TRUE GREATNESS,TG-15,Groot,TRUE
2026 Topps Vault Marvel,TRUE GREATNESS,TG-16,Gamora,TRUE
2026 Topps Vault Marvel,TRUE GREATNESS,TG-17,Black Widow,TRUE
2026 Topps Vault Marvel,TRUE GREATNESS,TG-18,Hawkeye,TRUE
2026 Topps Vault Marvel,TRUE GREATNESS,TG-19,Nick Fury,TRUE
2026 Topps Vault Marvel,TRUE GREATNESS,TG-20,Wanda Maximoff,TRUE
2026 Topps Vault Marvel,TRUE GREATNESS,TG-21,Vision,TRUE
2026 Topps Vault Marvel,TRUE GREATNESS,TG-22,Bucky Barnes,TRUE
2026 Topps Vault Marvel,TRUE GREATNESS,TG-23,Shuri,TRUE
2026 Topps Vault Marvel,TRUE GREATNESS,TG-24,Captain Marvel,TRUE
2026 Topps Vault Marvel,TRUE GREATNESS,TG-25,Wong,TRUE
2026 Topps Vault Marvel,TRUE GREATNESS,TG-26,M'Baku,TRUE
2026 Topps Vault Marvel,TRUE GREATNESS,TG-27,Zemo,TRUE
2026 Topps Vault Marvel,TRUE GREATNESS,TG-28,Erik Killmonger,TRUE
2026 Topps Vault Marvel,TRUE GREATNESS,TG-29,Agatha Harkness,TRUE
2026 Topps Vault Marvel,TRUE GREATNESS,TG-30,Moon Knight,TRUE
2026 Topps Vault Marvel,TRUE GREATNESS,TG-31,Shang-Chi,TRUE
2026 Topps Vault Marvel,TRUE GREATNESS,TG-32,Drax,TRUE
2026 Topps Vault Marvel,TRUE GREATNESS - Black,TG-1,Iron Man,TRUE
2026 Topps Vault Marvel,TRUE GREATNESS - Black,TG-2,Spider-Man,TRUE
2026 Topps Vault Marvel,TRUE GREATNESS - Black,TG-3,Captain America,TRUE
2026 Topps Vault Marvel,TRUE GREATNESS - Black,TG-4,Falcon,TRUE
2026 Topps Vault Marvel,TRUE GREATNESS - Black,TG-5,Thanos,TRUE
2026 Topps Vault Marvel,TRUE GREATNESS - Black,TG-6,Doctor Strange,TRUE
2026 Topps Vault Marvel,TRUE GREATNESS - Black,TG-7,Ant-Man,TRUE
2026 Topps Vault Marvel,TRUE GREATNESS - Black,TG-8,Thor,TRUE
2026 Topps Vault Marvel,TRUE GREATNESS - Black,TG-9,Valkyrie,TRUE
2026 Topps Vault Marvel,TRUE GREATNESS - Black,TG-10,Hulk,TRUE
2026 Topps Vault Marvel,TRUE GREATNESS - Black,TG-11,Loki,TRUE
2026 Topps Vault Marvel,TRUE GREATNESS - Black,TG-12,Odin,TRUE
2026 Topps Vault Marvel,TRUE GREATNESS - Black,TG-13,Star-Lord,TRUE
2026 Topps Vault Marvel,TRUE GREATNESS - Black,TG-14,Rocket,TRUE
2026 Topps Vault Marvel,TRUE GREATNESS - Black,TG-15,Groot,TRUE
2026 Topps Vault Marvel,TRUE GREATNESS - Black,TG-16,Gamora,TRUE
2026 Topps Vault Marvel,TRUE GREATNESS - Black,TG-17,Black Widow,TRUE
2026 Topps Vault Marvel,TRUE GREATNESS - Black,TG-18,Hawkeye,TRUE
2026 Topps Vault Marvel,TRUE GREATNESS - Black,TG-19,Nick Fury,TRUE
2026 Topps Vault Marvel,TRUE GREATNESS - Black,TG-20,Wanda Maximoff,TRUE
2026 Topps Vault Marvel,TRUE GREATNESS - Black,TG-21,Vision,TRUE
2026 Topps Vault Marvel,TRUE GREATNESS - Black,TG-22,Bucky Barnes,TRUE
2026 Topps Vault Marvel,TRUE GREATNESS - Black,TG-23,Shuri,TRUE
2026 Topps Vault Marvel,TRUE GREATNESS - Black,TG-24,Captain Marvel,TRUE
2026 Topps Vault Marvel,TRUE GREATNESS - Black,TG-25,Wong,TRUE
2026 Topps Vault Marvel,TRUE GREATNESS - Black,TG-26,M'Baku,TRUE
2026 Topps Vault Marvel,TRUE GREATNESS - Black,TG-27,Zemo,TRUE
2026 Topps Vault Marvel,TRUE GREATNESS - Black,TG-28,Erik Killmonger,TRUE
2026 Topps Vault Marvel,TRUE GREATNESS - Black,TG-29,Agatha Harkness,TRUE
2026 Topps Vault Marvel,TRUE GREATNESS - Black,TG-30,Moon Knight,TRUE
2026 Topps Vault Marvel,TRUE GREATNESS - Black,TG-31,Shang-Chi,TRUE
2026 Topps Vault Marvel,TRUE GREATNESS - Black,TG-32,Drax,TRUE
2026 Topps Vault Marvel,TRUE GREATNESS - Gold,TG-1,Iron Man,TRUE
2026 Topps Vault Marvel,TRUE GREATNESS - Gold,TG-2,Spider-Man,TRUE
2026 Topps Vault Marvel,TRUE GREATNESS - Gold,TG-3,Captain America,TRUE
2026 Topps Vault Marvel,TRUE GREATNESS - Gold,TG-4,Falcon,TRUE
2026 Topps Vault Marvel,TRUE GREATNESS - Gold,TG-5,Thanos,TRUE
2026 Topps Vault Marvel,TRUE GREATNESS - Gold,TG-6,Doctor Strange,TRUE
2026 Topps Vault Marvel,TRUE GREATNESS - Gold,TG-7,Ant-Man,TRUE
2026 Topps Vault Marvel,TRUE GREATNESS - Gold,TG-8,Thor,TRUE
2026 Topps Vault Marvel,TRUE GREATNESS - Gold,TG-9,Valkyrie,TRUE
2026 Topps Vault Marvel,TRUE GREATNESS - Gold,TG-10,Hulk,TRUE
2026 Topps Vault Marvel,TRUE GREATNESS - Gold,TG-11,Loki,TRUE
2026 Topps Vault Marvel,TRUE GREATNESS - Gold,TG-12,Odin,TRUE
2026 Topps Vault Marvel,TRUE GREATNESS - Gold,TG-13,Star-Lord,TRUE
2026 Topps Vault Marvel,TRUE GREATNESS - Gold,TG-14,Rocket,TRUE
2026 Topps Vault Marvel,TRUE GREATNESS - Gold,TG-15,Groot,TRUE
2026 Topps Vault Marvel,TRUE GREATNESS - Gold,TG-16,Gamora,TRUE
2026 Topps Vault Marvel,TRUE GREATNESS - Gold,TG-17,Black Widow,TRUE
2026 Topps Vault Marvel,TRUE GREATNESS - Gold,TG-18,Hawkeye,TRUE
2026 Topps Vault Marvel,TRUE GREATNESS - Gold,TG-19,Nick Fury,TRUE
2026 Topps Vault Marvel,TRUE GREATNESS - Gold,TG-20,Wanda Maximoff,TRUE
2026 Topps Vault Marvel,TRUE GREATNESS - Gold,TG-21,Vision,TRUE
2026 Topps Vault Marvel,TRUE GREATNESS - Gold,TG-22,Bucky Barnes,TRUE
2026 Topps Vault Marvel,TRUE GREATNESS - Gold,TG-23,Shuri,TRUE
2026 Topps Vault Marvel,TRUE GREATNESS - Gold,TG-24,Captain Marvel,TRUE
2026 Topps Vault Marvel,TRUE GREATNESS - Gold,TG-25,Wong,TRUE
2026 Topps Vault Marvel,TRUE GREATNESS - Gold,TG-26,M'Baku,TRUE
2026 Topps Vault Marvel,TRUE GREATNESS - Gold,TG-27,Zemo,TRUE
2026 Topps Vault Marvel,TRUE GREATNESS - Gold,TG-28,Erik Killmonger,TRUE
2026 Topps Vault Marvel,TRUE GREATNESS - Gold,TG-29,Agatha Harkness,TRUE
2026 Topps Vault Marvel,TRUE GREATNESS - Gold,TG-30,Moon Knight,TRUE
2026 Topps Vault Marvel,TRUE GREATNESS - Gold,TG-31,Shang-Chi,TRUE
2026 Topps Vault Marvel,TRUE GREATNESS - Gold,TG-32,Drax,TRUE
2026 Topps Vault Marvel,TRUE GREATNESS - Red,TG-1,Iron Man,TRUE
2026 Topps Vault Marvel,TRUE GREATNESS - Red,TG-2,Spider-Man,TRUE
2026 Topps Vault Marvel,TRUE GREATNESS - Red,TG-3,Captain America,TRUE
2026 Topps Vault Marvel,TRUE GREATNESS - Red,TG-4,Falcon,TRUE
2026 Topps Vault Marvel,TRUE GREATNESS - Red,TG-5,Thanos,TRUE
2026 Topps Vault Marvel,TRUE GREATNESS - Red,TG-6,Doctor Strange,TRUE
2026 Topps Vault Marvel,TRUE GREATNESS - Red,TG-7,Ant-Man,TRUE
2026 Topps Vault Marvel,TRUE GREATNESS - Red,TG-8,Thor,TRUE
2026 Topps Vault Marvel,TRUE GREATNESS - Red,TG-9,Valkyrie,TRUE
2026 Topps Vault Marvel,TRUE GREATNESS - Red,TG-10,Hulk,TRUE
2026 Topps Vault Marvel,TRUE GREATNESS - Red,TG-11,Loki,TRUE
2026 Topps Vault Marvel,TRUE GREATNESS - Red,TG-12,Odin,TRUE
2026 Topps Vault Marvel,TRUE GREATNESS - Red,TG-13,Star-Lord,TRUE
2026 Topps Vault Marvel,TRUE GREATNESS - Red,TG-14,Rocket,TRUE
2026 Topps Vault Marvel,TRUE GREATNESS - Red,TG-15,Groot,TRUE
2026 Topps Vault Marvel,TRUE GREATNESS - Red,TG-16,Gamora,TRUE
2026 Topps Vault Marvel,TRUE GREATNESS - Red,TG-17,Black Widow,TRUE
2026 Topps Vault Marvel,TRUE GREATNESS - Red,TG-18,Hawkeye,TRUE
2026 Topps Vault Marvel,TRUE GREATNESS - Red,TG-19,Nick Fury,TRUE
2026 Topps Vault Marvel,TRUE GREATNESS - Red,TG-20,Wanda Maximoff,TRUE
2026 Topps Vault Marvel,TRUE GREATNESS - Red,TG-21,Vision,TRUE
2026 Topps Vault Marvel,TRUE GREATNESS - Red,TG-22,Bucky Barnes,TRUE
2026 Topps Vault Marvel,TRUE GREATNESS - Red,TG-23,Shuri,TRUE
2026 Topps Vault Marvel,TRUE GREATNESS - Red,TG-24,Captain Marvel,TRUE
2026 Topps Vault Marvel,TRUE GREATNESS - Red,TG-25,Wong,TRUE
2026 Topps Vault Marvel,TRUE GREATNESS - Red,TG-26,M'Baku,TRUE
2026 Topps Vault Marvel,TRUE GREATNESS - Red,TG-27,Zemo,TRUE
2026 Topps Vault Marvel,TRUE GREATNESS - Red,TG-28,Erik Killmonger,TRUE
2026 Topps Vault Marvel,TRUE GREATNESS - Red,TG-29,Agatha Harkness,TRUE
2026 Topps Vault Marvel,TRUE GREATNESS - Red,TG-30,Moon Knight,TRUE
2026 Topps Vault Marvel,TRUE GREATNESS - Red,TG-31,Shang-Chi,TRUE
2026 Topps Vault Marvel,TRUE GREATNESS - Red,TG-32,Drax,TRUE
2026 Topps Vault Marvel,VAULT ARMORY,VA-01,Captain America,TRUE
2026 Topps Vault Marvel,VAULT ARMORY,VA-02,Star-Lord,TRUE
2026 Topps Vault Marvel,VAULT ARMORY,VA-04,Thor,TRUE
2026 Topps Vault Marvel,VAULT ARMORY,VA-07,Gamora,TRUE
2026 Topps Vault Marvel,VAULT ARMORY,VA-08,Valkyrie,TRUE
2026 Topps Vault Marvel,VAULT ARMORY,VA-10,Hawkeye,TRUE
2026 Topps Vault Marvel,VAULT ARMORY - Red,VA-01,Captain America,TRUE
2026 Topps Vault Marvel,VAULT ARMORY - Red,VA-02,Star-Lord,TRUE
2026 Topps Vault Marvel,VAULT ARMORY - Red,VA-04,Thor,TRUE
2026 Topps Vault Marvel,VAULT ARMORY - Red,VA-07,Gamora,TRUE
2026 Topps Vault Marvel,VAULT ARMORY - Red,VA-08,Valkyrie,TRUE
2026 Topps Vault Marvel,VAULT ARMORY - Red,VA-10,Hawkeye,TRUE
2026 Topps Vault Marvel,VAULT ARMORY - Black,VA-01,Captain America,TRUE
2026 Topps Vault Marvel,VAULT ARMORY - Black,VA-02,Star-Lord,TRUE
2026 Topps Vault Marvel,VAULT ARMORY - Black,VA-04,Thor,TRUE
2026 Topps Vault Marvel,VAULT ARMORY - Black,VA-07,Gamora,TRUE
2026 Topps Vault Marvel,VAULT ARMORY - Black,VA-08,Valkyrie,TRUE
2026 Topps Vault Marvel,VAULT ARMORY - Black,VA-10,Hawkeye,TRUE
2026 Topps Vault Marvel,VAULT ARMORY - Gold,VA-01,Captain America,TRUE
2026 Topps Vault Marvel,VAULT ARMORY - Gold,VA-02,Star-Lord,TRUE
2026 Topps Vault Marvel,VAULT ARMORY - Gold,VA-04,Thor,TRUE
2026 Topps Vault Marvel,VAULT ARMORY - Gold,VA-07,Gamora,TRUE
2026 Topps Vault Marvel,VAULT ARMORY - Gold,VA-08,Valkyrie,TRUE
2026 Topps Vault Marvel,VAULT ARMORY - Gold,VA-10,Hawkeye,TRUE
2026 Topps Vault Marvel,FROM THE SET,FTS-AH,Agatha Harkness,TRUE
2026 Topps Vault Marvel,FROM THE SET,FTS-BM,Billy Maximoff,TRUE
2026 Topps Vault Marvel,FROM THE SET,FTS-CL,Classic Loki,TRUE
2026 Topps Vault Marvel,FROM THE SET,FTS-IH,Ironheart,TRUE
2026 Topps Vault Marvel,FROM THE SET,FTS-LO,Loki,TRUE
2026 Topps Vault Marvel,FROM THE SET,FTS-PL,President Loki,TRUE
2026 Topps Vault Marvel,FROM THE SET,FTS-RV,Rio Vidal,TRUE
2026 Topps Vault Marvel,FROM THE SET,FTS-SH,Shuri,TRUE
2026 Topps Vault Marvel,FROM THE SET,FTS-SY,Sylvie,TRUE
2026 Topps Vault Marvel,FROM THE SET,FTS-TH,The Hood,TRUE
2026 Topps Vault Marvel,FROM THE SET - Black,FTS-AH,Agatha Harkness,TRUE
2026 Topps Vault Marvel,FROM THE SET - Black,FTS-BM,Billy Maximoff,TRUE
2026 Topps Vault Marvel,FROM THE SET - Black,FTS-CL,Classic Loki,TRUE
2026 Topps Vault Marvel,FROM THE SET - Black,FTS-IH,Ironheart,TRUE
2026 Topps Vault Marvel,FROM THE SET - Black,FTS-LO,Loki,TRUE
2026 Topps Vault Marvel,FROM THE SET - Black,FTS-PL,President Loki,TRUE
2026 Topps Vault Marvel,FROM THE SET - Black,FTS-RV,Rio Vidal,TRUE
2026 Topps Vault Marvel,FROM THE SET - Black,FTS-SH,Shuri,TRUE
2026 Topps Vault Marvel,FROM THE SET - Black,FTS-SY,Sylvie,TRUE
2026 Topps Vault Marvel,FROM THE SET - Black,FTS-TH,The Hood,TRUE
2026 Topps Vault Marvel,FROM THE SET - Red,FTS-AH,Agatha Harkness,TRUE
2026 Topps Vault Marvel,FROM THE SET - Red,FTS-BM,Billy Maximoff,TRUE
2026 Topps Vault Marvel,FROM THE SET - Red,FTS-CL,Classic Loki,TRUE
2026 Topps Vault Marvel,FROM THE SET - Red,FTS-IH,Ironheart,TRUE
2026 Topps Vault Marvel,FROM THE SET - Red,FTS-LO,Loki,TRUE
2026 Topps Vault Marvel,FROM THE SET - Red,FTS-PL,President Loki,TRUE
2026 Topps Vault Marvel,FROM THE SET - Red,FTS-RV,Rio Vidal,TRUE
2026 Topps Vault Marvel,FROM THE SET - Red,FTS-SH,Shuri,TRUE
2026 Topps Vault Marvel,FROM THE SET - Red,FTS-SY,Sylvie,TRUE
2026 Topps Vault Marvel,FROM THE SET - Red,FTS-TH,The Hood,TRUE
2026 Topps Vault Marvel,FROM THE SET - Gold,FTS-AH,Agatha Harkness,TRUE
2026 Topps Vault Marvel,FROM THE SET - Gold,FTS-BM,Billy Maximoff,TRUE
2026 Topps Vault Marvel,FROM THE SET - Gold,FTS-CL,Classic Loki,TRUE
2026 Topps Vault Marvel,FROM THE SET - Gold,FTS-IH,Ironheart,TRUE
2026 Topps Vault Marvel,FROM THE SET - Gold,FTS-LO,Loki,TRUE
2026 Topps Vault Marvel,FROM THE SET - Gold,FTS-PL,President Loki,TRUE
2026 Topps Vault Marvel,FROM THE SET - Gold,FTS-RV,Rio Vidal,TRUE
2026 Topps Vault Marvel,FROM THE SET - Gold,FTS-SH,Shuri,TRUE
2026 Topps Vault Marvel,FROM THE SET - Gold,FTS-SY,Sylvie,TRUE
2026 Topps Vault Marvel,FROM THE SET - Gold,FTS-TH,The Hood,TRUE
2026 Topps Vault Marvel,INK 616 Autos ,INK-AB,Angela Bassett,TRUE
2026 Topps Vault Marvel,INK 616 Autos ,INK-BL,Brie Larson,TRUE
2026 Topps Vault Marvel,INK 616 Autos ,INK-CB,Cate Blanchett,TRUE
2026 Topps Vault Marvel,INK 616 Autos ,INK-CE,Chris Evans,TRUE
2026 Topps Vault Marvel,INK 616 Autos ,INK-CG,Clark Gregg,TRUE
2026 Topps Vault Marvel,INK 616 Autos ,INK-CI,Chukwudi Iwuji,TRUE
2026 Topps Vault Marvel,INK 616 Autos ,INK-EC,Emilia Clarke,TRUE
2026 Topps Vault Marvel,INK 616 Autos ,INK-ED,Elizabeth Debicki,TRUE
2026 Topps Vault Marvel,INK 616 Autos ,INK-EO,Elizabeth Olsen,TRUE
2026 Topps Vault Marvel,INK 616 Autos ,INK-FP,Florence Pugh,TRUE
2026 Topps Vault Marvel,INK 616 Autos ,INK-GC,Glenn Close,TRUE
2026 Topps Vault Marvel,INK 616 Autos ,INK-GP,Gwyneth Paltrow,TRUE
2026 Topps Vault Marvel,INK 616 Autos ,INK-HA,Hayley Atwell,TRUE
2026 Topps Vault Marvel,INK 616 Autos ,INK-HS,Hailee Steinfeld,TRUE
2026 Topps Vault Marvel,INK 616 Autos ,INK-JB,Josh Brolin,TRUE
2026 Topps Vault Marvel,INK 616 Autos ,INK-JL,Jude Law,TRUE
2026 Topps Vault Marvel,INK 616 Autos ,INK-JR,Jeremy Renner,TRUE
2026 Topps Vault Marvel,INK 616 Autos ,INK-KD,Kat Dennings,TRUE
2026 Topps Vault Marvel,INK 616 Autos ,INK-KG,Karen Gillan,TRUE
2026 Topps Vault Marvel,INK 616 Autos ,INK-KH,Kathryn Hahn,TRUE
2026 Topps Vault Marvel,INK 616 Autos ,INK-LP,Lee Pace,TRUE
2026 Topps Vault Marvel,INK 616 Autos ,INK-LW,Letitia Wright,TRUE
2026 Topps Vault Marvel,INK 616 Autos ,INK-PB,Paul Bettany,TRUE
2026 Topps Vault Marvel,INK 616 Autos ,INK-PK,Pom Klementieff,TRUE
2026 Topps Vault Marvel,INK 616 Autos ,INK-RM,Michael Rooker,TRUE
2026 Topps Vault Marvel,INK 616 Autos ,INK-SL,Simu Liu,TRUE
2026 Topps Vault Marvel,INK 616 Autos ,INK-SS,Sebastian Stan,TRUE
2026 Topps Vault Marvel,INK 616 Autos ,INK-TH,Tom Hiddleston,TRUE
2026 Topps Vault Marvel,INK 616 Autos - Black,INK-AB,Angela Bassett,TRUE
2026 Topps Vault Marvel,INK 616 Autos - Black,INK-BL,Brie Larson,TRUE
2026 Topps Vault Marvel,INK 616 Autos - Black,INK-CB,Cate Blanchett,TRUE
2026 Topps Vault Marvel,INK 616 Autos - Black,INK-CE,Chris Evans,TRUE
2026 Topps Vault Marvel,INK 616 Autos - Black,INK-CG,Clark Gregg,TRUE
2026 Topps Vault Marvel,INK 616 Autos - Black,INK-CI,Chukwudi Iwuji,TRUE
2026 Topps Vault Marvel,INK 616 Autos - Black,INK-EC,Emilia Clarke,TRUE
2026 Topps Vault Marvel,INK 616 Autos - Black,INK-ED,Elizabeth Debicki,TRUE
2026 Topps Vault Marvel,INK 616 Autos - Black,INK-EO,Elizabeth Olsen,TRUE
2026 Topps Vault Marvel,INK 616 Autos - Black,INK-FP,Florence Pugh,TRUE
2026 Topps Vault Marvel,INK 616 Autos - Black,INK-GC,Glenn Close,TRUE
2026 Topps Vault Marvel,INK 616 Autos - Black,INK-GP,Gwyneth Paltrow,TRUE
2026 Topps Vault Marvel,INK 616 Autos - Black,INK-HA,Hayley Atwell,TRUE
2026 Topps Vault Marvel,INK 616 Autos - Black,INK-HS,Hailee Steinfeld,TRUE
2026 Topps Vault Marvel,INK 616 Autos - Black,INK-JB,Josh Brolin,TRUE
2026 Topps Vault Marvel,INK 616 Autos - Black,INK-JL,Jude Law,TRUE
2026 Topps Vault Marvel,INK 616 Autos - Black,INK-JR,Jeremy Renner,TRUE
2026 Topps Vault Marvel,INK 616 Autos - Black,INK-KD,Kat Dennings,TRUE
2026 Topps Vault Marvel,INK 616 Autos - Black,INK-KG,Karen Gillan,TRUE
2026 Topps Vault Marvel,INK 616 Autos - Black,INK-KH,Kathryn Hahn,TRUE
2026 Topps Vault Marvel,INK 616 Autos - Black,INK-LP,Lee Pace,TRUE
2026 Topps Vault Marvel,INK 616 Autos - Black,INK-LW,Letitia Wright,TRUE
2026 Topps Vault Marvel,INK 616 Autos - Black,INK-PB,Paul Bettany,TRUE
2026 Topps Vault Marvel,INK 616 Autos - Black,INK-PK,Pom Klementieff,TRUE
2026 Topps Vault Marvel,INK 616 Autos - Black,INK-RM,Michael Rooker,TRUE
2026 Topps Vault Marvel,INK 616 Autos - Black,INK-SL,Simu Liu,TRUE
2026 Topps Vault Marvel,INK 616 Autos - Black,INK-SS,Sebastian Stan,TRUE
2026 Topps Vault Marvel,INK 616 Autos - Black,INK-TH,Tom Hiddleston,TRUE
2026 Topps Vault Marvel,INK 616 Autos - Red,INK-AB,Angela Bassett,TRUE
2026 Topps Vault Marvel,INK 616 Autos - Red,INK-BL,Brie Larson,TRUE
2026 Topps Vault Marvel,INK 616 Autos - Red,INK-CB,Cate Blanchett,TRUE
2026 Topps Vault Marvel,INK 616 Autos - Red,INK-CE,Chris Evans,TRUE
2026 Topps Vault Marvel,INK 616 Autos - Red,INK-CG,Clark Gregg,TRUE
2026 Topps Vault Marvel,INK 616 Autos - Red,INK-CI,Chukwudi Iwuji,TRUE
2026 Topps Vault Marvel,INK 616 Autos - Red,INK-EC,Emilia Clarke,TRUE
2026 Topps Vault Marvel,INK 616 Autos - Red,INK-ED,Elizabeth Debicki,TRUE
2026 Topps Vault Marvel,INK 616 Autos - Red,INK-EO,Elizabeth Olsen,TRUE
2026 Topps Vault Marvel,INK 616 Autos - Red,INK-FP,Florence Pugh,TRUE
2026 Topps Vault Marvel,INK 616 Autos - Red,INK-GC,Glenn Close,TRUE
2026 Topps Vault Marvel,INK 616 Autos - Red,INK-GP,Gwyneth Paltrow,TRUE
2026 Topps Vault Marvel,INK 616 Autos - Red,INK-HA,Hayley Atwell,TRUE
2026 Topps Vault Marvel,INK 616 Autos - Red,INK-HS,Hailee Steinfeld,TRUE
2026 Topps Vault Marvel,INK 616 Autos - Red,INK-JB,Josh Brolin,TRUE
2026 Topps Vault Marvel,INK 616 Autos - Red,INK-JL,Jude Law,TRUE
2026 Topps Vault Marvel,INK 616 Autos - Red,INK-JR,Jeremy Renner,TRUE
2026 Topps Vault Marvel,INK 616 Autos - Red,INK-KD,Kat Dennings,TRUE
2026 Topps Vault Marvel,INK 616 Autos - Red,INK-KG,Karen Gillan,TRUE
2026 Topps Vault Marvel,INK 616 Autos - Red,INK-KH,Kathryn Hahn,TRUE
2026 Topps Vault Marvel,INK 616 Autos - Red,INK-LP,Lee Pace,TRUE
2026 Topps Vault Marvel,INK 616 Autos - Red,INK-LW,Letitia Wright,TRUE
2026 Topps Vault Marvel,INK 616 Autos - Red,INK-PB,Paul Bettany,TRUE
2026 Topps Vault Marvel,INK 616 Autos - Red,INK-PK,Pom Klementieff,TRUE
2026 Topps Vault Marvel,INK 616 Autos - Red,INK-RM,Michael Rooker,TRUE
2026 Topps Vault Marvel,INK 616 Autos - Red,INK-SL,Simu Liu,TRUE
2026 Topps Vault Marvel,INK 616 Autos - Red,INK-SS,Sebastian Stan,TRUE
2026 Topps Vault Marvel,INK 616 Autos - Red,INK-TH,Tom Hiddleston,TRUE
2026 Topps Vault Marvel,INK 616 Autos - Gold,INK-AB,Angela Bassett,TRUE
2026 Topps Vault Marvel,INK 616 Autos - Gold,INK-BL,Brie Larson,TRUE
2026 Topps Vault Marvel,INK 616 Autos - Gold,INK-CB,Cate Blanchett,TRUE
2026 Topps Vault Marvel,INK 616 Autos - Gold,INK-CE,Chris Evans,TRUE
2026 Topps Vault Marvel,INK 616 Autos - Gold,INK-CG,Clark Gregg,TRUE
2026 Topps Vault Marvel,INK 616 Autos - Gold,INK-CI,Chukwudi Iwuji,TRUE
2026 Topps Vault Marvel,INK 616 Autos - Gold,INK-EC,Emilia Clarke,TRUE
2026 Topps Vault Marvel,INK 616 Autos - Gold,INK-ED,Elizabeth Debicki,TRUE
2026 Topps Vault Marvel,INK 616 Autos - Gold,INK-EO,Elizabeth Olsen,TRUE
2026 Topps Vault Marvel,INK 616 Autos - Gold,INK-FP,Florence Pugh,TRUE
2026 Topps Vault Marvel,INK 616 Autos - Gold,INK-GC,Glenn Close,TRUE
2026 Topps Vault Marvel,INK 616 Autos - Gold,INK-GP,Gwyneth Paltrow,TRUE
2026 Topps Vault Marvel,INK 616 Autos - Gold,INK-HA,Hayley Atwell,TRUE
2026 Topps Vault Marvel,INK 616 Autos - Gold,INK-HS,Hailee Steinfeld,TRUE
2026 Topps Vault Marvel,INK 616 Autos - Gold,INK-JB,Josh Brolin,TRUE
2026 Topps Vault Marvel,INK 616 Autos - Gold,INK-JL,Jude Law,TRUE
2026 Topps Vault Marvel,INK 616 Autos - Gold,INK-JR,Jeremy Renner,TRUE
2026 Topps Vault Marvel,INK 616 Autos - Gold,INK-KD,Kat Dennings,TRUE
2026 Topps Vault Marvel,INK 616 Autos - Gold,INK-KG,Karen Gillan,TRUE
2026 Topps Vault Marvel,INK 616 Autos - Gold,INK-KH,Kathryn Hahn,TRUE
2026 Topps Vault Marvel,INK 616 Autos - Gold,INK-LP,Lee Pace,TRUE
2026 Topps Vault Marvel,INK 616 Autos - Gold,INK-LW,Letitia Wright,TRUE
2026 Topps Vault Marvel,INK 616 Autos - Gold,INK-PB,Paul Bettany,TRUE
2026 Topps Vault Marvel,INK 616 Autos - Gold,INK-PK,Pom Klementieff,TRUE
2026 Topps Vault Marvel,INK 616 Autos - Gold,INK-RM,Michael Rooker,TRUE
2026 Topps Vault Marvel,INK 616 Autos - Gold,INK-SL,Simu Liu,TRUE
2026 Topps Vault Marvel,INK 616 Autos - Gold,INK-SS,Sebastian Stan,TRUE
2026 Topps Vault Marvel,INK 616 Autos - Gold,INK-TH,Tom Hiddleston,TRUE
2026 Topps Vault Marvel,LACED IN GOLD,LIG-AM,Anthony Mackie,TRUE
2026 Topps Vault Marvel,LACED IN GOLD,LIG-BL,Brie Larson,TRUE
2026 Topps Vault Marvel,LACED IN GOLD,LIG-CE,Chris Evans,TRUE
2026 Topps Vault Marvel,LACED IN GOLD,LIG-CT,Cate Blanchett,TRUE
2026 Topps Vault Marvel,LACED IN GOLD,LIG-EMB,Ebon Moss-Bachrach,TRUE
2026 Topps Vault Marvel,LACED IN GOLD,LIG-EO,Elizabeth Olsen,TRUE
2026 Topps Vault Marvel,LACED IN GOLD,LIG-GP,Gwyneth Paltrow,TRUE
2026 Topps Vault Marvel,LACED IN GOLD,LIG-JB,Josh Brolin,TRUE
2026 Topps Vault Marvel,LACED IN GOLD,LIG-JLD,Julia Louis-Dreyfus,TRUE
2026 Topps Vault Marvel,LACED IN GOLD,LIG-KH,Kathryn Hahn,TRUE
2026 Topps Vault Marvel,LACED IN GOLD,LIG-PB,Paul Bettany,TRUE
2026 Topps Vault Marvel,LACED IN GOLD,LIG-SS,Sebastian Stan,TRUE
2026 Topps Vault Marvel,LACED IN GOLD - Black,LIG-AM,Anthony Mackie,TRUE
2026 Topps Vault Marvel,LACED IN GOLD - Black,LIG-BL,Brie Larson,TRUE
2026 Topps Vault Marvel,LACED IN GOLD - Black,LIG-CE,Chris Evans,TRUE
2026 Topps Vault Marvel,LACED IN GOLD - Black,LIG-CT,Cate Blanchett,TRUE
2026 Topps Vault Marvel,LACED IN GOLD - Black,LIG-EMB,Ebon Moss-Bachrach,TRUE
2026 Topps Vault Marvel,LACED IN GOLD - Black,LIG-EO,Elizabeth Olsen,TRUE
2026 Topps Vault Marvel,LACED IN GOLD - Black,LIG-GP,Gwyneth Paltrow,TRUE
2026 Topps Vault Marvel,LACED IN GOLD - Black,LIG-JB,Josh Brolin,TRUE
2026 Topps Vault Marvel,LACED IN GOLD - Black,LIG-JLD,Julia Louis-Dreyfus,TRUE
2026 Topps Vault Marvel,LACED IN GOLD - Black,LIG-KH,Kathryn Hahn,TRUE
2026 Topps Vault Marvel,LACED IN GOLD - Black,LIG-PB,Paul Bettany,TRUE
2026 Topps Vault Marvel,LACED IN GOLD - Black,LIG-SS,Sebastian Stan,TRUE
2026 Topps Vault Marvel,LACED IN GOLD - Red,LIG-AM,Anthony Mackie,TRUE
2026 Topps Vault Marvel,LACED IN GOLD - Red,LIG-BL,Brie Larson,TRUE
2026 Topps Vault Marvel,LACED IN GOLD - Red,LIG-CE,Chris Evans,TRUE
2026 Topps Vault Marvel,LACED IN GOLD - Red,LIG-CT,Cate Blanchett,TRUE
2026 Topps Vault Marvel,LACED IN GOLD - Red,LIG-EMB,Ebon Moss-Bachrach,TRUE
2026 Topps Vault Marvel,LACED IN GOLD - Red,LIG-EO,Elizabeth Olsen,TRUE
2026 Topps Vault Marvel,LACED IN GOLD - Red,LIG-GP,Gwyneth Paltrow,TRUE
2026 Topps Vault Marvel,LACED IN GOLD - Red,LIG-JB,Josh Brolin,TRUE
2026 Topps Vault Marvel,LACED IN GOLD - Red,LIG-JLD,Julia Louis-Dreyfus,TRUE
2026 Topps Vault Marvel,LACED IN GOLD - Red,LIG-KH,Kathryn Hahn,TRUE
2026 Topps Vault Marvel,LACED IN GOLD - Red,LIG-PB,Paul Bettany,TRUE
2026 Topps Vault Marvel,LACED IN GOLD - Red,LIG-SS,Sebastian Stan,TRUE
2026 Topps Vault Marvel,LACED IN GOLD - Gold,LIG-AM,Anthony Mackie,TRUE
2026 Topps Vault Marvel,LACED IN GOLD - Gold,LIG-BL,Brie Larson,TRUE
2026 Topps Vault Marvel,LACED IN GOLD - Gold,LIG-CE,Chris Evans,TRUE
2026 Topps Vault Marvel,LACED IN GOLD - Gold,LIG-CT,Cate Blanchett,TRUE
2026 Topps Vault Marvel,LACED IN GOLD - Gold,LIG-EMB,Ebon Moss-Bachrach,TRUE
2026 Topps Vault Marvel,LACED IN GOLD - Gold,LIG-EO,Elizabeth Olsen,TRUE
2026 Topps Vault Marvel,LACED IN GOLD - Gold,LIG-GP,Gwyneth Paltrow,TRUE
2026 Topps Vault Marvel,LACED IN GOLD - Gold,LIG-JB,Josh Brolin,TRUE
2026 Topps Vault Marvel,LACED IN GOLD - Gold,LIG-JLD,Julia Louis-Dreyfus,TRUE
2026 Topps Vault Marvel,LACED IN GOLD - Gold,LIG-KH,Kathryn Hahn,TRUE
2026 Topps Vault Marvel,LACED IN GOLD - Gold,LIG-PB,Paul Bettany,TRUE
2026 Topps Vault Marvel,LACED IN GOLD - Gold,LIG-SS,Sebastian Stan,TRUE
2026 Topps Vault Marvel,DUOS AUTOGRAPHS,MD-AD,Anthony Mackie Captain America + Danny Ramirez Falcon,TRUE
2026 Topps Vault Marvel,DUOS AUTOGRAPHS,MD-AM,Michael B. Jordan Erik Killmonger + Andy Serkis Ulysses Klaue,TRUE
2026 Topps Vault Marvel,DUOS AUTOGRAPHS,MD-AS,Anthony Mackie Falcon + Sebastian Stan Winter Soldier,TRUE
2026 Topps Vault Marvel,DUOS AUTOGRAPHS,MD-BS,Brie Larson Captain Marvel + Samuel L. Jackson Nick Fury,TRUE
2026 Topps Vault Marvel,DUOS AUTOGRAPHS,MD-CC,Cobie Smulders Maria Hill + Clark Gregg Phil Coulson,TRUE
2026 Topps Vault Marvel,DUOS AUTOGRAPHS,MD-DK,Kenneth Choi Jim Morita + Dominic Cooper Howard Stark,TRUE
2026 Topps Vault Marvel,DUOS AUTOGRAPHS,MD-EK,Kathryn Hahn Agatha Harkness + Elizabeth Olsen Wanda Maximoff,TRUE
2026 Topps Vault Marvel,DUOS AUTOGRAPHS,MD-EP,Elizabeth Olsen Wanda Maximoff + Paul Bettany The Vision,TRUE
2026 Topps Vault Marvel,DUOS AUTOGRAPHS,MD-JD,David Harbour Red Guardian + Julia Louis-Dreyfus Valentina Allegra de Fontaine,TRUE
2026 Topps Vault Marvel,DUOS AUTOGRAPHS,MD-JH,Jeremy Renner Hawkeye + Hailee Steinfeld Kate Bishop,TRUE
2026 Topps Vault Marvel,DUOS AUTOGRAPHS,MD-PE,Paul Rudd Ant-Man + Evangeline Lilly The Wasp,TRUE
2026 Topps Vault Marvel,DUOS AUTOGRAPHS,MD-PV,Pedro Pascal Mister Fantastic + Vanessa Kirby Invisible Woman,TRUE
2026 Topps Vault Marvel,DUOS AUTOGRAPHS,MD-TR,Tom Hiddleston Loki + Richard E. Grant Classic Loki,TRUE
2026 Topps Vault Marvel,DUOS AUTOGRAPHS,MD-TS,Tom Hiddleston Loki + Sophia Di Martino Sylvie,TRUE
2026 Topps Vault Marvel,DUOS AUTOGRAPHS,MD-WE,Elizabeth Debicki Ayesha + Will Poulter Adam Warlock,TRUE
2026 Topps Vault Marvel,DUOS AUTOGRAPHS - Black,MD-AD,Anthony Mackie Captain America + Danny Ramirez Falcon,TRUE
2026 Topps Vault Marvel,DUOS AUTOGRAPHS - Black,MD-AM,Michael B. Jordan Erik Killmonger + Andy Serkis Ulysses Klaue,TRUE
2026 Topps Vault Marvel,DUOS AUTOGRAPHS - Black,MD-AS,Anthony Mackie Falcon + Sebastian Stan Winter Soldier,TRUE
2026 Topps Vault Marvel,DUOS AUTOGRAPHS - Black,MD-BS,Brie Larson Captain Marvel + Samuel L. Jackson Nick Fury,TRUE
2026 Topps Vault Marvel,DUOS AUTOGRAPHS - Black,MD-CC,Cobie Smulders Maria Hill + Clark Gregg Phil Coulson,TRUE
2026 Topps Vault Marvel,DUOS AUTOGRAPHS - Black,MD-DK,Kenneth Choi Jim Morita + Dominic Cooper Howard Stark,TRUE
2026 Topps Vault Marvel,DUOS AUTOGRAPHS - Black,MD-EK,Kathryn Hahn Agatha Harkness + Elizabeth Olsen Wanda Maximoff,TRUE
2026 Topps Vault Marvel,DUOS AUTOGRAPHS - Black,MD-EP,Elizabeth Olsen Wanda Maximoff + Paul Bettany The Vision,TRUE
2026 Topps Vault Marvel,DUOS AUTOGRAPHS - Black,MD-JD,David Harbour Red Guardian + Julia Louis-Dreyfus Valentina Allegra de Fontaine,TRUE
2026 Topps Vault Marvel,DUOS AUTOGRAPHS - Black,MD-JH,Jeremy Renner Hawkeye + Hailee Steinfeld Kate Bishop,TRUE
2026 Topps Vault Marvel,DUOS AUTOGRAPHS - Black,MD-PE,Paul Rudd Ant-Man + Evangeline Lilly The Wasp,TRUE
2026 Topps Vault Marvel,DUOS AUTOGRAPHS - Black,MD-PV,Pedro Pascal Mister Fantastic + Vanessa Kirby Invisible Woman,TRUE
2026 Topps Vault Marvel,DUOS AUTOGRAPHS - Black,MD-TR,Tom Hiddleston Loki + Richard E. Grant Classic Loki,TRUE
2026 Topps Vault Marvel,DUOS AUTOGRAPHS - Black,MD-TS,Tom Hiddleston Loki + Sophia Di Martino Sylvie,TRUE
2026 Topps Vault Marvel,DUOS AUTOGRAPHS - Black,MD-WE,Elizabeth Debicki Ayesha + Will Poulter Adam Warlock,TRUE
2026 Topps Vault Marvel,DUOS AUTOGRAPHS - Red,MD-AD,Anthony Mackie Captain America + Danny Ramirez Falcon,TRUE
2026 Topps Vault Marvel,DUOS AUTOGRAPHS - Red,MD-AM,Michael B. Jordan Erik Killmonger + Andy Serkis Ulysses Klaue,TRUE
2026 Topps Vault Marvel,DUOS AUTOGRAPHS - Red,MD-AS,Anthony Mackie Falcon + Sebastian Stan Winter Soldier,TRUE
2026 Topps Vault Marvel,DUOS AUTOGRAPHS - Red,MD-BS,Brie Larson Captain Marvel + Samuel L. Jackson Nick Fury,TRUE
2026 Topps Vault Marvel,DUOS AUTOGRAPHS - Red,MD-CC,Cobie Smulders Maria Hill + Clark Gregg Phil Coulson,TRUE
2026 Topps Vault Marvel,DUOS AUTOGRAPHS - Red,MD-DK,Kenneth Choi Jim Morita + Dominic Cooper Howard Stark,TRUE
2026 Topps Vault Marvel,DUOS AUTOGRAPHS - Red,MD-EK,Kathryn Hahn Agatha Harkness + Elizabeth Olsen Wanda Maximoff,TRUE
2026 Topps Vault Marvel,DUOS AUTOGRAPHS - Red,MD-EP,Elizabeth Olsen Wanda Maximoff + Paul Bettany The Vision,TRUE
2026 Topps Vault Marvel,DUOS AUTOGRAPHS - Red,MD-JD,David Harbour Red Guardian + Julia Louis-Dreyfus Valentina Allegra de Fontaine,TRUE
2026 Topps Vault Marvel,DUOS AUTOGRAPHS - Red,MD-JH,Jeremy Renner Hawkeye + Hailee Steinfeld Kate Bishop,TRUE
2026 Topps Vault Marvel,DUOS AUTOGRAPHS - Red,MD-PE,Paul Rudd Ant-Man + Evangeline Lilly The Wasp,TRUE
2026 Topps Vault Marvel,DUOS AUTOGRAPHS - Red,MD-PV,Pedro Pascal Mister Fantastic + Vanessa Kirby Invisible Woman,TRUE
2026 Topps Vault Marvel,DUOS AUTOGRAPHS - Red,MD-TR,Tom Hiddleston Loki + Richard E. Grant Classic Loki,TRUE
2026 Topps Vault Marvel,DUOS AUTOGRAPHS - Red,MD-TS,Tom Hiddleston Loki + Sophia Di Martino Sylvie,TRUE
2026 Topps Vault Marvel,DUOS AUTOGRAPHS - Red,MD-WE,Elizabeth Debicki Ayesha + Will Poulter Adam Warlock,TRUE
2026 Topps Vault Marvel,DUOS AUTOGRAPHS - Gold,MD-AD,Anthony Mackie Captain America + Danny Ramirez Falcon,TRUE
2026 Topps Vault Marvel,DUOS AUTOGRAPHS - Gold,MD-AM,Michael B. Jordan Erik Killmonger + Andy Serkis Ulysses Klaue,TRUE
2026 Topps Vault Marvel,DUOS AUTOGRAPHS - Gold,MD-AS,Anthony Mackie Falcon + Sebastian Stan Winter Soldier,TRUE
2026 Topps Vault Marvel,DUOS AUTOGRAPHS - Gold,MD-BS,Brie Larson Captain Marvel + Samuel L. Jackson Nick Fury,TRUE
2026 Topps Vault Marvel,DUOS AUTOGRAPHS - Gold,MD-CC,Cobie Smulders Maria Hill + Clark Gregg Phil Coulson,TRUE
2026 Topps Vault Marvel,DUOS AUTOGRAPHS - Gold,MD-DK,Kenneth Choi Jim Morita + Dominic Cooper Howard Stark,TRUE
2026 Topps Vault Marvel,DUOS AUTOGRAPHS - Gold,MD-EK,Kathryn Hahn Agatha Harkness + Elizabeth Olsen Wanda Maximoff,TRUE
2026 Topps Vault Marvel,DUOS AUTOGRAPHS - Gold,MD-EP,Elizabeth Olsen Wanda Maximoff + Paul Bettany The Vision,TRUE
2026 Topps Vault Marvel,DUOS AUTOGRAPHS - Gold,MD-JD,David Harbour Red Guardian + Julia Louis-Dreyfus Valentina Allegra de Fontaine,TRUE
2026 Topps Vault Marvel,DUOS AUTOGRAPHS - Gold,MD-JH,Jeremy Renner Hawkeye + Hailee Steinfeld Kate Bishop,TRUE
2026 Topps Vault Marvel,DUOS AUTOGRAPHS - Gold,MD-PE,Paul Rudd Ant-Man + Evangeline Lilly The Wasp,TRUE
2026 Topps Vault Marvel,DUOS AUTOGRAPHS - Gold,MD-PV,Pedro Pascal Mister Fantastic + Vanessa Kirby Invisible Woman,TRUE
2026 Topps Vault Marvel,DUOS AUTOGRAPHS - Gold,MD-TR,Tom Hiddleston Loki + Richard E. Grant Classic Loki,TRUE
2026 Topps Vault Marvel,DUOS AUTOGRAPHS - Gold,MD-TS,Tom Hiddleston Loki + Sophia Di Martino Sylvie,TRUE
2026 Topps Vault Marvel,DUOS AUTOGRAPHS - Gold,MD-WE,Elizabeth Debicki Ayesha + Will Poulter Adam Warlock,TRUE
2026 Topps Vault Marvel,TRIPLE AUTOGRAPHS,MT-CSA,Anthony Mackie Falcon + Chris Evans Captain America + Sebastian Stan Bucky Barnes,TRUE
2026 Topps Vault Marvel,TRIPLE AUTOGRAPHS,MT-EPK,Kat Dennings Darcy Lewis + Paul Bettany Vision + Elizabeth Olsen Wanda Maximoff,TRUE
2026 Topps Vault Marvel,TRIPLE AUTOGRAPHS,MT-FMA,Forest Whitaker Zuri + Angela Bassett Queen Ramonda + Michael B. Jordan Erik Killmonger,TRUE
2026 Topps Vault Marvel,TRIPLE AUTOGRAPHS,MT-HDK,Kenneth Choi Jim Morita + Dominic Cooper Howard Stark + Hayley Atwell Peggy Carter,TRUE
2026 Topps Vault Marvel,TRIPLE AUTOGRAPHS,MT-SCC,Clark Gregg Phil Coulson + Cobie Smulders Maria Hill + Samuel L. Jackson Nick Fury,TRUE
2026 Topps Vault Marvel,TRIPLE AUTOGRAPHS,MT-SWJ,Wyatt Russell John F. Walker + Julia Louis-Dreyfus Valentina Allegra de Fontaine + Sebastian Stan Bucky Barnes,TRUE
2026 Topps Vault Marvel,TRIPLE AUTOGRAPHS,MT-TOS,Sophia Di Martino Sylvie + Owen Wilson Mobius + Tom Hiddleston Loki,TRUE
2026 Topps Vault Marvel,TRIPLE AUTOGRAPHS - Black,MT-CSA,Anthony Mackie Falcon + Chris Evans Captain America + Sebastian Stan Bucky Barnes,TRUE
2026 Topps Vault Marvel,TRIPLE AUTOGRAPHS - Black,MT-EPK,Kat Dennings Darcy Lewis + Paul Bettany Vision + Elizabeth Olsen Wanda Maximoff,TRUE
2026 Topps Vault Marvel,TRIPLE AUTOGRAPHS - Black,MT-FMA,Forest Whitaker Zuri + Angela Bassett Queen Ramonda + Michael B. Jordan Erik Killmonger,TRUE
2026 Topps Vault Marvel,TRIPLE AUTOGRAPHS - Black,MT-HDK,Kenneth Choi Jim Morita + Dominic Cooper Howard Stark + Hayley Atwell Peggy Carter,TRUE
2026 Topps Vault Marvel,TRIPLE AUTOGRAPHS - Black,MT-SCC,Clark Gregg Phil Coulson + Cobie Smulders Maria Hill + Samuel L. Jackson Nick Fury,TRUE
2026 Topps Vault Marvel,TRIPLE AUTOGRAPHS - Black,MT-SWJ,Wyatt Russell John F. Walker + Julia Louis-Dreyfus Valentina Allegra de Fontaine + Sebastian Stan Bucky Barnes,TRUE
2026 Topps Vault Marvel,TRIPLE AUTOGRAPHS - Black,MT-TOS,Sophia Di Martino Sylvie + Owen Wilson Mobius + Tom Hiddleston Loki,TRUE
2026 Topps Vault Marvel,TRIPLE AUTOGRAPHS - Red,MT-CSA,Anthony Mackie Falcon + Chris Evans Captain America + Sebastian Stan Bucky Barnes,TRUE
2026 Topps Vault Marvel,TRIPLE AUTOGRAPHS - Red,MT-EPK,Kat Dennings Darcy Lewis + Paul Bettany Vision + Elizabeth Olsen Wanda Maximoff,TRUE
2026 Topps Vault Marvel,TRIPLE AUTOGRAPHS - Red,MT-FMA,Forest Whitaker Zuri + Angela Bassett Queen Ramonda + Michael B. Jordan Erik Killmonger,TRUE
2026 Topps Vault Marvel,TRIPLE AUTOGRAPHS - Red,MT-HDK,Kenneth Choi Jim Morita + Dominic Cooper Howard Stark + Hayley Atwell Peggy Carter,TRUE
2026 Topps Vault Marvel,TRIPLE AUTOGRAPHS - Red,MT-SCC,Clark Gregg Phil Coulson + Cobie Smulders Maria Hill + Samuel L. Jackson Nick Fury,TRUE
2026 Topps Vault Marvel,TRIPLE AUTOGRAPHS - Red,MT-SWJ,Wyatt Russell John F. Walker + Julia Louis-Dreyfus Valentina Allegra de Fontaine + Sebastian Stan Bucky Barnes,TRUE
2026 Topps Vault Marvel,TRIPLE AUTOGRAPHS - Red,MT-TOS,Sophia Di Martino Sylvie + Owen Wilson Mobius + Tom Hiddleston Loki,TRUE
2026 Topps Vault Marvel,TRIPLE AUTOGRAPHS - Gold,MT-CSA,Anthony Mackie Falcon + Chris Evans Captain America + Sebastian Stan Bucky Barnes,TRUE
2026 Topps Vault Marvel,TRIPLE AUTOGRAPHS - Gold,MT-EPK,Kat Dennings Darcy Lewis + Paul Bettany Vision + Elizabeth Olsen Wanda Maximoff,TRUE
2026 Topps Vault Marvel,TRIPLE AUTOGRAPHS - Gold,MT-FMA,Forest Whitaker Zuri + Angela Bassett Queen Ramonda + Michael B. Jordan Erik Killmonger,TRUE
2026 Topps Vault Marvel,TRIPLE AUTOGRAPHS - Gold,MT-HDK,Kenneth Choi Jim Morita + Dominic Cooper Howard Stark + Hayley Atwell Peggy Carter,TRUE
2026 Topps Vault Marvel,TRIPLE AUTOGRAPHS - Gold,MT-SCC,Clark Gregg Phil Coulson + Cobie Smulders Maria Hill + Samuel L. Jackson Nick Fury,TRUE
2026 Topps Vault Marvel,TRIPLE AUTOGRAPHS - Gold,MT-SWJ,Wyatt Russell John F. Walker + Julia Louis-Dreyfus Valentina Allegra de Fontaine + Sebastian Stan Bucky Barnes,TRUE
2026 Topps Vault Marvel,TRIPLE AUTOGRAPHS - Gold,MT-TOS,Sophia Di Martino Sylvie + Owen Wilson Mobius + Tom Hiddleston Loki,TRUE
2026 Topps Vault Marvel,ASGARD LITERATURE,AL-ACTT,Cate Blanchett as Hela + Taika Waititi as Korg + Tessa Thompson as Valkyrie + Anthony Hopkins as Odin,TRUE
2026 Topps Vault Marvel,ASGARD LITERATURE,AL-OLHK,Christopher Eccleston as Malekith+ Stellen Skarsgård as Dr. Erik Selvig + Kat Dennings as Darcy Lewis +Natalie Portman as Dr. Jane Foster,TRUE
2026 Topps Vault Marvel,ASGARD LITERATURE - Black,AL-ACTT,Cate Blanchett as Hela + Taika Waititi as Korg + Tessa Thompson as Valkyrie + Anthony Hopkins as Odin,TRUE
2026 Topps Vault Marvel,ASGARD LITERATURE - Black,AL-OLHK,Christopher Eccleston as Malekith+ Stellen Skarsgård as Dr. Erik Selvig + Kat Dennings as Darcy Lewis +Natalie Portman as Dr. Jane Foster,TRUE
2026 Topps Vault Marvel,ASGARD LITERATURE - Red,AL-ACTT,Cate Blanchett as Hela + Taika Waititi as Korg + Tessa Thompson as Valkyrie + Anthony Hopkins as Odin,TRUE
2026 Topps Vault Marvel,ASGARD LITERATURE - Red,AL-OLHK,Christopher Eccleston as Malekith+ Stellen Skarsgård as Dr. Erik Selvig + Kat Dennings as Darcy Lewis +Natalie Portman as Dr. Jane Foster,TRUE
2026 Topps Vault Marvel,ASGARD LITERATURE - Gold,AL-ACTT,Cate Blanchett as Hela + Taika Waititi as Korg + Tessa Thompson as Valkyrie + Anthony Hopkins as Odin,TRUE
2026 Topps Vault Marvel,ASGARD LITERATURE - Gold,AL-OLHK,Christopher Eccleston as Malekith+ Stellen Skarsgård as Dr. Erik Selvig + Kat Dennings as Darcy Lewis +Natalie Portman as Dr. Jane Foster,TRUE
2026 Topps Vault Marvel,IMMORTAL AUTOGRAPHS,IA-AH,Anthony Hopkins,TRUE
2026 Topps Vault Marvel,IMMORTAL AUTOGRAPHS,IA-AS,Anthony Hopkins,TRUE
2026 Topps Vault Marvel,IMMORTAL AUTOGRAPHS,IA-AM,Anthony Mackie,TRUE
2026 Topps Vault Marvel,IMMORTAL AUTOGRAPHS,IA-BL,Brie Larson,TRUE
2026 Topps Vault Marvel,IMMORTAL AUTOGRAPHS,IA-BN,Brie Larson,TRUE
2026 Topps Vault Marvel,IMMORTAL AUTOGRAPHS,IA-CB,Cate Blanchett,TRUE
2026 Topps Vault Marvel,IMMORTAL AUTOGRAPHS,IA-CT,Cate Blanchett,TRUE
2026 Topps Vault Marvel,IMMORTAL AUTOGRAPHS,IA-CC,Charlie Cox,TRUE
2026 Topps Vault Marvel,IMMORTAL AUTOGRAPHS,IA-CHT,Charlize Theron,TRUE
2026 Topps Vault Marvel,IMMORTAL AUTOGRAPHS,IA-CL,Chris Pratt,TRUE
2026 Topps Vault Marvel,IMMORTAL AUTOGRAPHS,IA-CP,Chris Pratt,TRUE
2026 Topps Vault Marvel,IMMORTAL AUTOGRAPHS,IA-EL,Elizabeth Olsen,TRUE
2026 Topps Vault Marvel,IMMORTAL AUTOGRAPHS,IA-EO,Elizabeth Olsen,TRUE
2026 Topps Vault Marvel,IMMORTAL AUTOGRAPHS,IA-HS,Hailee Steinfeld,TRUE
2026 Topps Vault Marvel,IMMORTAL AUTOGRAPHS,IA-HJ,Hugh Jackman,TRUE
2026 Topps Vault Marvel,IMMORTAL AUTOGRAPHS,IA-HU,Hugh Jackman,TRUE
2026 Topps Vault Marvel,IMMORTAL AUTOGRAPHS,IA-JE,Jeremy Renner,TRUE
2026 Topps Vault Marvel,IMMORTAL AUTOGRAPHS,IA-JR,Jeremy Renner,TRUE
2026 Topps Vault Marvel,IMMORTAL AUTOGRAPHS,IA-JB,Josh Brolin,TRUE
2026 Topps Vault Marvel,IMMORTAL AUTOGRAPHS,IA-JO,Josh Brolin,TRUE
2026 Topps Vault Marvel,IMMORTAL AUTOGRAPHS,IA-RE,Ryan Reynolds,TRUE
2026 Topps Vault Marvel,IMMORTAL AUTOGRAPHS,IA-RS,Ryan Reynolds,TRUE
2026 Topps Vault Marvel,IMMORTAL AUTOGRAPHS,IA-SL,Samuel L Jackson,TRUE
2026 Topps Vault Marvel,IMMORTAL AUTOGRAPHS,IA-SA,Samuel L. Jackson,TRUE
2026 Topps Vault Marvel,IMMORTAL AUTOGRAPHS,IA-SM,Simu Liu,TRUE
2026 Topps Vault Marvel,IMMORTAL AUTOGRAPHS,IA-TM,Tatiana Maslany,TRUE
2026 Topps Vault Marvel,IMMORTAL AUTOGRAPHS,IA-TH,Tom Hiddleston,TRUE
2026 Topps Vault Marvel,IMMORTAL AUTOGRAPHS,IA-TL,Tom Hiddleston,TRUE
2026 Topps Vault Marvel,IMMORTAL AUTOGRAPHS - Black,IA-AH,Anthony Hopkins,TRUE
2026 Topps Vault Marvel,IMMORTAL AUTOGRAPHS - Black,IA-AS,Anthony Hopkins,TRUE
2026 Topps Vault Marvel,IMMORTAL AUTOGRAPHS - Black,IA-AM,Anthony Mackie,TRUE
2026 Topps Vault Marvel,IMMORTAL AUTOGRAPHS - Black,IA-BL,Brie Larson,TRUE
2026 Topps Vault Marvel,IMMORTAL AUTOGRAPHS - Black,IA-BN,Brie Larson,TRUE
2026 Topps Vault Marvel,IMMORTAL AUTOGRAPHS - Black,IA-CB,Cate Blanchett,TRUE
2026 Topps Vault Marvel,IMMORTAL AUTOGRAPHS - Black,IA-CT,Cate Blanchett,TRUE
2026 Topps Vault Marvel,IMMORTAL AUTOGRAPHS - Black,IA-CC,Charlie Cox,TRUE
2026 Topps Vault Marvel,IMMORTAL AUTOGRAPHS - Black,IA-CHT,Charlize Theron,TRUE
2026 Topps Vault Marvel,IMMORTAL AUTOGRAPHS - Black,IA-CL,Chris Pratt,TRUE
2026 Topps Vault Marvel,IMMORTAL AUTOGRAPHS - Black,IA-CP,Chris Pratt,TRUE
2026 Topps Vault Marvel,IMMORTAL AUTOGRAPHS - Black,IA-EL,Elizabeth Olsen,TRUE
2026 Topps Vault Marvel,IMMORTAL AUTOGRAPHS - Black,IA-EO,Elizabeth Olsen,TRUE
2026 Topps Vault Marvel,IMMORTAL AUTOGRAPHS - Black,IA-HS,Hailee Steinfeld,TRUE
2026 Topps Vault Marvel,IMMORTAL AUTOGRAPHS - Black,IA-HJ,Hugh Jackman,TRUE
2026 Topps Vault Marvel,IMMORTAL AUTOGRAPHS - Black,IA-HU,Hugh Jackman,TRUE
2026 Topps Vault Marvel,IMMORTAL AUTOGRAPHS - Black,IA-JE,Jeremy Renner,TRUE
2026 Topps Vault Marvel,IMMORTAL AUTOGRAPHS - Black,IA-JR,Jeremy Renner,TRUE
2026 Topps Vault Marvel,IMMORTAL AUTOGRAPHS - Black,IA-JB,Josh Brolin,TRUE
2026 Topps Vault Marvel,IMMORTAL AUTOGRAPHS - Black,IA-JO,Josh Brolin,TRUE
2026 Topps Vault Marvel,IMMORTAL AUTOGRAPHS - Black,IA-RE,Ryan Reynolds,TRUE
2026 Topps Vault Marvel,IMMORTAL AUTOGRAPHS - Black,IA-RS,Ryan Reynolds,TRUE
2026 Topps Vault Marvel,IMMORTAL AUTOGRAPHS - Black,IA-SL,Samuel L Jackson,TRUE
2026 Topps Vault Marvel,IMMORTAL AUTOGRAPHS - Black,IA-SA,Samuel L. Jackson,TRUE
2026 Topps Vault Marvel,IMMORTAL AUTOGRAPHS - Black,IA-SM,Simu Liu,TRUE
2026 Topps Vault Marvel,IMMORTAL AUTOGRAPHS - Black,IA-TM,Tatiana Maslany,TRUE
2026 Topps Vault Marvel,IMMORTAL AUTOGRAPHS - Black,IA-TH,Tom Hiddleston,TRUE
2026 Topps Vault Marvel,IMMORTAL AUTOGRAPHS - Black,IA-TL,Tom Hiddleston,TRUE
2026 Topps Vault Marvel,IMMORTAL AUTOGRAPHS - Rose Gold,IA-AH,Anthony Hopkins,TRUE
2026 Topps Vault Marvel,IMMORTAL AUTOGRAPHS - Rose Gold,IA-AS,Anthony Hopkins,TRUE
2026 Topps Vault Marvel,IMMORTAL AUTOGRAPHS - Rose Gold,IA-AM,Anthony Mackie,TRUE
2026 Topps Vault Marvel,IMMORTAL AUTOGRAPHS - Rose Gold,IA-BL,Brie Larson,TRUE
2026 Topps Vault Marvel,IMMORTAL AUTOGRAPHS - Rose Gold,IA-BN,Brie Larson,TRUE
2026 Topps Vault Marvel,IMMORTAL AUTOGRAPHS - Rose Gold,IA-CB,Cate Blanchett,TRUE
2026 Topps Vault Marvel,IMMORTAL AUTOGRAPHS - Rose Gold,IA-CT,Cate Blanchett,TRUE
2026 Topps Vault Marvel,IMMORTAL AUTOGRAPHS - Rose Gold,IA-CC,Charlie Cox,TRUE
2026 Topps Vault Marvel,IMMORTAL AUTOGRAPHS - Rose Gold,IA-CHT,Charlize Theron,TRUE
2026 Topps Vault Marvel,IMMORTAL AUTOGRAPHS - Rose Gold,IA-CL,Chris Pratt,TRUE
2026 Topps Vault Marvel,IMMORTAL AUTOGRAPHS - Rose Gold,IA-CP,Chris Pratt,TRUE
2026 Topps Vault Marvel,IMMORTAL AUTOGRAPHS - Rose Gold,IA-EL,Elizabeth Olsen,TRUE
2026 Topps Vault Marvel,IMMORTAL AUTOGRAPHS - Rose Gold,IA-EO,Elizabeth Olsen,TRUE
2026 Topps Vault Marvel,IMMORTAL AUTOGRAPHS - Rose Gold,IA-HS,Hailee Steinfeld,TRUE
2026 Topps Vault Marvel,IMMORTAL AUTOGRAPHS - Rose Gold,IA-HJ,Hugh Jackman,TRUE
2026 Topps Vault Marvel,IMMORTAL AUTOGRAPHS - Rose Gold,IA-HU,Hugh Jackman,TRUE
2026 Topps Vault Marvel,IMMORTAL AUTOGRAPHS - Rose Gold,IA-JE,Jeremy Renner,TRUE
2026 Topps Vault Marvel,IMMORTAL AUTOGRAPHS - Rose Gold,IA-JR,Jeremy Renner,TRUE
2026 Topps Vault Marvel,IMMORTAL AUTOGRAPHS - Rose Gold,IA-JB,Josh Brolin,TRUE
2026 Topps Vault Marvel,IMMORTAL AUTOGRAPHS - Rose Gold,IA-JO,Josh Brolin,TRUE
2026 Topps Vault Marvel,IMMORTAL AUTOGRAPHS - Rose Gold,IA-RE,Ryan Reynolds,TRUE
2026 Topps Vault Marvel,IMMORTAL AUTOGRAPHS - Rose Gold,IA-RS,Ryan Reynolds,TRUE
2026 Topps Vault Marvel,IMMORTAL AUTOGRAPHS - Rose Gold,IA-SL,Samuel L Jackson,TRUE
2026 Topps Vault Marvel,IMMORTAL AUTOGRAPHS - Rose Gold,IA-SA,Samuel L. Jackson,TRUE
2026 Topps Vault Marvel,IMMORTAL AUTOGRAPHS - Rose Gold,IA-SM,Simu Liu,TRUE
2026 Topps Vault Marvel,IMMORTAL AUTOGRAPHS - Rose Gold,IA-TM,Tatiana Maslany,TRUE
2026 Topps Vault Marvel,IMMORTAL AUTOGRAPHS - Rose Gold,IA-TH,Tom Hiddleston,TRUE
2026 Topps Vault Marvel,IMMORTAL AUTOGRAPHS - Rose Gold,IA-TL,Tom Hiddleston,TRUE
2026 Topps Vault Marvel,IMMORTAL AUTOGRAPHS - Red,IA-AH,Anthony Hopkins,TRUE
2026 Topps Vault Marvel,IMMORTAL AUTOGRAPHS - Red,IA-AS,Anthony Hopkins,TRUE
2026 Topps Vault Marvel,IMMORTAL AUTOGRAPHS - Red,IA-AM,Anthony Mackie,TRUE
2026 Topps Vault Marvel,IMMORTAL AUTOGRAPHS - Red,IA-BL,Brie Larson,TRUE
2026 Topps Vault Marvel,IMMORTAL AUTOGRAPHS - Red,IA-BN,Brie Larson,TRUE
2026 Topps Vault Marvel,IMMORTAL AUTOGRAPHS - Red,IA-CB,Cate Blanchett,TRUE
2026 Topps Vault Marvel,IMMORTAL AUTOGRAPHS - Red,IA-CT,Cate Blanchett,TRUE
2026 Topps Vault Marvel,IMMORTAL AUTOGRAPHS - Red,IA-CC,Charlie Cox,TRUE
2026 Topps Vault Marvel,IMMORTAL AUTOGRAPHS - Red,IA-CHT,Charlize Theron,TRUE
2026 Topps Vault Marvel,IMMORTAL AUTOGRAPHS - Red,IA-CL,Chris Pratt,TRUE
2026 Topps Vault Marvel,IMMORTAL AUTOGRAPHS - Red,IA-CP,Chris Pratt,TRUE
2026 Topps Vault Marvel,IMMORTAL AUTOGRAPHS - Red,IA-EL,Elizabeth Olsen,TRUE
2026 Topps Vault Marvel,IMMORTAL AUTOGRAPHS - Red,IA-EO,Elizabeth Olsen,TRUE
2026 Topps Vault Marvel,IMMORTAL AUTOGRAPHS - Red,IA-HS,Hailee Steinfeld,TRUE
2026 Topps Vault Marvel,IMMORTAL AUTOGRAPHS - Red,IA-HJ,Hugh Jackman,TRUE
2026 Topps Vault Marvel,IMMORTAL AUTOGRAPHS - Red,IA-HU,Hugh Jackman,TRUE
2026 Topps Vault Marvel,IMMORTAL AUTOGRAPHS - Red,IA-JE,Jeremy Renner,TRUE
2026 Topps Vault Marvel,IMMORTAL AUTOGRAPHS - Red,IA-JR,Jeremy Renner,TRUE
2026 Topps Vault Marvel,IMMORTAL AUTOGRAPHS - Red,IA-JB,Josh Brolin,TRUE
2026 Topps Vault Marvel,IMMORTAL AUTOGRAPHS - Red,IA-JO,Josh Brolin,TRUE
2026 Topps Vault Marvel,IMMORTAL AUTOGRAPHS - Red,IA-RE,Ryan Reynolds,TRUE
2026 Topps Vault Marvel,IMMORTAL AUTOGRAPHS - Red,IA-RS,Ryan Reynolds,TRUE
2026 Topps Vault Marvel,IMMORTAL AUTOGRAPHS - Red,IA-SL,Samuel L Jackson,TRUE
2026 Topps Vault Marvel,IMMORTAL AUTOGRAPHS - Red,IA-SA,Samuel L. Jackson,TRUE
2026 Topps Vault Marvel,IMMORTAL AUTOGRAPHS - Red,IA-SM,Simu Liu,TRUE
2026 Topps Vault Marvel,IMMORTAL AUTOGRAPHS - Red,IA-TM,Tatiana Maslany,TRUE
2026 Topps Vault Marvel,IMMORTAL AUTOGRAPHS - Red,IA-TH,Tom Hiddleston,TRUE
2026 Topps Vault Marvel,IMMORTAL AUTOGRAPHS - Red,IA-TL,Tom Hiddleston,TRUE
2026 Topps Vault Marvel,IMMORTAL AUTOGRAPHS - Superfractor,IA-AH,Anthony Hopkins,TRUE
2026 Topps Vault Marvel,IMMORTAL AUTOGRAPHS - Superfractor,IA-AS,Anthony Hopkins,TRUE
2026 Topps Vault Marvel,IMMORTAL AUTOGRAPHS - Superfractor,IA-AM,Anthony Mackie,TRUE
2026 Topps Vault Marvel,IMMORTAL AUTOGRAPHS - Superfractor,IA-BL,Brie Larson,TRUE
2026 Topps Vault Marvel,IMMORTAL AUTOGRAPHS - Superfractor,IA-BN,Brie Larson,TRUE
2026 Topps Vault Marvel,IMMORTAL AUTOGRAPHS - Superfractor,IA-CB,Cate Blanchett,TRUE
2026 Topps Vault Marvel,IMMORTAL AUTOGRAPHS - Superfractor,IA-CT,Cate Blanchett,TRUE
2026 Topps Vault Marvel,IMMORTAL AUTOGRAPHS - Superfractor,IA-CC,Charlie Cox,TRUE
2026 Topps Vault Marvel,IMMORTAL AUTOGRAPHS - Superfractor,IA-CHT,Charlize Theron,TRUE
2026 Topps Vault Marvel,IMMORTAL AUTOGRAPHS - Superfractor,IA-CL,Chris Pratt,TRUE
2026 Topps Vault Marvel,IMMORTAL AUTOGRAPHS - Superfractor,IA-CP,Chris Pratt,TRUE
2026 Topps Vault Marvel,IMMORTAL AUTOGRAPHS - Superfractor,IA-EL,Elizabeth Olsen,TRUE
2026 Topps Vault Marvel,IMMORTAL AUTOGRAPHS - Superfractor,IA-EO,Elizabeth Olsen,TRUE
2026 Topps Vault Marvel,IMMORTAL AUTOGRAPHS - Superfractor,IA-HS,Hailee Steinfeld,TRUE
2026 Topps Vault Marvel,IMMORTAL AUTOGRAPHS - Superfractor,IA-HJ,Hugh Jackman,TRUE
2026 Topps Vault Marvel,IMMORTAL AUTOGRAPHS - Superfractor,IA-HU,Hugh Jackman,TRUE
2026 Topps Vault Marvel,IMMORTAL AUTOGRAPHS - Superfractor,IA-JE,Jeremy Renner,TRUE
2026 Topps Vault Marvel,IMMORTAL AUTOGRAPHS - Superfractor,IA-JR,Jeremy Renner,TRUE
2026 Topps Vault Marvel,IMMORTAL AUTOGRAPHS - Superfractor,IA-JB,Josh Brolin,TRUE
2026 Topps Vault Marvel,IMMORTAL AUTOGRAPHS - Superfractor,IA-JO,Josh Brolin,TRUE
2026 Topps Vault Marvel,IMMORTAL AUTOGRAPHS - Superfractor,IA-RE,Ryan Reynolds,TRUE
2026 Topps Vault Marvel,IMMORTAL AUTOGRAPHS - Superfractor,IA-RS,Ryan Reynolds,TRUE
2026 Topps Vault Marvel,IMMORTAL AUTOGRAPHS - Superfractor,IA-SL,Samuel L Jackson,TRUE
2026 Topps Vault Marvel,IMMORTAL AUTOGRAPHS - Superfractor,IA-SA,Samuel L. Jackson,TRUE
2026 Topps Vault Marvel,IMMORTAL AUTOGRAPHS - Superfractor,IA-SM,Simu Liu,TRUE
2026 Topps Vault Marvel,IMMORTAL AUTOGRAPHS - Superfractor,IA-TM,Tatiana Maslany,TRUE
2026 Topps Vault Marvel,IMMORTAL AUTOGRAPHS - Superfractor,IA-TH,Tom Hiddleston,TRUE
2026 Topps Vault Marvel,IMMORTAL AUTOGRAPHS - Superfractor,IA-TL,Tom Hiddleston,TRUE
2026 Topps Vault Marvel,AUTOGRAPH RELICS,AR-AN,Anthony Mackie,TRUE
2026 Topps Vault Marvel,AUTOGRAPH RELICS,AR-CE,Chris Evans,TRUE
2026 Topps Vault Marvel,AUTOGRAPH RELICS,AR-CT,Chris Pratt,TRUE
2026 Topps Vault Marvel,AUTOGRAPH RELICS,AR-DR,Danny Ramirez,TRUE
2026 Topps Vault Marvel,AUTOGRAPH RELICS,AR-GP,Gwyneth Paltrow,TRUE
2026 Topps Vault Marvel,AUTOGRAPH RELICS,AR-HF,Harrison Ford,TRUE
2026 Topps Vault Marvel,AUTOGRAPH RELICS,AR-JE,Jeremy Renner,TRUE
2026 Topps Vault Marvel,AUTOGRAPH RELICS,AR-PK,Pom Klementieff,TRUE
2026 Topps Vault Marvel,AUTOGRAPH RELICS,AR-PR,Paul Rudd,TRUE
2026 Topps Vault Marvel,AUTOGRAPH RELICS,AR-TH,Tom Hiddleston,TRUE
2026 Topps Vault Marvel,AUTOGRAPH RELICS - Black,AR-AN,Anthony Mackie,TRUE
2026 Topps Vault Marvel,AUTOGRAPH RELICS - Black,AR-CE,Chris Evans,TRUE
2026 Topps Vault Marvel,AUTOGRAPH RELICS - Black,AR-CT,Chris Pratt,TRUE
2026 Topps Vault Marvel,AUTOGRAPH RELICS - Black,AR-DR,Danny Ramirez,TRUE
2026 Topps Vault Marvel,AUTOGRAPH RELICS - Black,AR-GP,Gwyneth Paltrow,TRUE
2026 Topps Vault Marvel,AUTOGRAPH RELICS - Black,AR-HF,Harrison Ford,TRUE
2026 Topps Vault Marvel,AUTOGRAPH RELICS - Black,AR-JE,Jeremy Renner,TRUE
2026 Topps Vault Marvel,AUTOGRAPH RELICS - Black,AR-PK,Pom Klementieff,TRUE
2026 Topps Vault Marvel,AUTOGRAPH RELICS - Black,AR-PR,Paul Rudd,TRUE
2026 Topps Vault Marvel,AUTOGRAPH RELICS - Black,AR-TH,Tom Hiddleston,TRUE
2026 Topps Vault Marvel,AUTOGRAPH RELICS - Red,AR-AN,Anthony Mackie,TRUE
2026 Topps Vault Marvel,AUTOGRAPH RELICS - Red,AR-CE,Chris Evans,TRUE
2026 Topps Vault Marvel,AUTOGRAPH RELICS - Red,AR-CT,Chris Pratt,TRUE
2026 Topps Vault Marvel,AUTOGRAPH RELICS - Red,AR-DR,Danny Ramirez,TRUE
2026 Topps Vault Marvel,AUTOGRAPH RELICS - Red,AR-GP,Gwyneth Paltrow,TRUE
2026 Topps Vault Marvel,AUTOGRAPH RELICS - Red,AR-HF,Harrison Ford,TRUE
2026 Topps Vault Marvel,AUTOGRAPH RELICS - Red,AR-JE,Jeremy Renner,TRUE
2026 Topps Vault Marvel,AUTOGRAPH RELICS - Red,AR-PK,Pom Klementieff,TRUE
2026 Topps Vault Marvel,AUTOGRAPH RELICS - Red,AR-PR,Paul Rudd,TRUE
2026 Topps Vault Marvel,AUTOGRAPH RELICS - Red,AR-TH,Tom Hiddleston,TRUE
2026 Topps Vault Marvel,AUTOGRAPH RELICS - Gold,AR-AN,Anthony Mackie,TRUE
2026 Topps Vault Marvel,AUTOGRAPH RELICS - Gold,AR-CE,Chris Evans,TRUE
2026 Topps Vault Marvel,AUTOGRAPH RELICS - Gold,AR-CT,Chris Pratt,TRUE
2026 Topps Vault Marvel,AUTOGRAPH RELICS - Gold,AR-DR,Danny Ramirez,TRUE
2026 Topps Vault Marvel,AUTOGRAPH RELICS - Gold,AR-GP,Gwyneth Paltrow,TRUE
2026 Topps Vault Marvel,AUTOGRAPH RELICS - Gold,AR-HF,Harrison Ford,TRUE
2026 Topps Vault Marvel,AUTOGRAPH RELICS - Gold,AR-JE,Jeremy Renner,TRUE
2026 Topps Vault Marvel,AUTOGRAPH RELICS - Gold,AR-PK,Pom Klementieff,TRUE
2026 Topps Vault Marvel,AUTOGRAPH RELICS - Gold,AR-PR,Paul Rudd,TRUE
2026 Topps Vault Marvel,AUTOGRAPH RELICS - Gold,AR-TH,Tom Hiddleston,TRUE
2026 Topps Vault Marvel,DUOS AUTOGRAPH RELICS,DR-CR,Harrison Ford President Thaddeus Ross + Anthony Mackie Captain America,TRUE
2026 Topps Vault Marvel,DUOS AUTOGRAPH RELICS,DR-LD,Dominique Thorne Ironheart + Letitia Wright Shuri,TRUE
2026 Topps Vault Marvel,DUOS AUTOGRAPH RELICS,DR-MR,Danny Ramirez Falcon + Anthony Mackie Captain America,TRUE
2026 Topps Vault Marvel,DUOS AUTOGRAPH RELICS - Black,DR-CR,Harrison Ford President Thaddeus Ross + Anthony Mackie Captain America,TRUE
2026 Topps Vault Marvel,DUOS AUTOGRAPH RELICS - Black,DR-LD,Dominique Thorne Ironheart + Letitia Wright Shuri,TRUE
2026 Topps Vault Marvel,DUOS AUTOGRAPH RELICS - Black,DR-MR,Danny Ramirez Falcon + Anthony Mackie Captain America,TRUE
2026 Topps Vault Marvel,DUOS AUTOGRAPH RELICS - Red,DR-CR,Harrison Ford President Thaddeus Ross + Anthony Mackie Captain America,TRUE
2026 Topps Vault Marvel,DUOS AUTOGRAPH RELICS - Red,DR-LD,Dominique Thorne Ironheart + Letitia Wright Shuri,TRUE
2026 Topps Vault Marvel,DUOS AUTOGRAPH RELICS - Red,DR-MR,Danny Ramirez Falcon + Anthony Mackie Captain America,TRUE
2026 Topps Vault Marvel,DUOS AUTOGRAPH RELICS - Gold,DR-CR,Harrison Ford President Thaddeus Ross + Anthony Mackie Captain America,TRUE
2026 Topps Vault Marvel,DUOS AUTOGRAPH RELICS - Gold,DR-LD,Dominique Thorne Ironheart + Letitia Wright Shuri,TRUE
2026 Topps Vault Marvel,DUOS AUTOGRAPH RELICS - Gold,DR-MR,Danny Ramirez Falcon + Anthony Mackie Captain America,TRUE
2026 Topps Vault Marvel,TRIPLES AUTOGRAPH RELICS,TR-CPC,Chris Evans / Harrison Ford / Anthony Mackie,TRUE
2026 Topps Vault Marvel,THE VAULT,V-CE,Chris Evans,TRUE
2026 Topps Vault Marvel,THE VAULT,V-EMB,Ebon Moss-Bachrach,TRUE
2026 Topps Vault Marvel,THE VAULT,V-VK,Vanessa Kirby,TRUE
2026 Topps Vault Marvel,MARVEL DIAMONDS AUTOGRAPHS,DA-BL,Brie Larson,TRUE
2026 Topps Vault Marvel,MARVEL DIAMONDS AUTOGRAPHS,DA-CB,Cate Blanchett,TRUE
2026 Topps Vault Marvel,MARVEL DIAMONDS AUTOGRAPHS,DA-CE,Chris Evans,TRUE
2026 Topps Vault Marvel,MARVEL DIAMONDS AUTOGRAPHS,DA-CG,Clark Gregg,TRUE
2026 Topps Vault Marvel,MARVEL DIAMONDS AUTOGRAPHS,DA-EC,Emilia Clarke,TRUE
2026 Topps Vault Marvel,MARVEL DIAMONDS AUTOGRAPHS,DA-EM,Ebon Moss-Bachrach,TRUE
2026 Topps Vault Marvel,MARVEL DIAMONDS AUTOGRAPHS,DA-EO,Elizabeth Olsen,TRUE
2026 Topps Vault Marvel,MARVEL DIAMONDS AUTOGRAPHS,DA-FP,Florence Pugh,TRUE
2026 Topps Vault Marvel,MARVEL DIAMONDS AUTOGRAPHS,DA-FW,Forest Whitaker,TRUE
2026 Topps Vault Marvel,MARVEL DIAMONDS AUTOGRAPHS,DA-GP,Gwyneth Paltrow,TRUE
2026 Topps Vault Marvel,MARVEL DIAMONDS AUTOGRAPHS,DA-HA,Hayley Atwell,TRUE
2026 Topps Vault Marvel,MARVEL DIAMONDS AUTOGRAPHS,DA-HS,Hailee Steinfeld,TRUE
2026 Topps Vault Marvel,MARVEL DIAMONDS AUTOGRAPHS,DA-JB,Josh Brolin,TRUE
2026 Topps Vault Marvel,MARVEL DIAMONDS AUTOGRAPHS,DA-JL,Jude Law,TRUE
2026 Topps Vault Marvel,MARVEL DIAMONDS AUTOGRAPHS,DA-JR,Jeremy Renner,TRUE
2026 Topps Vault Marvel,MARVEL DIAMONDS AUTOGRAPHS,DA-KG,Karen Gillan,TRUE
2026 Topps Vault Marvel,MARVEL DIAMONDS AUTOGRAPHS,DA-LP,Lee Pace,TRUE
2026 Topps Vault Marvel,MARVEL DIAMONDS AUTOGRAPHS,DA-LW,Letitia Wright,TRUE
2026 Topps Vault Marvel,MARVEL DIAMONDS AUTOGRAPHS,DA-PK,Pom Klementieff,TRUE
2026 Topps Vault Marvel,MARVEL DIAMONDS AUTOGRAPHS,DA-PY,Paul Bettany,TRUE
2026 Topps Vault Marvel,MARVEL DIAMONDS AUTOGRAPHS,DA-SD,Sophia Di Martino,TRUE
2026 Topps Vault Marvel,MARVEL DIAMONDS AUTOGRAPHS,DA-SL,Simu Liu,TRUE
2026 Topps Vault Marvel,MARVEL DIAMONDS AUTOGRAPHS,DA-SN,Sebastian Stan,TRUE
2026 Topps Vault Marvel,MARVEL DIAMONDS AUTOGRAPHS,DA-TH,Tom Hiddleston,TRUE
2026 Topps Vault Marvel,MARVEL DIAMONDS AUTOGRAPHS,DA-TM,Tatiana Maslany,TRUE
2026 Topps Vault Marvel,MARVEL DIAMONDS AUTOGRAPHS,DA-TP,Teyonah Parris,TRUE
2026 Topps Vault Marvel,MARVEL DIAMONDS AUTOGRAPHS,DA-VK,Vanessa Kirby,TRUE
2026 Topps Vault Marvel,MARVEL DIAMONDS AUTOGRAPHS - Black,DA-BL,Brie Larson,TRUE
2026 Topps Vault Marvel,MARVEL DIAMONDS AUTOGRAPHS - Black,DA-CB,Cate Blanchett,TRUE
2026 Topps Vault Marvel,MARVEL DIAMONDS AUTOGRAPHS - Black,DA-CE,Chris Evans,TRUE
2026 Topps Vault Marvel,MARVEL DIAMONDS AUTOGRAPHS - Black,DA-CG,Clark Gregg,TRUE
2026 Topps Vault Marvel,MARVEL DIAMONDS AUTOGRAPHS - Black,DA-EC,Emilia Clarke,TRUE
2026 Topps Vault Marvel,MARVEL DIAMONDS AUTOGRAPHS - Black,DA-EM,Ebon Moss-Bachrach,TRUE
2026 Topps Vault Marvel,MARVEL DIAMONDS AUTOGRAPHS - Black,DA-EO,Elizabeth Olsen,TRUE
2026 Topps Vault Marvel,MARVEL DIAMONDS AUTOGRAPHS - Black,DA-FP,Florence Pugh,TRUE
2026 Topps Vault Marvel,MARVEL DIAMONDS AUTOGRAPHS - Black,DA-FW,Forest Whitaker,TRUE
2026 Topps Vault Marvel,MARVEL DIAMONDS AUTOGRAPHS - Black,DA-GP,Gwyneth Paltrow,TRUE
2026 Topps Vault Marvel,MARVEL DIAMONDS AUTOGRAPHS - Black,DA-HA,Hayley Atwell,TRUE
2026 Topps Vault Marvel,MARVEL DIAMONDS AUTOGRAPHS - Black,DA-HS,Hailee Steinfeld,TRUE
2026 Topps Vault Marvel,MARVEL DIAMONDS AUTOGRAPHS - Black,DA-JB,Josh Brolin,TRUE
2026 Topps Vault Marvel,MARVEL DIAMONDS AUTOGRAPHS - Black,DA-JL,Jude Law,TRUE
2026 Topps Vault Marvel,MARVEL DIAMONDS AUTOGRAPHS - Black,DA-JR,Jeremy Renner,TRUE
2026 Topps Vault Marvel,MARVEL DIAMONDS AUTOGRAPHS - Black,DA-KG,Karen Gillan,TRUE
2026 Topps Vault Marvel,MARVEL DIAMONDS AUTOGRAPHS - Black,DA-LP,Lee Pace,TRUE
2026 Topps Vault Marvel,MARVEL DIAMONDS AUTOGRAPHS - Black,DA-LW,Letitia Wright,TRUE
2026 Topps Vault Marvel,MARVEL DIAMONDS AUTOGRAPHS - Black,DA-PK,Pom Klementieff,TRUE
2026 Topps Vault Marvel,MARVEL DIAMONDS AUTOGRAPHS - Black,DA-PY,Paul Bettany,TRUE
2026 Topps Vault Marvel,MARVEL DIAMONDS AUTOGRAPHS - Black,DA-SD,Sophia Di Martino,TRUE
2026 Topps Vault Marvel,MARVEL DIAMONDS AUTOGRAPHS - Black,DA-SL,Simu Liu,TRUE
2026 Topps Vault Marvel,MARVEL DIAMONDS AUTOGRAPHS - Black,DA-SN,Sebastian Stan,TRUE
2026 Topps Vault Marvel,MARVEL DIAMONDS AUTOGRAPHS - Black,DA-TH,Tom Hiddleston,TRUE
2026 Topps Vault Marvel,MARVEL DIAMONDS AUTOGRAPHS - Black,DA-TM,Tatiana Maslany,TRUE
2026 Topps Vault Marvel,MARVEL DIAMONDS AUTOGRAPHS - Black,DA-TP,Teyonah Parris,TRUE
2026 Topps Vault Marvel,MARVEL DIAMONDS AUTOGRAPHS - Black,DA-VK,Vanessa Kirby,TRUE
2026 Topps Vault Marvel,MARVEL DIAMONDS AUTOGRAPHS - Red,DA-BL,Brie Larson,TRUE
2026 Topps Vault Marvel,MARVEL DIAMONDS AUTOGRAPHS - Red,DA-CB,Cate Blanchett,TRUE
2026 Topps Vault Marvel,MARVEL DIAMONDS AUTOGRAPHS - Red,DA-CE,Chris Evans,TRUE
2026 Topps Vault Marvel,MARVEL DIAMONDS AUTOGRAPHS - Red,DA-CG,Clark Gregg,TRUE
2026 Topps Vault Marvel,MARVEL DIAMONDS AUTOGRAPHS - Red,DA-EC,Emilia Clarke,TRUE
2026 Topps Vault Marvel,MARVEL DIAMONDS AUTOGRAPHS - Red,DA-EM,Ebon Moss-Bachrach,TRUE
2026 Topps Vault Marvel,MARVEL DIAMONDS AUTOGRAPHS - Red,DA-EO,Elizabeth Olsen,TRUE
2026 Topps Vault Marvel,MARVEL DIAMONDS AUTOGRAPHS - Red,DA-FP,Florence Pugh,TRUE
2026 Topps Vault Marvel,MARVEL DIAMONDS AUTOGRAPHS - Red,DA-FW,Forest Whitaker,TRUE
2026 Topps Vault Marvel,MARVEL DIAMONDS AUTOGRAPHS - Red,DA-GP,Gwyneth Paltrow,TRUE
2026 Topps Vault Marvel,MARVEL DIAMONDS AUTOGRAPHS - Red,DA-HA,Hayley Atwell,TRUE
2026 Topps Vault Marvel,MARVEL DIAMONDS AUTOGRAPHS - Red,DA-HS,Hailee Steinfeld,TRUE
2026 Topps Vault Marvel,MARVEL DIAMONDS AUTOGRAPHS - Red,DA-JB,Josh Brolin,TRUE
2026 Topps Vault Marvel,MARVEL DIAMONDS AUTOGRAPHS - Red,DA-JL,Jude Law,TRUE
2026 Topps Vault Marvel,MARVEL DIAMONDS AUTOGRAPHS - Red,DA-JR,Jeremy Renner,TRUE
2026 Topps Vault Marvel,MARVEL DIAMONDS AUTOGRAPHS - Red,DA-KG,Karen Gillan,TRUE
2026 Topps Vault Marvel,MARVEL DIAMONDS AUTOGRAPHS - Red,DA-LP,Lee Pace,TRUE
2026 Topps Vault Marvel,MARVEL DIAMONDS AUTOGRAPHS - Red,DA-LW,Letitia Wright,TRUE
2026 Topps Vault Marvel,MARVEL DIAMONDS AUTOGRAPHS - Red,DA-PK,Pom Klementieff,TRUE
2026 Topps Vault Marvel,MARVEL DIAMONDS AUTOGRAPHS - Red,DA-PY,Paul Bettany,TRUE
2026 Topps Vault Marvel,MARVEL DIAMONDS AUTOGRAPHS - Red,DA-SD,Sophia Di Martino,TRUE
2026 Topps Vault Marvel,MARVEL DIAMONDS AUTOGRAPHS - Red,DA-SL,Simu Liu,TRUE
2026 Topps Vault Marvel,MARVEL DIAMONDS AUTOGRAPHS - Red,DA-SN,Sebastian Stan,TRUE
2026 Topps Vault Marvel,MARVEL DIAMONDS AUTOGRAPHS - Red,DA-TH,Tom Hiddleston,TRUE
2026 Topps Vault Marvel,MARVEL DIAMONDS AUTOGRAPHS - Red,DA-TM,Tatiana Maslany,TRUE
2026 Topps Vault Marvel,MARVEL DIAMONDS AUTOGRAPHS - Red,DA-TP,Teyonah Parris,TRUE
2026 Topps Vault Marvel,MARVEL DIAMONDS AUTOGRAPHS - Red,DA-VK,Vanessa Kirby,TRUE
2026 Topps Vault Marvel,MARVEL DIAMONDS AUTOGRAPHS - Gold,DA-BL,Brie Larson,TRUE
2026 Topps Vault Marvel,MARVEL DIAMONDS AUTOGRAPHS - Gold,DA-CB,Cate Blanchett,TRUE
2026 Topps Vault Marvel,MARVEL DIAMONDS AUTOGRAPHS - Gold,DA-CE,Chris Evans,TRUE
2026 Topps Vault Marvel,MARVEL DIAMONDS AUTOGRAPHS - Gold,DA-CG,Clark Gregg,TRUE
2026 Topps Vault Marvel,MARVEL DIAMONDS AUTOGRAPHS - Gold,DA-EC,Emilia Clarke,TRUE
2026 Topps Vault Marvel,MARVEL DIAMONDS AUTOGRAPHS - Gold,DA-EM,Ebon Moss-Bachrach,TRUE
2026 Topps Vault Marvel,MARVEL DIAMONDS AUTOGRAPHS - Gold,DA-EO,Elizabeth Olsen,TRUE
2026 Topps Vault Marvel,MARVEL DIAMONDS AUTOGRAPHS - Gold,DA-FP,Florence Pugh,TRUE
2026 Topps Vault Marvel,MARVEL DIAMONDS AUTOGRAPHS - Gold,DA-FW,Forest Whitaker,TRUE
2026 Topps Vault Marvel,MARVEL DIAMONDS AUTOGRAPHS - Gold,DA-GP,Gwyneth Paltrow,TRUE
2026 Topps Vault Marvel,MARVEL DIAMONDS AUTOGRAPHS - Gold,DA-HA,Hayley Atwell,TRUE
2026 Topps Vault Marvel,MARVEL DIAMONDS AUTOGRAPHS - Gold,DA-HS,Hailee Steinfeld,TRUE
2026 Topps Vault Marvel,MARVEL DIAMONDS AUTOGRAPHS - Gold,DA-JB,Josh Brolin,TRUE
2026 Topps Vault Marvel,MARVEL DIAMONDS AUTOGRAPHS - Gold,DA-JL,Jude Law,TRUE
2026 Topps Vault Marvel,MARVEL DIAMONDS AUTOGRAPHS - Gold,DA-JR,Jeremy Renner,TRUE
2026 Topps Vault Marvel,MARVEL DIAMONDS AUTOGRAPHS - Gold,DA-KG,Karen Gillan,TRUE
2026 Topps Vault Marvel,MARVEL DIAMONDS AUTOGRAPHS - Gold,DA-LP,Lee Pace,TRUE
2026 Topps Vault Marvel,MARVEL DIAMONDS AUTOGRAPHS - Gold,DA-LW,Letitia Wright,TRUE
2026 Topps Vault Marvel,MARVEL DIAMONDS AUTOGRAPHS - Gold,DA-PK,Pom Klementieff,TRUE
2026 Topps Vault Marvel,MARVEL DIAMONDS AUTOGRAPHS - Gold,DA-PY,Paul Bettany,TRUE
2026 Topps Vault Marvel,MARVEL DIAMONDS AUTOGRAPHS - Gold,DA-SD,Sophia Di Martino,TRUE
2026 Topps Vault Marvel,MARVEL DIAMONDS AUTOGRAPHS - Gold,DA-SL,Simu Liu,TRUE
2026 Topps Vault Marvel,MARVEL DIAMONDS AUTOGRAPHS - Gold,DA-SN,Sebastian Stan,TRUE
2026 Topps Vault Marvel,MARVEL DIAMONDS AUTOGRAPHS - Gold,DA-TH,Tom Hiddleston,TRUE
2026 Topps Vault Marvel,MARVEL DIAMONDS AUTOGRAPHS - Gold,DA-TM,Tatiana Maslany,TRUE
2026 Topps Vault Marvel,MARVEL DIAMONDS AUTOGRAPHS - Gold,DA-TP,Teyonah Parris,TRUE
2026 Topps Vault Marvel,MARVEL DIAMONDS AUTOGRAPHS - Gold,DA-VK,Vanessa Kirby,TRUE
2026 Topps Vault Marvel,TRUE GREATNESS AUTOGRAPHS,TGA-CE,Chris Evans,TRUE
2026 Topps Vault Marvel,TRUE GREATNESS AUTOGRAPHS,TGA-EO,Elizabeth Olsen,TRUE
2026 Topps Vault Marvel,TRUE GREATNESS AUTOGRAPHS,TGA-JB,Josh Brolin,TRUE
2026 Topps Vault Marvel,TRUE GREATNESS AUTOGRAPHS,TGA-JR,Jeremy Renner,TRUE
2026 Topps Vault Marvel,TRUE GREATNESS AUTOGRAPHS,TGA-PB,Paul Bettany,TRUE
2026 Topps Vault Marvel,TRUE GREATNESS AUTOGRAPHS,TGA-TT,Tessa Thompson,TRUE
2026 Topps Vault Marvel,TRUE GREATNESS AUTOGRAPHS - Black,TGA-CE,Chris Evans,TRUE
2026 Topps Vault Marvel,TRUE GREATNESS AUTOGRAPHS - Black,TGA-EO,Elizabeth Olsen,TRUE
2026 Topps Vault Marvel,TRUE GREATNESS AUTOGRAPHS - Black,TGA-JB,Josh Brolin,TRUE
2026 Topps Vault Marvel,TRUE GREATNESS AUTOGRAPHS - Black,TGA-JR,Jeremy Renner,TRUE
2026 Topps Vault Marvel,TRUE GREATNESS AUTOGRAPHS - Black,TGA-PB,Paul Bettany,TRUE
2026 Topps Vault Marvel,TRUE GREATNESS AUTOGRAPHS - Black,TGA-TT,Tessa Thompson,TRUE
2026 Topps Vault Marvel,TRUE GREATNESS AUTOGRAPHS - Red,TGA-CE,Chris Evans,TRUE
2026 Topps Vault Marvel,TRUE GREATNESS AUTOGRAPHS - Red,TGA-EO,Elizabeth Olsen,TRUE
2026 Topps Vault Marvel,TRUE GREATNESS AUTOGRAPHS - Red,TGA-JB,Josh Brolin,TRUE
2026 Topps Vault Marvel,TRUE GREATNESS AUTOGRAPHS - Red,TGA-JR,Jeremy Renner,TRUE
2026 Topps Vault Marvel,TRUE GREATNESS AUTOGRAPHS - Red,TGA-PB,Paul Bettany,TRUE
2026 Topps Vault Marvel,TRUE GREATNESS AUTOGRAPHS - Red,TGA-TT,Tessa Thompson,TRUE
2026 Topps Vault Marvel,TRUE GREATNESS AUTOGRAPHS - Gold,TGA-CE,Chris Evans,TRUE
2026 Topps Vault Marvel,TRUE GREATNESS AUTOGRAPHS - Gold,TGA-EO,Elizabeth Olsen,TRUE
2026 Topps Vault Marvel,TRUE GREATNESS AUTOGRAPHS - Gold,TGA-JB,Josh Brolin,TRUE
2026 Topps Vault Marvel,TRUE GREATNESS AUTOGRAPHS - Gold,TGA-JR,Jeremy Renner,TRUE
2026 Topps Vault Marvel,TRUE GREATNESS AUTOGRAPHS - Gold,TGA-PB,Paul Bettany,TRUE
2026 Topps Vault Marvel,TRUE GREATNESS AUTOGRAPHS - Gold,TGA-TT,Tessa Thompson,TRUE
2026 Topps Vault Marvel,VAULT ARMORY AUTOGRAPHS,VAA-CE,Chris Evans,TRUE
2026 Topps Vault Marvel,VAULT ARMORY AUTOGRAPHS,VAA-CP,Chris Pratt,TRUE
2026 Topps Vault Marvel,VAULT ARMORY AUTOGRAPHS,VAA-JR,Jeremy Renner,TRUE
2026 Topps Vault Marvel,VAULT ARMORY AUTOGRAPHS,VAA-TT,Tessa Thompson,TRUE
2026 Topps Vault Marvel,VAULT ARMORY AUTOGRAPHS - Black,VAA-CE,Chris Evans,TRUE
2026 Topps Vault Marvel,VAULT ARMORY AUTOGRAPHS - Black,VAA-CP,Chris Pratt,TRUE
2026 Topps Vault Marvel,VAULT ARMORY AUTOGRAPHS - Black,VAA-JR,Jeremy Renner,TRUE
2026 Topps Vault Marvel,VAULT ARMORY AUTOGRAPHS - Black,VAA-TT,Tessa Thompson,TRUE
2026 Topps Vault Marvel,VAULT ARMORY AUTOGRAPHS - Red,VAA-CE,Chris Evans,TRUE
2026 Topps Vault Marvel,VAULT ARMORY AUTOGRAPHS - Red,VAA-CP,Chris Pratt,TRUE
2026 Topps Vault Marvel,VAULT ARMORY AUTOGRAPHS - Red,VAA-JR,Jeremy Renner,TRUE
2026 Topps Vault Marvel,VAULT ARMORY AUTOGRAPHS - Red,VAA-TT,Tessa Thompson,TRUE
2026 Topps Vault Marvel,VAULT ARMORY AUTOGRAPHS - Gold,VAA-CE,Chris Evans,TRUE
2026 Topps Vault Marvel,VAULT ARMORY AUTOGRAPHS - Gold,VAA-CP,Chris Pratt,TRUE
2026 Topps Vault Marvel,VAULT ARMORY AUTOGRAPHS - Gold,VAA-JR,Jeremy Renner,TRUE
2026 Topps Vault Marvel,VAULT ARMORY AUTOGRAPHS - Gold,VAA-TT,Tessa Thompson,TRUE
2026 Topps Vault Marvel,GOLDEN SKETCHES,1,Arthur Adams,TRUE
2026 Topps Vault Marvel,GOLDEN SKETCHES,2,Ed McGuinness,TRUE
2026 Topps Vault Marvel,GOLDEN SKETCHES,3,Frank Miller,TRUE
2026 Topps Vault Marvel,GOLDEN SKETCHES,4,Joe Rubinstein,TRUE
2026 Topps Vault Marvel,GOLDEN SKETCHES,5,Mike McKone,TRUE
2026 Topps Vault Marvel,GOLDEN SKETCHES,6,Paul Pelletier,TRUE
2026 Topps Vault Marvel,GOLDEN SKETCHES,7,Ron Lim,TRUE
2026 Topps Vault Marvel,GOLDEN SKETCHES,8,Stanley “Artgerm” Lau,TRUE
2026 Topps Vault Marvel,GOLDEN SKETCHES,9,Whilce Portacio,TRUE
2026 Topps Vault Marvel,OVERSIZED PREMIERE SKETCHES,1,Allen Geneta,TRUE
2026 Topps Vault Marvel,OVERSIZED PREMIERE SKETCHES,2,Allenser,TRUE
2026 Topps Vault Marvel,OVERSIZED PREMIERE SKETCHES,3,Bete Rodrigues,TRUE
2026 Topps Vault Marvel,OVERSIZED PREMIERE SKETCHES,4,Chris Foreman,TRUE
2026 Topps Vault Marvel,OVERSIZED PREMIERE SKETCHES,5,Chris Meeks,TRUE
2026 Topps Vault Marvel,OVERSIZED PREMIERE SKETCHES,6,Cisco Rivera,TRUE
2026 Topps Vault Marvel,OVERSIZED PREMIERE SKETCHES,7,Daniel M Chavez,TRUE
2026 Topps Vault Marvel,OVERSIZED PREMIERE SKETCHES,8,Dexter Wee,TRUE
2026 Topps Vault Marvel,OVERSIZED PREMIERE SKETCHES,9,Dove,TRUE
2026 Topps Vault Marvel,OVERSIZED PREMIERE SKETCHES,10,Duke,TRUE
2026 Topps Vault Marvel,OVERSIZED PREMIERE SKETCHES,11,Dylan Riley,TRUE
2026 Topps Vault Marvel,OVERSIZED PREMIERE SKETCHES,12,Eric Lehtonen,TRUE
2026 Topps Vault Marvel,OVERSIZED PREMIERE SKETCHES,13,Frank A. Kadar,TRUE
2026 Topps Vault Marvel,OVERSIZED PREMIERE SKETCHES,14,Franklim Teixeira,TRUE
2026 Topps Vault Marvel,OVERSIZED PREMIERE SKETCHES,15,Gabriel Tardivo,TRUE
2026 Topps Vault Marvel,OVERSIZED PREMIERE SKETCHES,16,Greg Treize,TRUE
2026 Topps Vault Marvel,OVERSIZED PREMIERE SKETCHES,17,Jason,TRUE
2026 Topps Vault Marvel,OVERSIZED PREMIERE SKETCHES,18,"Jiaxin ""YinShan"" Sun",TRUE
2026 Topps Vault Marvel,OVERSIZED PREMIERE SKETCHES,19,JohnruzelJimenez,TRUE
2026 Topps Vault Marvel,OVERSIZED PREMIERE SKETCHES,20,Lucas,TRUE
2026 Topps Vault Marvel,OVERSIZED PREMIERE SKETCHES,21,Marlo Martos,TRUE
2026 Topps Vault Marvel,OVERSIZED PREMIERE SKETCHES,22,McHargue,TRUE
2026 Topps Vault Marvel,OVERSIZED PREMIERE SKETCHES,23,Michael Mastermaker,TRUE
2026 Topps Vault Marvel,OVERSIZED PREMIERE SKETCHES,24,Mirko Di Noia,TRUE
2026 Topps Vault Marvel,OVERSIZED PREMIERE SKETCHES,25,Pepe Valencia,TRUE
2026 Topps Vault Marvel,OVERSIZED PREMIERE SKETCHES,26,Rodriguez,TRUE
2026 Topps Vault Marvel,OVERSIZED PREMIERE SKETCHES,27,Roy Cover,TRUE
2026 Topps Vault Marvel,OVERSIZED PREMIERE SKETCHES,28,Shyla Lee,TRUE
2026 Topps Vault Marvel,OVERSIZED PREMIERE SKETCHES,29,Sturdy,TRUE
2026 Topps Vault Marvel,OVERSIZED PREMIERE SKETCHES,30,TOMA,TRUE
2026 Topps Vault Marvel,PREMIERE SKETCHES,1,A jhay,TRUE
2026 Topps Vault Marvel,PREMIERE SKETCHES,2,Adam Fields,TRUE
2026 Topps Vault Marvel,PREMIERE SKETCHES,3,Aditya,TRUE
2026 Topps Vault Marvel,PREMIERE SKETCHES,4,Al Stefano,TRUE
2026 Topps Vault Marvel,PREMIERE SKETCHES,5,Alex Mines,TRUE
2026 Topps Vault Marvel,PREMIERE SKETCHES,6,Allen Geneta,TRUE
2026 Topps Vault Marvel,PREMIERE SKETCHES,7,Allenser,TRUE
2026 Topps Vault Marvel,PREMIERE SKETCHES,8,ANDY TIU,TRUE
2026 Topps Vault Marvel,PREMIERE SKETCHES,9,Angel Aviles,TRUE
2026 Topps Vault Marvel,PREMIERE SKETCHES,10,Ariel Mamani,TRUE
2026 Topps Vault Marvel,PREMIERE SKETCHES,11,Bella Rachlin,TRUE
2026 Topps Vault Marvel,PREMIERE SKETCHES,12,Bete Rodrigues,TRUE
2026 Topps Vault Marvel,PREMIERE SKETCHES,13,Centeio,TRUE
2026 Topps Vault Marvel,PREMIERE SKETCHES,14,Chandra,TRUE
2026 Topps Vault Marvel,PREMIERE SKETCHES,15,Chris Foreman,TRUE
2026 Topps Vault Marvel,PREMIERE SKETCHES,16,Chris Meeks,TRUE
2026 Topps Vault Marvel,PREMIERE SKETCHES,17,Cisco Rivera,TRUE
2026 Topps Vault Marvel,PREMIERE SKETCHES,18,Daniel M Chavez,TRUE
2026 Topps Vault Marvel,PREMIERE SKETCHES,19,Danny,TRUE
2026 Topps Vault Marvel,PREMIERE SKETCHES,20,Débora,TRUE
2026 Topps Vault Marvel,PREMIERE SKETCHES,21,Dexter Wee,TRUE
2026 Topps Vault Marvel,PREMIERE SKETCHES,22,Dove,TRUE
2026 Topps Vault Marvel,PREMIERE SKETCHES,23,DRE,TRUE
2026 Topps Vault Marvel,PREMIERE SKETCHES,24,Duke,TRUE
2026 Topps Vault Marvel,PREMIERE SKETCHES,25,DYJ,TRUE
2026 Topps Vault Marvel,PREMIERE SKETCHES,26,Dylan Riley,TRUE
2026 Topps Vault Marvel,PREMIERE SKETCHES,27,Elvin A Hernandez,TRUE
2026 Topps Vault Marvel,PREMIERE SKETCHES,28,Eric Lehtonen,TRUE
2026 Topps Vault Marvel,PREMIERE SKETCHES,29,Fabio Ramacci,TRUE
2026 Topps Vault Marvel,PREMIERE SKETCHES,30,FEDZZ,TRUE
2026 Topps Vault Marvel,PREMIERE SKETCHES,31,Frank A. Kadar,TRUE
2026 Topps Vault Marvel,PREMIERE SKETCHES,32,Franklim Teixeira,TRUE
2026 Topps Vault Marvel,PREMIERE SKETCHES,33,Gabriel Tardivo,TRUE
2026 Topps Vault Marvel,PREMIERE SKETCHES,34,Greg Treize,TRUE
2026 Topps Vault Marvel,PREMIERE SKETCHES,35,Hernawan,TRUE
2026 Topps Vault Marvel,PREMIERE SKETCHES,36,Hugh Vogt,TRUE
2026 Topps Vault Marvel,PREMIERE SKETCHES,37,IQ,TRUE
2026 Topps Vault Marvel,PREMIERE SKETCHES,38,Jason,TRUE
2026 Topps Vault Marvel,PREMIERE SKETCHES,39,Jason Queen,TRUE
2026 Topps Vault Marvel,PREMIERE SKETCHES,40,"Jiaxin ""YinShan"" Sun",TRUE
2026 Topps Vault Marvel,PREMIERE SKETCHES,41,JohnruzelJimenez,TRUE
2026 Topps Vault Marvel,PREMIERE SKETCHES,42,Kevin Norman,TRUE
2026 Topps Vault Marvel,PREMIERE SKETCHES,43,Larry Santiago,TRUE
2026 Topps Vault Marvel,PREMIERE SKETCHES,44,Lee Lightfoot,TRUE
2026 Topps Vault Marvel,PREMIERE SKETCHES,45,Leon Braojos,TRUE
2026 Topps Vault Marvel,PREMIERE SKETCHES,46,Loc Nguyen,TRUE
2026 Topps Vault Marvel,PREMIERE SKETCHES,47,Louis Womble,TRUE
2026 Topps Vault Marvel,PREMIERE SKETCHES,48,Lucas,TRUE
2026 Topps Vault Marvel,PREMIERE SKETCHES,49,Marcia Dye,TRUE
2026 Topps Vault Marvel,PREMIERE SKETCHES,50,Marlo Martos,TRUE
2026 Topps Vault Marvel,PREMIERE SKETCHES,51,Matthew,TRUE
2026 Topps Vault Marvel,PREMIERE SKETCHES,52,McHargue,TRUE
2026 Topps Vault Marvel,PREMIERE SKETCHES,53,Michael Mastermaker,TRUE
2026 Topps Vault Marvel,PREMIERE SKETCHES,54,Mirko Di Noia,TRUE
2026 Topps Vault Marvel,PREMIERE SKETCHES,55,Mohammad Jilani,TRUE
2026 Topps Vault Marvel,PREMIERE SKETCHES,56,Nathanna Érica,TRUE
2026 Topps Vault Marvel,PREMIERE SKETCHES,57,Nick Gribbon,TRUE
2026 Topps Vault Marvel,PREMIERE SKETCHES,58,Noval,TRUE
2026 Topps Vault Marvel,PREMIERE SKETCHES,59,Patricio Carrasco,TRUE
2026 Topps Vault Marvel,PREMIERE SKETCHES,60,Pepe Valencia,TRUE
2026 Topps Vault Marvel,PREMIERE SKETCHES,61,Percival Kholoma,TRUE
2026 Topps Vault Marvel,PREMIERE SKETCHES,62,Rich Hennemann,TRUE
2026 Topps Vault Marvel,PREMIERE SKETCHES,63,Richard E. Valbuena a.k.a. Richval,TRUE
2026 Topps Vault Marvel,PREMIERE SKETCHES,64,Rodel Martin,TRUE
2026 Topps Vault Marvel,PREMIERE SKETCHES,65,Rodriguez,TRUE
2026 Topps Vault Marvel,PREMIERE SKETCHES,66,Ronel Gravo,TRUE
2026 Topps Vault Marvel,PREMIERE SKETCHES,67,Roy Cover,TRUE
2026 Topps Vault Marvel,PREMIERE SKETCHES,68,Sherwin Santiago,TRUE
2026 Topps Vault Marvel,PREMIERE SKETCHES,69,Shyla Lee,TRUE
2026 Topps Vault Marvel,PREMIERE SKETCHES,70,Sturdy,TRUE
2026 Topps Vault Marvel,PREMIERE SKETCHES,71,Takkun,TRUE
2026 Topps Vault Marvel,PREMIERE SKETCHES,72,Tim Shinn,TRUE
2026 Topps Vault Marvel,PREMIERE SKETCHES,73,TOMA,TRUE
2026 Topps Vault Marvel,PREMIERE SKETCHES,74,Warlick,TRUE