Main Set,Subset,Card Number,Card Name,Is insert
2026 Topps Chrome Sapphire Edition,Base,1,Abomination,FALSE
2026 Topps Chrome Sapphire Edition,Base,2,Adam Warlock,FALSE
2026 Topps Chrome Sapphire Edition,Base,3,Agatha Harkness,FALSE
2026 Topps Chrome Sapphire Edition,Base,4,Amaranth,FALSE
2026 Topps Chrome Sapphire Edition,Base,5,America Chavez,FALSE
2026 Topps Chrome Sapphire Edition,Base,6,Ant-Man,FALSE
2026 Topps Chrome Sapphire Edition,Base,7,Apocalypse,FALSE
2026 Topps Chrome Sapphire Edition,Base,8,Ares,FALSE
2026 Topps Chrome Sapphire Edition,Base,9,Baron Zemo,FALSE
2026 Topps Chrome Sapphire Edition,Base,10,Beast,FALSE
2026 Topps Chrome Sapphire Edition,Base,11,Beta Ray Bill,FALSE
2026 Topps Chrome Sapphire Edition,Base,12,Black Bolt,FALSE
2026 Topps Chrome Sapphire Edition,Base,13,Black Cat,FALSE
2026 Topps Chrome Sapphire Edition,Base,14,Black Knight,FALSE
2026 Topps Chrome Sapphire Edition,Base,15,Black Panther,FALSE
2026 Topps Chrome Sapphire Edition,Base,16,Black Widow,FALSE
2026 Topps Chrome Sapphire Edition,Base,17,Blade,FALSE
2026 Topps Chrome Sapphire Edition,Base,18,Blink,FALSE
2026 Topps Chrome Sapphire Edition,Base,19,Captain America,FALSE
2026 Topps Chrome Sapphire Edition,Base,20,Captain Britain,FALSE
2026 Topps Chrome Sapphire Edition,Base,21,Captain Marvel,FALSE
2026 Topps Chrome Sapphire Edition,Base,22,Carnage,FALSE
2026 Topps Chrome Sapphire Edition,Base,23,Colossus,FALSE
2026 Topps Chrome Sapphire Edition,Base,24,Cyclops,FALSE
2026 Topps Chrome Sapphire Edition,Base,25,Daredevil,FALSE
2026 Topps Chrome Sapphire Edition,Base,26,Dazzler,FALSE
2026 Topps Chrome Sapphire Edition,Base,27,Dark Gwenpool,FALSE
2026 Topps Chrome Sapphire Edition,Base,28,Doctor Doom,FALSE
2026 Topps Chrome Sapphire Edition,Base,29,Doctor Octopus,FALSE
2026 Topps Chrome Sapphire Edition,Base,30,Domino,FALSE
2026 Topps Chrome Sapphire Edition,Base,31,Doomasaur,FALSE
2026 Topps Chrome Sapphire Edition,Base,32,Dormammu,FALSE
2026 Topps Chrome Sapphire Edition,Base,33,Dragonfire,FALSE
2026 Topps Chrome Sapphire Edition,Base,34,Emma Frost,FALSE
2026 Topps Chrome Sapphire Edition,Base,35,Enchantress,FALSE
2026 Topps Chrome Sapphire Edition,Base,36,Eternity,FALSE
2026 Topps Chrome Sapphire Edition,Base,37,Forge,FALSE
2026 Topps Chrome Sapphire Edition,Base,38,Galactus,FALSE
2026 Topps Chrome Sapphire Edition,Base,39,Gambit,FALSE
2026 Topps Chrome Sapphire Edition,Base,40,Gamora,FALSE
2026 Topps Chrome Sapphire Edition,Base,41,Ghost Rider,FALSE
2026 Topps Chrome Sapphire Edition,Base,42,Ghost-Spider,FALSE
2026 Topps Chrome Sapphire Edition,Base,43,Glob,FALSE
2026 Topps Chrome Sapphire Edition,Base,44,Goblin Queen,FALSE
2026 Topps Chrome Sapphire Edition,Base,45,Green Goblin,FALSE
2026 Topps Chrome Sapphire Edition,Base,46,Groot,FALSE
2026 Topps Chrome Sapphire Edition,Base,47,Hawkeye,FALSE
2026 Topps Chrome Sapphire Edition,Base,48,Hercules,FALSE
2026 Topps Chrome Sapphire Edition,Base,49,Hope Summers,FALSE
2026 Topps Chrome Sapphire Edition,Base,50,Hulk,FALSE
2026 Topps Chrome Sapphire Edition,Base,51,Human Torch,FALSE
2026 Topps Chrome Sapphire Edition,Base,52,Iceman,FALSE
2026 Topps Chrome Sapphire Edition,Base,53,Ikaris,FALSE
2026 Topps Chrome Sapphire Edition,Base,54,Infernal Hulk,FALSE
2026 Topps Chrome Sapphire Edition,Base,55,Invisible Woman,FALSE
2026 Topps Chrome Sapphire Edition,Base,56,Iron Fist,FALSE
2026 Topps Chrome Sapphire Edition,Base,57,Iron Man,FALSE
2026 Topps Chrome Sapphire Edition,Base,58,Ironheart,FALSE
2026 Topps Chrome Sapphire Edition,Base,59,Jean Grey,FALSE
2026 Topps Chrome Sapphire Edition,Base,60,Jef the Land Shark,FALSE
2026 Topps Chrome Sapphire Edition,Base,61,Jubilee,FALSE
2026 Topps Chrome Sapphire Edition,Base,62,Juggernaut,FALSE
2026 Topps Chrome Sapphire Edition,Base,63,Kate Bishop,FALSE
2026 Topps Chrome Sapphire Edition,Base,64,Kid Juggernaut,FALSE
2026 Topps Chrome Sapphire Edition,Base,65,Kingpin,FALSE
2026 Topps Chrome Sapphire Edition,Base,66,Kitty Pryde,FALSE
2026 Topps Chrome Sapphire Edition,Base,67,Kraven the Hunter,FALSE
2026 Topps Chrome Sapphire Edition,Base,68,Leader,FALSE
2026 Topps Chrome Sapphire Edition,Base,69,Lizard,FALSE
2026 Topps Chrome Sapphire Edition,Base,70,Lockjaw,FALSE
2026 Topps Chrome Sapphire Edition,Base,71,Longshot,FALSE
2026 Topps Chrome Sapphire Edition,Base,72,Luke Cage,FALSE
2026 Topps Chrome Sapphire Edition,Base,73,M.O.D.O.K.,FALSE
2026 Topps Chrome Sapphire Edition,Base,74,Magneto,FALSE
2026 Topps Chrome Sapphire Edition,Base,75,Man-Thing,FALSE
2026 Topps Chrome Sapphire Edition,Base,76,Mantis,FALSE
2026 Topps Chrome Sapphire Edition,Base,77,Mephisto,FALSE
2026 Topps Chrome Sapphire Edition,Base,78,Miles Morales,FALSE
2026 Topps Chrome Sapphire Edition,Base,79,Mister Fantastic,FALSE
2026 Topps Chrome Sapphire Edition,Base,80,Mister Sinister,FALSE
2026 Topps Chrome Sapphire Edition,Base,81,Moon Knight,FALSE
2026 Topps Chrome Sapphire Edition,Base,82,Moonstar,FALSE
2026 Topps Chrome Sapphire Edition,Base,83,Ms. Marvel,FALSE
2026 Topps Chrome Sapphire Edition,Base,84,Mutina,FALSE
2026 Topps Chrome Sapphire Edition,Base,85,Mysterio,FALSE
2026 Topps Chrome Sapphire Edition,Base,86,Mystique,FALSE
2026 Topps Chrome Sapphire Edition,Base,87,Nightcrawler,FALSE
2026 Topps Chrome Sapphire Edition,Base,88,Nightdrifter,FALSE
2026 Topps Chrome Sapphire Edition,Base,89,Nova,FALSE
2026 Topps Chrome Sapphire Edition,Base,90,Omega Red,FALSE
2026 Topps Chrome Sapphire Edition,Base,91,Professor X,FALSE
2026 Topps Chrome Sapphire Edition,Base,92,Psylocke,FALSE
2026 Topps Chrome Sapphire Edition,Base,93,Quicksilver,FALSE
2026 Topps Chrome Sapphire Edition,Base,94,Rasputin IV,FALSE
2026 Topps Chrome Sapphire Edition,Base,95,Rek-Rap,FALSE
2026 Topps Chrome Sapphire Edition,Base,96,Revelation,FALSE
2026 Topps Chrome Sapphire Edition,Base,97,Rhino,FALSE
2026 Topps Chrome Sapphire Edition,Base,98,Rocket Raccoon,FALSE
2026 Topps Chrome Sapphire Edition,Base,99,Rogue,FALSE
2026 Topps Chrome Sapphire Edition,Base,100,Sleeper Agent,FALSE
2026 Topps Chrome Sapphire Edition,Base,101,Angela,FALSE
2026 Topps Chrome Sapphire Edition,Base,102,Anti-Venom,FALSE
2026 Topps Chrome Sapphire Edition,Base,103,Arachnix,FALSE
2026 Topps Chrome Sapphire Edition,Base,104,Arcade,FALSE
2026 Topps Chrome Sapphire Edition,Base,105,Archangel,FALSE
2026 Topps Chrome Sapphire Edition,Base,106,Chameleon,FALSE
2026 Topps Chrome Sapphire Edition,Base,107,Clea,FALSE
2026 Topps Chrome Sapphire Edition,Base,108,Cosmic Ghost Rider,FALSE
2026 Topps Chrome Sapphire Edition,Base,109,Deathlok,FALSE
2026 Topps Chrome Sapphire Edition,Base,110,Devil Dinosaur,FALSE
2026 Topps Chrome Sapphire Edition,Base,111,Doctor Strange,FALSE
2026 Topps Chrome Sapphire Edition,Base,112,Doom 2099,FALSE
2026 Topps Chrome Sapphire Edition,Base,113,Doyle Dormammu,FALSE
2026 Topps Chrome Sapphire Edition,Base,114,Elbecca Voss,FALSE
2026 Topps Chrome Sapphire Edition,Base,115,Electro,FALSE
2026 Topps Chrome Sapphire Edition,Base,116,Elektra,FALSE
2026 Topps Chrome Sapphire Edition,Base,117,Evangeline,FALSE
2026 Topps Chrome Sapphire Edition,Base,118,Exodus,FALSE
2026 Topps Chrome Sapphire Edition,Base,119,Glitch,FALSE
2026 Topps Chrome Sapphire Edition,Base,120,Grandmaster,FALSE
2026 Topps Chrome Sapphire Edition,Base,121,Gwenpool,FALSE
2026 Topps Chrome Sapphire Edition,Base,122,Hallows' Eve,FALSE
2026 Topps Chrome Sapphire Edition,Base,123,Hellcat,FALSE
2026 Topps Chrome Sapphire Edition,Base,124,Hellgate,FALSE
2026 Topps Chrome Sapphire Edition,Base,125,Hellverine,FALSE
2026 Topps Chrome Sapphire Edition,Base,126,Hobgoblin,FALSE
2026 Topps Chrome Sapphire Edition,Base,127,Iron Cat,FALSE
2026 Topps Chrome Sapphire Edition,Base,128,Kid Venom,FALSE
2026 Topps Chrome Sapphire Edition,Base,129,Knull,FALSE
2026 Topps Chrome Sapphire Edition,Base,130,Lady Henrietta,FALSE
2026 Topps Chrome Sapphire Edition,Base,131,Loki,FALSE
2026 Topps Chrome Sapphire Edition,Base,132,Luna Snow,FALSE
2026 Topps Chrome Sapphire Edition,Base,133,Maestro,FALSE
2026 Topps Chrome Sapphire Edition,Base,134,Magik,FALSE
2026 Topps Chrome Sapphire Edition,Base,135,Mar-Vell,FALSE
2026 Topps Chrome Sapphire Edition,Base,136,Mary Jane,FALSE
2026 Topps Chrome Sapphire Edition,Base,137,Misery,FALSE
2026 Topps Chrome Sapphire Edition,Base,138,Moon Girl,FALSE
2026 Topps Chrome Sapphire Edition,Base,139,Nimrod,FALSE
2026 Topps Chrome Sapphire Edition,Base,140,SP//dr,FALSE
2026 Topps Chrome Sapphire Edition,Base,141,Rachel Summers,FALSE
2026 Topps Chrome Sapphire Edition,Base,142,Raelith,FALSE
2026 Topps Chrome Sapphire Edition,Base,143,Rapid,FALSE
2026 Topps Chrome Sapphire Edition,Base,144,Sabretooth,FALSE
2026 Topps Chrome Sapphire Edition,Base,145,Scarlet Witch,FALSE
2026 Topps Chrome Sapphire Edition,Base,146,Scarlet Spider,FALSE
2026 Topps Chrome Sapphire Edition,Base,147,Scorpion,FALSE
2026 Topps Chrome Sapphire Edition,Base,148,Scream,FALSE
2026 Topps Chrome Sapphire Edition,Base,149,Sentry,FALSE
2026 Topps Chrome Sapphire Edition,Base,150,Shang-Chi,FALSE
2026 Topps Chrome Sapphire Edition,Base,151,She-Hulk,FALSE
2026 Topps Chrome Sapphire Edition,Base,152,She-Venom,FALSE
2026 Topps Chrome Sapphire Edition,Base,153,Shocker,FALSE
2026 Topps Chrome Sapphire Edition,Base,154,Shuri,FALSE
2026 Topps Chrome Sapphire Edition,Base,155,Silence,FALSE
2026 Topps Chrome Sapphire Edition,Base,156,Silk,FALSE
2026 Topps Chrome Sapphire Edition,Base,157,Silver Surfer,FALSE
2026 Topps Chrome Sapphire Edition,Base,158,Silver Sable,FALSE
2026 Topps Chrome Sapphire Edition,Base,159,Sister Sorrow,FALSE
2026 Topps Chrome Sapphire Edition,Base,160,Spider-Boy,FALSE
2026 Topps Chrome Sapphire Edition,Base,161,Spider-Girl,FALSE
2026 Topps Chrome Sapphire Edition,Base,162,Spider-Ham,FALSE
2026 Topps Chrome Sapphire Edition,Base,163,Spider-Man,FALSE
2026 Topps Chrome Sapphire Edition,Base,164,Spider-Man 2099,FALSE
2026 Topps Chrome Sapphire Edition,Base,165,Spider-Man Noir,FALSE
2026 Topps Chrome Sapphire Edition,Base,166,Spider-Punk,FALSE
2026 Topps Chrome Sapphire Edition,Base,167,Spider-Woman,FALSE
2026 Topps Chrome Sapphire Edition,Base,168,Star-Lord,FALSE
2026 Topps Chrome Sapphire Edition,Base,169,Storm,FALSE
2026 Topps Chrome Sapphire Edition,Base,170,Strong Guy,FALSE
2026 Topps Chrome Sapphire Edition,Base,171,Stryfe,FALSE
2026 Topps Chrome Sapphire Edition,Base,172,Sunspot,FALSE
2026 Topps Chrome Sapphire Edition,Base,173,Taskmaster,FALSE
2026 Topps Chrome Sapphire Edition,Base,174,Thanos,FALSE
2026 Topps Chrome Sapphire Edition,Base,175,The Thing,FALSE
2026 Topps Chrome Sapphire Edition,Base,176,Thena,FALSE
2026 Topps Chrome Sapphire Edition,Base,177,Thor,FALSE
2026 Topps Chrome Sapphire Edition,Base,178,Throg,FALSE
2026 Topps Chrome Sapphire Edition,Base,179,Tigra,FALSE
2026 Topps Chrome Sapphire Edition,Base,180,Tombstone,FALSE
2026 Topps Chrome Sapphire Edition,Base,181,Toxin,FALSE
2026 Topps Chrome Sapphire Edition,Base,182,U.S. Agent,FALSE
2026 Topps Chrome Sapphire Edition,Base,183,Ultimate Daredevil,FALSE
2026 Topps Chrome Sapphire Edition,Base,184,Ultimate Wolverine,FALSE
2026 Topps Chrome Sapphire Edition,Base,185,Ultron,FALSE
2026 Topps Chrome Sapphire Edition,Base,186,Valeria Richards,FALSE
2026 Topps Chrome Sapphire Edition,Base,187,Venom,FALSE
2026 Topps Chrome Sapphire Edition,Base,188,Venomizer,FALSE
2026 Topps Chrome Sapphire Edition,Base,189,Venomouse,FALSE
2026 Topps Chrome Sapphire Edition,Base,190,Vision,FALSE
2026 Topps Chrome Sapphire Edition,Base,191,Vulcan,FALSE
2026 Topps Chrome Sapphire Edition,Base,192,Vulture,FALSE
2026 Topps Chrome Sapphire Edition,Base,193,War Machine,FALSE
2026 Topps Chrome Sapphire Edition,Base,194,Wasp,FALSE
2026 Topps Chrome Sapphire Edition,Base,195,Werewolf by Night,FALSE
2026 Topps Chrome Sapphire Edition,Base,196,White Fox,FALSE
2026 Topps Chrome Sapphire Edition,Base,197,White Tiger,FALSE
2026 Topps Chrome Sapphire Edition,Base,198,Wiccan,FALSE
2026 Topps Chrome Sapphire Edition,Base,199,Wolverine,FALSE
2026 Topps Chrome Sapphire Edition,Base,200,X-23,FALSE
2026 Topps Chrome Sapphire Edition,Green,1,Abomination,TRUE
2026 Topps Chrome Sapphire Edition,Green,2,Adam Warlock,TRUE
2026 Topps Chrome Sapphire Edition,Green,3,Agatha Harkness,TRUE
2026 Topps Chrome Sapphire Edition,Green,4,Amaranth,TRUE
2026 Topps Chrome Sapphire Edition,Green,5,America Chavez,TRUE
2026 Topps Chrome Sapphire Edition,Green,6,Ant-Man,TRUE
2026 Topps Chrome Sapphire Edition,Green,7,Apocalypse,TRUE
2026 Topps Chrome Sapphire Edition,Green,8,Ares,TRUE
2026 Topps Chrome Sapphire Edition,Green,9,Baron Zemo,TRUE
2026 Topps Chrome Sapphire Edition,Green,10,Beast,TRUE
2026 Topps Chrome Sapphire Edition,Green,11,Beta Ray Bill,TRUE
2026 Topps Chrome Sapphire Edition,Green,12,Black Bolt,TRUE
2026 Topps Chrome Sapphire Edition,Green,13,Black Cat,TRUE
2026 Topps Chrome Sapphire Edition,Green,14,Black Knight,TRUE
2026 Topps Chrome Sapphire Edition,Green,15,Black Panther,TRUE
2026 Topps Chrome Sapphire Edition,Green,16,Black Widow,TRUE
2026 Topps Chrome Sapphire Edition,Green,17,Blade,TRUE
2026 Topps Chrome Sapphire Edition,Green,18,Blink,TRUE
2026 Topps Chrome Sapphire Edition,Green,19,Captain America,TRUE
2026 Topps Chrome Sapphire Edition,Green,20,Captain Britain,TRUE
2026 Topps Chrome Sapphire Edition,Green,21,Captain Marvel,TRUE
2026 Topps Chrome Sapphire Edition,Green,22,Carnage,TRUE
2026 Topps Chrome Sapphire Edition,Green,23,Colossus,TRUE
2026 Topps Chrome Sapphire Edition,Green,24,Cyclops,TRUE
2026 Topps Chrome Sapphire Edition,Green,25,Daredevil,TRUE
2026 Topps Chrome Sapphire Edition,Green,26,Dazzler,TRUE
2026 Topps Chrome Sapphire Edition,Green,27,Dark Gwenpool,TRUE
2026 Topps Chrome Sapphire Edition,Green,28,Doctor Doom,TRUE
2026 Topps Chrome Sapphire Edition,Green,29,Doctor Octopus,TRUE
2026 Topps Chrome Sapphire Edition,Green,30,Domino,TRUE
2026 Topps Chrome Sapphire Edition,Green,31,Doomasaur,TRUE
2026 Topps Chrome Sapphire Edition,Green,32,Dormammu,TRUE
2026 Topps Chrome Sapphire Edition,Green,33,Dragonfire,TRUE
2026 Topps Chrome Sapphire Edition,Green,34,Emma Frost,TRUE
2026 Topps Chrome Sapphire Edition,Green,35,Enchantress,TRUE
2026 Topps Chrome Sapphire Edition,Green,36,Eternity,TRUE
2026 Topps Chrome Sapphire Edition,Green,37,Forge,TRUE
2026 Topps Chrome Sapphire Edition,Green,38,Galactus,TRUE
2026 Topps Chrome Sapphire Edition,Green,39,Gambit,TRUE
2026 Topps Chrome Sapphire Edition,Green,40,Gamora,TRUE
2026 Topps Chrome Sapphire Edition,Green,41,Ghost Rider,TRUE
2026 Topps Chrome Sapphire Edition,Green,42,Ghost-Spider,TRUE
2026 Topps Chrome Sapphire Edition,Green,43,Glob,TRUE
2026 Topps Chrome Sapphire Edition,Green,44,Goblin Queen,TRUE
2026 Topps Chrome Sapphire Edition,Green,45,Green Goblin,TRUE
2026 Topps Chrome Sapphire Edition,Green,46,Groot,TRUE
2026 Topps Chrome Sapphire Edition,Green,47,Hawkeye,TRUE
2026 Topps Chrome Sapphire Edition,Green,48,Hercules,TRUE
2026 Topps Chrome Sapphire Edition,Green,49,Hope Summers,TRUE
2026 Topps Chrome Sapphire Edition,Green,50,Hulk,TRUE
2026 Topps Chrome Sapphire Edition,Green,51,Human Torch,TRUE
2026 Topps Chrome Sapphire Edition,Green,52,Iceman,TRUE
2026 Topps Chrome Sapphire Edition,Green,53,Ikaris,TRUE
2026 Topps Chrome Sapphire Edition,Green,54,Infernal Hulk,TRUE
2026 Topps Chrome Sapphire Edition,Green,55,Invisible Woman,TRUE
2026 Topps Chrome Sapphire Edition,Green,56,Iron Fist,TRUE
2026 Topps Chrome Sapphire Edition,Green,57,Iron Man,TRUE
2026 Topps Chrome Sapphire Edition,Green,58,Ironheart,TRUE
2026 Topps Chrome Sapphire Edition,Green,59,Jean Grey,TRUE
2026 Topps Chrome Sapphire Edition,Green,60,Jef the Land Shark,TRUE
2026 Topps Chrome Sapphire Edition,Green,61,Jubilee,TRUE
2026 Topps Chrome Sapphire Edition,Green,62,Juggernaut,TRUE
2026 Topps Chrome Sapphire Edition,Green,63,Kate Bishop,TRUE
2026 Topps Chrome Sapphire Edition,Green,64,Kid Juggernaut,TRUE
2026 Topps Chrome Sapphire Edition,Green,65,Kingpin,TRUE
2026 Topps Chrome Sapphire Edition,Green,66,Kitty Pryde,TRUE
2026 Topps Chrome Sapphire Edition,Green,67,Kraven the Hunter,TRUE
2026 Topps Chrome Sapphire Edition,Green,68,Leader,TRUE
2026 Topps Chrome Sapphire Edition,Green,69,Lizard,TRUE
2026 Topps Chrome Sapphire Edition,Green,70,Lockjaw,TRUE
2026 Topps Chrome Sapphire Edition,Green,71,Longshot,TRUE
2026 Topps Chrome Sapphire Edition,Green,72,Luke Cage,TRUE
2026 Topps Chrome Sapphire Edition,Green,73,M.O.D.O.K.,TRUE
2026 Topps Chrome Sapphire Edition,Green,74,Magneto,TRUE
2026 Topps Chrome Sapphire Edition,Green,75,Man-Thing,TRUE
2026 Topps Chrome Sapphire Edition,Green,76,Mantis,TRUE
2026 Topps Chrome Sapphire Edition,Green,77,Mephisto,TRUE
2026 Topps Chrome Sapphire Edition,Green,78,Miles Morales,TRUE
2026 Topps Chrome Sapphire Edition,Green,79,Mister Fantastic,TRUE
2026 Topps Chrome Sapphire Edition,Green,80,Mister Sinister,TRUE
2026 Topps Chrome Sapphire Edition,Green,81,Moon Knight,TRUE
2026 Topps Chrome Sapphire Edition,Green,82,Moonstar,TRUE
2026 Topps Chrome Sapphire Edition,Green,83,Ms. Marvel,TRUE
2026 Topps Chrome Sapphire Edition,Green,84,Mutina,TRUE
2026 Topps Chrome Sapphire Edition,Green,85,Mysterio,TRUE
2026 Topps Chrome Sapphire Edition,Green,86,Mystique,TRUE
2026 Topps Chrome Sapphire Edition,Green,87,Nightcrawler,TRUE
2026 Topps Chrome Sapphire Edition,Green,88,Nightdrifter,TRUE
2026 Topps Chrome Sapphire Edition,Green,89,Nova,TRUE
2026 Topps Chrome Sapphire Edition,Green,90,Omega Red,TRUE
2026 Topps Chrome Sapphire Edition,Green,91,Professor X,TRUE
2026 Topps Chrome Sapphire Edition,Green,92,Psylocke,TRUE
2026 Topps Chrome Sapphire Edition,Green,93,Quicksilver,TRUE
2026 Topps Chrome Sapphire Edition,Green,94,Rasputin IV,TRUE
2026 Topps Chrome Sapphire Edition,Green,95,Rek-Rap,TRUE
2026 Topps Chrome Sapphire Edition,Green,96,Revelation,TRUE
2026 Topps Chrome Sapphire Edition,Green,97,Rhino,TRUE
2026 Topps Chrome Sapphire Edition,Green,98,Rocket Raccoon,TRUE
2026 Topps Chrome Sapphire Edition,Green,99,Rogue,TRUE
2026 Topps Chrome Sapphire Edition,Green,100,Sleeper Agent,TRUE
2026 Topps Chrome Sapphire Edition,Green,101,Angela,TRUE
2026 Topps Chrome Sapphire Edition,Green,102,Anti-Venom,TRUE
2026 Topps Chrome Sapphire Edition,Green,103,Arachnix,TRUE
2026 Topps Chrome Sapphire Edition,Green,104,Arcade,TRUE
2026 Topps Chrome Sapphire Edition,Green,105,Archangel,TRUE
2026 Topps Chrome Sapphire Edition,Green,106,Chameleon,TRUE
2026 Topps Chrome Sapphire Edition,Green,107,Clea,TRUE
2026 Topps Chrome Sapphire Edition,Green,108,Cosmic Ghost Rider,TRUE
2026 Topps Chrome Sapphire Edition,Green,109,Deathlok,TRUE
2026 Topps Chrome Sapphire Edition,Green,110,Devil Dinosaur,TRUE
2026 Topps Chrome Sapphire Edition,Green,111,Doctor Strange,TRUE
2026 Topps Chrome Sapphire Edition,Green,112,Doom 2099,TRUE
2026 Topps Chrome Sapphire Edition,Green,113,Doyle Dormammu,TRUE
2026 Topps Chrome Sapphire Edition,Green,114,Elbecca Voss,TRUE
2026 Topps Chrome Sapphire Edition,Green,115,Electro,TRUE
2026 Topps Chrome Sapphire Edition,Green,116,Elektra,TRUE
2026 Topps Chrome Sapphire Edition,Green,117,Evangeline,TRUE
2026 Topps Chrome Sapphire Edition,Green,118,Exodus,TRUE
2026 Topps Chrome Sapphire Edition,Green,119,Glitch,TRUE
2026 Topps Chrome Sapphire Edition,Green,120,Grandmaster,TRUE
2026 Topps Chrome Sapphire Edition,Green,121,Gwenpool,TRUE
2026 Topps Chrome Sapphire Edition,Green,122,Hallows' Eve,TRUE
2026 Topps Chrome Sapphire Edition,Green,123,Hellcat,TRUE
2026 Topps Chrome Sapphire Edition,Green,124,Hellgate,TRUE
2026 Topps Chrome Sapphire Edition,Green,125,Hellverine,TRUE
2026 Topps Chrome Sapphire Edition,Green,126,Hobgoblin,TRUE
2026 Topps Chrome Sapphire Edition,Green,127,Iron Cat,TRUE
2026 Topps Chrome Sapphire Edition,Green,128,Kid Venom,TRUE
2026 Topps Chrome Sapphire Edition,Green,129,Knull,TRUE
2026 Topps Chrome Sapphire Edition,Green,130,Lady Henrietta,TRUE
2026 Topps Chrome Sapphire Edition,Green,131,Loki,TRUE
2026 Topps Chrome Sapphire Edition,Green,132,Luna Snow,TRUE
2026 Topps Chrome Sapphire Edition,Green,133,Maestro,TRUE
2026 Topps Chrome Sapphire Edition,Green,134,Magik,TRUE
2026 Topps Chrome Sapphire Edition,Green,135,Mar-Vell,TRUE
2026 Topps Chrome Sapphire Edition,Green,136,Mary Jane,TRUE
2026 Topps Chrome Sapphire Edition,Green,137,Misery,TRUE
2026 Topps Chrome Sapphire Edition,Green,138,Moon Girl,TRUE
2026 Topps Chrome Sapphire Edition,Green,139,Nimrod,TRUE
2026 Topps Chrome Sapphire Edition,Green,140,SP//dr,TRUE
2026 Topps Chrome Sapphire Edition,Green,141,Rachel Summers,TRUE
2026 Topps Chrome Sapphire Edition,Green,142,Raelith,TRUE
2026 Topps Chrome Sapphire Edition,Green,143,Rapid,TRUE
2026 Topps Chrome Sapphire Edition,Green,144,Sabretooth,TRUE
2026 Topps Chrome Sapphire Edition,Green,145,Scarlet Witch,TRUE
2026 Topps Chrome Sapphire Edition,Green,146,Scarlet Spider,TRUE
2026 Topps Chrome Sapphire Edition,Green,147,Scorpion,TRUE
2026 Topps Chrome Sapphire Edition,Green,148,Scream,TRUE
2026 Topps Chrome Sapphire Edition,Green,149,Sentry,TRUE
2026 Topps Chrome Sapphire Edition,Green,150,Shang-Chi,TRUE
2026 Topps Chrome Sapphire Edition,Green,151,She-Hulk,TRUE
2026 Topps Chrome Sapphire Edition,Green,152,She-Venom,TRUE
2026 Topps Chrome Sapphire Edition,Green,153,Shocker,TRUE
2026 Topps Chrome Sapphire Edition,Green,154,Shuri,TRUE
2026 Topps Chrome Sapphire Edition,Green,155,Silence,TRUE
2026 Topps Chrome Sapphire Edition,Green,156,Silk,TRUE
2026 Topps Chrome Sapphire Edition,Green,157,Silver Surfer,TRUE
2026 Topps Chrome Sapphire Edition,Green,158,Silver Sable,TRUE
2026 Topps Chrome Sapphire Edition,Green,159,Sister Sorrow,TRUE
2026 Topps Chrome Sapphire Edition,Green,160,Spider-Boy,TRUE
2026 Topps Chrome Sapphire Edition,Green,161,Spider-Girl,TRUE
2026 Topps Chrome Sapphire Edition,Green,162,Spider-Ham,TRUE
2026 Topps Chrome Sapphire Edition,Green,163,Spider-Man,TRUE
2026 Topps Chrome Sapphire Edition,Green,164,Spider-Man 2099,TRUE
2026 Topps Chrome Sapphire Edition,Green,165,Spider-Man Noir,TRUE
2026 Topps Chrome Sapphire Edition,Green,166,Spider-Punk,TRUE
2026 Topps Chrome Sapphire Edition,Green,167,Spider-Woman,TRUE
2026 Topps Chrome Sapphire Edition,Green,168,Star-Lord,TRUE
2026 Topps Chrome Sapphire Edition,Green,169,Storm,TRUE
2026 Topps Chrome Sapphire Edition,Green,170,Strong Guy,TRUE
2026 Topps Chrome Sapphire Edition,Green,171,Stryfe,TRUE
2026 Topps Chrome Sapphire Edition,Green,172,Sunspot,TRUE
2026 Topps Chrome Sapphire Edition,Green,173,Taskmaster,TRUE
2026 Topps Chrome Sapphire Edition,Green,174,Thanos,TRUE
2026 Topps Chrome Sapphire Edition,Green,175,The Thing,TRUE
2026 Topps Chrome Sapphire Edition,Green,176,Thena,TRUE
2026 Topps Chrome Sapphire Edition,Green,177,Thor,TRUE
2026 Topps Chrome Sapphire Edition,Green,178,Throg,TRUE
2026 Topps Chrome Sapphire Edition,Green,179,Tigra,TRUE
2026 Topps Chrome Sapphire Edition,Green,180,Tombstone,TRUE
2026 Topps Chrome Sapphire Edition,Green,181,Toxin,TRUE
2026 Topps Chrome Sapphire Edition,Green,182,U.S. Agent,TRUE
2026 Topps Chrome Sapphire Edition,Green,183,Ultimate Daredevil,TRUE
2026 Topps Chrome Sapphire Edition,Green,184,Ultimate Wolverine,TRUE
2026 Topps Chrome Sapphire Edition,Green,185,Ultron,TRUE
2026 Topps Chrome Sapphire Edition,Green,186,Valeria Richards,TRUE
2026 Topps Chrome Sapphire Edition,Green,187,Venom,TRUE
2026 Topps Chrome Sapphire Edition,Green,188,Venomizer,TRUE
2026 Topps Chrome Sapphire Edition,Green,189,Venomouse,TRUE
2026 Topps Chrome Sapphire Edition,Green,190,Vision,TRUE
2026 Topps Chrome Sapphire Edition,Green,191,Vulcan,TRUE
2026 Topps Chrome Sapphire Edition,Green,192,Vulture,TRUE
2026 Topps Chrome Sapphire Edition,Green,193,War Machine,TRUE
2026 Topps Chrome Sapphire Edition,Green,194,Wasp,TRUE
2026 Topps Chrome Sapphire Edition,Green,195,Werewolf by Night,TRUE
2026 Topps Chrome Sapphire Edition,Green,196,White Fox,TRUE
2026 Topps Chrome Sapphire Edition,Green,197,White Tiger,TRUE
2026 Topps Chrome Sapphire Edition,Green,198,Wiccan,TRUE
2026 Topps Chrome Sapphire Edition,Green,199,Wolverine,TRUE
2026 Topps Chrome Sapphire Edition,Green,200,X-23,TRUE
2026 Topps Chrome Sapphire Edition,Purple,1,Abomination,TRUE
2026 Topps Chrome Sapphire Edition,Purple,2,Adam Warlock,TRUE
2026 Topps Chrome Sapphire Edition,Purple,3,Agatha Harkness,TRUE
2026 Topps Chrome Sapphire Edition,Purple,4,Amaranth,TRUE
2026 Topps Chrome Sapphire Edition,Purple,5,America Chavez,TRUE
2026 Topps Chrome Sapphire Edition,Purple,6,Ant-Man,TRUE
2026 Topps Chrome Sapphire Edition,Purple,7,Apocalypse,TRUE
2026 Topps Chrome Sapphire Edition,Purple,8,Ares,TRUE
2026 Topps Chrome Sapphire Edition,Purple,9,Baron Zemo,TRUE
2026 Topps Chrome Sapphire Edition,Purple,10,Beast,TRUE
2026 Topps Chrome Sapphire Edition,Purple,11,Beta Ray Bill,TRUE
2026 Topps Chrome Sapphire Edition,Purple,12,Black Bolt,TRUE
2026 Topps Chrome Sapphire Edition,Purple,13,Black Cat,TRUE
2026 Topps Chrome Sapphire Edition,Purple,14,Black Knight,TRUE
2026 Topps Chrome Sapphire Edition,Purple,15,Black Panther,TRUE
2026 Topps Chrome Sapphire Edition,Purple,16,Black Widow,TRUE
2026 Topps Chrome Sapphire Edition,Purple,17,Blade,TRUE
2026 Topps Chrome Sapphire Edition,Purple,18,Blink,TRUE
2026 Topps Chrome Sapphire Edition,Purple,19,Captain America,TRUE
2026 Topps Chrome Sapphire Edition,Purple,20,Captain Britain,TRUE
2026 Topps Chrome Sapphire Edition,Purple,21,Captain Marvel,TRUE
2026 Topps Chrome Sapphire Edition,Purple,22,Carnage,TRUE
2026 Topps Chrome Sapphire Edition,Purple,23,Colossus,TRUE
2026 Topps Chrome Sapphire Edition,Purple,24,Cyclops,TRUE
2026 Topps Chrome Sapphire Edition,Purple,25,Daredevil,TRUE
2026 Topps Chrome Sapphire Edition,Purple,26,Dazzler,TRUE
2026 Topps Chrome Sapphire Edition,Purple,27,Dark Gwenpool,TRUE
2026 Topps Chrome Sapphire Edition,Purple,28,Doctor Doom,TRUE
2026 Topps Chrome Sapphire Edition,Purple,29,Doctor Octopus,TRUE
2026 Topps Chrome Sapphire Edition,Purple,30,Domino,TRUE
2026 Topps Chrome Sapphire Edition,Purple,31,Doomasaur,TRUE
2026 Topps Chrome Sapphire Edition,Purple,32,Dormammu,TRUE
2026 Topps Chrome Sapphire Edition,Purple,33,Dragonfire,TRUE
2026 Topps Chrome Sapphire Edition,Purple,34,Emma Frost,TRUE
2026 Topps Chrome Sapphire Edition,Purple,35,Enchantress,TRUE
2026 Topps Chrome Sapphire Edition,Purple,36,Eternity,TRUE
2026 Topps Chrome Sapphire Edition,Purple,37,Forge,TRUE
2026 Topps Chrome Sapphire Edition,Purple,38,Galactus,TRUE
2026 Topps Chrome Sapphire Edition,Purple,39,Gambit,TRUE
2026 Topps Chrome Sapphire Edition,Purple,40,Gamora,TRUE
2026 Topps Chrome Sapphire Edition,Purple,41,Ghost Rider,TRUE
2026 Topps Chrome Sapphire Edition,Purple,42,Ghost-Spider,TRUE
2026 Topps Chrome Sapphire Edition,Purple,43,Glob,TRUE
2026 Topps Chrome Sapphire Edition,Purple,44,Goblin Queen,TRUE
2026 Topps Chrome Sapphire Edition,Purple,45,Green Goblin,TRUE
2026 Topps Chrome Sapphire Edition,Purple,46,Groot,TRUE
2026 Topps Chrome Sapphire Edition,Purple,47,Hawkeye,TRUE
2026 Topps Chrome Sapphire Edition,Purple,48,Hercules,TRUE
2026 Topps Chrome Sapphire Edition,Purple,49,Hope Summers,TRUE
2026 Topps Chrome Sapphire Edition,Purple,50,Hulk,TRUE
2026 Topps Chrome Sapphire Edition,Purple,51,Human Torch,TRUE
2026 Topps Chrome Sapphire Edition,Purple,52,Iceman,TRUE
2026 Topps Chrome Sapphire Edition,Purple,53,Ikaris,TRUE
2026 Topps Chrome Sapphire Edition,Purple,54,Infernal Hulk,TRUE
2026 Topps Chrome Sapphire Edition,Purple,55,Invisible Woman,TRUE
2026 Topps Chrome Sapphire Edition,Purple,56,Iron Fist,TRUE
2026 Topps Chrome Sapphire Edition,Purple,57,Iron Man,TRUE
2026 Topps Chrome Sapphire Edition,Purple,58,Ironheart,TRUE
2026 Topps Chrome Sapphire Edition,Purple,59,Jean Grey,TRUE
2026 Topps Chrome Sapphire Edition,Purple,60,Jef the Land Shark,TRUE
2026 Topps Chrome Sapphire Edition,Purple,61,Jubilee,TRUE
2026 Topps Chrome Sapphire Edition,Purple,62,Juggernaut,TRUE
2026 Topps Chrome Sapphire Edition,Purple,63,Kate Bishop,TRUE
2026 Topps Chrome Sapphire Edition,Purple,64,Kid Juggernaut,TRUE
2026 Topps Chrome Sapphire Edition,Purple,65,Kingpin,TRUE
2026 Topps Chrome Sapphire Edition,Purple,66,Kitty Pryde,TRUE
2026 Topps Chrome Sapphire Edition,Purple,67,Kraven the Hunter,TRUE
2026 Topps Chrome Sapphire Edition,Purple,68,Leader,TRUE
2026 Topps Chrome Sapphire Edition,Purple,69,Lizard,TRUE
2026 Topps Chrome Sapphire Edition,Purple,70,Lockjaw,TRUE
2026 Topps Chrome Sapphire Edition,Purple,71,Longshot,TRUE
2026 Topps Chrome Sapphire Edition,Purple,72,Luke Cage,TRUE
2026 Topps Chrome Sapphire Edition,Purple,73,M.O.D.O.K.,TRUE
2026 Topps Chrome Sapphire Edition,Purple,74,Magneto,TRUE
2026 Topps Chrome Sapphire Edition,Purple,75,Man-Thing,TRUE
2026 Topps Chrome Sapphire Edition,Purple,76,Mantis,TRUE
2026 Topps Chrome Sapphire Edition,Purple,77,Mephisto,TRUE
2026 Topps Chrome Sapphire Edition,Purple,78,Miles Morales,TRUE
2026 Topps Chrome Sapphire Edition,Purple,79,Mister Fantastic,TRUE
2026 Topps Chrome Sapphire Edition,Purple,80,Mister Sinister,TRUE
2026 Topps Chrome Sapphire Edition,Purple,81,Moon Knight,TRUE
2026 Topps Chrome Sapphire Edition,Purple,82,Moonstar,TRUE
2026 Topps Chrome Sapphire Edition,Purple,83,Ms. Marvel,TRUE
2026 Topps Chrome Sapphire Edition,Purple,84,Mutina,TRUE
2026 Topps Chrome Sapphire Edition,Purple,85,Mysterio,TRUE
2026 Topps Chrome Sapphire Edition,Purple,86,Mystique,TRUE
2026 Topps Chrome Sapphire Edition,Purple,87,Nightcrawler,TRUE
2026 Topps Chrome Sapphire Edition,Purple,88,Nightdrifter,TRUE
2026 Topps Chrome Sapphire Edition,Purple,89,Nova,TRUE
2026 Topps Chrome Sapphire Edition,Purple,90,Omega Red,TRUE
2026 Topps Chrome Sapphire Edition,Purple,91,Professor X,TRUE
2026 Topps Chrome Sapphire Edition,Purple,92,Psylocke,TRUE
2026 Topps Chrome Sapphire Edition,Purple,93,Quicksilver,TRUE
2026 Topps Chrome Sapphire Edition,Purple,94,Rasputin IV,TRUE
2026 Topps Chrome Sapphire Edition,Purple,95,Rek-Rap,TRUE
2026 Topps Chrome Sapphire Edition,Purple,96,Revelation,TRUE
2026 Topps Chrome Sapphire Edition,Purple,97,Rhino,TRUE
2026 Topps Chrome Sapphire Edition,Purple,98,Rocket Raccoon,TRUE
2026 Topps Chrome Sapphire Edition,Purple,99,Rogue,TRUE
2026 Topps Chrome Sapphire Edition,Purple,100,Sleeper Agent,TRUE
2026 Topps Chrome Sapphire Edition,Purple,101,Angela,TRUE
2026 Topps Chrome Sapphire Edition,Purple,102,Anti-Venom,TRUE
2026 Topps Chrome Sapphire Edition,Purple,103,Arachnix,TRUE
2026 Topps Chrome Sapphire Edition,Purple,104,Arcade,TRUE
2026 Topps Chrome Sapphire Edition,Purple,105,Archangel,TRUE
2026 Topps Chrome Sapphire Edition,Purple,106,Chameleon,TRUE
2026 Topps Chrome Sapphire Edition,Purple,107,Clea,TRUE
2026 Topps Chrome Sapphire Edition,Purple,108,Cosmic Ghost Rider,TRUE
2026 Topps Chrome Sapphire Edition,Purple,109,Deathlok,TRUE
2026 Topps Chrome Sapphire Edition,Purple,110,Devil Dinosaur,TRUE
2026 Topps Chrome Sapphire Edition,Purple,111,Doctor Strange,TRUE
2026 Topps Chrome Sapphire Edition,Purple,112,Doom 2099,TRUE
2026 Topps Chrome Sapphire Edition,Purple,113,Doyle Dormammu,TRUE
2026 Topps Chrome Sapphire Edition,Purple,114,Elbecca Voss,TRUE
2026 Topps Chrome Sapphire Edition,Purple,115,Electro,TRUE
2026 Topps Chrome Sapphire Edition,Purple,116,Elektra,TRUE
2026 Topps Chrome Sapphire Edition,Purple,117,Evangeline,TRUE
2026 Topps Chrome Sapphire Edition,Purple,118,Exodus,TRUE
2026 Topps Chrome Sapphire Edition,Purple,119,Glitch,TRUE
2026 Topps Chrome Sapphire Edition,Purple,120,Grandmaster,TRUE
2026 Topps Chrome Sapphire Edition,Purple,121,Gwenpool,TRUE
2026 Topps Chrome Sapphire Edition,Purple,122,Hallows' Eve,TRUE
2026 Topps Chrome Sapphire Edition,Purple,123,Hellcat,TRUE
2026 Topps Chrome Sapphire Edition,Purple,124,Hellgate,TRUE
2026 Topps Chrome Sapphire Edition,Purple,125,Hellverine,TRUE
2026 Topps Chrome Sapphire Edition,Purple,126,Hobgoblin,TRUE
2026 Topps Chrome Sapphire Edition,Purple,127,Iron Cat,TRUE
2026 Topps Chrome Sapphire Edition,Purple,128,Kid Venom,TRUE
2026 Topps Chrome Sapphire Edition,Purple,129,Knull,TRUE
2026 Topps Chrome Sapphire Edition,Purple,130,Lady Henrietta,TRUE
2026 Topps Chrome Sapphire Edition,Purple,131,Loki,TRUE
2026 Topps Chrome Sapphire Edition,Purple,132,Luna Snow,TRUE
2026 Topps Chrome Sapphire Edition,Purple,133,Maestro,TRUE
2026 Topps Chrome Sapphire Edition,Purple,134,Magik,TRUE
2026 Topps Chrome Sapphire Edition,Purple,135,Mar-Vell,TRUE
2026 Topps Chrome Sapphire Edition,Purple,136,Mary Jane,TRUE
2026 Topps Chrome Sapphire Edition,Purple,137,Misery,TRUE
2026 Topps Chrome Sapphire Edition,Purple,138,Moon Girl,TRUE
2026 Topps Chrome Sapphire Edition,Purple,139,Nimrod,TRUE
2026 Topps Chrome Sapphire Edition,Purple,140,SP//dr,TRUE
2026 Topps Chrome Sapphire Edition,Purple,141,Rachel Summers,TRUE
2026 Topps Chrome Sapphire Edition,Purple,142,Raelith,TRUE
2026 Topps Chrome Sapphire Edition,Purple,143,Rapid,TRUE
2026 Topps Chrome Sapphire Edition,Purple,144,Sabretooth,TRUE
2026 Topps Chrome Sapphire Edition,Purple,145,Scarlet Witch,TRUE
2026 Topps Chrome Sapphire Edition,Purple,146,Scarlet Spider,TRUE
2026 Topps Chrome Sapphire Edition,Purple,147,Scorpion,TRUE
2026 Topps Chrome Sapphire Edition,Purple,148,Scream,TRUE
2026 Topps Chrome Sapphire Edition,Purple,149,Sentry,TRUE
2026 Topps Chrome Sapphire Edition,Purple,150,Shang-Chi,TRUE
2026 Topps Chrome Sapphire Edition,Purple,151,She-Hulk,TRUE
2026 Topps Chrome Sapphire Edition,Purple,152,She-Venom,TRUE
2026 Topps Chrome Sapphire Edition,Purple,153,Shocker,TRUE
2026 Topps Chrome Sapphire Edition,Purple,154,Shuri,TRUE
2026 Topps Chrome Sapphire Edition,Purple,155,Silence,TRUE
2026 Topps Chrome Sapphire Edition,Purple,156,Silk,TRUE
2026 Topps Chrome Sapphire Edition,Purple,157,Silver Surfer,TRUE
2026 Topps Chrome Sapphire Edition,Purple,158,Silver Sable,TRUE
2026 Topps Chrome Sapphire Edition,Purple,159,Sister Sorrow,TRUE
2026 Topps Chrome Sapphire Edition,Purple,160,Spider-Boy,TRUE
2026 Topps Chrome Sapphire Edition,Purple,161,Spider-Girl,TRUE
2026 Topps Chrome Sapphire Edition,Purple,162,Spider-Ham,TRUE
2026 Topps Chrome Sapphire Edition,Purple,163,Spider-Man,TRUE
2026 Topps Chrome Sapphire Edition,Purple,164,Spider-Man 2099,TRUE
2026 Topps Chrome Sapphire Edition,Purple,165,Spider-Man Noir,TRUE
2026 Topps Chrome Sapphire Edition,Purple,166,Spider-Punk,TRUE
2026 Topps Chrome Sapphire Edition,Purple,167,Spider-Woman,TRUE
2026 Topps Chrome Sapphire Edition,Purple,168,Star-Lord,TRUE
2026 Topps Chrome Sapphire Edition,Purple,169,Storm,TRUE
2026 Topps Chrome Sapphire Edition,Purple,170,Strong Guy,TRUE
2026 Topps Chrome Sapphire Edition,Purple,171,Stryfe,TRUE
2026 Topps Chrome Sapphire Edition,Purple,172,Sunspot,TRUE
2026 Topps Chrome Sapphire Edition,Purple,173,Taskmaster,TRUE
2026 Topps Chrome Sapphire Edition,Purple,174,Thanos,TRUE
2026 Topps Chrome Sapphire Edition,Purple,175,The Thing,TRUE
2026 Topps Chrome Sapphire Edition,Purple,176,Thena,TRUE
2026 Topps Chrome Sapphire Edition,Purple,177,Thor,TRUE
2026 Topps Chrome Sapphire Edition,Purple,178,Throg,TRUE
2026 Topps Chrome Sapphire Edition,Purple,179,Tigra,TRUE
2026 Topps Chrome Sapphire Edition,Purple,180,Tombstone,TRUE
2026 Topps Chrome Sapphire Edition,Purple,181,Toxin,TRUE
2026 Topps Chrome Sapphire Edition,Purple,182,U.S. Agent,TRUE
2026 Topps Chrome Sapphire Edition,Purple,183,Ultimate Daredevil,TRUE
2026 Topps Chrome Sapphire Edition,Purple,184,Ultimate Wolverine,TRUE
2026 Topps Chrome Sapphire Edition,Purple,185,Ultron,TRUE
2026 Topps Chrome Sapphire Edition,Purple,186,Valeria Richards,TRUE
2026 Topps Chrome Sapphire Edition,Purple,187,Venom,TRUE
2026 Topps Chrome Sapphire Edition,Purple,188,Venomizer,TRUE
2026 Topps Chrome Sapphire Edition,Purple,189,Venomouse,TRUE
2026 Topps Chrome Sapphire Edition,Purple,190,Vision,TRUE
2026 Topps Chrome Sapphire Edition,Purple,191,Vulcan,TRUE
2026 Topps Chrome Sapphire Edition,Purple,192,Vulture,TRUE
2026 Topps Chrome Sapphire Edition,Purple,193,War Machine,TRUE
2026 Topps Chrome Sapphire Edition,Purple,194,Wasp,TRUE
2026 Topps Chrome Sapphire Edition,Purple,195,Werewolf by Night,TRUE
2026 Topps Chrome Sapphire Edition,Purple,196,White Fox,TRUE
2026 Topps Chrome Sapphire Edition,Purple,197,White Tiger,TRUE
2026 Topps Chrome Sapphire Edition,Purple,198,Wiccan,TRUE
2026 Topps Chrome Sapphire Edition,Purple,199,Wolverine,TRUE
2026 Topps Chrome Sapphire Edition,Purple,200,X-23,TRUE
2026 Topps Chrome Sapphire Edition,Gold,1,Abomination,TRUE
2026 Topps Chrome Sapphire Edition,Gold,2,Adam Warlock,TRUE
2026 Topps Chrome Sapphire Edition,Gold,3,Agatha Harkness,TRUE
2026 Topps Chrome Sapphire Edition,Gold,4,Amaranth,TRUE
2026 Topps Chrome Sapphire Edition,Gold,5,America Chavez,TRUE
2026 Topps Chrome Sapphire Edition,Gold,6,Ant-Man,TRUE
2026 Topps Chrome Sapphire Edition,Gold,7,Apocalypse,TRUE
2026 Topps Chrome Sapphire Edition,Gold,8,Ares,TRUE
2026 Topps Chrome Sapphire Edition,Gold,9,Baron Zemo,TRUE
2026 Topps Chrome Sapphire Edition,Gold,10,Beast,TRUE
2026 Topps Chrome Sapphire Edition,Gold,11,Beta Ray Bill,TRUE
2026 Topps Chrome Sapphire Edition,Gold,12,Black Bolt,TRUE
2026 Topps Chrome Sapphire Edition,Gold,13,Black Cat,TRUE
2026 Topps Chrome Sapphire Edition,Gold,14,Black Knight,TRUE
2026 Topps Chrome Sapphire Edition,Gold,15,Black Panther,TRUE
2026 Topps Chrome Sapphire Edition,Gold,16,Black Widow,TRUE
2026 Topps Chrome Sapphire Edition,Gold,17,Blade,TRUE
2026 Topps Chrome Sapphire Edition,Gold,18,Blink,TRUE
2026 Topps Chrome Sapphire Edition,Gold,19,Captain America,TRUE
2026 Topps Chrome Sapphire Edition,Gold,20,Captain Britain,TRUE
2026 Topps Chrome Sapphire Edition,Gold,21,Captain Marvel,TRUE
2026 Topps Chrome Sapphire Edition,Gold,22,Carnage,TRUE
2026 Topps Chrome Sapphire Edition,Gold,23,Colossus,TRUE
2026 Topps Chrome Sapphire Edition,Gold,24,Cyclops,TRUE
2026 Topps Chrome Sapphire Edition,Gold,25,Daredevil,TRUE
2026 Topps Chrome Sapphire Edition,Gold,26,Dazzler,TRUE
2026 Topps Chrome Sapphire Edition,Gold,27,Dark Gwenpool,TRUE
2026 Topps Chrome Sapphire Edition,Gold,28,Doctor Doom,TRUE
2026 Topps Chrome Sapphire Edition,Gold,29,Doctor Octopus,TRUE
2026 Topps Chrome Sapphire Edition,Gold,30,Domino,TRUE
2026 Topps Chrome Sapphire Edition,Gold,31,Doomasaur,TRUE
2026 Topps Chrome Sapphire Edition,Gold,32,Dormammu,TRUE
2026 Topps Chrome Sapphire Edition,Gold,33,Dragonfire,TRUE
2026 Topps Chrome Sapphire Edition,Gold,34,Emma Frost,TRUE
2026 Topps Chrome Sapphire Edition,Gold,35,Enchantress,TRUE
2026 Topps Chrome Sapphire Edition,Gold,36,Eternity,TRUE
2026 Topps Chrome Sapphire Edition,Gold,37,Forge,TRUE
2026 Topps Chrome Sapphire Edition,Gold,38,Galactus,TRUE
2026 Topps Chrome Sapphire Edition,Gold,39,Gambit,TRUE
2026 Topps Chrome Sapphire Edition,Gold,40,Gamora,TRUE
2026 Topps Chrome Sapphire Edition,Gold,41,Ghost Rider,TRUE
2026 Topps Chrome Sapphire Edition,Gold,42,Ghost-Spider,TRUE
2026 Topps Chrome Sapphire Edition,Gold,43,Glob,TRUE
2026 Topps Chrome Sapphire Edition,Gold,44,Goblin Queen,TRUE
2026 Topps Chrome Sapphire Edition,Gold,45,Green Goblin,TRUE
2026 Topps Chrome Sapphire Edition,Gold,46,Groot,TRUE
2026 Topps Chrome Sapphire Edition,Gold,47,Hawkeye,TRUE
2026 Topps Chrome Sapphire Edition,Gold,48,Hercules,TRUE
2026 Topps Chrome Sapphire Edition,Gold,49,Hope Summers,TRUE
2026 Topps Chrome Sapphire Edition,Gold,50,Hulk,TRUE
2026 Topps Chrome Sapphire Edition,Gold,51,Human Torch,TRUE
2026 Topps Chrome Sapphire Edition,Gold,52,Iceman,TRUE
2026 Topps Chrome Sapphire Edition,Gold,53,Ikaris,TRUE
2026 Topps Chrome Sapphire Edition,Gold,54,Infernal Hulk,TRUE
2026 Topps Chrome Sapphire Edition,Gold,55,Invisible Woman,TRUE
2026 Topps Chrome Sapphire Edition,Gold,56,Iron Fist,TRUE
2026 Topps Chrome Sapphire Edition,Gold,57,Iron Man,TRUE
2026 Topps Chrome Sapphire Edition,Gold,58,Ironheart,TRUE
2026 Topps Chrome Sapphire Edition,Gold,59,Jean Grey,TRUE
2026 Topps Chrome Sapphire Edition,Gold,60,Jef the Land Shark,TRUE
2026 Topps Chrome Sapphire Edition,Gold,61,Jubilee,TRUE
2026 Topps Chrome Sapphire Edition,Gold,62,Juggernaut,TRUE
2026 Topps Chrome Sapphire Edition,Gold,63,Kate Bishop,TRUE
2026 Topps Chrome Sapphire Edition,Gold,64,Kid Juggernaut,TRUE
2026 Topps Chrome Sapphire Edition,Gold,65,Kingpin,TRUE
2026 Topps Chrome Sapphire Edition,Gold,66,Kitty Pryde,TRUE
2026 Topps Chrome Sapphire Edition,Gold,67,Kraven the Hunter,TRUE
2026 Topps Chrome Sapphire Edition,Gold,68,Leader,TRUE
2026 Topps Chrome Sapphire Edition,Gold,69,Lizard,TRUE
2026 Topps Chrome Sapphire Edition,Gold,70,Lockjaw,TRUE
2026 Topps Chrome Sapphire Edition,Gold,71,Longshot,TRUE
2026 Topps Chrome Sapphire Edition,Gold,72,Luke Cage,TRUE
2026 Topps Chrome Sapphire Edition,Gold,73,M.O.D.O.K.,TRUE
2026 Topps Chrome Sapphire Edition,Gold,74,Magneto,TRUE
2026 Topps Chrome Sapphire Edition,Gold,75,Man-Thing,TRUE
2026 Topps Chrome Sapphire Edition,Gold,76,Mantis,TRUE
2026 Topps Chrome Sapphire Edition,Gold,77,Mephisto,TRUE
2026 Topps Chrome Sapphire Edition,Gold,78,Miles Morales,TRUE
2026 Topps Chrome Sapphire Edition,Gold,79,Mister Fantastic,TRUE
2026 Topps Chrome Sapphire Edition,Gold,80,Mister Sinister,TRUE
2026 Topps Chrome Sapphire Edition,Gold,81,Moon Knight,TRUE
2026 Topps Chrome Sapphire Edition,Gold,82,Moonstar,TRUE
2026 Topps Chrome Sapphire Edition,Gold,83,Ms. Marvel,TRUE
2026 Topps Chrome Sapphire Edition,Gold,84,Mutina,TRUE
2026 Topps Chrome Sapphire Edition,Gold,85,Mysterio,TRUE
2026 Topps Chrome Sapphire Edition,Gold,86,Mystique,TRUE
2026 Topps Chrome Sapphire Edition,Gold,87,Nightcrawler,TRUE
2026 Topps Chrome Sapphire Edition,Gold,88,Nightdrifter,TRUE
2026 Topps Chrome Sapphire Edition,Gold,89,Nova,TRUE
2026 Topps Chrome Sapphire Edition,Gold,90,Omega Red,TRUE
2026 Topps Chrome Sapphire Edition,Gold,91,Professor X,TRUE
2026 Topps Chrome Sapphire Edition,Gold,92,Psylocke,TRUE
2026 Topps Chrome Sapphire Edition,Gold,93,Quicksilver,TRUE
2026 Topps Chrome Sapphire Edition,Gold,94,Rasputin IV,TRUE
2026 Topps Chrome Sapphire Edition,Gold,95,Rek-Rap,TRUE
2026 Topps Chrome Sapphire Edition,Gold,96,Revelation,TRUE
2026 Topps Chrome Sapphire Edition,Gold,97,Rhino,TRUE
2026 Topps Chrome Sapphire Edition,Gold,98,Rocket Raccoon,TRUE
2026 Topps Chrome Sapphire Edition,Gold,99,Rogue,TRUE
2026 Topps Chrome Sapphire Edition,Gold,100,Sleeper Agent,TRUE
2026 Topps Chrome Sapphire Edition,Gold,101,Angela,TRUE
2026 Topps Chrome Sapphire Edition,Gold,102,Anti-Venom,TRUE
2026 Topps Chrome Sapphire Edition,Gold,103,Arachnix,TRUE
2026 Topps Chrome Sapphire Edition,Gold,104,Arcade,TRUE
2026 Topps Chrome Sapphire Edition,Gold,105,Archangel,TRUE
2026 Topps Chrome Sapphire Edition,Gold,106,Chameleon,TRUE
2026 Topps Chrome Sapphire Edition,Gold,107,Clea,TRUE
2026 Topps Chrome Sapphire Edition,Gold,108,Cosmic Ghost Rider,TRUE
2026 Topps Chrome Sapphire Edition,Gold,109,Deathlok,TRUE
2026 Topps Chrome Sapphire Edition,Gold,110,Devil Dinosaur,TRUE
2026 Topps Chrome Sapphire Edition,Gold,111,Doctor Strange,TRUE
2026 Topps Chrome Sapphire Edition,Gold,112,Doom 2099,TRUE
2026 Topps Chrome Sapphire Edition,Gold,113,Doyle Dormammu,TRUE
2026 Topps Chrome Sapphire Edition,Gold,114,Elbecca Voss,TRUE
2026 Topps Chrome Sapphire Edition,Gold,115,Electro,TRUE
2026 Topps Chrome Sapphire Edition,Gold,116,Elektra,TRUE
2026 Topps Chrome Sapphire Edition,Gold,117,Evangeline,TRUE
2026 Topps Chrome Sapphire Edition,Gold,118,Exodus,TRUE
2026 Topps Chrome Sapphire Edition,Gold,119,Glitch,TRUE
2026 Topps Chrome Sapphire Edition,Gold,120,Grandmaster,TRUE
2026 Topps Chrome Sapphire Edition,Gold,121,Gwenpool,TRUE
2026 Topps Chrome Sapphire Edition,Gold,122,Hallows' Eve,TRUE
2026 Topps Chrome Sapphire Edition,Gold,123,Hellcat,TRUE
2026 Topps Chrome Sapphire Edition,Gold,124,Hellgate,TRUE
2026 Topps Chrome Sapphire Edition,Gold,125,Hellverine,TRUE
2026 Topps Chrome Sapphire Edition,Gold,126,Hobgoblin,TRUE
2026 Topps Chrome Sapphire Edition,Gold,127,Iron Cat,TRUE
2026 Topps Chrome Sapphire Edition,Gold,128,Kid Venom,TRUE
2026 Topps Chrome Sapphire Edition,Gold,129,Knull,TRUE
2026 Topps Chrome Sapphire Edition,Gold,130,Lady Henrietta,TRUE
2026 Topps Chrome Sapphire Edition,Gold,131,Loki,TRUE
2026 Topps Chrome Sapphire Edition,Gold,132,Luna Snow,TRUE
2026 Topps Chrome Sapphire Edition,Gold,133,Maestro,TRUE
2026 Topps Chrome Sapphire Edition,Gold,134,Magik,TRUE
2026 Topps Chrome Sapphire Edition,Gold,135,Mar-Vell,TRUE
2026 Topps Chrome Sapphire Edition,Gold,136,Mary Jane,TRUE
2026 Topps Chrome Sapphire Edition,Gold,137,Misery,TRUE
2026 Topps Chrome Sapphire Edition,Gold,138,Moon Girl,TRUE
2026 Topps Chrome Sapphire Edition,Gold,139,Nimrod,TRUE
2026 Topps Chrome Sapphire Edition,Gold,140,SP//dr,TRUE
2026 Topps Chrome Sapphire Edition,Gold,141,Rachel Summers,TRUE
2026 Topps Chrome Sapphire Edition,Gold,142,Raelith,TRUE
2026 Topps Chrome Sapphire Edition,Gold,143,Rapid,TRUE
2026 Topps Chrome Sapphire Edition,Gold,144,Sabretooth,TRUE
2026 Topps Chrome Sapphire Edition,Gold,145,Scarlet Witch,TRUE
2026 Topps Chrome Sapphire Edition,Gold,146,Scarlet Spider,TRUE
2026 Topps Chrome Sapphire Edition,Gold,147,Scorpion,TRUE
2026 Topps Chrome Sapphire Edition,Gold,148,Scream,TRUE
2026 Topps Chrome Sapphire Edition,Gold,149,Sentry,TRUE
2026 Topps Chrome Sapphire Edition,Gold,150,Shang-Chi,TRUE
2026 Topps Chrome Sapphire Edition,Gold,151,She-Hulk,TRUE
2026 Topps Chrome Sapphire Edition,Gold,152,She-Venom,TRUE
2026 Topps Chrome Sapphire Edition,Gold,153,Shocker,TRUE
2026 Topps Chrome Sapphire Edition,Gold,154,Shuri,TRUE
2026 Topps Chrome Sapphire Edition,Gold,155,Silence,TRUE
2026 Topps Chrome Sapphire Edition,Gold,156,Silk,TRUE
2026 Topps Chrome Sapphire Edition,Gold,157,Silver Surfer,TRUE
2026 Topps Chrome Sapphire Edition,Gold,158,Silver Sable,TRUE
2026 Topps Chrome Sapphire Edition,Gold,159,Sister Sorrow,TRUE
2026 Topps Chrome Sapphire Edition,Gold,160,Spider-Boy,TRUE
2026 Topps Chrome Sapphire Edition,Gold,161,Spider-Girl,TRUE
2026 Topps Chrome Sapphire Edition,Gold,162,Spider-Ham,TRUE
2026 Topps Chrome Sapphire Edition,Gold,163,Spider-Man,TRUE
2026 Topps Chrome Sapphire Edition,Gold,164,Spider-Man 2099,TRUE
2026 Topps Chrome Sapphire Edition,Gold,165,Spider-Man Noir,TRUE
2026 Topps Chrome Sapphire Edition,Gold,166,Spider-Punk,TRUE
2026 Topps Chrome Sapphire Edition,Gold,167,Spider-Woman,TRUE
2026 Topps Chrome Sapphire Edition,Gold,168,Star-Lord,TRUE
2026 Topps Chrome Sapphire Edition,Gold,169,Storm,TRUE
2026 Topps Chrome Sapphire Edition,Gold,170,Strong Guy,TRUE
2026 Topps Chrome Sapphire Edition,Gold,171,Stryfe,TRUE
2026 Topps Chrome Sapphire Edition,Gold,172,Sunspot,TRUE
2026 Topps Chrome Sapphire Edition,Gold,173,Taskmaster,TRUE
2026 Topps Chrome Sapphire Edition,Gold,174,Thanos,TRUE
2026 Topps Chrome Sapphire Edition,Gold,175,The Thing,TRUE
2026 Topps Chrome Sapphire Edition,Gold,176,Thena,TRUE
2026 Topps Chrome Sapphire Edition,Gold,177,Thor,TRUE
2026 Topps Chrome Sapphire Edition,Gold,178,Throg,TRUE
2026 Topps Chrome Sapphire Edition,Gold,179,Tigra,TRUE
2026 Topps Chrome Sapphire Edition,Gold,180,Tombstone,TRUE
2026 Topps Chrome Sapphire Edition,Gold,181,Toxin,TRUE
2026 Topps Chrome Sapphire Edition,Gold,182,U.S. Agent,TRUE
2026 Topps Chrome Sapphire Edition,Gold,183,Ultimate Daredevil,TRUE
2026 Topps Chrome Sapphire Edition,Gold,184,Ultimate Wolverine,TRUE
2026 Topps Chrome Sapphire Edition,Gold,185,Ultron,TRUE
2026 Topps Chrome Sapphire Edition,Gold,186,Valeria Richards,TRUE
2026 Topps Chrome Sapphire Edition,Gold,187,Venom,TRUE
2026 Topps Chrome Sapphire Edition,Gold,188,Venomizer,TRUE
2026 Topps Chrome Sapphire Edition,Gold,189,Venomouse,TRUE
2026 Topps Chrome Sapphire Edition,Gold,190,Vision,TRUE
2026 Topps Chrome Sapphire Edition,Gold,191,Vulcan,TRUE
2026 Topps Chrome Sapphire Edition,Gold,192,Vulture,TRUE
2026 Topps Chrome Sapphire Edition,Gold,193,War Machine,TRUE
2026 Topps Chrome Sapphire Edition,Gold,194,Wasp,TRUE
2026 Topps Chrome Sapphire Edition,Gold,195,Werewolf by Night,TRUE
2026 Topps Chrome Sapphire Edition,Gold,196,White Fox,TRUE
2026 Topps Chrome Sapphire Edition,Gold,197,White Tiger,TRUE
2026 Topps Chrome Sapphire Edition,Gold,198,Wiccan,TRUE
2026 Topps Chrome Sapphire Edition,Gold,199,Wolverine,TRUE
2026 Topps Chrome Sapphire Edition,Gold,200,X-23,TRUE
2026 Topps Chrome Sapphire Edition,Orange,1,Abomination,TRUE
2026 Topps Chrome Sapphire Edition,Orange,2,Adam Warlock,TRUE
2026 Topps Chrome Sapphire Edition,Orange,3,Agatha Harkness,TRUE
2026 Topps Chrome Sapphire Edition,Orange,4,Amaranth,TRUE
2026 Topps Chrome Sapphire Edition,Orange,5,America Chavez,TRUE
2026 Topps Chrome Sapphire Edition,Orange,6,Ant-Man,TRUE
2026 Topps Chrome Sapphire Edition,Orange,7,Apocalypse,TRUE
2026 Topps Chrome Sapphire Edition,Orange,8,Ares,TRUE
2026 Topps Chrome Sapphire Edition,Orange,9,Baron Zemo,TRUE
2026 Topps Chrome Sapphire Edition,Orange,10,Beast,TRUE
2026 Topps Chrome Sapphire Edition,Orange,11,Beta Ray Bill,TRUE
2026 Topps Chrome Sapphire Edition,Orange,12,Black Bolt,TRUE
2026 Topps Chrome Sapphire Edition,Orange,13,Black Cat,TRUE
2026 Topps Chrome Sapphire Edition,Orange,14,Black Knight,TRUE
2026 Topps Chrome Sapphire Edition,Orange,15,Black Panther,TRUE
2026 Topps Chrome Sapphire Edition,Orange,16,Black Widow,TRUE
2026 Topps Chrome Sapphire Edition,Orange,17,Blade,TRUE
2026 Topps Chrome Sapphire Edition,Orange,18,Blink,TRUE
2026 Topps Chrome Sapphire Edition,Orange,19,Captain America,TRUE
2026 Topps Chrome Sapphire Edition,Orange,20,Captain Britain,TRUE
2026 Topps Chrome Sapphire Edition,Orange,21,Captain Marvel,TRUE
2026 Topps Chrome Sapphire Edition,Orange,22,Carnage,TRUE
2026 Topps Chrome Sapphire Edition,Orange,23,Colossus,TRUE
2026 Topps Chrome Sapphire Edition,Orange,24,Cyclops,TRUE
2026 Topps Chrome Sapphire Edition,Orange,25,Daredevil,TRUE
2026 Topps Chrome Sapphire Edition,Orange,26,Dazzler,TRUE
2026 Topps Chrome Sapphire Edition,Orange,27,Dark Gwenpool,TRUE
2026 Topps Chrome Sapphire Edition,Orange,28,Doctor Doom,TRUE
2026 Topps Chrome Sapphire Edition,Orange,29,Doctor Octopus,TRUE
2026 Topps Chrome Sapphire Edition,Orange,30,Domino,TRUE
2026 Topps Chrome Sapphire Edition,Orange,31,Doomasaur,TRUE
2026 Topps Chrome Sapphire Edition,Orange,32,Dormammu,TRUE
2026 Topps Chrome Sapphire Edition,Orange,33,Dragonfire,TRUE
2026 Topps Chrome Sapphire Edition,Orange,34,Emma Frost,TRUE
2026 Topps Chrome Sapphire Edition,Orange,35,Enchantress,TRUE
2026 Topps Chrome Sapphire Edition,Orange,36,Eternity,TRUE
2026 Topps Chrome Sapphire Edition,Orange,37,Forge,TRUE
2026 Topps Chrome Sapphire Edition,Orange,38,Galactus,TRUE
2026 Topps Chrome Sapphire Edition,Orange,39,Gambit,TRUE
2026 Topps Chrome Sapphire Edition,Orange,40,Gamora,TRUE
2026 Topps Chrome Sapphire Edition,Orange,41,Ghost Rider,TRUE
2026 Topps Chrome Sapphire Edition,Orange,42,Ghost-Spider,TRUE
2026 Topps Chrome Sapphire Edition,Orange,43,Glob,TRUE
2026 Topps Chrome Sapphire Edition,Orange,44,Goblin Queen,TRUE
2026 Topps Chrome Sapphire Edition,Orange,45,Green Goblin,TRUE
2026 Topps Chrome Sapphire Edition,Orange,46,Groot,TRUE
2026 Topps Chrome Sapphire Edition,Orange,47,Hawkeye,TRUE
2026 Topps Chrome Sapphire Edition,Orange,48,Hercules,TRUE
2026 Topps Chrome Sapphire Edition,Orange,49,Hope Summers,TRUE
2026 Topps Chrome Sapphire Edition,Orange,50,Hulk,TRUE
2026 Topps Chrome Sapphire Edition,Orange,51,Human Torch,TRUE
2026 Topps Chrome Sapphire Edition,Orange,52,Iceman,TRUE
2026 Topps Chrome Sapphire Edition,Orange,53,Ikaris,TRUE
2026 Topps Chrome Sapphire Edition,Orange,54,Infernal Hulk,TRUE
2026 Topps Chrome Sapphire Edition,Orange,55,Invisible Woman,TRUE
2026 Topps Chrome Sapphire Edition,Orange,56,Iron Fist,TRUE
2026 Topps Chrome Sapphire Edition,Orange,57,Iron Man,TRUE
2026 Topps Chrome Sapphire Edition,Orange,58,Ironheart,TRUE
2026 Topps Chrome Sapphire Edition,Orange,59,Jean Grey,TRUE
2026 Topps Chrome Sapphire Edition,Orange,60,Jef the Land Shark,TRUE
2026 Topps Chrome Sapphire Edition,Orange,61,Jubilee,TRUE
2026 Topps Chrome Sapphire Edition,Orange,62,Juggernaut,TRUE
2026 Topps Chrome Sapphire Edition,Orange,63,Kate Bishop,TRUE
2026 Topps Chrome Sapphire Edition,Orange,64,Kid Juggernaut,TRUE
2026 Topps Chrome Sapphire Edition,Orange,65,Kingpin,TRUE
2026 Topps Chrome Sapphire Edition,Orange,66,Kitty Pryde,TRUE
2026 Topps Chrome Sapphire Edition,Orange,67,Kraven the Hunter,TRUE
2026 Topps Chrome Sapphire Edition,Orange,68,Leader,TRUE
2026 Topps Chrome Sapphire Edition,Orange,69,Lizard,TRUE
2026 Topps Chrome Sapphire Edition,Orange,70,Lockjaw,TRUE
2026 Topps Chrome Sapphire Edition,Orange,71,Longshot,TRUE
2026 Topps Chrome Sapphire Edition,Orange,72,Luke Cage,TRUE
2026 Topps Chrome Sapphire Edition,Orange,73,M.O.D.O.K.,TRUE
2026 Topps Chrome Sapphire Edition,Orange,74,Magneto,TRUE
2026 Topps Chrome Sapphire Edition,Orange,75,Man-Thing,TRUE
2026 Topps Chrome Sapphire Edition,Orange,76,Mantis,TRUE
2026 Topps Chrome Sapphire Edition,Orange,77,Mephisto,TRUE
2026 Topps Chrome Sapphire Edition,Orange,78,Miles Morales,TRUE
2026 Topps Chrome Sapphire Edition,Orange,79,Mister Fantastic,TRUE
2026 Topps Chrome Sapphire Edition,Orange,80,Mister Sinister,TRUE
2026 Topps Chrome Sapphire Edition,Orange,81,Moon Knight,TRUE
2026 Topps Chrome Sapphire Edition,Orange,82,Moonstar,TRUE
2026 Topps Chrome Sapphire Edition,Orange,83,Ms. Marvel,TRUE
2026 Topps Chrome Sapphire Edition,Orange,84,Mutina,TRUE
2026 Topps Chrome Sapphire Edition,Orange,85,Mysterio,TRUE
2026 Topps Chrome Sapphire Edition,Orange,86,Mystique,TRUE
2026 Topps Chrome Sapphire Edition,Orange,87,Nightcrawler,TRUE
2026 Topps Chrome Sapphire Edition,Orange,88,Nightdrifter,TRUE
2026 Topps Chrome Sapphire Edition,Orange,89,Nova,TRUE
2026 Topps Chrome Sapphire Edition,Orange,90,Omega Red,TRUE
2026 Topps Chrome Sapphire Edition,Orange,91,Professor X,TRUE
2026 Topps Chrome Sapphire Edition,Orange,92,Psylocke,TRUE
2026 Topps Chrome Sapphire Edition,Orange,93,Quicksilver,TRUE
2026 Topps Chrome Sapphire Edition,Orange,94,Rasputin IV,TRUE
2026 Topps Chrome Sapphire Edition,Orange,95,Rek-Rap,TRUE
2026 Topps Chrome Sapphire Edition,Orange,96,Revelation,TRUE
2026 Topps Chrome Sapphire Edition,Orange,97,Rhino,TRUE
2026 Topps Chrome Sapphire Edition,Orange,98,Rocket Raccoon,TRUE
2026 Topps Chrome Sapphire Edition,Orange,99,Rogue,TRUE
2026 Topps Chrome Sapphire Edition,Orange,100,Sleeper Agent,TRUE
2026 Topps Chrome Sapphire Edition,Orange,101,Angela,TRUE
2026 Topps Chrome Sapphire Edition,Orange,102,Anti-Venom,TRUE
2026 Topps Chrome Sapphire Edition,Orange,103,Arachnix,TRUE
2026 Topps Chrome Sapphire Edition,Orange,104,Arcade,TRUE
2026 Topps Chrome Sapphire Edition,Orange,105,Archangel,TRUE
2026 Topps Chrome Sapphire Edition,Orange,106,Chameleon,TRUE
2026 Topps Chrome Sapphire Edition,Orange,107,Clea,TRUE
2026 Topps Chrome Sapphire Edition,Orange,108,Cosmic Ghost Rider,TRUE
2026 Topps Chrome Sapphire Edition,Orange,109,Deathlok,TRUE
2026 Topps Chrome Sapphire Edition,Orange,110,Devil Dinosaur,TRUE
2026 Topps Chrome Sapphire Edition,Orange,111,Doctor Strange,TRUE
2026 Topps Chrome Sapphire Edition,Orange,112,Doom 2099,TRUE
2026 Topps Chrome Sapphire Edition,Orange,113,Doyle Dormammu,TRUE
2026 Topps Chrome Sapphire Edition,Orange,114,Elbecca Voss,TRUE
2026 Topps Chrome Sapphire Edition,Orange,115,Electro,TRUE
2026 Topps Chrome Sapphire Edition,Orange,116,Elektra,TRUE
2026 Topps Chrome Sapphire Edition,Orange,117,Evangeline,TRUE
2026 Topps Chrome Sapphire Edition,Orange,118,Exodus,TRUE
2026 Topps Chrome Sapphire Edition,Orange,119,Glitch,TRUE
2026 Topps Chrome Sapphire Edition,Orange,120,Grandmaster,TRUE
2026 Topps Chrome Sapphire Edition,Orange,121,Gwenpool,TRUE
2026 Topps Chrome Sapphire Edition,Orange,122,Hallows' Eve,TRUE
2026 Topps Chrome Sapphire Edition,Orange,123,Hellcat,TRUE
2026 Topps Chrome Sapphire Edition,Orange,124,Hellgate,TRUE
2026 Topps Chrome Sapphire Edition,Orange,125,Hellverine,TRUE
2026 Topps Chrome Sapphire Edition,Orange,126,Hobgoblin,TRUE
2026 Topps Chrome Sapphire Edition,Orange,127,Iron Cat,TRUE
2026 Topps Chrome Sapphire Edition,Orange,128,Kid Venom,TRUE
2026 Topps Chrome Sapphire Edition,Orange,129,Knull,TRUE
2026 Topps Chrome Sapphire Edition,Orange,130,Lady Henrietta,TRUE
2026 Topps Chrome Sapphire Edition,Orange,131,Loki,TRUE
2026 Topps Chrome Sapphire Edition,Orange,132,Luna Snow,TRUE
2026 Topps Chrome Sapphire Edition,Orange,133,Maestro,TRUE
2026 Topps Chrome Sapphire Edition,Orange,134,Magik,TRUE
2026 Topps Chrome Sapphire Edition,Orange,135,Mar-Vell,TRUE
2026 Topps Chrome Sapphire Edition,Orange,136,Mary Jane,TRUE
2026 Topps Chrome Sapphire Edition,Orange,137,Misery,TRUE
2026 Topps Chrome Sapphire Edition,Orange,138,Moon Girl,TRUE
2026 Topps Chrome Sapphire Edition,Orange,139,Nimrod,TRUE
2026 Topps Chrome Sapphire Edition,Orange,140,SP//dr,TRUE
2026 Topps Chrome Sapphire Edition,Orange,141,Rachel Summers,TRUE
2026 Topps Chrome Sapphire Edition,Orange,142,Raelith,TRUE
2026 Topps Chrome Sapphire Edition,Orange,143,Rapid,TRUE
2026 Topps Chrome Sapphire Edition,Orange,144,Sabretooth,TRUE
2026 Topps Chrome Sapphire Edition,Orange,145,Scarlet Witch,TRUE
2026 Topps Chrome Sapphire Edition,Orange,146,Scarlet Spider,TRUE
2026 Topps Chrome Sapphire Edition,Orange,147,Scorpion,TRUE
2026 Topps Chrome Sapphire Edition,Orange,148,Scream,TRUE
2026 Topps Chrome Sapphire Edition,Orange,149,Sentry,TRUE
2026 Topps Chrome Sapphire Edition,Orange,150,Shang-Chi,TRUE
2026 Topps Chrome Sapphire Edition,Orange,151,She-Hulk,TRUE
2026 Topps Chrome Sapphire Edition,Orange,152,She-Venom,TRUE
2026 Topps Chrome Sapphire Edition,Orange,153,Shocker,TRUE
2026 Topps Chrome Sapphire Edition,Orange,154,Shuri,TRUE
2026 Topps Chrome Sapphire Edition,Orange,155,Silence,TRUE
2026 Topps Chrome Sapphire Edition,Orange,156,Silk,TRUE
2026 Topps Chrome Sapphire Edition,Orange,157,Silver Surfer,TRUE
2026 Topps Chrome Sapphire Edition,Orange,158,Silver Sable,TRUE
2026 Topps Chrome Sapphire Edition,Orange,159,Sister Sorrow,TRUE
2026 Topps Chrome Sapphire Edition,Orange,160,Spider-Boy,TRUE
2026 Topps Chrome Sapphire Edition,Orange,161,Spider-Girl,TRUE
2026 Topps Chrome Sapphire Edition,Orange,162,Spider-Ham,TRUE
2026 Topps Chrome Sapphire Edition,Orange,163,Spider-Man,TRUE
2026 Topps Chrome Sapphire Edition,Orange,164,Spider-Man 2099,TRUE
2026 Topps Chrome Sapphire Edition,Orange,165,Spider-Man Noir,TRUE
2026 Topps Chrome Sapphire Edition,Orange,166,Spider-Punk,TRUE
2026 Topps Chrome Sapphire Edition,Orange,167,Spider-Woman,TRUE
2026 Topps Chrome Sapphire Edition,Orange,168,Star-Lord,TRUE
2026 Topps Chrome Sapphire Edition,Orange,169,Storm,TRUE
2026 Topps Chrome Sapphire Edition,Orange,170,Strong Guy,TRUE
2026 Topps Chrome Sapphire Edition,Orange,171,Stryfe,TRUE
2026 Topps Chrome Sapphire Edition,Orange,172,Sunspot,TRUE
2026 Topps Chrome Sapphire Edition,Orange,173,Taskmaster,TRUE
2026 Topps Chrome Sapphire Edition,Orange,174,Thanos,TRUE
2026 Topps Chrome Sapphire Edition,Orange,175,The Thing,TRUE
2026 Topps Chrome Sapphire Edition,Orange,176,Thena,TRUE
2026 Topps Chrome Sapphire Edition,Orange,177,Thor,TRUE
2026 Topps Chrome Sapphire Edition,Orange,178,Throg,TRUE
2026 Topps Chrome Sapphire Edition,Orange,179,Tigra,TRUE
2026 Topps Chrome Sapphire Edition,Orange,180,Tombstone,TRUE
2026 Topps Chrome Sapphire Edition,Orange,181,Toxin,TRUE
2026 Topps Chrome Sapphire Edition,Orange,182,U.S. Agent,TRUE
2026 Topps Chrome Sapphire Edition,Orange,183,Ultimate Daredevil,TRUE
2026 Topps Chrome Sapphire Edition,Orange,184,Ultimate Wolverine,TRUE
2026 Topps Chrome Sapphire Edition,Orange,185,Ultron,TRUE
2026 Topps Chrome Sapphire Edition,Orange,186,Valeria Richards,TRUE
2026 Topps Chrome Sapphire Edition,Orange,187,Venom,TRUE
2026 Topps Chrome Sapphire Edition,Orange,188,Venomizer,TRUE
2026 Topps Chrome Sapphire Edition,Orange,189,Venomouse,TRUE
2026 Topps Chrome Sapphire Edition,Orange,190,Vision,TRUE
2026 Topps Chrome Sapphire Edition,Orange,191,Vulcan,TRUE
2026 Topps Chrome Sapphire Edition,Orange,192,Vulture,TRUE
2026 Topps Chrome Sapphire Edition,Orange,193,War Machine,TRUE
2026 Topps Chrome Sapphire Edition,Orange,194,Wasp,TRUE
2026 Topps Chrome Sapphire Edition,Orange,195,Werewolf by Night,TRUE
2026 Topps Chrome Sapphire Edition,Orange,196,White Fox,TRUE
2026 Topps Chrome Sapphire Edition,Orange,197,White Tiger,TRUE
2026 Topps Chrome Sapphire Edition,Orange,198,Wiccan,TRUE
2026 Topps Chrome Sapphire Edition,Orange,199,Wolverine,TRUE
2026 Topps Chrome Sapphire Edition,Orange,200,X-23,TRUE
2026 Topps Chrome Sapphire Edition,Black,1,Abomination,TRUE
2026 Topps Chrome Sapphire Edition,Black,2,Adam Warlock,TRUE
2026 Topps Chrome Sapphire Edition,Black,3,Agatha Harkness,TRUE
2026 Topps Chrome Sapphire Edition,Black,4,Amaranth,TRUE
2026 Topps Chrome Sapphire Edition,Black,5,America Chavez,TRUE
2026 Topps Chrome Sapphire Edition,Black,6,Ant-Man,TRUE
2026 Topps Chrome Sapphire Edition,Black,7,Apocalypse,TRUE
2026 Topps Chrome Sapphire Edition,Black,8,Ares,TRUE
2026 Topps Chrome Sapphire Edition,Black,9,Baron Zemo,TRUE
2026 Topps Chrome Sapphire Edition,Black,10,Beast,TRUE
2026 Topps Chrome Sapphire Edition,Black,11,Beta Ray Bill,TRUE
2026 Topps Chrome Sapphire Edition,Black,12,Black Bolt,TRUE
2026 Topps Chrome Sapphire Edition,Black,13,Black Cat,TRUE
2026 Topps Chrome Sapphire Edition,Black,14,Black Knight,TRUE
2026 Topps Chrome Sapphire Edition,Black,15,Black Panther,TRUE
2026 Topps Chrome Sapphire Edition,Black,16,Black Widow,TRUE
2026 Topps Chrome Sapphire Edition,Black,17,Blade,TRUE
2026 Topps Chrome Sapphire Edition,Black,18,Blink,TRUE
2026 Topps Chrome Sapphire Edition,Black,19,Captain America,TRUE
2026 Topps Chrome Sapphire Edition,Black,20,Captain Britain,TRUE
2026 Topps Chrome Sapphire Edition,Black,21,Captain Marvel,TRUE
2026 Topps Chrome Sapphire Edition,Black,22,Carnage,TRUE
2026 Topps Chrome Sapphire Edition,Black,23,Colossus,TRUE
2026 Topps Chrome Sapphire Edition,Black,24,Cyclops,TRUE
2026 Topps Chrome Sapphire Edition,Black,25,Daredevil,TRUE
2026 Topps Chrome Sapphire Edition,Black,26,Dazzler,TRUE
2026 Topps Chrome Sapphire Edition,Black,27,Dark Gwenpool,TRUE
2026 Topps Chrome Sapphire Edition,Black,28,Doctor Doom,TRUE
2026 Topps Chrome Sapphire Edition,Black,29,Doctor Octopus,TRUE
2026 Topps Chrome Sapphire Edition,Black,30,Domino,TRUE
2026 Topps Chrome Sapphire Edition,Black,31,Doomasaur,TRUE
2026 Topps Chrome Sapphire Edition,Black,32,Dormammu,TRUE
2026 Topps Chrome Sapphire Edition,Black,33,Dragonfire,TRUE
2026 Topps Chrome Sapphire Edition,Black,34,Emma Frost,TRUE
2026 Topps Chrome Sapphire Edition,Black,35,Enchantress,TRUE
2026 Topps Chrome Sapphire Edition,Black,36,Eternity,TRUE
2026 Topps Chrome Sapphire Edition,Black,37,Forge,TRUE
2026 Topps Chrome Sapphire Edition,Black,38,Galactus,TRUE
2026 Topps Chrome Sapphire Edition,Black,39,Gambit,TRUE
2026 Topps Chrome Sapphire Edition,Black,40,Gamora,TRUE
2026 Topps Chrome Sapphire Edition,Black,41,Ghost Rider,TRUE
2026 Topps Chrome Sapphire Edition,Black,42,Ghost-Spider,TRUE
2026 Topps Chrome Sapphire Edition,Black,43,Glob,TRUE
2026 Topps Chrome Sapphire Edition,Black,44,Goblin Queen,TRUE
2026 Topps Chrome Sapphire Edition,Black,45,Green Goblin,TRUE
2026 Topps Chrome Sapphire Edition,Black,46,Groot,TRUE
2026 Topps Chrome Sapphire Edition,Black,47,Hawkeye,TRUE
2026 Topps Chrome Sapphire Edition,Black,48,Hercules,TRUE
2026 Topps Chrome Sapphire Edition,Black,49,Hope Summers,TRUE
2026 Topps Chrome Sapphire Edition,Black,50,Hulk,TRUE
2026 Topps Chrome Sapphire Edition,Black,51,Human Torch,TRUE
2026 Topps Chrome Sapphire Edition,Black,52,Iceman,TRUE
2026 Topps Chrome Sapphire Edition,Black,53,Ikaris,TRUE
2026 Topps Chrome Sapphire Edition,Black,54,Infernal Hulk,TRUE
2026 Topps Chrome Sapphire Edition,Black,55,Invisible Woman,TRUE
2026 Topps Chrome Sapphire Edition,Black,56,Iron Fist,TRUE
2026 Topps Chrome Sapphire Edition,Black,57,Iron Man,TRUE
2026 Topps Chrome Sapphire Edition,Black,58,Ironheart,TRUE
2026 Topps Chrome Sapphire Edition,Black,59,Jean Grey,TRUE
2026 Topps Chrome Sapphire Edition,Black,60,Jef the Land Shark,TRUE
2026 Topps Chrome Sapphire Edition,Black,61,Jubilee,TRUE
2026 Topps Chrome Sapphire Edition,Black,62,Juggernaut,TRUE
2026 Topps Chrome Sapphire Edition,Black,63,Kate Bishop,TRUE
2026 Topps Chrome Sapphire Edition,Black,64,Kid Juggernaut,TRUE
2026 Topps Chrome Sapphire Edition,Black,65,Kingpin,TRUE
2026 Topps Chrome Sapphire Edition,Black,66,Kitty Pryde,TRUE
2026 Topps Chrome Sapphire Edition,Black,67,Kraven the Hunter,TRUE
2026 Topps Chrome Sapphire Edition,Black,68,Leader,TRUE
2026 Topps Chrome Sapphire Edition,Black,69,Lizard,TRUE
2026 Topps Chrome Sapphire Edition,Black,70,Lockjaw,TRUE
2026 Topps Chrome Sapphire Edition,Black,71,Longshot,TRUE
2026 Topps Chrome Sapphire Edition,Black,72,Luke Cage,TRUE
2026 Topps Chrome Sapphire Edition,Black,73,M.O.D.O.K.,TRUE
2026 Topps Chrome Sapphire Edition,Black,74,Magneto,TRUE
2026 Topps Chrome Sapphire Edition,Black,75,Man-Thing,TRUE
2026 Topps Chrome Sapphire Edition,Black,76,Mantis,TRUE
2026 Topps Chrome Sapphire Edition,Black,77,Mephisto,TRUE
2026 Topps Chrome Sapphire Edition,Black,78,Miles Morales,TRUE
2026 Topps Chrome Sapphire Edition,Black,79,Mister Fantastic,TRUE
2026 Topps Chrome Sapphire Edition,Black,80,Mister Sinister,TRUE
2026 Topps Chrome Sapphire Edition,Black,81,Moon Knight,TRUE
2026 Topps Chrome Sapphire Edition,Black,82,Moonstar,TRUE
2026 Topps Chrome Sapphire Edition,Black,83,Ms. Marvel,TRUE
2026 Topps Chrome Sapphire Edition,Black,84,Mutina,TRUE
2026 Topps Chrome Sapphire Edition,Black,85,Mysterio,TRUE
2026 Topps Chrome Sapphire Edition,Black,86,Mystique,TRUE
2026 Topps Chrome Sapphire Edition,Black,87,Nightcrawler,TRUE
2026 Topps Chrome Sapphire Edition,Black,88,Nightdrifter,TRUE
2026 Topps Chrome Sapphire Edition,Black,89,Nova,TRUE
2026 Topps Chrome Sapphire Edition,Black,90,Omega Red,TRUE
2026 Topps Chrome Sapphire Edition,Black,91,Professor X,TRUE
2026 Topps Chrome Sapphire Edition,Black,92,Psylocke,TRUE
2026 Topps Chrome Sapphire Edition,Black,93,Quicksilver,TRUE
2026 Topps Chrome Sapphire Edition,Black,94,Rasputin IV,TRUE
2026 Topps Chrome Sapphire Edition,Black,95,Rek-Rap,TRUE
2026 Topps Chrome Sapphire Edition,Black,96,Revelation,TRUE
2026 Topps Chrome Sapphire Edition,Black,97,Rhino,TRUE
2026 Topps Chrome Sapphire Edition,Black,98,Rocket Raccoon,TRUE
2026 Topps Chrome Sapphire Edition,Black,99,Rogue,TRUE
2026 Topps Chrome Sapphire Edition,Black,100,Sleeper Agent,TRUE
2026 Topps Chrome Sapphire Edition,Black,101,Angela,TRUE
2026 Topps Chrome Sapphire Edition,Black,102,Anti-Venom,TRUE
2026 Topps Chrome Sapphire Edition,Black,103,Arachnix,TRUE
2026 Topps Chrome Sapphire Edition,Black,104,Arcade,TRUE
2026 Topps Chrome Sapphire Edition,Black,105,Archangel,TRUE
2026 Topps Chrome Sapphire Edition,Black,106,Chameleon,TRUE
2026 Topps Chrome Sapphire Edition,Black,107,Clea,TRUE
2026 Topps Chrome Sapphire Edition,Black,108,Cosmic Ghost Rider,TRUE
2026 Topps Chrome Sapphire Edition,Black,109,Deathlok,TRUE
2026 Topps Chrome Sapphire Edition,Black,110,Devil Dinosaur,TRUE
2026 Topps Chrome Sapphire Edition,Black,111,Doctor Strange,TRUE
2026 Topps Chrome Sapphire Edition,Black,112,Doom 2099,TRUE
2026 Topps Chrome Sapphire Edition,Black,113,Doyle Dormammu,TRUE
2026 Topps Chrome Sapphire Edition,Black,114,Elbecca Voss,TRUE
2026 Topps Chrome Sapphire Edition,Black,115,Electro,TRUE
2026 Topps Chrome Sapphire Edition,Black,116,Elektra,TRUE
2026 Topps Chrome Sapphire Edition,Black,117,Evangeline,TRUE
2026 Topps Chrome Sapphire Edition,Black,118,Exodus,TRUE
2026 Topps Chrome Sapphire Edition,Black,119,Glitch,TRUE
2026 Topps Chrome Sapphire Edition,Black,120,Grandmaster,TRUE
2026 Topps Chrome Sapphire Edition,Black,121,Gwenpool,TRUE
2026 Topps Chrome Sapphire Edition,Black,122,Hallows' Eve,TRUE
2026 Topps Chrome Sapphire Edition,Black,123,Hellcat,TRUE
2026 Topps Chrome Sapphire Edition,Black,124,Hellgate,TRUE
2026 Topps Chrome Sapphire Edition,Black,125,Hellverine,TRUE
2026 Topps Chrome Sapphire Edition,Black,126,Hobgoblin,TRUE
2026 Topps Chrome Sapphire Edition,Black,127,Iron Cat,TRUE
2026 Topps Chrome Sapphire Edition,Black,128,Kid Venom,TRUE
2026 Topps Chrome Sapphire Edition,Black,129,Knull,TRUE
2026 Topps Chrome Sapphire Edition,Black,130,Lady Henrietta,TRUE
2026 Topps Chrome Sapphire Edition,Black,131,Loki,TRUE
2026 Topps Chrome Sapphire Edition,Black,132,Luna Snow,TRUE
2026 Topps Chrome Sapphire Edition,Black,133,Maestro,TRUE
2026 Topps Chrome Sapphire Edition,Black,134,Magik,TRUE
2026 Topps Chrome Sapphire Edition,Black,135,Mar-Vell,TRUE
2026 Topps Chrome Sapphire Edition,Black,136,Mary Jane,TRUE
2026 Topps Chrome Sapphire Edition,Black,137,Misery,TRUE
2026 Topps Chrome Sapphire Edition,Black,138,Moon Girl,TRUE
2026 Topps Chrome Sapphire Edition,Black,139,Nimrod,TRUE
2026 Topps Chrome Sapphire Edition,Black,140,SP//dr,TRUE
2026 Topps Chrome Sapphire Edition,Black,141,Rachel Summers,TRUE
2026 Topps Chrome Sapphire Edition,Black,142,Raelith,TRUE
2026 Topps Chrome Sapphire Edition,Black,143,Rapid,TRUE
2026 Topps Chrome Sapphire Edition,Black,144,Sabretooth,TRUE
2026 Topps Chrome Sapphire Edition,Black,145,Scarlet Witch,TRUE
2026 Topps Chrome Sapphire Edition,Black,146,Scarlet Spider,TRUE
2026 Topps Chrome Sapphire Edition,Black,147,Scorpion,TRUE
2026 Topps Chrome Sapphire Edition,Black,148,Scream,TRUE
2026 Topps Chrome Sapphire Edition,Black,149,Sentry,TRUE
2026 Topps Chrome Sapphire Edition,Black,150,Shang-Chi,TRUE
2026 Topps Chrome Sapphire Edition,Black,151,She-Hulk,TRUE
2026 Topps Chrome Sapphire Edition,Black,152,She-Venom,TRUE
2026 Topps Chrome Sapphire Edition,Black,153,Shocker,TRUE
2026 Topps Chrome Sapphire Edition,Black,154,Shuri,TRUE
2026 Topps Chrome Sapphire Edition,Black,155,Silence,TRUE
2026 Topps Chrome Sapphire Edition,Black,156,Silk,TRUE
2026 Topps Chrome Sapphire Edition,Black,157,Silver Surfer,TRUE
2026 Topps Chrome Sapphire Edition,Black,158,Silver Sable,TRUE
2026 Topps Chrome Sapphire Edition,Black,159,Sister Sorrow,TRUE
2026 Topps Chrome Sapphire Edition,Black,160,Spider-Boy,TRUE
2026 Topps Chrome Sapphire Edition,Black,161,Spider-Girl,TRUE
2026 Topps Chrome Sapphire Edition,Black,162,Spider-Ham,TRUE
2026 Topps Chrome Sapphire Edition,Black,163,Spider-Man,TRUE
2026 Topps Chrome Sapphire Edition,Black,164,Spider-Man 2099,TRUE
2026 Topps Chrome Sapphire Edition,Black,165,Spider-Man Noir,TRUE
2026 Topps Chrome Sapphire Edition,Black,166,Spider-Punk,TRUE
2026 Topps Chrome Sapphire Edition,Black,167,Spider-Woman,TRUE
2026 Topps Chrome Sapphire Edition,Black,168,Star-Lord,TRUE
2026 Topps Chrome Sapphire Edition,Black,169,Storm,TRUE
2026 Topps Chrome Sapphire Edition,Black,170,Strong Guy,TRUE
2026 Topps Chrome Sapphire Edition,Black,171,Stryfe,TRUE
2026 Topps Chrome Sapphire Edition,Black,172,Sunspot,TRUE
2026 Topps Chrome Sapphire Edition,Black,173,Taskmaster,TRUE
2026 Topps Chrome Sapphire Edition,Black,174,Thanos,TRUE
2026 Topps Chrome Sapphire Edition,Black,175,The Thing,TRUE
2026 Topps Chrome Sapphire Edition,Black,176,Thena,TRUE
2026 Topps Chrome Sapphire Edition,Black,177,Thor,TRUE
2026 Topps Chrome Sapphire Edition,Black,178,Throg,TRUE
2026 Topps Chrome Sapphire Edition,Black,179,Tigra,TRUE
2026 Topps Chrome Sapphire Edition,Black,180,Tombstone,TRUE
2026 Topps Chrome Sapphire Edition,Black,181,Toxin,TRUE
2026 Topps Chrome Sapphire Edition,Black,182,U.S. Agent,TRUE
2026 Topps Chrome Sapphire Edition,Black,183,Ultimate Daredevil,TRUE
2026 Topps Chrome Sapphire Edition,Black,184,Ultimate Wolverine,TRUE
2026 Topps Chrome Sapphire Edition,Black,185,Ultron,TRUE
2026 Topps Chrome Sapphire Edition,Black,186,Valeria Richards,TRUE
2026 Topps Chrome Sapphire Edition,Black,187,Venom,TRUE
2026 Topps Chrome Sapphire Edition,Black,188,Venomizer,TRUE
2026 Topps Chrome Sapphire Edition,Black,189,Venomouse,TRUE
2026 Topps Chrome Sapphire Edition,Black,190,Vision,TRUE
2026 Topps Chrome Sapphire Edition,Black,191,Vulcan,TRUE
2026 Topps Chrome Sapphire Edition,Black,192,Vulture,TRUE
2026 Topps Chrome Sapphire Edition,Black,193,War Machine,TRUE
2026 Topps Chrome Sapphire Edition,Black,194,Wasp,TRUE
2026 Topps Chrome Sapphire Edition,Black,195,Werewolf by Night,TRUE
2026 Topps Chrome Sapphire Edition,Black,196,White Fox,TRUE
2026 Topps Chrome Sapphire Edition,Black,197,White Tiger,TRUE
2026 Topps Chrome Sapphire Edition,Black,198,Wiccan,TRUE
2026 Topps Chrome Sapphire Edition,Black,199,Wolverine,TRUE
2026 Topps Chrome Sapphire Edition,Black,200,X-23,TRUE
2026 Topps Chrome Sapphire Edition,Red,1,Abomination,TRUE
2026 Topps Chrome Sapphire Edition,Red,2,Adam Warlock,TRUE
2026 Topps Chrome Sapphire Edition,Red,3,Agatha Harkness,TRUE
2026 Topps Chrome Sapphire Edition,Red,4,Amaranth,TRUE
2026 Topps Chrome Sapphire Edition,Red,5,America Chavez,TRUE
2026 Topps Chrome Sapphire Edition,Red,6,Ant-Man,TRUE
2026 Topps Chrome Sapphire Edition,Red,7,Apocalypse,TRUE
2026 Topps Chrome Sapphire Edition,Red,8,Ares,TRUE
2026 Topps Chrome Sapphire Edition,Red,9,Baron Zemo,TRUE
2026 Topps Chrome Sapphire Edition,Red,10,Beast,TRUE
2026 Topps Chrome Sapphire Edition,Red,11,Beta Ray Bill,TRUE
2026 Topps Chrome Sapphire Edition,Red,12,Black Bolt,TRUE
2026 Topps Chrome Sapphire Edition,Red,13,Black Cat,TRUE
2026 Topps Chrome Sapphire Edition,Red,14,Black Knight,TRUE
2026 Topps Chrome Sapphire Edition,Red,15,Black Panther,TRUE
2026 Topps Chrome Sapphire Edition,Red,16,Black Widow,TRUE
2026 Topps Chrome Sapphire Edition,Red,17,Blade,TRUE
2026 Topps Chrome Sapphire Edition,Red,18,Blink,TRUE
2026 Topps Chrome Sapphire Edition,Red,19,Captain America,TRUE
2026 Topps Chrome Sapphire Edition,Red,20,Captain Britain,TRUE
2026 Topps Chrome Sapphire Edition,Red,21,Captain Marvel,TRUE
2026 Topps Chrome Sapphire Edition,Red,22,Carnage,TRUE
2026 Topps Chrome Sapphire Edition,Red,23,Colossus,TRUE
2026 Topps Chrome Sapphire Edition,Red,24,Cyclops,TRUE
2026 Topps Chrome Sapphire Edition,Red,25,Daredevil,TRUE
2026 Topps Chrome Sapphire Edition,Red,26,Dazzler,TRUE
2026 Topps Chrome Sapphire Edition,Red,27,Dark Gwenpool,TRUE
2026 Topps Chrome Sapphire Edition,Red,28,Doctor Doom,TRUE
2026 Topps Chrome Sapphire Edition,Red,29,Doctor Octopus,TRUE
2026 Topps Chrome Sapphire Edition,Red,30,Domino,TRUE
2026 Topps Chrome Sapphire Edition,Red,31,Doomasaur,TRUE
2026 Topps Chrome Sapphire Edition,Red,32,Dormammu,TRUE
2026 Topps Chrome Sapphire Edition,Red,33,Dragonfire,TRUE
2026 Topps Chrome Sapphire Edition,Red,34,Emma Frost,TRUE
2026 Topps Chrome Sapphire Edition,Red,35,Enchantress,TRUE
2026 Topps Chrome Sapphire Edition,Red,36,Eternity,TRUE
2026 Topps Chrome Sapphire Edition,Red,37,Forge,TRUE
2026 Topps Chrome Sapphire Edition,Red,38,Galactus,TRUE
2026 Topps Chrome Sapphire Edition,Red,39,Gambit,TRUE
2026 Topps Chrome Sapphire Edition,Red,40,Gamora,TRUE
2026 Topps Chrome Sapphire Edition,Red,41,Ghost Rider,TRUE
2026 Topps Chrome Sapphire Edition,Red,42,Ghost-Spider,TRUE
2026 Topps Chrome Sapphire Edition,Red,43,Glob,TRUE
2026 Topps Chrome Sapphire Edition,Red,44,Goblin Queen,TRUE
2026 Topps Chrome Sapphire Edition,Red,45,Green Goblin,TRUE
2026 Topps Chrome Sapphire Edition,Red,46,Groot,TRUE
2026 Topps Chrome Sapphire Edition,Red,47,Hawkeye,TRUE
2026 Topps Chrome Sapphire Edition,Red,48,Hercules,TRUE
2026 Topps Chrome Sapphire Edition,Red,49,Hope Summers,TRUE
2026 Topps Chrome Sapphire Edition,Red,50,Hulk,TRUE
2026 Topps Chrome Sapphire Edition,Red,51,Human Torch,TRUE
2026 Topps Chrome Sapphire Edition,Red,52,Iceman,TRUE
2026 Topps Chrome Sapphire Edition,Red,53,Ikaris,TRUE
2026 Topps Chrome Sapphire Edition,Red,54,Infernal Hulk,TRUE
2026 Topps Chrome Sapphire Edition,Red,55,Invisible Woman,TRUE
2026 Topps Chrome Sapphire Edition,Red,56,Iron Fist,TRUE
2026 Topps Chrome Sapphire Edition,Red,57,Iron Man,TRUE
2026 Topps Chrome Sapphire Edition,Red,58,Ironheart,TRUE
2026 Topps Chrome Sapphire Edition,Red,59,Jean Grey,TRUE
2026 Topps Chrome Sapphire Edition,Red,60,Jef the Land Shark,TRUE
2026 Topps Chrome Sapphire Edition,Red,61,Jubilee,TRUE
2026 Topps Chrome Sapphire Edition,Red,62,Juggernaut,TRUE
2026 Topps Chrome Sapphire Edition,Red,63,Kate Bishop,TRUE
2026 Topps Chrome Sapphire Edition,Red,64,Kid Juggernaut,TRUE
2026 Topps Chrome Sapphire Edition,Red,65,Kingpin,TRUE
2026 Topps Chrome Sapphire Edition,Red,66,Kitty Pryde,TRUE
2026 Topps Chrome Sapphire Edition,Red,67,Kraven the Hunter,TRUE
2026 Topps Chrome Sapphire Edition,Red,68,Leader,TRUE
2026 Topps Chrome Sapphire Edition,Red,69,Lizard,TRUE
2026 Topps Chrome Sapphire Edition,Red,70,Lockjaw,TRUE
2026 Topps Chrome Sapphire Edition,Red,71,Longshot,TRUE
2026 Topps Chrome Sapphire Edition,Red,72,Luke Cage,TRUE
2026 Topps Chrome Sapphire Edition,Red,73,M.O.D.O.K.,TRUE
2026 Topps Chrome Sapphire Edition,Red,74,Magneto,TRUE
2026 Topps Chrome Sapphire Edition,Red,75,Man-Thing,TRUE
2026 Topps Chrome Sapphire Edition,Red,76,Mantis,TRUE
2026 Topps Chrome Sapphire Edition,Red,77,Mephisto,TRUE
2026 Topps Chrome Sapphire Edition,Red,78,Miles Morales,TRUE
2026 Topps Chrome Sapphire Edition,Red,79,Mister Fantastic,TRUE
2026 Topps Chrome Sapphire Edition,Red,80,Mister Sinister,TRUE
2026 Topps Chrome Sapphire Edition,Red,81,Moon Knight,TRUE
2026 Topps Chrome Sapphire Edition,Red,82,Moonstar,TRUE
2026 Topps Chrome Sapphire Edition,Red,83,Ms. Marvel,TRUE
2026 Topps Chrome Sapphire Edition,Red,84,Mutina,TRUE
2026 Topps Chrome Sapphire Edition,Red,85,Mysterio,TRUE
2026 Topps Chrome Sapphire Edition,Red,86,Mystique,TRUE
2026 Topps Chrome Sapphire Edition,Red,87,Nightcrawler,TRUE
2026 Topps Chrome Sapphire Edition,Red,88,Nightdrifter,TRUE
2026 Topps Chrome Sapphire Edition,Red,89,Nova,TRUE
2026 Topps Chrome Sapphire Edition,Red,90,Omega Red,TRUE
2026 Topps Chrome Sapphire Edition,Red,91,Professor X,TRUE
2026 Topps Chrome Sapphire Edition,Red,92,Psylocke,TRUE
2026 Topps Chrome Sapphire Edition,Red,93,Quicksilver,TRUE
2026 Topps Chrome Sapphire Edition,Red,94,Rasputin IV,TRUE
2026 Topps Chrome Sapphire Edition,Red,95,Rek-Rap,TRUE
2026 Topps Chrome Sapphire Edition,Red,96,Revelation,TRUE
2026 Topps Chrome Sapphire Edition,Red,97,Rhino,TRUE
2026 Topps Chrome Sapphire Edition,Red,98,Rocket Raccoon,TRUE
2026 Topps Chrome Sapphire Edition,Red,99,Rogue,TRUE
2026 Topps Chrome Sapphire Edition,Red,100,Sleeper Agent,TRUE
2026 Topps Chrome Sapphire Edition,Red,101,Angela,TRUE
2026 Topps Chrome Sapphire Edition,Red,102,Anti-Venom,TRUE
2026 Topps Chrome Sapphire Edition,Red,103,Arachnix,TRUE
2026 Topps Chrome Sapphire Edition,Red,104,Arcade,TRUE
2026 Topps Chrome Sapphire Edition,Red,105,Archangel,TRUE
2026 Topps Chrome Sapphire Edition,Red,106,Chameleon,TRUE
2026 Topps Chrome Sapphire Edition,Red,107,Clea,TRUE
2026 Topps Chrome Sapphire Edition,Red,108,Cosmic Ghost Rider,TRUE
2026 Topps Chrome Sapphire Edition,Red,109,Deathlok,TRUE
2026 Topps Chrome Sapphire Edition,Red,110,Devil Dinosaur,TRUE
2026 Topps Chrome Sapphire Edition,Red,111,Doctor Strange,TRUE
2026 Topps Chrome Sapphire Edition,Red,112,Doom 2099,TRUE
2026 Topps Chrome Sapphire Edition,Red,113,Doyle Dormammu,TRUE
2026 Topps Chrome Sapphire Edition,Red,114,Elbecca Voss,TRUE
2026 Topps Chrome Sapphire Edition,Red,115,Electro,TRUE
2026 Topps Chrome Sapphire Edition,Red,116,Elektra,TRUE
2026 Topps Chrome Sapphire Edition,Red,117,Evangeline,TRUE
2026 Topps Chrome Sapphire Edition,Red,118,Exodus,TRUE
2026 Topps Chrome Sapphire Edition,Red,119,Glitch,TRUE
2026 Topps Chrome Sapphire Edition,Red,120,Grandmaster,TRUE
2026 Topps Chrome Sapphire Edition,Red,121,Gwenpool,TRUE
2026 Topps Chrome Sapphire Edition,Red,122,Hallows' Eve,TRUE
2026 Topps Chrome Sapphire Edition,Red,123,Hellcat,TRUE
2026 Topps Chrome Sapphire Edition,Red,124,Hellgate,TRUE
2026 Topps Chrome Sapphire Edition,Red,125,Hellverine,TRUE
2026 Topps Chrome Sapphire Edition,Red,126,Hobgoblin,TRUE
2026 Topps Chrome Sapphire Edition,Red,127,Iron Cat,TRUE
2026 Topps Chrome Sapphire Edition,Red,128,Kid Venom,TRUE
2026 Topps Chrome Sapphire Edition,Red,129,Knull,TRUE
2026 Topps Chrome Sapphire Edition,Red,130,Lady Henrietta,TRUE
2026 Topps Chrome Sapphire Edition,Red,131,Loki,TRUE
2026 Topps Chrome Sapphire Edition,Red,132,Luna Snow,TRUE
2026 Topps Chrome Sapphire Edition,Red,133,Maestro,TRUE
2026 Topps Chrome Sapphire Edition,Red,134,Magik,TRUE
2026 Topps Chrome Sapphire Edition,Red,135,Mar-Vell,TRUE
2026 Topps Chrome Sapphire Edition,Red,136,Mary Jane,TRUE
2026 Topps Chrome Sapphire Edition,Red,137,Misery,TRUE
2026 Topps Chrome Sapphire Edition,Red,138,Moon Girl,TRUE
2026 Topps Chrome Sapphire Edition,Red,139,Nimrod,TRUE
2026 Topps Chrome Sapphire Edition,Red,140,SP//dr,TRUE
2026 Topps Chrome Sapphire Edition,Red,141,Rachel Summers,TRUE
2026 Topps Chrome Sapphire Edition,Red,142,Raelith,TRUE
2026 Topps Chrome Sapphire Edition,Red,143,Rapid,TRUE
2026 Topps Chrome Sapphire Edition,Red,144,Sabretooth,TRUE
2026 Topps Chrome Sapphire Edition,Red,145,Scarlet Witch,TRUE
2026 Topps Chrome Sapphire Edition,Red,146,Scarlet Spider,TRUE
2026 Topps Chrome Sapphire Edition,Red,147,Scorpion,TRUE
2026 Topps Chrome Sapphire Edition,Red,148,Scream,TRUE
2026 Topps Chrome Sapphire Edition,Red,149,Sentry,TRUE
2026 Topps Chrome Sapphire Edition,Red,150,Shang-Chi,TRUE
2026 Topps Chrome Sapphire Edition,Red,151,She-Hulk,TRUE
2026 Topps Chrome Sapphire Edition,Red,152,She-Venom,TRUE
2026 Topps Chrome Sapphire Edition,Red,153,Shocker,TRUE
2026 Topps Chrome Sapphire Edition,Red,154,Shuri,TRUE
2026 Topps Chrome Sapphire Edition,Red,155,Silence,TRUE
2026 Topps Chrome Sapphire Edition,Red,156,Silk,TRUE
2026 Topps Chrome Sapphire Edition,Red,157,Silver Surfer,TRUE
2026 Topps Chrome Sapphire Edition,Red,158,Silver Sable,TRUE
2026 Topps Chrome Sapphire Edition,Red,159,Sister Sorrow,TRUE
2026 Topps Chrome Sapphire Edition,Red,160,Spider-Boy,TRUE
2026 Topps Chrome Sapphire Edition,Red,161,Spider-Girl,TRUE
2026 Topps Chrome Sapphire Edition,Red,162,Spider-Ham,TRUE
2026 Topps Chrome Sapphire Edition,Red,163,Spider-Man,TRUE
2026 Topps Chrome Sapphire Edition,Red,164,Spider-Man 2099,TRUE
2026 Topps Chrome Sapphire Edition,Red,165,Spider-Man Noir,TRUE
2026 Topps Chrome Sapphire Edition,Red,166,Spider-Punk,TRUE
2026 Topps Chrome Sapphire Edition,Red,167,Spider-Woman,TRUE
2026 Topps Chrome Sapphire Edition,Red,168,Star-Lord,TRUE
2026 Topps Chrome Sapphire Edition,Red,169,Storm,TRUE
2026 Topps Chrome Sapphire Edition,Red,170,Strong Guy,TRUE
2026 Topps Chrome Sapphire Edition,Red,171,Stryfe,TRUE
2026 Topps Chrome Sapphire Edition,Red,172,Sunspot,TRUE
2026 Topps Chrome Sapphire Edition,Red,173,Taskmaster,TRUE
2026 Topps Chrome Sapphire Edition,Red,174,Thanos,TRUE
2026 Topps Chrome Sapphire Edition,Red,175,The Thing,TRUE
2026 Topps Chrome Sapphire Edition,Red,176,Thena,TRUE
2026 Topps Chrome Sapphire Edition,Red,177,Thor,TRUE
2026 Topps Chrome Sapphire Edition,Red,178,Throg,TRUE
2026 Topps Chrome Sapphire Edition,Red,179,Tigra,TRUE
2026 Topps Chrome Sapphire Edition,Red,180,Tombstone,TRUE
2026 Topps Chrome Sapphire Edition,Red,181,Toxin,TRUE
2026 Topps Chrome Sapphire Edition,Red,182,U.S. Agent,TRUE
2026 Topps Chrome Sapphire Edition,Red,183,Ultimate Daredevil,TRUE
2026 Topps Chrome Sapphire Edition,Red,184,Ultimate Wolverine,TRUE
2026 Topps Chrome Sapphire Edition,Red,185,Ultron,TRUE
2026 Topps Chrome Sapphire Edition,Red,186,Valeria Richards,TRUE
2026 Topps Chrome Sapphire Edition,Red,187,Venom,TRUE
2026 Topps Chrome Sapphire Edition,Red,188,Venomizer,TRUE
2026 Topps Chrome Sapphire Edition,Red,189,Venomouse,TRUE
2026 Topps Chrome Sapphire Edition,Red,190,Vision,TRUE
2026 Topps Chrome Sapphire Edition,Red,191,Vulcan,TRUE
2026 Topps Chrome Sapphire Edition,Red,192,Vulture,TRUE
2026 Topps Chrome Sapphire Edition,Red,193,War Machine,TRUE
2026 Topps Chrome Sapphire Edition,Red,194,Wasp,TRUE
2026 Topps Chrome Sapphire Edition,Red,195,Werewolf by Night,TRUE
2026 Topps Chrome Sapphire Edition,Red,196,White Fox,TRUE
2026 Topps Chrome Sapphire Edition,Red,197,White Tiger,TRUE
2026 Topps Chrome Sapphire Edition,Red,198,Wiccan,TRUE
2026 Topps Chrome Sapphire Edition,Red,199,Wolverine,TRUE
2026 Topps Chrome Sapphire Edition,Red,200,X-23,TRUE
2026 Topps Chrome Sapphire Edition,Padparadscha,1,Abomination,TRUE
2026 Topps Chrome Sapphire Edition,Padparadscha,2,Adam Warlock,TRUE
2026 Topps Chrome Sapphire Edition,Padparadscha,3,Agatha Harkness,TRUE
2026 Topps Chrome Sapphire Edition,Padparadscha,4,Amaranth,TRUE
2026 Topps Chrome Sapphire Edition,Padparadscha,5,America Chavez,TRUE
2026 Topps Chrome Sapphire Edition,Padparadscha,6,Ant-Man,TRUE
2026 Topps Chrome Sapphire Edition,Padparadscha,7,Apocalypse,TRUE
2026 Topps Chrome Sapphire Edition,Padparadscha,8,Ares,TRUE
2026 Topps Chrome Sapphire Edition,Padparadscha,9,Baron Zemo,TRUE
2026 Topps Chrome Sapphire Edition,Padparadscha,10,Beast,TRUE
2026 Topps Chrome Sapphire Edition,Padparadscha,11,Beta Ray Bill,TRUE
2026 Topps Chrome Sapphire Edition,Padparadscha,12,Black Bolt,TRUE
2026 Topps Chrome Sapphire Edition,Padparadscha,13,Black Cat,TRUE
2026 Topps Chrome Sapphire Edition,Padparadscha,14,Black Knight,TRUE
2026 Topps Chrome Sapphire Edition,Padparadscha,15,Black Panther,TRUE
2026 Topps Chrome Sapphire Edition,Padparadscha,16,Black Widow,TRUE
2026 Topps Chrome Sapphire Edition,Padparadscha,17,Blade,TRUE
2026 Topps Chrome Sapphire Edition,Padparadscha,18,Blink,TRUE
2026 Topps Chrome Sapphire Edition,Padparadscha,19,Captain America,TRUE
2026 Topps Chrome Sapphire Edition,Padparadscha,20,Captain Britain,TRUE
2026 Topps Chrome Sapphire Edition,Padparadscha,21,Captain Marvel,TRUE
2026 Topps Chrome Sapphire Edition,Padparadscha,22,Carnage,TRUE
2026 Topps Chrome Sapphire Edition,Padparadscha,23,Colossus,TRUE
2026 Topps Chrome Sapphire Edition,Padparadscha,24,Cyclops,TRUE
2026 Topps Chrome Sapphire Edition,Padparadscha,25,Daredevil,TRUE
2026 Topps Chrome Sapphire Edition,Padparadscha,26,Dazzler,TRUE
2026 Topps Chrome Sapphire Edition,Padparadscha,27,Dark Gwenpool,TRUE
2026 Topps Chrome Sapphire Edition,Padparadscha,28,Doctor Doom,TRUE
2026 Topps Chrome Sapphire Edition,Padparadscha,29,Doctor Octopus,TRUE
2026 Topps Chrome Sapphire Edition,Padparadscha,30,Domino,TRUE
2026 Topps Chrome Sapphire Edition,Padparadscha,31,Doomasaur,TRUE
2026 Topps Chrome Sapphire Edition,Padparadscha,32,Dormammu,TRUE
2026 Topps Chrome Sapphire Edition,Padparadscha,33,Dragonfire,TRUE
2026 Topps Chrome Sapphire Edition,Padparadscha,34,Emma Frost,TRUE
2026 Topps Chrome Sapphire Edition,Padparadscha,35,Enchantress,TRUE
2026 Topps Chrome Sapphire Edition,Padparadscha,36,Eternity,TRUE
2026 Topps Chrome Sapphire Edition,Padparadscha,37,Forge,TRUE
2026 Topps Chrome Sapphire Edition,Padparadscha,38,Galactus,TRUE
2026 Topps Chrome Sapphire Edition,Padparadscha,39,Gambit,TRUE
2026 Topps Chrome Sapphire Edition,Padparadscha,40,Gamora,TRUE
2026 Topps Chrome Sapphire Edition,Padparadscha,41,Ghost Rider,TRUE
2026 Topps Chrome Sapphire Edition,Padparadscha,42,Ghost-Spider,TRUE
2026 Topps Chrome Sapphire Edition,Padparadscha,43,Glob,TRUE
2026 Topps Chrome Sapphire Edition,Padparadscha,44,Goblin Queen,TRUE
2026 Topps Chrome Sapphire Edition,Padparadscha,45,Green Goblin,TRUE
2026 Topps Chrome Sapphire Edition,Padparadscha,46,Groot,TRUE
2026 Topps Chrome Sapphire Edition,Padparadscha,47,Hawkeye,TRUE
2026 Topps Chrome Sapphire Edition,Padparadscha,48,Hercules,TRUE
2026 Topps Chrome Sapphire Edition,Padparadscha,49,Hope Summers,TRUE
2026 Topps Chrome Sapphire Edition,Padparadscha,50,Hulk,TRUE
2026 Topps Chrome Sapphire Edition,Padparadscha,51,Human Torch,TRUE
2026 Topps Chrome Sapphire Edition,Padparadscha,52,Iceman,TRUE
2026 Topps Chrome Sapphire Edition,Padparadscha,53,Ikaris,TRUE
2026 Topps Chrome Sapphire Edition,Padparadscha,54,Infernal Hulk,TRUE
2026 Topps Chrome Sapphire Edition,Padparadscha,55,Invisible Woman,TRUE
2026 Topps Chrome Sapphire Edition,Padparadscha,56,Iron Fist,TRUE
2026 Topps Chrome Sapphire Edition,Padparadscha,57,Iron Man,TRUE
2026 Topps Chrome Sapphire Edition,Padparadscha,58,Ironheart,TRUE
2026 Topps Chrome Sapphire Edition,Padparadscha,59,Jean Grey,TRUE
2026 Topps Chrome Sapphire Edition,Padparadscha,60,Jef the Land Shark,TRUE
2026 Topps Chrome Sapphire Edition,Padparadscha,61,Jubilee,TRUE
2026 Topps Chrome Sapphire Edition,Padparadscha,62,Juggernaut,TRUE
2026 Topps Chrome Sapphire Edition,Padparadscha,63,Kate Bishop,TRUE
2026 Topps Chrome Sapphire Edition,Padparadscha,64,Kid Juggernaut,TRUE
2026 Topps Chrome Sapphire Edition,Padparadscha,65,Kingpin,TRUE
2026 Topps Chrome Sapphire Edition,Padparadscha,66,Kitty Pryde,TRUE
2026 Topps Chrome Sapphire Edition,Padparadscha,67,Kraven the Hunter,TRUE
2026 Topps Chrome Sapphire Edition,Padparadscha,68,Leader,TRUE
2026 Topps Chrome Sapphire Edition,Padparadscha,69,Lizard,TRUE
2026 Topps Chrome Sapphire Edition,Padparadscha,70,Lockjaw,TRUE
2026 Topps Chrome Sapphire Edition,Padparadscha,71,Longshot,TRUE
2026 Topps Chrome Sapphire Edition,Padparadscha,72,Luke Cage,TRUE
2026 Topps Chrome Sapphire Edition,Padparadscha,73,M.O.D.O.K.,TRUE
2026 Topps Chrome Sapphire Edition,Padparadscha,74,Magneto,TRUE
2026 Topps Chrome Sapphire Edition,Padparadscha,75,Man-Thing,TRUE
2026 Topps Chrome Sapphire Edition,Padparadscha,76,Mantis,TRUE
2026 Topps Chrome Sapphire Edition,Padparadscha,77,Mephisto,TRUE
2026 Topps Chrome Sapphire Edition,Padparadscha,78,Miles Morales,TRUE
2026 Topps Chrome Sapphire Edition,Padparadscha,79,Mister Fantastic,TRUE
2026 Topps Chrome Sapphire Edition,Padparadscha,80,Mister Sinister,TRUE
2026 Topps Chrome Sapphire Edition,Padparadscha,81,Moon Knight,TRUE
2026 Topps Chrome Sapphire Edition,Padparadscha,82,Moonstar,TRUE
2026 Topps Chrome Sapphire Edition,Padparadscha,83,Ms. Marvel,TRUE
2026 Topps Chrome Sapphire Edition,Padparadscha,84,Mutina,TRUE
2026 Topps Chrome Sapphire Edition,Padparadscha,85,Mysterio,TRUE
2026 Topps Chrome Sapphire Edition,Padparadscha,86,Mystique,TRUE
2026 Topps Chrome Sapphire Edition,Padparadscha,87,Nightcrawler,TRUE
2026 Topps Chrome Sapphire Edition,Padparadscha,88,Nightdrifter,TRUE
2026 Topps Chrome Sapphire Edition,Padparadscha,89,Nova,TRUE
2026 Topps Chrome Sapphire Edition,Padparadscha,90,Omega Red,TRUE
2026 Topps Chrome Sapphire Edition,Padparadscha,91,Professor X,TRUE
2026 Topps Chrome Sapphire Edition,Padparadscha,92,Psylocke,TRUE
2026 Topps Chrome Sapphire Edition,Padparadscha,93,Quicksilver,TRUE
2026 Topps Chrome Sapphire Edition,Padparadscha,94,Rasputin IV,TRUE
2026 Topps Chrome Sapphire Edition,Padparadscha,95,Rek-Rap,TRUE
2026 Topps Chrome Sapphire Edition,Padparadscha,96,Revelation,TRUE
2026 Topps Chrome Sapphire Edition,Padparadscha,97,Rhino,TRUE
2026 Topps Chrome Sapphire Edition,Padparadscha,98,Rocket Raccoon,TRUE
2026 Topps Chrome Sapphire Edition,Padparadscha,99,Rogue,TRUE
2026 Topps Chrome Sapphire Edition,Padparadscha,100,Sleeper Agent,TRUE
2026 Topps Chrome Sapphire Edition,Padparadscha,101,Angela,TRUE
2026 Topps Chrome Sapphire Edition,Padparadscha,102,Anti-Venom,TRUE
2026 Topps Chrome Sapphire Edition,Padparadscha,103,Arachnix,TRUE
2026 Topps Chrome Sapphire Edition,Padparadscha,104,Arcade,TRUE
2026 Topps Chrome Sapphire Edition,Padparadscha,105,Archangel,TRUE
2026 Topps Chrome Sapphire Edition,Padparadscha,106,Chameleon,TRUE
2026 Topps Chrome Sapphire Edition,Padparadscha,107,Clea,TRUE
2026 Topps Chrome Sapphire Edition,Padparadscha,108,Cosmic Ghost Rider,TRUE
2026 Topps Chrome Sapphire Edition,Padparadscha,109,Deathlok,TRUE
2026 Topps Chrome Sapphire Edition,Padparadscha,110,Devil Dinosaur,TRUE
2026 Topps Chrome Sapphire Edition,Padparadscha,111,Doctor Strange,TRUE
2026 Topps Chrome Sapphire Edition,Padparadscha,112,Doom 2099,TRUE
2026 Topps Chrome Sapphire Edition,Padparadscha,113,Doyle Dormammu,TRUE
2026 Topps Chrome Sapphire Edition,Padparadscha,114,Elbecca Voss,TRUE
2026 Topps Chrome Sapphire Edition,Padparadscha,115,Electro,TRUE
2026 Topps Chrome Sapphire Edition,Padparadscha,116,Elektra,TRUE
2026 Topps Chrome Sapphire Edition,Padparadscha,117,Evangeline,TRUE
2026 Topps Chrome Sapphire Edition,Padparadscha,118,Exodus,TRUE
2026 Topps Chrome Sapphire Edition,Padparadscha,119,Glitch,TRUE
2026 Topps Chrome Sapphire Edition,Padparadscha,120,Grandmaster,TRUE
2026 Topps Chrome Sapphire Edition,Padparadscha,121,Gwenpool,TRUE
2026 Topps Chrome Sapphire Edition,Padparadscha,122,Hallows' Eve,TRUE
2026 Topps Chrome Sapphire Edition,Padparadscha,123,Hellcat,TRUE
2026 Topps Chrome Sapphire Edition,Padparadscha,124,Hellgate,TRUE
2026 Topps Chrome Sapphire Edition,Padparadscha,125,Hellverine,TRUE
2026 Topps Chrome Sapphire Edition,Padparadscha,126,Hobgoblin,TRUE
2026 Topps Chrome Sapphire Edition,Padparadscha,127,Iron Cat,TRUE
2026 Topps Chrome Sapphire Edition,Padparadscha,128,Kid Venom,TRUE
2026 Topps Chrome Sapphire Edition,Padparadscha,129,Knull,TRUE
2026 Topps Chrome Sapphire Edition,Padparadscha,130,Lady Henrietta,TRUE
2026 Topps Chrome Sapphire Edition,Padparadscha,131,Loki,TRUE
2026 Topps Chrome Sapphire Edition,Padparadscha,132,Luna Snow,TRUE
2026 Topps Chrome Sapphire Edition,Padparadscha,133,Maestro,TRUE
2026 Topps Chrome Sapphire Edition,Padparadscha,134,Magik,TRUE
2026 Topps Chrome Sapphire Edition,Padparadscha,135,Mar-Vell,TRUE
2026 Topps Chrome Sapphire Edition,Padparadscha,136,Mary Jane,TRUE
2026 Topps Chrome Sapphire Edition,Padparadscha,137,Misery,TRUE
2026 Topps Chrome Sapphire Edition,Padparadscha,138,Moon Girl,TRUE
2026 Topps Chrome Sapphire Edition,Padparadscha,139,Nimrod,TRUE
2026 Topps Chrome Sapphire Edition,Padparadscha,140,SP//dr,TRUE
2026 Topps Chrome Sapphire Edition,Padparadscha,141,Rachel Summers,TRUE
2026 Topps Chrome Sapphire Edition,Padparadscha,142,Raelith,TRUE
2026 Topps Chrome Sapphire Edition,Padparadscha,143,Rapid,TRUE
2026 Topps Chrome Sapphire Edition,Padparadscha,144,Sabretooth,TRUE
2026 Topps Chrome Sapphire Edition,Padparadscha,145,Scarlet Witch,TRUE
2026 Topps Chrome Sapphire Edition,Padparadscha,146,Scarlet Spider,TRUE
2026 Topps Chrome Sapphire Edition,Padparadscha,147,Scorpion,TRUE
2026 Topps Chrome Sapphire Edition,Padparadscha,148,Scream,TRUE
2026 Topps Chrome Sapphire Edition,Padparadscha,149,Sentry,TRUE
2026 Topps Chrome Sapphire Edition,Padparadscha,150,Shang-Chi,TRUE
2026 Topps Chrome Sapphire Edition,Padparadscha,151,She-Hulk,TRUE
2026 Topps Chrome Sapphire Edition,Padparadscha,152,She-Venom,TRUE
2026 Topps Chrome Sapphire Edition,Padparadscha,153,Shocker,TRUE
2026 Topps Chrome Sapphire Edition,Padparadscha,154,Shuri,TRUE
2026 Topps Chrome Sapphire Edition,Padparadscha,155,Silence,TRUE
2026 Topps Chrome Sapphire Edition,Padparadscha,156,Silk,TRUE
2026 Topps Chrome Sapphire Edition,Padparadscha,157,Silver Surfer,TRUE
2026 Topps Chrome Sapphire Edition,Padparadscha,158,Silver Sable,TRUE
2026 Topps Chrome Sapphire Edition,Padparadscha,159,Sister Sorrow,TRUE
2026 Topps Chrome Sapphire Edition,Padparadscha,160,Spider-Boy,TRUE
2026 Topps Chrome Sapphire Edition,Padparadscha,161,Spider-Girl,TRUE
2026 Topps Chrome Sapphire Edition,Padparadscha,162,Spider-Ham,TRUE
2026 Topps Chrome Sapphire Edition,Padparadscha,163,Spider-Man,TRUE
2026 Topps Chrome Sapphire Edition,Padparadscha,164,Spider-Man 2099,TRUE
2026 Topps Chrome Sapphire Edition,Padparadscha,165,Spider-Man Noir,TRUE
2026 Topps Chrome Sapphire Edition,Padparadscha,166,Spider-Punk,TRUE
2026 Topps Chrome Sapphire Edition,Padparadscha,167,Spider-Woman,TRUE
2026 Topps Chrome Sapphire Edition,Padparadscha,168,Star-Lord,TRUE
2026 Topps Chrome Sapphire Edition,Padparadscha,169,Storm,TRUE
2026 Topps Chrome Sapphire Edition,Padparadscha,170,Strong Guy,TRUE
2026 Topps Chrome Sapphire Edition,Padparadscha,171,Stryfe,TRUE
2026 Topps Chrome Sapphire Edition,Padparadscha,172,Sunspot,TRUE
2026 Topps Chrome Sapphire Edition,Padparadscha,173,Taskmaster,TRUE
2026 Topps Chrome Sapphire Edition,Padparadscha,174,Thanos,TRUE
2026 Topps Chrome Sapphire Edition,Padparadscha,175,The Thing,TRUE
2026 Topps Chrome Sapphire Edition,Padparadscha,176,Thena,TRUE
2026 Topps Chrome Sapphire Edition,Padparadscha,177,Thor,TRUE
2026 Topps Chrome Sapphire Edition,Padparadscha,178,Throg,TRUE
2026 Topps Chrome Sapphire Edition,Padparadscha,179,Tigra,TRUE
2026 Topps Chrome Sapphire Edition,Padparadscha,180,Tombstone,TRUE
2026 Topps Chrome Sapphire Edition,Padparadscha,181,Toxin,TRUE
2026 Topps Chrome Sapphire Edition,Padparadscha,182,U.S. Agent,TRUE
2026 Topps Chrome Sapphire Edition,Padparadscha,183,Ultimate Daredevil,TRUE
2026 Topps Chrome Sapphire Edition,Padparadscha,184,Ultimate Wolverine,TRUE
2026 Topps Chrome Sapphire Edition,Padparadscha,185,Ultron,TRUE
2026 Topps Chrome Sapphire Edition,Padparadscha,186,Valeria Richards,TRUE
2026 Topps Chrome Sapphire Edition,Padparadscha,187,Venom,TRUE
2026 Topps Chrome Sapphire Edition,Padparadscha,188,Venomizer,TRUE
2026 Topps Chrome Sapphire Edition,Padparadscha,189,Venomouse,TRUE
2026 Topps Chrome Sapphire Edition,Padparadscha,190,Vision,TRUE
2026 Topps Chrome Sapphire Edition,Padparadscha,191,Vulcan,TRUE
2026 Topps Chrome Sapphire Edition,Padparadscha,192,Vulture,TRUE
2026 Topps Chrome Sapphire Edition,Padparadscha,193,War Machine,TRUE
2026 Topps Chrome Sapphire Edition,Padparadscha,194,Wasp,TRUE
2026 Topps Chrome Sapphire Edition,Padparadscha,195,Werewolf by Night,TRUE
2026 Topps Chrome Sapphire Edition,Padparadscha,196,White Fox,TRUE
2026 Topps Chrome Sapphire Edition,Padparadscha,197,White Tiger,TRUE
2026 Topps Chrome Sapphire Edition,Padparadscha,198,Wiccan,TRUE
2026 Topps Chrome Sapphire Edition,Padparadscha,199,Wolverine,TRUE
2026 Topps Chrome Sapphire Edition,Padparadscha,200,X-23,TRUE
2026 Topps Chrome Sapphire Edition,HIDDEN GEMS,HG-01,Carnage,
2026 Topps Chrome Sapphire Edition,HIDDEN GEMS,HG-02,Jef the Land Shark,
2026 Topps Chrome Sapphire Edition,HIDDEN GEMS,HG-03,Magik,
2026 Topps Chrome Sapphire Edition,HIDDEN GEMS,HG-04,Rogue,
2026 Topps Chrome Sapphire Edition,HIDDEN GEMS,HG-05,Spider-Man,
2026 Topps Chrome Sapphire Edition,Hidden Gems - Onyx,HG-01,Carnage,
2026 Topps Chrome Sapphire Edition,Hidden Gems - Onyx,HG-02,Jef the Land Shark,
2026 Topps Chrome Sapphire Edition,Hidden Gems - Onyx,HG-03,Magik,
2026 Topps Chrome Sapphire Edition,Hidden Gems - Onyx,HG-04,Rogue,
2026 Topps Chrome Sapphire Edition,Hidden Gems - Onyx,HG-05,Spider-Man,
2026 Topps Chrome Sapphire Edition,Hidden Gems - Ruby,HG-01,Carnage,
2026 Topps Chrome Sapphire Edition,Hidden Gems - Ruby,HG-02,Jef the Land Shark,
2026 Topps Chrome Sapphire Edition,Hidden Gems - Ruby,HG-03,Magik,
2026 Topps Chrome Sapphire Edition,Hidden Gems - Ruby,HG-04,Rogue,
2026 Topps Chrome Sapphire Edition,Hidden Gems - Ruby,HG-05,Spider-Man,
2026 Topps Chrome Sapphire Edition,Hidden Gems - Padparadscha,HG-01,Carnage,
2026 Topps Chrome Sapphire Edition,Hidden Gems - Padparadscha,HG-02,Jef the Land Shark,
2026 Topps Chrome Sapphire Edition,Hidden Gems - Padparadscha,HG-03,Magik,
2026 Topps Chrome Sapphire Edition,Hidden Gems - Padparadscha,HG-04,Rogue,
2026 Topps Chrome Sapphire Edition,Hidden Gems - Padparadscha,HG-05,Spider-Man,
2026 Topps Chrome Sapphire Edition,Marvel Facsimile Autographs,MF-BB,Captain Britain,
2026 Topps Chrome Sapphire Edition,Marvel Facsimile Autographs,MF-CY,Cyclops,
2026 Topps Chrome Sapphire Edition,Marvel Facsimile Autographs,MF-DO,Doctor Octopus,
2026 Topps Chrome Sapphire Edition,Marvel Facsimile Autographs,MF-GA,Galactus,
2026 Topps Chrome Sapphire Edition,Marvel Facsimile Autographs,MF-GG,Green Goblin,
2026 Topps Chrome Sapphire Edition,Marvel Facsimile Autographs,MF-GR,Ghost Rider,
2026 Topps Chrome Sapphire Edition,Marvel Facsimile Autographs,MF-JU,Juggernaut,
2026 Topps Chrome Sapphire Edition,Marvel Facsimile Autographs,MF-MJ,Mary Jane,
2026 Topps Chrome Sapphire Edition,Marvel Facsimile Autographs,MF-NA,Namor,
2026 Topps Chrome Sapphire Edition,Marvel Facsimile Autographs,MF-NF,Nick Fury,
2026 Topps Chrome Sapphire Edition,Marvel Facsimile Autographs,MF-NI,Nightcrawler,
2026 Topps Chrome Sapphire Edition,Marvel Facsimile Autographs,MF-ST,Storm,
2026 Topps Chrome Sapphire Edition,Marvel Facsimile Autographs,MF-VE,Venom,
2026 Topps Chrome Sapphire Edition,Marvel Facsimile Autographs,MF-VI,Vision,
2026 Topps Chrome Sapphire Edition,Marvel Facsimile Autographs,MF-WM,War Machine,
2026 Topps Chrome Sapphire Edition,Marvel Facsimile Autographs - Black,MF-BB,Captain Britain,
2026 Topps Chrome Sapphire Edition,Marvel Facsimile Autographs - Black,MF-CY,Cyclops,
2026 Topps Chrome Sapphire Edition,Marvel Facsimile Autographs - Black,MF-DO,Doctor Octopus,
2026 Topps Chrome Sapphire Edition,Marvel Facsimile Autographs - Black,MF-GA,Galactus,
2026 Topps Chrome Sapphire Edition,Marvel Facsimile Autographs - Black,MF-GG,Green Goblin,
2026 Topps Chrome Sapphire Edition,Marvel Facsimile Autographs - Black,MF-GR,Ghost Rider,
2026 Topps Chrome Sapphire Edition,Marvel Facsimile Autographs - Black,MF-JU,Juggernaut,
2026 Topps Chrome Sapphire Edition,Marvel Facsimile Autographs - Black,MF-MJ,Mary Jane,
2026 Topps Chrome Sapphire Edition,Marvel Facsimile Autographs - Black,MF-NA,Namor,
2026 Topps Chrome Sapphire Edition,Marvel Facsimile Autographs - Black,MF-NF,Nick Fury,
2026 Topps Chrome Sapphire Edition,Marvel Facsimile Autographs - Black,MF-NI,Nightcrawler,
2026 Topps Chrome Sapphire Edition,Marvel Facsimile Autographs - Black,MF-ST,Storm,
2026 Topps Chrome Sapphire Edition,Marvel Facsimile Autographs - Black,MF-VE,Venom,
2026 Topps Chrome Sapphire Edition,Marvel Facsimile Autographs - Black,MF-VI,Vision,
2026 Topps Chrome Sapphire Edition,Marvel Facsimile Autographs - Black,MF-WM,War Machine,
2026 Topps Chrome Sapphire Edition,Marvel Facsimile Autographs - Red,MF-BB,Captain Britain,
2026 Topps Chrome Sapphire Edition,Marvel Facsimile Autographs - Red,MF-CY,Cyclops,
2026 Topps Chrome Sapphire Edition,Marvel Facsimile Autographs - Red,MF-DO,Doctor Octopus,
2026 Topps Chrome Sapphire Edition,Marvel Facsimile Autographs - Red,MF-GA,Galactus,
2026 Topps Chrome Sapphire Edition,Marvel Facsimile Autographs - Red,MF-GG,Green Goblin,
2026 Topps Chrome Sapphire Edition,Marvel Facsimile Autographs - Red,MF-GR,Ghost Rider,
2026 Topps Chrome Sapphire Edition,Marvel Facsimile Autographs - Red,MF-JU,Juggernaut,
2026 Topps Chrome Sapphire Edition,Marvel Facsimile Autographs - Red,MF-MJ,Mary Jane,
2026 Topps Chrome Sapphire Edition,Marvel Facsimile Autographs - Red,MF-NA,Namor,
2026 Topps Chrome Sapphire Edition,Marvel Facsimile Autographs - Red,MF-NF,Nick Fury,
2026 Topps Chrome Sapphire Edition,Marvel Facsimile Autographs - Red,MF-NI,Nightcrawler,
2026 Topps Chrome Sapphire Edition,Marvel Facsimile Autographs - Red,MF-ST,Storm,
2026 Topps Chrome Sapphire Edition,Marvel Facsimile Autographs - Red,MF-VE,Venom,
2026 Topps Chrome Sapphire Edition,Marvel Facsimile Autographs - Red,MF-VI,Vision,
2026 Topps Chrome Sapphire Edition,Marvel Facsimile Autographs - Red,MF-WM,War Machine,
2026 Topps Chrome Sapphire Edition,Marvel Facsimile Autographs - Padparadscha,MF-BB,Captain Britain,
2026 Topps Chrome Sapphire Edition,Marvel Facsimile Autographs - Padparadscha,MF-CY,Cyclops,
2026 Topps Chrome Sapphire Edition,Marvel Facsimile Autographs - Padparadscha,MF-DO,Doctor Octopus,
2026 Topps Chrome Sapphire Edition,Marvel Facsimile Autographs - Padparadscha,MF-GA,Galactus,
2026 Topps Chrome Sapphire Edition,Marvel Facsimile Autographs - Padparadscha,MF-GG,Green Goblin,
2026 Topps Chrome Sapphire Edition,Marvel Facsimile Autographs - Padparadscha,MF-GR,Ghost Rider,
2026 Topps Chrome Sapphire Edition,Marvel Facsimile Autographs - Padparadscha,MF-JU,Juggernaut,
2026 Topps Chrome Sapphire Edition,Marvel Facsimile Autographs - Padparadscha,MF-MJ,Mary Jane,
2026 Topps Chrome Sapphire Edition,Marvel Facsimile Autographs - Padparadscha,MF-NA,Namor,
2026 Topps Chrome Sapphire Edition,Marvel Facsimile Autographs - Padparadscha,MF-NF,Nick Fury,
2026 Topps Chrome Sapphire Edition,Marvel Facsimile Autographs - Padparadscha,MF-NI,Nightcrawler,
2026 Topps Chrome Sapphire Edition,Marvel Facsimile Autographs - Padparadscha,MF-ST,Storm,
2026 Topps Chrome Sapphire Edition,Marvel Facsimile Autographs - Padparadscha,MF-VE,Venom,
2026 Topps Chrome Sapphire Edition,Marvel Facsimile Autographs - Padparadscha,MF-VI,Vision,
2026 Topps Chrome Sapphire Edition,Marvel Facsimile Autographs - Padparadscha,MF-WM,War Machine,
2026 Topps Chrome Sapphire Edition,Marvel Facsimile Dual Autographs,MFD-BP,Psylocke/Captain Britain,
2026 Topps Chrome Sapphire Edition,Marvel Facsimile Dual Autographs,MFD-GH,Green Goblin/Harry Osborn,
2026 Topps Chrome Sapphire Edition,Marvel Facsimile Dual Autographs,MFD-MG,Gwen Stacy/Mary Jane,
2026 Topps Chrome Sapphire Edition,Marvel Facsimile Dual Autographs,MFD-VS,Spider-Man/Venom,
2026 Topps Chrome Sapphire Edition,Marvel Facsimile Dual Autographs,MFD-VW,Scarlet Witch/Vision,
2026 Topps Chrome Sapphire Edition,Marvel Facsimile Dual Autographs,MFD-WI,Iron Man/War Machine,
2026 Topps Chrome Sapphire Edition,Marvel Facsimile Dual Autographs,MFD-BP,Psylocke/Captain Britain,
2026 Topps Chrome Sapphire Edition,Marvel Facsimile Dual Autographs,MFD-GH,Green Goblin/Harry Osborn,
2026 Topps Chrome Sapphire Edition,Marvel Facsimile Dual Autographs,MFD-MG,Gwen Stacy/Mary Jane,
2026 Topps Chrome Sapphire Edition,Marvel Facsimile Dual Autographs,MFD-VS,Spider-Man/Venom,
2026 Topps Chrome Sapphire Edition,Marvel Facsimile Dual Autographs,MFD-VW,Scarlet Witch/Vision,
2026 Topps Chrome Sapphire Edition,Marvel Facsimile Dual Autographs,MFD-WI,Iron Man/War Machine,
2026 Topps Chrome Sapphire Edition,Marvel Facsimile Dual Autographs - Black,MFD-BP,Psylocke/Captain Britain,
2026 Topps Chrome Sapphire Edition,Marvel Facsimile Dual Autographs - Black,MFD-GH,Green Goblin/Harry Osborn,
2026 Topps Chrome Sapphire Edition,Marvel Facsimile Dual Autographs - Black,MFD-MG,Gwen Stacy/Mary Jane,
2026 Topps Chrome Sapphire Edition,Marvel Facsimile Dual Autographs - Black,MFD-VS,Spider-Man/Venom,
2026 Topps Chrome Sapphire Edition,Marvel Facsimile Dual Autographs - Black,MFD-VW,Scarlet Witch/Vision,
2026 Topps Chrome Sapphire Edition,Marvel Facsimile Dual Autographs - Black,MFD-WI,Iron Man/War Machine,
2026 Topps Chrome Sapphire Edition,Marvel Facsimile Dual Autographs - Black,MFD-BP,Psylocke/Captain Britain,
2026 Topps Chrome Sapphire Edition,Marvel Facsimile Dual Autographs - Black,MFD-GH,Green Goblin/Harry Osborn,
2026 Topps Chrome Sapphire Edition,Marvel Facsimile Dual Autographs - Black,MFD-MG,Gwen Stacy/Mary Jane,
2026 Topps Chrome Sapphire Edition,Marvel Facsimile Dual Autographs - Black,MFD-VS,Spider-Man/Venom,
2026 Topps Chrome Sapphire Edition,Marvel Facsimile Dual Autographs - Black,MFD-VW,Scarlet Witch/Vision,
2026 Topps Chrome Sapphire Edition,Marvel Facsimile Dual Autographs - Black,MFD-WI,Iron Man/War Machine,
2026 Topps Chrome Sapphire Edition,Marvel Facsimile Dual Autographs - RED,MFD-BP,Psylocke/Captain Britain,
2026 Topps Chrome Sapphire Edition,Marvel Facsimile Dual Autographs - RED,MFD-GH,Green Goblin/Harry Osborn,
2026 Topps Chrome Sapphire Edition,Marvel Facsimile Dual Autographs - RED,MFD-MG,Gwen Stacy/Mary Jane,
2026 Topps Chrome Sapphire Edition,Marvel Facsimile Dual Autographs - RED,MFD-VS,Spider-Man/Venom,
2026 Topps Chrome Sapphire Edition,Marvel Facsimile Dual Autographs - RED,MFD-VW,Scarlet Witch/Vision,
2026 Topps Chrome Sapphire Edition,Marvel Facsimile Dual Autographs - RED,MFD-WI,Iron Man/War Machine,
2026 Topps Chrome Sapphire Edition,Marvel Facsimile Dual Autographs - RED,MFD-BP,Psylocke/Captain Britain,
2026 Topps Chrome Sapphire Edition,Marvel Facsimile Dual Autographs - RED,MFD-GH,Green Goblin/Harry Osborn,
2026 Topps Chrome Sapphire Edition,Marvel Facsimile Dual Autographs - RED,MFD-MG,Gwen Stacy/Mary Jane,
2026 Topps Chrome Sapphire Edition,Marvel Facsimile Dual Autographs - RED,MFD-VS,Spider-Man/Venom,
2026 Topps Chrome Sapphire Edition,Marvel Facsimile Dual Autographs - RED,MFD-VW,Scarlet Witch/Vision,
2026 Topps Chrome Sapphire Edition,Marvel Facsimile Dual Autographs - RED,MFD-WI,Iron Man/War Machine,
2026 Topps Chrome Sapphire Edition,Marvel Facsimile Dual Autographs - Padparadscha,MFD-BP,Psylocke/Captain Britain,
2026 Topps Chrome Sapphire Edition,Marvel Facsimile Dual Autographs - Padparadscha,MFD-GH,Green Goblin/Harry Osborn,
2026 Topps Chrome Sapphire Edition,Marvel Facsimile Dual Autographs - Padparadscha,MFD-MG,Gwen Stacy/Mary Jane,
2026 Topps Chrome Sapphire Edition,Marvel Facsimile Dual Autographs - Padparadscha,MFD-VS,Spider-Man/Venom,
2026 Topps Chrome Sapphire Edition,Marvel Facsimile Dual Autographs - Padparadscha,MFD-VW,Scarlet Witch/Vision,
2026 Topps Chrome Sapphire Edition,Marvel Facsimile Dual Autographs - Padparadscha,MFD-WI,Iron Man/War Machine,
2026 Topps Chrome Sapphire Edition,Marvel Facsimile Dual Autographs - Padparadscha,MFD-BP,Psylocke/Captain Britain,
2026 Topps Chrome Sapphire Edition,Marvel Facsimile Dual Autographs - Padparadscha,MFD-GH,Green Goblin/Harry Osborn,
2026 Topps Chrome Sapphire Edition,Marvel Facsimile Dual Autographs - Padparadscha,MFD-MG,Gwen Stacy/Mary Jane,
2026 Topps Chrome Sapphire Edition,Marvel Facsimile Dual Autographs - Padparadscha,MFD-VS,Spider-Man/Venom,
2026 Topps Chrome Sapphire Edition,Marvel Facsimile Dual Autographs - Padparadscha,MFD-VW,Scarlet Witch/Vision,
2026 Topps Chrome Sapphire Edition,Marvel Facsimile Dual Autographs - Padparadscha,MFD-WI,Iron Man/War Machine,
2026 Topps Chrome Sapphire Edition,Marvel Facsimile Triple Autographs,MFT-AVS,Vision/Agatha Harkness/Scarlet Witch,
2026 Topps Chrome Sapphire Edition,Marvel Facsimile Triple Autographs,MFT-IWN,Nick Fury/Iron Man/War Machine,
2026 Topps Chrome Sapphire Edition,Marvel Facsimile Triple Autographs,MFT-PMG,Gwen Stacy/Peter Parker/Mary Jane,
2026 Topps Chrome Sapphire Edition,Marvel Facsimile Triple Autographs,MFT-SCN,Cyclops/Storm/Nightcrawler,
2026 Topps Chrome Sapphire Edition,Marvel Facsimile Triple Autographs - Black,MFT-AVS,Vision/Agatha Harkness/Scarlet Witch,
2026 Topps Chrome Sapphire Edition,Marvel Facsimile Triple Autographs - Black,MFT-IWN,Nick Fury/Iron Man/War Machine,
2026 Topps Chrome Sapphire Edition,Marvel Facsimile Triple Autographs - Black,MFT-PMG,Gwen Stacy/Peter Parker/Mary Jane,
2026 Topps Chrome Sapphire Edition,Marvel Facsimile Triple Autographs - Black,MFT-SCN,Cyclops/Storm/Nightcrawler,
2026 Topps Chrome Sapphire Edition,Marvel Facsimile Triple Autographs - Red,MFT-AVS,Vision/Agatha Harkness/Scarlet Witch,
2026 Topps Chrome Sapphire Edition,Marvel Facsimile Triple Autographs - Red,MFT-IWN,Nick Fury/Iron Man/War Machine,
2026 Topps Chrome Sapphire Edition,Marvel Facsimile Triple Autographs - Red,MFT-PMG,Gwen Stacy/Peter Parker/Mary Jane,
2026 Topps Chrome Sapphire Edition,Marvel Facsimile Triple Autographs - Red,MFT-SCN,Cyclops/Storm/Nightcrawler,
2026 Topps Chrome Sapphire Edition,Marvel Facsimile Triple Autographs - Padparadscha,MFT-AVS,Vision/Agatha Harkness/Scarlet Witch,
2026 Topps Chrome Sapphire Edition,Marvel Facsimile Triple Autographs - Padparadscha,MFT-IWN,Nick Fury/Iron Man/War Machine,
2026 Topps Chrome Sapphire Edition,Marvel Facsimile Triple Autographs - Padparadscha,MFT-PMG,Gwen Stacy/Peter Parker/Mary Jane,
2026 Topps Chrome Sapphire Edition,Marvel Facsimile Triple Autographs - Padparadscha,MFT-SCN,Cyclops/Storm/Nightcrawler,
2026 Topps Chrome Sapphire Edition,Marvel Facsimile Quad Autographs,MFQ-DNSG,Doctor Doom/Silver Surfer/Galactus/Namor,
2026 Topps Chrome Sapphire Edition,Marvel Facsimile Quad Autographs,MFQ-SGDV,Venom/Doctor Octopus/Green Goblin/Spider-Man,
2026 Topps Chrome Sapphire Edition,Marvel Facsimile Quad Autographs - Black,MFQ-DNSG,Doctor Doom/Silver Surfer/Galactus/Namor,
2026 Topps Chrome Sapphire Edition,Marvel Facsimile Quad Autographs - Black,MFQ-SGDV,Venom/Doctor Octopus/Green Goblin/Spider-Man,
2026 Topps Chrome Sapphire Edition,Marvel Facsimile Quad Autographs - Red,MFQ-DNSG,Doctor Doom/Silver Surfer/Galactus/Namor,
2026 Topps Chrome Sapphire Edition,Marvel Facsimile Quad Autographs - Red,MFQ-SGDV,Venom/Doctor Octopus/Green Goblin/Spider-Man,
2026 Topps Chrome Sapphire Edition,Marvel Facsimile Quad Autographs - Padparadscha,MFQ-DNSG,Doctor Doom/Silver Surfer/Galactus/Namor,
2026 Topps Chrome Sapphire Edition,Marvel Facsimile Quad Autographs - Padparadscha,MFQ-SGDV,Venom/Doctor Octopus/Green Goblin/Spider-Man,
2026 Topps Chrome Sapphire Edition,Infinite Sapphire,IS-01,Emma Frost,
2026 Topps Chrome Sapphire Edition,Infinite Sapphire,IS-02,Ghost-Spider,
2026 Topps Chrome Sapphire Edition,Infinite Sapphire,IS-03,Moon Knight,
2026 Topps Chrome Sapphire Edition,Infinite Sapphire,IS-04,Elektra,
2026 Topps Chrome Sapphire Edition,Infinite Sapphire,IS-05,Silk,
2026 Topps Chrome Sapphire Edition,Infinite Sapphire,IS-06,Hawkeye,
2026 Topps Chrome Sapphire Edition,Infinite Sapphire,IS-07,Loki,
2026 Topps Chrome Sapphire Edition,Infinite Sapphire,IS-08,Black Panther,
2026 Topps Chrome Sapphire Edition,Infinite Sapphire,IS-09,She-Hulk,
2026 Topps Chrome Sapphire Edition,Infinite Sapphire,IS-10,X-23,