year,set_name,cards_missing_images,set_adds_last_90_days,set_adds_all_time,set_unique_collectors,set_wishlist_adds
1994,1994 Ultra X Men,2,1468,2349,41,0
2021,2021 SkyBox Metal Universe Marvel Spider-Man - 2021 SkyBox Metal Universe Marvel Spider-Man,15,440,450,8,4
1992,1992 Impel The Uncanny X-Men - 1992 Impel The Uncanny X-Men,1,333,342,5,0
1994,1994 Flair Marvel Annual - 1994 Flair Marvel Annual,3,329,748,26,0
2026,Aqua Refractor,197,215,215,12,0
2026,Fanfare,37,202,202,41,0
1994,1994 Fleer Marvel Masterpieces Hildebrandt Brothers - Gold Foil Signature,13,187,401,24,1
2024,2024 Upper Deck Marvel Spider-Man Renditions - 2024 Upper Deck Marvel Spider-Man Renditions,1,184,470,9,0
1991,1991 Comic Images X-Men - 1991 Comic Images X-Men,90,179,179,3,0
2024,2024 Upper Deck Marvel Avengers - 2024 Upper Deck Marvel Avengers,1,153,174,5,2
1995,1995 Ultra X-Men Chromium - Gold Signature,1,151,156,9,0
2026,Refractor,199,125,125,15,0
2026,RayWave Refractor,196,123,123,14,0
2022,2022 Fleer Ultra Marvel Avengers - Green Foil,28,121,123,5,0
2023,2023 Upper Deck Marvel Platinum - Rainbow Color Wheel,88,114,114,1,0
2022,2022 SkyBox Marvel Masterpieces - Gold Foil,2,105,195,4,0
2023,2023 Fleer Ultra Marvel Wolverine - Green Foil,12,101,101,2,0
2024,2024 Upper Deck Marvel Beginnings Volume 2 Series 2 - Blue Cosmic Cube,100,100,100,1,0
1996,1996 Ultra X-Men Wolverine - 1996 Ultra X-Men Wolverine,100,100,100,1,0
2026,Meanwhile …,14,97,97,25,0
2026,Marvel icons,13,95,95,32,0
1992,1992 Punisher Guts & Gunpowder Comic Images,89,93,93,2,0
2018,2018 Upper Deck Marvel Masterpieces - What If,12,90,90,1,0
2014,2014 Rittenhouse Marvel: Dangerous Divas 2 - 2014 Rittenhouse Marvel: Dangerous Divas 2,3,90,90,1,1
2026,Future Stars,15,89,89,29,0
2024,2024 Upper Deck Marvel Spider-Man - 2024 Upper Deck Marvel Spider-Man,1,74,74,1,0
2026,One World Under Doom,17,71,71,19,1
2026,X-Force 35th Anniversary,1,68,68,18,0
2025,2025 Kakawow Cosmos Marvel - Silver,99,64,64,1,0
1984,1984 FTCC Marvel Superheroes First Issue Covers - 1984 FTCC Marvel Superheroes First Issue Covers,40,60,120,2,2
2025,2025 Kakawow Cosmos Marvel - Art Card,4,60,62,5,0
2024,2024 SkyBox Metal Universe Marvel Avengers - Copper FX,3,59,62,7,0
2025,2025 Topps Chrome Marvel - 2025 Topps Chrome Marvel,110,56,182,9,2
2024,2024 Upper Deck Marvel Avengers - Battle Time,25,52,59,5,0
2020,2020 Panini Marvel 80 Years Stickers - 2020 Panini Marvel 80 Years Stickers,50,50,50,1,0
2022,2022 Fleer Ultra Marvel Avengers - Medallions,3,49,62,3,0
2022,2022 Fleer Ultra Marvel Avengers - Medallions Platinum,22,49,49,1,0
2023,2023 Fleer Ultra Marvel Wolverine - Family Genealogy,1,46,93,4,0
1995,1995 Fleer Marvel Overpower,183,46,57,3,2
2023,2023 Fleer Ultra Marvel Midnight Sons - Ultra Shades,15,46,46,2,0
2026,X-Fractor,193,43,43,10,0
2024,2024 Upper Deck Marvel Masterpieces '92 Platinum - Blue Traxx,49,42,89,11,61
1995,1995 Fleer Ultra Spider-Man - Gold Foil Signature Series,38,42,43,5,0
2025,Base - Multiverse and More,12,41,77,6,0
2023,2023 Upper Deck Marvel Anime Vol. 2 - Capsule Cards Street Level Minis,50,37,37,2,0
2023,2023 Upper Deck Marvel Anime Vol. 2 - Capsule Cards Cosmic Level Minis,50,36,36,2,0
2023,2023 Upper Deck Marvel Anime Vol. 2 - Capsule Cards World Level Minis,50,36,36,2,0
2023,2023 Fleer Ultra Marvel Wolverine - Pop Culture,29,34,76,3,0
2023,2023 Fleer Ultra Marvel Midnight Sons - Late Night Creep Concert,21,33,33,1,1
2023,2023 Fleer Ultra Marvel Midnight Sons - Hellfire,2,31,31,2,0
2023,2023 Upper Deck Marvel Anime Vol. 2 - Kodomomuke,3,30,30,1,0
1995,1995 Fleer Ultra Spider-Man - ClearChrome,2,29,41,8,0
2025,Base - Characters,14,28,45,11,0
2023,2023 Flair Marvel - Solar Flair,20,26,68,4,0
2023,2023 Upper Deck Marvel Platinum - Blue Surge,4,25,27,3,0
2023,2023 Upper Deck Marvel Anime Vol. 2 - Power Level,2,25,25,1,0
2025,2025 Kakawow Cosmos Marvel - Die-Cut,19,24,24,2,0
2023,2023 Fleer Ultra Marvel Midnight Sons - Ultrabillities,25,24,24,2,0
2023,2023 Flair Marvel - 2023 Flair Marvel,24,23,122,3,3
1995,1995 Metal Marvel - Silver Flasher,1,22,32,7,0
2024,2024 Upper Deck Marvel Masterpieces '92 Platinum - Rainbow,86,22,22,7,0
2025,Base - Comic Accurate,14,21,37,8,1
1994,1994 Ultra X-Men - Team Triptych,6,21,27,4,0
2025,2025 Kakawow Cosmos Marvel - Cosmos,98,21,24,4,0
2023,2023 Fleer Ultra Marvel Wolverine - eX Century,7,20,29,5,0
2023,2023 Upper Deck Marvel Platinum - White Rainbow,95,20,20,1,0
2025,2025 Topps Chrome Marvel Studios - Captain America: Brave New World,13,20,20,4,0
2024,2024 Upper Deck Marvel Masterpieces '92 Platinum - Variant Cover,19,18,218,8,0
2024,2024 Upper Deck Marvel Masterpieces '92 Platinum - Purple Crystals,17,18,28,9,0
2026,Spider-Web Refractor,199,18,18,12,2
2021,2021 SkyBox Metal Universe Marvel Spider-Man - Gold Light FX,8,17,21,5,0
2025,2025 Kakawow Cosmos Marvel - The Avengers,10,17,17,2,0
2025,Metal Holo,1,16,49,2,0
2025,Canvas,3,16,28,5,0
2025,2025 Topps Mint Marvel - Chrome,20,16,16,2,0
2024,2024 SkyBox Metal Universe Marvel Avengers - Retro,13,15,63,5,0
2022,2022 SkyBox Marvel Masterpieces - Battle Spectrum,9,15,34,3,0
2024,2024 SkyBox Metal Universe Marvel Avengers - Grandiose,129,15,21,5,0
2022,2022 Fleer Ultra Marvel Avengers - 1st Appearances Green Foil,3,15,15,1,0
2025,Stardust Holo,15,14,47,4,0
2025,Glow in the Dark,1,14,27,5,0
2024,2024 Upper Deck Marvel Masterpieces '92 Platinum - Leather,5,14,14,6,0
2023,2023 Fleer Ultra Marvel Midnight Sons - Dark Texts Booklets,11,13,24,4,0
2024,2024 Upper Deck Marvel Masterpieces '92 Platinum - Lenticular,71,13,14,6,0
2026,Storm's Lightning Refractor,200,13,13,2,0
2024,2024 Upper Deck Marvel Masterpieces '92 Platinum - Holofoil,10,12,67,5,0
2021,2021-22 Upper Deck Marvel Annual - 2021-22 Upper Deck Marvel Annual,26,12,40,3,0
2026,Pink Refractor,198,12,12,8,0
2025,2025 Topps Chrome Sapphire Edition Marvel - Gold Sapphire,100,11,11,2,0
1990,1990 Impel Marvel Universe - Promos,2,11,11,2,5
2023,2023 Fleer Ultra Marvel Wolverine - X-23,10,11,11,2,0
2023,2023 Fleer Ultra Marvel Wolverine - Team Affiliations,1,10,27,3,0
2026,Authentic Marvel Comic Book Artist Autographs,33,10,10,9,0
1996,1996 SkyBox Premium Spider-Man - Canvas,1,10,10,3,3
2025,2025 Kakawow Cosmos Marvel - The Morphing Hero,10,10,10,3,0
2024,2024 Upper Deck Marvel Beginnings Volume 2 Series 2 - Illustration Boards,90,10,10,2,0
2023,2023 Upper Deck Marvel Platinum - Cover Variant,7,9,110,4,1
2023,2023 Upper Deck Marvel What If…? - Acetate Originals,1,9,26,2,0
2023,2023 Upper Deck Marvel Platinum - Yellow Rainbow,1,9,16,4,1
2022,2022 Fleer Ultra Marvel Avengers - 3x3 Puzzle,16,9,14,3,1
2023,2023 Fleer Ultra Marvel Wolverine - 3 x 3,9,9,9,1,0
2024,2024 Upper Deck Marvel Studios Series 1 - Dazzlers Green,4,9,9,1,0
2024,2024 Upper Deck Marvel Studios Series 1 - UD Portraits,5,9,9,1,0
2008,2008 Upper Deck Marvel Masterpieces Set 2 - 2008 Upper Deck Marvel Masterpieces Set 2,39,8,209,5,1
2023,2023 Upper Deck Marvel Platinum - Blue Traxx,4,8,13,5,0
2024,2024 Upper Deck Marvel Beginnings Volume 2 Series 2 - Micromotion,89,8,8,2,0
2024,2024 Upper Deck Marvel Beginnings Volume 2 Series 2 - Flipped FX,90,8,8,1,0
2025,2025 Topps Chrome Marvel Studios - Daredevil Born Again,25,8,8,1,0
2025,2025 Kakawow Cosmos Marvel - Cosmos Red,82,8,8,2,0
2024,2024 Upper Deck Women of Marvel - Foil Lt Fx - Copper,37,8,8,3,0
2024,2024 SkyBox Marvel Masterpieces XL - Gold Foil,10,7,101,4,0
2023,2023 Upper Deck Marvel Platinum - Rainbow,11,7,30,3,0
2022,2022-23 Upper Deck Marvel Annual - 2022 Super Heroes of the Year,1,7,12,7,0
2021,2021 SkyBox Metal Universe Marvel Spider-Man - Grandiose,22,7,9,5,0
2024,2024 Upper Deck Marvel Avengers - Monumental Covers,24,7,7,2,0
2025,2025 Kakawow Cosmos Marvel - Lucky Card,5,7,7,1,0
2023,2023 Upper Deck Marvel What If…? - Possibilities,1,7,7,1,0
2026,Purple RayWave Refractor,200,7,7,7,0
2026,Gold X-Fractor,198,7,7,7,0
2022,2022-23 Upper Deck Marvel Annual - Canvas Variant Cover,73,6,25,4,0
2023,2023 Upper Deck Marvel What If…? - The Watcher's Sight Lenticulars,10,6,21,2,0
2024,2024 SkyBox Metal Universe Marvel Avengers - Gold FX,143,6,12,5,0
2024,2024 Upper Deck Marvel Masterpieces '92 Platinum - Red Prism,19,6,8,5,0
2025,2025 Topps Marvel Comic Book Heroes 1975 Golden Anniversary - Refractor,100,6,6,1,0
2026,Green RayWave Refractor,199,6,6,6,0
2026,Gold Refractor,199,6,6,6,0
2023,2023 Upper Deck Marvel Anime Vol. 2 - Hanafuda Booklets Redemption,12,6,6,2,0
2025,2025 Kakawow Cosmos Marvel - Disco,16,6,6,3,2
2024,2024 Upper Deck Marvel Studios Series 2: Cinematic - UD Portraits,15,6,6,1,0
2026,Gold RayWave Refractor,198,6,6,6,0
2024,2024 Upper Deck Marvel Masterpieces '92 Platinum - Variant Cover Purple Crystals,97,6,6,2,0
2024,2024 Upper Deck Marvel Masterpieces '92 Platinum - Variant Cover Rainbow,99,6,6,4,0
2022,2022 Fleer Ultra Marvel Avengers - 2022 Fleer Ultra Marvel Avengers,10,5,101,5,2
2022,2022-23 Upper Deck Marvel Annual - 2022-23 Upper Deck Marvel Annual,3,5,87,5,0
2023,2023-24 Upper Deck Marvel Annual - Variant Cover,3,5,9,5,0
2025,Crossed Holo,67,5,8,4,0
2024,2024 Upper Deck Marvel Masterpieces '92 Platinum - Seismic Gold,66,5,7,5,0
2025,2025 Topps Chrome Marvel Studios - Sky Blue RayWave Refractor,97,5,7,5,4
2024,2024 Upper Deck Marvel Beginnings Volume 2 Series 2 - Black,100,5,7,2,1
2025,2025 Topps Mint Marvel - Green Mint,15,5,6,3,0
2025,2025 Topps Chrome Marvel Studios - Thunderbolts,25,5,5,1,0
2023,2023 Fleer Ultra Marvel Midnight Sons - Silver Rainbow,100,5,5,1,0
2026,Purple X-Fractor,198,5,5,4,0
2025,2025 Kakawow Phantom Marvel Rivals - Die-cut,37,5,5,1,0
2023,2023 Fleer Ultra Marvel Midnight Sons - Purple,100,5,5,1,0
2023,2023 Upper Deck Marvel Eternals - 2023 Upper Deck Marvel Eternals,5,5,5,1,0
2026,Classic Comic Book Covers,10,5,5,4,0
1996,1996 Fleer Marvel Amalgam,69,4,143,3,0
2024,2024 SkyBox Marvel Masterpieces XL - Holofoil,15,4,25,7,1
2024,2024 Upper Deck Marvel Masterpieces '92 Platinum - Plexi,26,4,12,6,0
2023,2023 Upper Deck Marvel Platinum - Blue Rainbow,20,4,11,4,0
2024,2024 Upper Deck Marvel Masterpieces '92 Platinum - Pink Lasers,14,4,8,5,0
2024,2024 Upper Deck Marvel Beginnings Volume 2 Series 2 - Red Base,100,4,7,2,0
2026,Welcome to Brooklyn Postcard,2,4,6,3,0
2025,2025 Topps Chrome Marvel Studios - Rainbow Refractor,94,4,5,4,9
2024,2024 Upper Deck Women of Marvel - Foil Lt Fx - Blue,21,4,5,3,0
2024,2024 Upper Deck Marvel Masterpieces '92 Platinum - Corner Box Creations Rainbow,16,4,5,4,0
2024,2024 SkyBox Metal Universe Marvel Avengers - Precious Metal Gems Blue,47,4,5,5,0
2024,2024 Upper Deck Marvel Masterpieces '92 Platinum - Precious Metal Gems Blue,93,4,5,5,0
2022,2022 Fleer Ultra Marvel Avengers - Animation Cels Red Autographs,79,4,4,1,0
2026,New York's Heroes,1,4,4,2,0
2024,2024 Upper Deck Marvel Beginnings Volume 2 Series 2 - Heavyweights,18,4,4,2,0
2023,2023 Upper Deck Marvel What If…? - Possibilities Red,4,4,4,1,0
2024,2024 Upper Deck Marvel Beginnings Volume 2 Series 2 - Gods of Marvel,9,4,4,2,0
2025,2025 Topps Chrome Marvel Studios - Ms. Marvel Speckle Refractor,2,4,4,2,1
2024,2024 Upper Deck Marvel Studios Series 1 - HoloGrFx Gold,2,4,4,1,0
2025,2025 Topps Chrome Sapphire Edition Marvel - Aqua Sapphire,32,4,4,2,0
2024,2024 Upper Deck Marvel Studios Series 2: Cinematic - Lunch Box Legends,10,4,4,1,0
2024,2024 Upper Deck Marvel Beginnings Volume 2 Series 2 - Rainbow,100,4,4,2,0
2024,2024 Upper Deck Marvel Beginnings Volume 2 Series 2 - Cosmic Annihilation,8,4,4,2,0
2024,2024 Upper Deck Marvel Beginnings Volume 2 Series 2 - Swordsmen,9,4,4,3,0
2024,2024 Upper Deck Marvel Avengers - Alternate Universe,25,4,4,3,0
2024,2024 Upper Deck Marvel Studios Series 2: Cinematic - Dazzlers Green,30,4,4,1,0
2024,2024 Upper Deck Marvel Spider-Man Renditions - Legendary Responsibility Gaming Variant,5,4,4,1,0
2026,Base,117,4,4,1,0
2023,2023 Upper Deck Marvel Platinum - Black Rainbow,3,3,106,4,0
2022,2022 Upper Deck Allure Marvel Studios - 2022 Upper Deck Allure Marvel Studios,25,3,23,3,0
2022,2022-23 Upper Deck Marvel Annual - Number 1 Spot,1,3,18,4,0
2023,2023 Upper Deck Marvel What If…? - Frozen in Time,3,3,17,3,0
2025,Medallion,2,3,17,5,0
2023,2023 Upper Deck Marvel Platinum - Teal Wave,1,3,12,4,0
2023,2023 Upper Deck Marvel Platinum - Yellow Spotlight,4,3,12,4,0
2025,Glitch Holo,41,3,11,3,0
1992,1992 SkyBox Marvel Masterpieces - Lost Marvel Bonus Cards,1,3,8,2,0
2025,2025 Kakawow Aura Marvel - 2025 Kakawow Aura Marvel,130,3,6,3,1
2024,2024 SkyBox Metal Universe Marvel Avengers - Bronze FX,3,3,6,3,0
2025,Carnival Holo,85,3,5,3,0
1992,1992 SkyBox Marvel Masterpieces - Joe Jusko Signed Parallel,64,3,4,3,0
2021,2021 SkyBox Metal Universe Marvel Spider-Man - Palladium,73,3,4,3,0
2026,Storm's Orange Lightning Refractor,200,3,3,3,0
2025,2025 Kakawow Cosmos Marvel - Cosmos Green,52,3,3,2,0
2025,2025 Kakawow Cosmos Marvel - Hellfire Gala,16,3,3,1,1
2026,Blue Refractor,200,3,3,3,0
2025,2025 Topps Chrome Sapphire Edition Marvel - Sapphire Selections,10,3,3,1,1
2022,2022-23 Upper Deck Marvel Annual - Gold Linearity,6,3,3,2,0
2026,Storm's Purple Lightning Refractor,200,3,3,3,0
2026,Gold Wave Refractor,199,3,3,3,0
2023,2023 Fleer Ultra Marvel Midnight Sons - Red Autograph,88,3,3,1,0
2023,2023 Upper Deck Marvel Wandavision - Purple Spell,67,3,3,1,0
2026,Purple Shimmer Refractor,199,3,3,3,0
2025,2025 Topps Chrome Sapphire Edition Marvel - Black Sapphire,88,3,3,1,0
2023,2023-24 Upper Deck Marvel Annual - Gold Linearity,3,3,3,2,0
2024,2024 Upper Deck Marvel Studios Series 1 - 1995 Collectors Choice SE Retros Super Script,30,3,3,1,0
2025,2025 Kakawow Cosmos Marvel - Lucky Mini,22,3,3,2,0
2026,Hulk Green Lazer Refractor,200,3,3,3,0
2026,Storm's Green Lightning Refractor,200,3,3,2,0
2023,2023 Upper Deck Marvel Anime Vol. 2 - Stax,36,3,3,2,0
2024,2024 Upper Deck Marvel Beginnings Volume 2 Series 2 - Orange Bridge,100,3,3,1,0
2025,2025 Topps Finest X-Men '97 - Previously on X-Men,3,3,3,1,0
2026,Captain America's Star Refractor,199,3,3,3,0
2026,Spider-Web Red/Blue Refractor,200,3,3,2,2
2024,2024 Upper Deck Marvel Masterpieces '92 Platinum - Wood,56,3,3,2,0
2026,Orange Wave Refractor,198,3,3,3,0
2024,2024 Upper Deck Marvel Masterpieces '92 Platinum - Variant Cover Blue Traxx,100,3,3,3,0
2025,2025 Kakawow Cosmos Marvel - Cosmos Infinity,99,3,3,2,0
2022,"2022 Upper Deck Marvel Beginnings Volume 2, Series 1 - Black Border",96,3,3,1,0
2026,Marvel Logofractor,199,3,3,2,0
2026,You Are Worthy,2,3,3,2,0
1993,1993 SkyBox Marvel Masterpieces - Promos,4,3,3,1,0
2025,2025 Topps Chrome Sapphire Edition Marvel - Orange Sapphire,100,3,3,1,0
2023,2023 Upper Deck Marvel Wandavision - 2023 Upper Deck Marvel Wandavision,85,3,3,1,0
2024,2024 SkyBox Metal Universe Marvel Avengers - Palladium,21,2,49,2,0
2025,Sparkle Holo,60,2,6,2,0
2023,2023 Flair Marvel - Acrylic Aether,2,2,6,4,2
2024,2024 Upper Deck Marvel Allegiance Secret Wars - Yellow Crackle,35,2,5,4,0
2025,Infinity,2,2,5,2,0
2025,MCU Perfection,21,2,5,4,2
2024,2024 Upper Deck Marvel Allegiance Secret Wars - Red Diamonds,69,2,5,3,0
2025,Well You Got Nothing to Say Mouth,1,2,4,3,0
2025,Future Stars,8,2,4,3,0
2024,2024 Upper Deck Marvel Allegiance Secret Wars - Orange Glitter,25,2,3,3,0
2024,2024 Upper Deck Marvel Masterpieces '92 Platinum - Metallurgy,69,2,3,2,0
2024,2024 SkyBox Metal Universe Marvel Avengers - A Soldier’s Metal,5,2,3,3,0
2024,2024 SkyBox Metal Universe Marvel Avengers - Intimidation Nation,40,2,3,3,0
2025,2025 Topps Chrome Marvel Studios - Captain America Refractor,96,2,3,2,2
2024,2024 Upper Deck Marvel Beginnings Volume 2 Series 2 - Breakthrough Issues Signatures,19,2,2,1,0
2024,2024 Upper Deck Marvel Masterpieces '92 Platinum - Fantastic Covers Rainbow,10,2,2,2,0
2025,Fireworks Holo,99,2,2,1,0
2025,2025 Topps Chrome Marvel - Spider Web,100,2,2,1,0
2017,2017 Fleer Ultra Marvel Spider-Man - 2017 Fleer Ultra Marvel Spider-Man,1,2,2,1,0
2026,Topps Originals,10,2,2,2,0
1994,1994 Fleer Marvel Masterpieces Hildebrandt Brothers - 4-Card Panel Promos,1,2,2,2,0
2023,2023 Upper Deck Marvel What If…? - Possibilities Blue,50,2,2,1,0
2024,2024 Upper Deck Marvel Studios Series 2: Cinematic - SP Authentic Future Watch Retros,3,2,2,1,0
2023,2023 Upper Deck Marvel Allegiance: The Infinity Trilogy - Infinity Gems Space,3,2,2,2,0
2023,2023-24 Upper Deck Marvel Annual - Hologram,30,2,2,2,0
2023,2023 Upper Deck Marvel What If…? - Flagship Exclusives,48,2,2,1,0
2023,2023 Flair Marvel - Rainbow Silver,90,2,2,1,0
2024,2024 Upper Deck Marvel Masterpieces '92 Platinum - Golden Treasures,96,2,2,1,0
2023,2023 Upper Deck Marvel What If…? - 1990 Marvel Universe,12,2,2,1,0
2023,2023 Upper Deck Marvel Anime Vol. 2 - Hanafuda,6,2,2,1,0
2026,Black Wave Refractor,199,2,2,2,0
2022,"2022 Upper Deck Marvel Beginnings Volume 2, Series 1 - Flipped FX Orange",90,2,2,1,0
2023,2023 Fleer Ultra Marvel Midnight Sons - Ultra Shades Autographs,36,2,2,1,0
2026,Superfractor 1/65,1,2,2,2,0
2026,Clawed - Red Wolverine Adamantium,199,2,2,2,0
2023,2023 Upper Deck Marvel What If…? - Black Diamond,7,2,2,1,0
2024,2024 Upper Deck Marvel Studios Series 1 - Lunchbox Legends,15,2,2,1,0
2021,2021-22 Upper Deck Marvel Annual - Splash-ticular,3,2,2,2,0
2025,10005 Fire,2,2,2,1,0
2023,2023 Fleer Ultra Marvel Midnight Sons - Medallions Gold,50,2,2,1,0
2026,Green X-Fractor,200,2,2,2,0
2026,Human Torch Refractor,200,2,2,2,2
2024,2024 Upper Deck Marvel Beginnings Volume 2 Series 2 - Flipped FX Orange,90,2,2,1,0
2025,2025 Kakawow Cosmos Marvel - Lucky Mini Limited,13,2,2,2,0
2024,2024 Upper Deck Marvel Masterpieces '92 Platinum - Precious Metal Gems Red,90,2,2,2,0
2024,2024 Upper Deck Women of Marvel - Foil Lt Fx - Red,57,2,2,1,0
2023,2023 Upper Deck Marvel Platinum - Seismic Gold,66,2,2,1,0
1996,1996 Ultra Marvel Onslaught - 1996 Ultra Marvel Onslaught,40,2,2,2,2
2025,2025 Kakawow Cosmos Marvel - Lucky Mini Script Art,23,2,2,2,0
2025,2025 Topps Mint Marvel - Orange,32,2,2,2,0
2025,2025 Topps Chrome Marvel - Blue,100,2,2,1,0
2026,MCU Autographs,10,2,2,1,0
2026,Dazzler's Silver Rhythm Refractor,200,2,2,2,0
1992,1992 Comic Images Spider-Man: The McFarlane Era - 1992 Comic Images Spider-Man: The McFarlane Era,68,1,181,3,1
2023,2023 Upper Deck Marvel What If…? - 2023 Upper Deck Marvel What If…?,14,1,102,3,3
2023,2023 Fleer Ultra Marvel Wolverine - Medallions,3,1,63,4,0
2023,2023 Fleer Ultra Marvel Wolverine - Ultrabilities,33,1,36,3,0
2023,2023 Upper Deck Marvel Platinum - Platinum Duos,1,1,27,3,1
2023,2023 Upper Deck Marvel Platinum - Super Statistics,1,1,27,3,0
2023,2023 Upper Deck Marvel Platinum - Iconic Covers,5,1,26,2,1
2024,2024 SkyBox Metal Universe Marvel Avengers - Blast Furnace,6,1,22,2,0
2024,2024 Upper Deck Marvel Masterpieces Nahuel Grego - Holofoil,2,1,17,2,0
2022,2022 Fleer Ultra Marvel Avengers - Checkmate,1,1,11,2,0
2023,2023 Upper Deck Marvel Anime Vol. 2 - Woodblock Echo,49,1,7,3,1
2025,2025 Topps Chrome Marvel - Iron Man Gold,9,1,6,2,0
2024,2024 SkyBox Metal Universe Marvel Avengers - Metalheads,26,1,5,2,2
2022,2022-23 Upper Deck Marvel Annual - Number 1 Spot Gold,10,1,5,2,0
2024,2024 Upper Deck Marvel Allegiance Secret Wars - Purple Boxes,49,1,4,3,0
2024,2024 SkyBox Metal Universe Marvel Avengers - Pink FX,165,1,4,2,0
2025,Badge,7,1,4,3,0
2022,2022 SkyBox Marvel Masterpieces - Preserved In Amber,81,1,4,1,0
2024,2024 Upper Deck Marvel Masterpieces '92 Platinum - Variant Cover Red Prism,91,1,3,3,0
2023,2023 Upper Deck Marvel Platinum - Creator Art Variant Auto Red Rainbow,55,1,3,3,0
2024,2024 Upper Deck Marvel Beginnings Volume 2 Series 2 - Red Supernova,100,1,3,2,1
2024,2024 Upper Deck Marvel Masterpieces '92 Platinum - Variant Cover Seismic Gold,97,1,3,3,0
2025,Autograph Variation,17,1,3,2,0
2022,"2022 Upper Deck Marvel Beginnings Volume 2, Series 1 - Red Supernova",1,1,3,2,0
2025,Topps Chrome Autographs,1,1,3,2,0
2021,2021-22 Upper Deck Marvel Annual - Canvas Variant,44,1,3,3,0
2023,2023 Upper Deck Marvel Platinum - Red Prism,4,1,3,2,0
2022,2022 Upper Deck Allure Marvel Studios - Character Posters,33,1,3,2,0
2026,Living Legend,19,1,2,2,0
2024,2024 Upper Deck Marvel Masterpieces '92 Platinum - Variant Cover Emerald Surge,98,1,2,2,0
2025,2025 Topps Marvel Comic Book Heroes 1975 Golden Anniversary - Purple & Gold Lava,100,1,2,2,0
2024,2024 Upper Deck Marvel Masterpieces Nahuel Grego - Gold Signature Series,38,1,2,2,0
1994,1994 Fleer Marvel Masterpieces Hildebrandt Brothers - 9-Card Panel Promos,1,1,2,2,0
2023,2023 Upper Deck Marvel Allegiance: Avengers vs X-Men - 2023 Upper Deck Marvel Allegiance: Avengers vs X-Men,32,1,2,2,0
2022,2022 Upper Deck Allure Marvel Studios - Red Rainbow Autographs,16,1,2,2,0
2026,Comic Creator Autographs,1,1,2,2,0
2023,2023 Upper Deck Marvel Platinum - Red Rainbow Autographs,99,1,2,2,0
2025,Marble Holo,92,1,2,2,0
2025,2025 Topps Chrome Marvel - Air Marvel Red Wave Refractor,10,1,2,2,0
2024,2024 Upper Deck Marvel Allegiance Secret Wars - Rainbow Red,7,1,2,2,0
2025,2025 Kakawow Cosmos Marvel - Single Script Art,21,1,2,2,0
2025,2025 Topps Marvel Comic Book Heroes 1975 Golden Anniversary - Gold Atomic,92,1,2,2,0
2025,2025 Kakawow Cosmos Marvel - Cosmos Aurora,22,1,1,1,0
2026,It's Clobberin' Time,20,1,1,1,0
1995,1995 Fleer Ultra X-Men - Ultraprint,1,1,1,1,0
2026,Superfractor 1/104,1,1,1,1,0
2024,2024 Upper Deck Marvel Beginnings Volume 2 Series 2 - Flipped FX Blue,90,1,1,1,0
2026,Negative Zone - Gold Kaleidoscope,100,1,1,1,0
2023,2023 Upper Deck Marvel Platinum - Rainbow Color Wheel Variant Achievements,10,1,1,1,0
2024,2024 Upper Deck Marvel Avengers - Connecting Links,6,1,1,1,0
2026,Orange Refractor,200,1,1,1,0
2026,Marvel Dual Facsimile Autographs,6,1,1,1,0
2024,2024 SkyBox Metal Universe Marvel Avengers - Retro Precious Metal Gems Gold,48,1,1,1,0
2026,Clawed - Black Wolverine Adamantium,199,1,1,1,0
2026,Varied Visage AOA,10,1,1,1,0
2024,2024 Upper Deck Marvel Studios Series 1 - +Footage,12,1,1,1,0
2023,2023 Upper Deck Marvel Eternals - Eternal Scenery Black,10,1,1,1,0
2024,2024 Upper Deck Marvel Masterpieces '92 Platinum - Variant Cover Pink Lasers,93,1,1,1,0
2023,2023 Upper Deck Marvel What If…? - 1990 Marvel Universe Printing Plates Magenta,50,1,1,1,0
2023,2023 Flair Marvel - Flairium,58,1,1,1,0
2025,2025 Kakawow Cosmos Marvel - Single Script Art Gold,20,1,1,1,0
2026,Orange RayWave Refractor,200,1,1,1,0
2023,2023 Upper Deck Marvel Platinum - Purple Pixels,14,1,1,1,0
2026,Negative Zone - Purple Kaleidoscope,100,1,1,1,0
2023,2023 Fleer Ultra Marvel Midnight Sons - Medallions Platinum,50,1,1,1,0
2024,2024 Topps Chrome Sapphire Edition Marvel - Gold Sapphire,1,1,1,1,0
2026,Superfractor 1/157,1,1,1,1,0
2021,2021 SkyBox Metal Universe Marvel X-Men - Black,1,1,1,1,0
2024,2024 Upper Deck Marvel Studios Series 2: Cinematic - HoloGrFX,18,1,1,1,0
1994,1994 Ultra X-Men - Ultra-Print,1,1,1,1,0
2024,2024 Upper Deck Marvel Studios Series 2: Cinematic - Outburst,24,1,1,1,0
2026,Negative Zone - Blue Kaleidoscope,100,1,1,1,0
2026,Red X-Fractor,200,1,1,1,0
2026,Cordially Invited,5,1,1,1,0
2024,2024 Upper Deck Marvel Allegiance Secret Wars - Spectromatic,4,1,1,1,0
2026,Sketch Card Artists,29,1,1,1,0
2024,2024 Upper Deck Women of Marvel - Foil Lt Fx - Gold,59,1,1,1,0
2022,2022 SkyBox Marvel Masterpieces - Variant Cover Autographs,45,1,1,1,0
2026,Base 1960s Blacklight,100,1,1,1,0
2026,Tribute to 1996 Finest Phenoms - Orange Refractor,100,1,1,1,0
2026,Negative Zone - Green Kaleidoscope,100,1,1,1,0
2024,2024 Topps Chrome Sapphire Edition Marvel - Yellow Sapphire,2,1,1,1,0
2021,2021-22 Upper Deck Marvel Annual - Number 1 Spot,6,1,1,1,0
2023,2023 Fleer Ultra Marvel Wolverine - Medallions Platinum,6,1,1,1,0
2022,2022 Upper Deck Marvel Unbound - Autographs,51,1,1,1,0
2020,2020-21 Upper Deck Marvel Annual - Hologram,1,1,1,1,1
2021,2021-22 Upper Deck Marvel Annual - Blue,20,1,1,1,0
2023,2023 Upper Deck Marvel Loki Season 1 - Loki Lineup,18,1,1,1,0
2024,2024 Upper Deck Marvel Avengers - Battle Time Red,25,1,1,1,0
2023,2023 Upper Deck Spider-Man: No Way Home - The Multiverse is Real Acetate,1,1,1,1,0
1997,1997 Ultra Spider-Man - Blue Foil,79,1,1,1,0
2023,2023 Upper Deck Marvel Premier - Art Stages Shadowbox,18,1,1,1,0
2022,"2022 Upper Deck Marvel Beginnings Volume 2, Series 1 - Flipped FX Gold",89,1,1,1,0
2022,2022 Upper Deck Allure Marvel Studios - Black Rainbow,18,1,1,1,0
2023,2023 Fleer Ultra Marvel Wolverine - Jambalaya,31,1,1,1,0
2025,2025 Topps Chrome Marvel Studios - Gold Refractor,99,1,1,1,0
2026,Black Refractor,200,1,1,1,0
2023,2023 Upper Deck Marvel What If…? - Frozen in Time Cosmic Black Hole,14,1,1,1,0
2018,2018 Fleer Ultra X-Men - Gold Foil,86,1,1,1,0
2023,2023 Upper Deck Marvel Allegiance: The Infinity Trilogy - Holofoil,79,1,1,1,0
2025,2025 Kakawow Cosmos Marvel - Landmark Events,42,1,1,1,0
2026,Blacklight - Neon Purple Lava Refractor,100,1,1,1,0
1994,1994 Ultra X-Men - 3-Up Panels,1,1,1,1,0
2026,Gold Refractor,100,1,1,1,0
2013,2013 Rittenhouse Women of Marvel Series 2 - Framed Cards,2,1,1,1,0
2024,2024 Upper Deck Marvel Studios Series 1 - HoloGrFx,3,1,1,1,0
2023,2023 Upper Deck Marvel Wandavision - Suburban Synthezoid,6,1,1,1,0
2025,2025 Topps Chrome Marvel Studios - Captain America: Brave New World Black Refractor,25,1,1,1,0
2025,Villainy,2,1,1,1,0
2026,Black X-Fractor,200,1,1,1,0
2022,2022 Upper Deck Allure Marvel Studios - Character Posters Green,16,1,1,1,0
2023,2023 Fleer Ultra Marvel Midnight Sons - Spellcraft Stories Blue,18,1,1,1,0
2026,Storm's Black Lightning Refractor,200,1,1,1,0
2022,2022 Upper Deck Allure Marvel Studios - Infinity Stones Soul Stone,20,1,1,1,0
2022,2022 Upper Deck Spider-Man: Into the Spider-Verse - Spider-Sigs Portraits,2,1,1,1,0
2022,2022-23 Upper Deck Marvel Annual - Suspended Animation Tier 1,20,1,1,1,0
2021,2021 SkyBox Metal Universe Marvel Spider-Man - Yellow FX,58,1,1,1,0
2026,Comic Book Artist Autographs - Green,29,1,1,1,0
2026,Blue Refractor,100,1,1,1,0
2026,Storm's Gold Lightning Refractor,200,1,1,1,0
2025,2025 Topps Chrome Sapphire Edition Marvel - Green Sapphire,100,1,1,1,0
2023,2023 Upper Deck Marvel What If…? - Medallion Platinum,13,1,1,1,0
1994,1994 Pepsi Marvel - Prismatic 25-Card Set,4,1,1,1,0
2026,Red RayWave Refractor,200,1,1,1,0
2025,2025 Kakawow Cosmos Marvel - Single Script Art Red,18,1,1,1,0
2024,2024 Upper Deck Marvel Allegiance Secret Wars - Turning Points Holograms,4,1,1,1,0
2024,2024 SkyBox Marvel Masterpieces XL - Printing Plate What If Variant,1,1,1,1,0
2023,2023 Fleer Ultra Marvel Midnight Sons - Comic Clippings,97,1,1,1,0
1994,1994 Fleer Marvel Masterpieces Hildebrandt Brothers - Masterprints,1,1,1,1,0
2020,2020-21 Upper Deck Marvel Annual - Splash-ticular 3D,30,1,1,1,0
2026,Superfractor 1/148,1,1,1,1,0
2023,2023 Upper Deck Spider-Man: No Way Home - Red & Blue Foil,40,1,1,1,0
2023,2023 Upper Deck Marvel Wandavision - S.W.O.R.D. Profiles,10,1,1,1,0
2024,2024 Upper Deck Marvel Masterpieces Nahuel Grego - Gold Spectrum Autographs,86,1,1,1,0
2025,2025 Topps Mint Marvel - Gold,16,1,1,1,0
2026,Topps Distinguished Service,1,1,1,1,0
2021,2021-22 Upper Deck Marvel Annual - Hologram,64,1,1,1,0
2023,2023 Fleer Ultra Marvel Midnight Sons - Thaumaturgical Artifacts Purple,9,1,1,1,0
2023,2023 Fleer Ultra Marvel Midnight Sons - Medallions Ruby Red,50,1,1,1,0
2025,2025 Topps Mint Marvel - Gambits Double Sided Chrome Playing Cards,52,1,1,1,0
2022,2022 Upper Deck Allure Marvel Studios - Green Quartz,20,1,1,1,0
2023,2023 Upper Deck Marvel Platinum - Pink Pulsar,67,1,1,1,1
2022,2022 Upper Deck Allure Marvel Studios - Steel,90,1,1,1,0
2025,2025 Topps Marvel Comic Book Heroes 1975 Golden Anniversary - Electrum,100,1,1,1,0
2025,Mirror Holo,87,1,1,1,0
2025,2025 Topps Chrome Marvel Studios - Green Refractor,99,1,1,1,2
2023,2023 Upper Deck Marvel Platinum - Creator Art Variant,2,1,1,1,0
2023,2023 Upper Deck Marvel Wandavision - Scarlet Red,52,1,1,1,0
2025,2025 Kakawow Cosmos Marvel - Cosmos Gold,36,1,1,1,0
2025,2025 Topps Chrome Marvel Studios - Orange Refractor,100,1,1,1,0
2015,2015 Upper Deck Marvel Dossier - Foil,20,1,1,1,0
2022,"2022 Upper Deck Marvel Beginnings Volume 2, Series 1 - Green Rainbow Mirror World",34,1,1,1,0
2025,2025 Kakawow Cosmos Marvel - Single Script Art Aurora,12,1,1,1,0
2026,Marvel Triple Facsimile Autographs,3,1,1,1,0
1995,1995 Fleer Ultra Spider-Man - UltraPrint,1,1,1,1,0
2012,2012 Upper Deck Marvel Beginnings S2 - 2012 Upper Deck Marvel Beginnings S2,100,1,1,1,0
2025,2025 Topps Chrome Marvel Studios - Printing Plates Magenta,100,1,1,1,0
2026,Superfractor 1/154,1,1,1,1,0
2025,2025 Topps Chrome Marvel - 35 Years of Ghost Rider Black Refractor,4,1,1,1,0
2024,2024 Upper Deck Marvel Studios Series 2: Cinematic - Heroic Homelands,7,1,1,1,0
2025,2025 Kakawow Cosmos Marvel - Single Script Art Green,23,1,1,1,0
2025,2025 Topps Chrome Marvel - Iron Man Red & Gold Lazer,100,1,1,1,0
2023,2023 Fleer Ultra Marvel Midnight Sons - Spirits of Vengeance Green,9,1,1,1,0
2022,2022-23 Upper Deck Marvel Annual - Suspended Animation Tier 2,15,1,1,1,0
2024,2024 Upper Deck Marvel Allegiance Secret Wars - Rainbow Blue,58,1,1,1,0
2023,2023 Upper Deck Marvel Anime Vol. 2 - Base Autographs,5,1,1,1,0
2025,2025 Kakawow Cosmos Marvel - Wedding Moment,1,1,1,1,0
2025,2025 Kakawow Aura Marvel - Marvel Iconic Debut,2,1,1,1,0
2024,2024 SkyBox Metal Universe Marvel Avengers - Precious Metal Gems Gold,196,1,1,1,0
1990,1990 Impel Marvel Universe - 4-card Panels,1,1,1,1,0
2026,Blacklight - Neon Gold Lava Refractor,100,1,1,1,0
2024,2024 Upper Deck Women of Marvel - Battle Time - Foil Lt Fx - Red,25,1,1,1,0
2024,2024 Upper Deck Women of Marvel - Sketch Artists,49,1,1,1,0
2023,2023 Upper Deck Marvel Platinum - Printing Plates Black,132,1,1,1,0
2025,2025 Topps Chrome Marvel - Hulk Green Lazer,100,1,1,1,0
2021,2021 SkyBox Metal Universe Marvel Spider-Man - Neon Green Light FX,101,1,1,1,0
2024,2024 Upper Deck Marvel Beginnings Volume 2 Series 2 - Green Mirror World,100,1,1,1,0
2012,2012 Upper Deck Marvel Beginnings S2 - Printing Plates Magenta,100,1,1,1,0
2021,2021-22 Upper Deck Marvel Annual - Gold Linearity,19,1,1,1,0
2023,2023 Fleer Ultra Marvel Wolverine - Blue Foil,11,1,1,1,0
2025,2025 Kakawow Aura Marvel - Angel,84,1,1,1,0
2024,2024 SkyBox Metal Universe Marvel Avengers - Retro Precious Metal Gems Green,45,1,1,1,0
2018,2018 Upper Deck Marvel Masterpieces - 2018 Upper Deck Marvel Masterpieces,5,0,172,4,0
2024,2024 Fleer Ultra Matriarchs of Marvel - Blue Foil,100,0,100,1,0
2024,2024 Fleer Ultra Matriarchs of Marvel - Silver Spectrum Foil,100,0,100,1,0
2022,2022 SkyBox Marvel Masterpieces - Preliminary Art,89,0,91,2,0
2024,2024 Fleer Ultra Matriarchs of Marvel - Medallions,50,0,50,1,0
1995,1995 Fleer DC vs. Marvel Comics - Impact,18,0,36,1,1
2023,2023 Fleer Ultra Marvel Wolverine - Aliases,6,0,30,2,0
2023,2023 Fleer Ultra Marvel Wolverine - Greatest Battles,4,0,28,2,0
2024,2024 Fleer Ultra Matriarchs of Marvel - 3x3,27,0,27,1,0
2023,2023 Fleer Ultra Marvel Midnight Sons - Cracks in the Tombstones Minis,25,0,25,1,0
2025,2025 Topps Chrome Marvel - Yellow Lava,100,0,23,1,0
2024,2024 SkyBox Metal Universe Marvel Avengers - Arc Weld,6,0,21,1,0
2024,2024 Fleer Ultra Matriarchs of Marvel - A-Force,20,0,20,1,0
2024,2024 Fleer Ultra Matriarchs of Marvel - Ultrabilities,20,0,20,1,0
2022,2022 Fleer Ultra Marvel Avengers - Ultra Stars,1,0,11,1,0
2024,2024 SkyBox Metal Universe Marvel Avengers - Planet Metal Iron Armor,16,0,10,2,14
2024,2024 Topps Chrome Marvel - Marvel Giant-Sized 50th Anniversary,1,0,10,1,0
2025,2025 Topps Chrome Marvel - Future Stars,8,0,9,2,1
2022,2022 Fleer Ultra Marvel Avengers - Orange Foil,49,0,9,1,0
2023,2023 Upper Deck Marvel What If…? - Infinity Ultron Metal,8,0,9,1,0
2024,2024 Upper Deck Marvel Masterpieces Nahuel Grego - Canvas Gallery,3,0,8,1,0
2012,2012 Rittenhouse Marvel Greatest Heroes - 2012 Rittenhouse Marvel Greatest Heroes,66,0,8,2,1
2022,2022 Fleer Ultra Marvel Avengers - 1st Appearances,1,0,8,2,1
2024,2024 Topps Chrome Marvel - 2024 Topps Chrome Marvel,17,0,7,2,0
2010,2010 Rittenhouse Marvel Heroes and Villains - 2010 Rittenhouse Marvel Heroes and Villains,23,0,7,2,3
2023,2023 Upper Deck Marvel Platinum - Green Crackle,3,0,7,1,0
2024,2024 Fleer Ultra Matriarchs of Marvel - Green Foil Autographs,72,0,7,1,0
2022,2022 Fleer Ultra Marvel Avengers - Greatest Battles,13,0,6,1,2
2022,2022 Fleer Ultra Marvel Avengers - Earth's Mightiest Spin-Offs,4,0,6,1,3
2023,2023 Fleer Ultra Marvel Wolverine - Red Foil Artist Autographs,20,0,5,1,0
2023,2023 Upper Deck Marvel Platinum - Purple Rainbow,4,0,4,1,0
1995,1995 Fleer DC vs. Marvel Comics - Amalgam Preview,4,0,4,2,0
2020,2020 SkyBox Marvel Masterpieces - Legendary Orange,41,0,4,1,0
2023,2023 Fleer Ultra Marvel Wolverine - Yellow Foil,60,0,4,1,0
2024,2024 Upper Deck Marvel Masterpieces Nahuel Grego - Legendary Orange Foil,84,0,4,2,2
2025,2025 Topps Chrome Marvel Studios - Fantastic Four: First Steps,11,0,3,1,0
2024,2024 Topps Chrome Marvel - Blue Wave Refractor,2,0,3,1,3
2024,2024 SkyBox Metal Universe Marvel Avengers - Purple FX,176,0,3,1,0
2024,2024 SkyBox Metal Universe Marvel Avengers - Precious Metal Gems Red,181,0,3,1,0
2022,2022 Fleer Ultra Marvel Avengers - Animation Cels,68,0,3,2,0
2023,2023 Upper Deck Marvel Platinum - Cover Variant Rainbow,108,0,3,1,0
2015,2015 Upper Deck Marvel Vibranium - 2015 Upper Deck Marvel Vibranium,6,0,3,2,2
2023,2023 Upper Deck Marvel Platinum - Iconic Covers Rainbow,23,0,3,2,0
2022,2022 Fleer Ultra Marvel Avengers - Artist Spotlight,6,0,3,1,0
2025,2025 Topps Chrome Marvel Studios - Marvel Gods,23,0,3,2,0
2022,2022 Fleer Ultra Marvel Avengers - Blue Foil,64,0,2,1,0
2025,Cosmo Holo,97,0,2,1,0
2025,Drop Holo,84,0,2,1,0
2020,2020 SkyBox Marvel Masterpieces - Printing Plates Cyan,99,0,2,1,0
2022,2022-23 Upper Deck Marvel Annual - Star Rookies Printing Plate Achievements Yellow,5,0,2,1,0
2022,2022 Fleer Ultra Marvel Avengers - Ultra Power,19,0,2,1,0
2022,2022 Fleer Ultra Marvel Avengers - Universe Power Supreme,1,0,2,1,0
2009,2009 Rittenhouse Spider-Man Archives - 2009 Rittenhouse Spider-Man Archives,1,0,1,1,0
2023,2023 Flair Marvel - Artist Autograph,129,0,1,1,0
2021,2021 SkyBox Metal Universe Marvel Spider-Man - Comic Cuts Clippings,168,0,1,1,0
2025,2025 Kakawow Aura Marvel - Blue,82,0,1,1,0
2025,Sketch - Marvel Arthouse,23,0,1,1,0
2023,2023 Fleer Ultra Marvel Wolverine - Claw Cut Covers,16,0,1,1,0
2024,2024 Topps Chrome Marvel - Spiderweb Refractor,4,0,1,1,2
2023,2023 Upper Deck Marvel Anime Vol. 2 - Woodblock Echo Autographs,174,0,1,1,0
2023,2023 Fleer Ultra Marvel Midnight Sons - Gold Spectrum,99,0,1,1,0
2024,2024 Upper Deck Marvel Allegiance Secret Wars - Spectromatic Orange,11,0,1,1,0
2023,2023 Fleer Ultra Marvel Wolverine - Team Affiliations Orange Foil,4,0,1,1,0
2024,2024 Upper Deck Marvel Masterpieces Nahuel Grego - Emerald Green Foil,87,0,1,1,0
2022,2022 Fleer Ultra Marvel Avengers - 1st Appearances Orange Foil,7,0,1,1,0
2017,2017 Upper Deck Marvel Premier - 2017 Upper Deck Marvel Premier,1,0,1,1,0
2024,2024 Upper Deck Marvel Allegiance Secret Wars - Spectromatic Red,14,0,1,1,0
2021,2021 SkyBox Metal Universe Marvel Spider-Man - Planet Metal Platinum,35,0,1,1,0
2023,2023 Fleer Ultra Marvel Midnight Sons - Orange,96,0,1,1,0
2023,2023 Fleer Ultra Marvel Wolverine - Gold Spectrum Foil,98,0,1,1,0
2025,2025 Topps Marvel Comic Book Heroes 1975 Golden Anniversary - Gold,100,0,1,1,0
2024,2024 Upper Deck Marvel Masterpieces Nahuel Grego - Holofoil Tinsel,8,0,1,1,0
2022,"2022 Upper Deck Marvel Beginnings Volume 2, Series 1 - Red Border",79,0,1,1,0
2023,2023 Fleer Ultra Marvel Wolverine - Medallions Gold,7,0,1,1,0
2023,2023 Fleer Ultra Marvel Wolverine - Animation Cel,15,0,1,1,1
2024,2024 Upper Deck Marvel Spider-Man Renditions - Marvel Universe Impel Artist Autographs,2,0,1,1,0
2024,2024 Upper Deck Marvel Beginnings Volume 2 Series 2 - Heavyweights Printing Plates Yellow,17,0,1,1,0
2024,2024 Upper Deck Marvel Allegiance Secret Wars - Spectromatic Blue,18,0,1,1,0
2024,2024 Upper Deck Marvel Masterpieces '92 Platinum - Variant Cover Orange Lava,96,0,1,1,0
2023,2023 Upper Deck Marvel Platinum - VIP Black Achievements,30,0,1,1,1
2016,2016 Upper Deck Marvel Masterpieces - 1992 Marvel Masterpieces Autograph Buybacks,33,0,1,1,1
1996,1996 Ultra X-Men Wolverine - Mirage,1,0,1,1,0
2024,2024 Upper Deck Marvel Beginnings Volume 2 Series 2 - Blue Base,100,0,1,1,0
2024,2024 SkyBox Metal Universe Marvel Avengers - Planet Metal Iron Armor Platinum,20,0,1,1,0
2025,Marvel Tomorrow,3,0,1,1,0
2022,2022-23 Upper Deck Marvel Annual - Printing Plates Black,81,0,1,1,0
2023,2023 Upper Deck Marvel Platinum - Cosmic,13,0,1,1,0
1997,1997 Fleer/SkyBox X-Men '97 Timelines - New Recruits,72,0,1,1,0
2025,2025 Topps Chrome Marvel - Refractor,99,0,1,1,0
2022,2022 Fleer Ultra Marvel Avengers - Greatest Battles Green Foil,13,0,1,1,0
2024,2024 Upper Deck Marvel Masterpieces Nahuel Grego - Framed Masterpieces Gold,89,0,1,1,0
2023,2023 Fleer Ultra Marvel Wolverine - Aliases Blue Foil,13,0,1,1,0
2025,2025 Kakawow Aura Marvel - Aura Silver,194,0,1,1,0
2025,2025 Topps Chrome Sapphire Edition Marvel Studios - Padparadscha Sapphire,99,0,1,1,0
2021,2021 Upper Deck Marvel Legends (Gamestop) - 2021 Upper Deck Marvel Legends (Gamestop),60,0,1,1,2
2025,2025 Topps Chrome Marvel Studios - Sketch Artists,1,0,1,1,0
2022,2022 Fleer Ultra Marvel Avengers - Earth's Mightiest Spin-Offs Orange Foil,11,0,1,1,0
2020,2020-21 Upper Deck Marvel Annual - 2020-21 Upper Deck Marvel Annual,15,0,1,1,1
2024,2024 Fleer Ultra Matriarchs of Marvel - Purple Foil,100,0,1,1,0
2023,2023 Upper Deck Marvel Platinum - Super Statistics Mosaic,25,0,1,1,0
2016,2016 Upper Deck Marvel Masterpieces - What If... - Printing Plates Yellow,90,0,1,1,0
2025,2025 Kakawow Aura Marvel - Script Art Single Purple,20,0,1,1,0
2021,2021 SkyBox Metal Universe Marvel Spider-Man - Orange Light FX,105,0,1,1,0
2025,2025 Topps Chrome Marvel - Galactic Legends,10,0,1,1,1
2018,2018 Upper Deck Marvel Masterpieces - Gold Foil,2,0,1,1,0
2024,2024 Upper Deck Marvel Spider-Man - Monumental Covers,25,0,1,1,0
2025,2025 Kakawow Aura Marvel - The Legend of Iron Man Gold,10,0,1,1,0
2022,2022 SkyBox Marvel Masterpieces - Battle Spectrum Red,14,0,1,1,0
2025,2025 Kakawow Cosmos Marvel - Cut Signatures,4,0,1,1,0
2023,2023 Fleer Ultra Marvel Wolverine - eX Century Essential Credentials Now,52,0,1,1,0
2024,2024 SkyBox Metal Universe Marvel Avengers - Geodes,21,0,1,1,0
2024,2024 Upper Deck Marvel Allegiance Secret Wars - Doombase,1,0,1,1,0
2025,2025 Kakawow Aura Marvel - The Legend of Spider-Man Silver,1,0,1,1,0
2025,2025 Topps Chrome Marvel Studios - Loki Refractor,97,0,1,1,1
2008,2008 Upper Deck Marvel Masterpieces Set 2 - Avengers,9,0,1,1,1
2023,2023 Fleer Ultra Marvel Midnight Sons - Medallions Emerald Green,49,0,1,1,0
2024,2024 Upper Deck Marvel Masterpieces Nahuel Grego - Blue Wave Foil,86,0,1,1,0
2025,2025 Topps Chrome Marvel - The New Avengers 20th Anniversary,10,0,1,1,0
2023,2023 Fleer Ultra Marvel Wolverine - eX Century Essential Credentials Future,68,0,1,1,0
2025,2025 Topps Marvel Comic Book Heroes 1975 Golden Anniversary - Gold Mini-Diamonds,100,0,1,1,0
2022,2022 Upper Deck Marvel Unbound - 2022 Upper Deck Marvel Unbound,52,0,1,1,0
2025,2025 Topps Chrome Marvel - Air Marvel Shadowbox,10,0,1,1,1
2026,Comic Book Artist Autographs - Red,29,0,0,0,0
2015,2015 Rittenhouse Marvel The Avengers Silver Age - Silver,22,0,0,0,0
2025,2025 Kakawow Aura Marvel - The Legend of Iron Man Silver,2,0,0,0,0
2024,2024 SkyBox Metal Universe Marvel Avengers - Retro White Diamond Achievements,50,0,0,0,0
2026,Superfractor 1/142,1,0,0,0,0
2023,2023-24 Upper Deck Marvel Annual - Variant Cover Printing Plates Black,100,0,0,0,0
2016,2016 Upper Deck Marvel Annual - Printing Plate Magenta,100,0,0,0,0
2023,2023 Upper Deck Marvel Thor Love and Thunder - Friends From Work Red Autographs,6,0,0,0,0
2015,2015 Rittenhouse Marvel: Agents of S.H.I.E.L.D. Season 1 - 2015 Rittenhouse Marvel: Agents of S.H.I.E.L.D. Season 1,17,0,0,0,0
2024,2024 Upper Deck Marvel Guardians of the Galaxy Vol 3 - One Last Ride Printing Plates Cyan,7,0,0,0,0
2023,2023 Fleer Ultra Marvel Wolverine - Gold Rainbow Foil,100,0,0,0,0
2017,2017 Upper Deck Marvel Premier - Classic Art Shadowbox Achievement,5,0,0,0,0
2023,2023 Upper Deck Marvel Wandavision - 1970s One Lifetime or Another Film Cels,6,0,0,0,0
2018,2018-19 Upper Deck Marvel Annual - Top 10 Heroes Printing Plates Black,10,0,0,0,0
2015,2015 Fleer Retro Marvel - 1992 Impel Uncanny X-Men Printing Plate Yellow,15,0,0,0,0
2023,2023 Fleer Ultra Marvel Midnight Sons - Thaumaturgical Artifacts Blue,9,0,0,0,0
2023,2023 Upper Deck Marvel Allegiance: The Infinity Trilogy - Yellow Crackle,28,0,0,0,0
2023,2023 Upper Deck Marvel Wandavision - Sketch Artists,1,0,0,0,0
2018,2018 Upper Deck Marvel Masterpieces - What If Clear Achievements,3,0,0,0,0
2019,2019-20 Upper Deck Marvel Annual - Pack Wars,2,0,0,0,0
2026,Superfractor 1/85,1,0,0,0,0
2023,2023 Upper Deck Marvel Loki Season 1 - Orange,90,0,0,0,0
2024,2024 Upper Deck Marvel Masterpieces Nahuel Grego - Mirage,15,0,0,0,0
2026,Superfractor 1/174,1,0,0,0,0
2025,2025 Topps Chrome Marvel Studios - TVA Pruning Red Shimmer Refractor,25,0,0,0,0
2007,2007 Rittenhouse Spider-Man 3 - Dealer Incentive Sketches,1,0,0,0,0
2024,2024 Upper Deck Marvel Studios Series 1 - SP Authentic Future Watch Retros,10,0,0,0,0
2002,2002 FilmCardz Spider-Man - Retail,9,0,0,0,0
2021,2021 Upper Deck Marvel Black Diamond - Infinity Stones Diamond Relics,70,0,0,0,0
2023,2023 Upper Deck Marvel Doctor Strange in the Multiverse of Madness - Is There A Doctor In The House Black,20,0,0,0,0
2023,2023 Upper Deck Marvel Thor Love and Thunder - Ensemble Autographs,12,0,0,0,0
2007,2007 Rittenhouse Spider-Man 3 - Venom,3,0,0,0,0
2023,2023 Fleer Ultra Marvel Midnight Sons - Strange Tales Green,18,0,0,0,0
2014,2014 Upper Deck Marvel Premier - Triple Panel Sketch Booklets,1,0,0,0,0
2015,2015 Upper Deck Marvel Ant-Man - Sketch Artists,1,0,0,0,0
2026,Superfractor 1/7,1,0,0,0,0
2018,2018 Fleer Ultra X-Men - Achievements,2,0,0,0,0
2024,2024 Upper Deck Marvel Masterpieces Nahuel Grego - Canvas Gallery Printing Plates Black,10,0,0,0,0
2012,2012 Upper Deck Marvel Beginnings S3 - 2012 Upper Deck Marvel Beginnings S3,99,0,0,0,0
2012,2012 Upper Deck Marvel Beginnings S3 - Sketches,1,0,0,0,0
2025,2025 Topps Chrome Marvel - Red Shimmer,100,0,0,0,0
2023,2023 Upper Deck Marvel Anime Vol. 2 - Wolverine’s Journey Artist Autographs,25,0,0,0,0
2023,2023 Upper Deck Marvel Doctor Strange in the Multiverse of Madness - 2023 Upper Deck Marvel Doctor Strange in the Multiverse of Madness,75,0,0,0,0
2021,2021 Upper Deck Marvel Black Diamond - Diamond Shards Dual Relics,8,0,0,0,0
2023,2023 Upper Deck Marvel Premier - Red Foil,50,0,0,0,0
2024,2024 SkyBox Metal Universe Marvel Avengers - Retro Precious Metal Gems Red,43,0,0,0,0
2024,2024 Upper Deck Marvel Guardians of the Galaxy Vol 3 - Vol. 3 Speckle,20,0,0,0,0
2023,2023 Upper Deck Marvel Moon Knight - Gun Metal,90,0,0,0,0
2024,2024 Finding Unicorn Marvel Comics Universe Evolution - First Appearance Gold,14,0,0,0,0
2023,2023 Upper Deck Marvel Guardians of the Galaxy Vol. 3 Weekly - SSP Variants,3,0,0,0,0
2024,2024 Upper Deck Marvel Guardians of the Galaxy Vol 3 - Stop Motion Blue,10,0,0,0,0
2023,2023 Upper Deck Marvel Hawkeye - All Wrapped Up Silver,10,0,0,0,0
2023,2023 Upper Deck Marvel Wandavision - 1960s One Lifetime or Another Film Cels,6,0,0,0,0
2009,2009 Rittenhouse Spider-Man Archives - Promos,43,0,0,0,1
2025,2025 Topps Chrome Sapphire Edition Marvel Studios - Sketch Artists Gold Foil,1,0,0,0,0
2024,2024 Upper Deck Marvel Masterpieces Nahuel Grego - Canvas Gallery Gold,10,0,0,0,0
2022,2022 Upper Deck Allure Marvel Studios - Sunrise,91,0,0,0,0
2024,2024 Upper Deck Marvel Studios Series 1 - Fluorescence Gold,25,0,0,0,0
2026,Superfractor 1/73,1,0,0,0,0
2025,2025 Kakawow Aura Marvel - Marvel 80s Legends Gold,10,0,0,0,0
2018,2018 Upper Deck Marvel's The Defenders - 2018 Upper Deck Marvel's The Defenders,24,0,0,0,0
2015,2015 Upper Deck Marvel Vibranium - Universal Heroes Printing Plates Magenta,20,0,0,0,0
2023,2023 Upper Deck Marvel Hawkeye - 2023 Upper Deck Marvel Hawkeye,1,0,0,0,0
2023,2023 Upper Deck Marvel Wandavision - 1990s One Lifetime or Another Film Cels,6,0,0,0,0
2024,2024 Upper Deck Marvel Studios Series 2: Cinematic - Jumbo,14,0,0,0,0
2023,2023 Fleer Ultra Marvel Midnight Sons - Cracks in the Tombstones,10,0,0,0,0
2023,2023 Upper Deck Marvel Doctor Strange in the Multiverse of Madness - Ensemble,25,0,0,0,0
2026,Finest Autographs - Green Refractor,13,0,0,0,0
2025,2025 Topps Chrome Sapphire Edition Marvel Studios - Sapphire Selections Orange Sapphire,10,0,0,0,0
2012,2012 Upper Deck Marvel Beginnings S3 - Ultimate Focus Panel Comic Cuts,11,0,0,0,0
2022,2022 Upper Deck Spider-Man: Into the Spider-Verse - In the Vault Character Patches Manufactured Relics Ultimate Gold,1,0,0,0,0
2008,2008 Upper Deck Marvel Masterpieces Set 3 - Writer Autographs,25,0,0,0,0
2011,2011 Rittenhouse Marvel: Dangerous Divas - Promo,5,0,0,0,0
2023,2023 Upper Deck Marvel Eternals - Green,59,0,0,0,0
2016,2016 Upper Deck Marvel Doctor Strange - Strange Change,8,0,0,0,0
2016,2016 Upper Deck Marvel Gems - Diamond Cut Round,2,0,0,0,0
2025,The Collectors Museum,4,0,0,0,0
2025,2025 Topps Chrome Marvel - Air Marvel Black Refractor,10,0,0,0,0
2023,2023 Upper Deck Marvel Allegiance: Avengers vs X-Men - Chapters Rainbow,20,0,0,0,0
2023,2023 Upper Deck Marvel Hawkeye - Trial by Combat Metal,28,0,0,0,0
2015,2015 Upper Deck Marvel Vibranium - In Memoriam,1,0,0,0,0
2023,2023 Upper Deck Marvel Shang-Chi and the Legend of the Ten Rings - Autographs,14,0,0,0,0
2023,2023 Upper Deck Marvel Premier - Blue Foil,50,0,0,0,0
2023,2023 Upper Deck Marvel Thor Love and Thunder - Ensemble,20,0,0,0,0
2026,Superfractor 1/133,1,0,0,0,0
2008,2008 Upper Deck Marvel Masterpieces Set 3 - Marvel Moments,9,0,0,0,0
2025,2025 Kakawow Aura Marvel - Script Art Double Gold,4,0,0,0,0
2017,2017 Fleer Ultra Marvel Spider-Man - Team Ups Printing Plate Black,11,0,0,0,0
2024,2024 Upper Deck Marvel Masterpieces '92 Platinum - Variant Cover Printing Plate Achievements Cyan,100,0,0,0,0
2021,2021 SkyBox Metal Universe Marvel Spider-Man - Z-Force Spectacular Rave,50,0,0,0,0
2023,2023 Upper Deck Marvel Eternals - Preliminary Profiles Metal,10,0,0,0,0
2022,"2022 Upper Deck Marvel Beginnings Volume 2, Series 1 - Purple Border",100,0,0,0,0
2022,2022-23 Upper Deck Marvel Annual - Number 1 Spot Printing Plate Yellow,25,0,0,0,0
2026,Green Refractor,100,0,0,0,0
2020,2020 Upper Deck Marvel Anime - Capsule Characters Green,5,0,0,0,0
2023,2023 Upper Deck Marvel Allegiance: The Infinity Trilogy - Infinity Gems Soul,3,0,0,0,0
2008,2008 Upper Deck Marvel Masterpieces Set 2 - Promos,5,0,0,0,0
2025,2025 Kakawow Aura Marvel - Marvel's Heroic Dawn The Fantastic Four Green,4,0,0,0,0
2024,2024 Upper Deck Marvel Studios Series 2: Cinematic - UD Canvas,22,0,0,0,0
2023,2023 Finding Unicorn Marvel Infinity Saga Origin - Printing Plates Cyan,100,0,0,0,0
2025,2025 Kakawow Aura Marvel - Major Events Blue,6,0,0,0,0
2024,2024 Upper Deck Marvel Masterpieces '92 Platinum - Battle Spectrum Printing Plate Achievements Cyan,5,0,0,0,0
2026,Superfractor 1/3,1,0,0,0,0
2024,2024 Upper Deck Marvel Guardians of the Galaxy Vol 3 - Vol. 3 Printing Plates Black,20,0,0,0,0
2022,2022 Upper Deck Allure Marvel Studios - Infinity Stones Mind Stone Gold,20,0,0,0,0
2016,2016 Upper Deck Marvel Annual - Top 10 Issues Printing Plate Yellow,10,0,0,0,0
2022,2022 Upper Deck Marvel Unbound - Rainbow Foil,52,0,0,0,0
2025,2025 Topps Chrome Marvel Studios - Captain America: Brave New World Gold Refractor,25,0,0,0,0
2023,2023 Upper Deck Marvel Shang-Chi and the Legend of the Ten Rings - Night Adventures Printing Plate Achievements Magenta,10,0,0,0,0
2012,2012 Rittenhouse Marvel Bronze Age - White Plastic,15,0,0,0,0
2026,Superfractor 1/42,1,0,0,0,0
2017,2017 Fleer Ultra Marvel Spider-Man - Coin Cards,6,0,0,0,0
2026,Superfractor 1/8,1,0,0,0,0
2012,2012 Upper Deck Marvel Beginnings S2 - Breakthrough Issues Autographs,53,0,0,0,0
2022,2022-23 Upper Deck Marvel Annual - Silver Sparkle Printing Plates Black,91,0,0,0,0
2026,Superfractor 1/58,1,0,0,0,0
2023,2023 Upper Deck Funko Pop Marvel Infinity Saga - Spectrum Facsimile Signature,100,0,0,0,0
2012,2012 Upper Deck Marvel Beginnings S3 - Printing Plates Magenta,100,0,0,0,0
2025,2025 Topps Chrome Sapphire Edition Marvel Studios - Sapphire Selections,10,0,0,0,0
2013,2013 Upper Deck Iron Man 3 - Palladium Poisoned Foil,4,0,0,0,0
2025,2025 Kakawow Aura Marvel - Villains of Marvel Silver,10,0,0,0,0
2026,Superfractor 1/165,1,0,0,0,0
2023,2023 Fleer Ultra Marvel Midnight Sons - Gold Rainbow,100,0,0,0,0
2026,Superfractor 1/37,1,0,0,0,0
2023,2023 Upper Deck Marvel Thor Love and Thunder - Omnipotence City,18,0,0,0,0
2014,2014 Upper Deck Marvel Premier - Emotion Printing Plates Magenta,18,0,0,0,0
2016,2016 Upper Deck Marvel Masterpieces - What If... - Printing Plates Black,90,0,0,0,0
2024,2024 Topps Chrome Sapphire Edition Marvel - Wolverine 50th Anniversary (Iconic Moments) Black Sapphire,5,0,0,0,0
2022,2022 Fleer Ultra Marvel Avengers - Medallions Emerald Green,33,0,0,0,0
2025,2025 Kakawow Aura Marvel - Script Art Double Green,4,0,0,0,0
2025,2025 Topps Chrome Marvel - Orange Lava,100,0,0,0,0
2023,2023 Upper Deck Marvel Loki Season 1 - Time Theater Film Cels,36,0,0,0,0
2024,2024 Upper Deck Marvel Studios Series 2: Cinematic - Outburst Red,29,0,0,0,0
2007,2007 Rittenhouse Spider-Man 3 - Behind-the-Scenes,1,0,0,0,0
2025,2025 Topps Chrome Marvel - Blue & Green Shimmer,100,0,0,0,1
1980,1980 Terrabusi Marvel Comics Superhero (Spain) - Pogs,48,0,0,0,1
2026,Superfractor 1/162,1,0,0,0,0
2024,2024 Topps Chrome Marvel - Gold Refractor,1,0,0,0,0
2020,2020 Upper Deck Marvel Ages - Comic Clippings Autographs,28,0,0,0,0
2024,2024 Upper Deck Marvel Guardians of the Galaxy Vol 3 - Ensemble Green,15,0,0,0,0
2025,2025 Topps Mint Marvel - Chrome Red,92,0,0,0,0
2025,2025 Topps Chrome Marvel Studios - Agatha All Along Autographs,1,0,0,0,0
2024,2024 Upper Deck Marvel Spider-Man Renditions - Printing Plates Yellow,90,0,0,0,0
1980,1980 Terrabusi Marvel Comics Superhero (Spain) - Stickers,24,0,0,0,0
2022,2022 SkyBox Marvel Masterpieces - Battle Spectrum Green Autograph,12,0,0,0,0
2023,2023 Upper Deck Marvel Wandavision - We Are an Unusual Couple Printing Plates Yellow,18,0,0,0,0
2017,2017 Fleer Ultra Marvel Spider-Man - Team Ups Printing Plate Cyan,11,0,0,0,0
2026,Astonishing - Black,10,0,0,0,0
2026,Negative Zone - Red Kaleidoscope,100,0,0,0,0
2026,Adversaries - Orange,20,0,0,0,0
2026,Varied Visage: AoA Autographs,11,0,0,0,0
2023,2023 Upper Deck Marvel Loki Season 1 - Purple,90,0,0,0,0
2012,2012 Upper Deck Marvel Beginnings S2 - Avengers Die Cut,45,0,0,0,0
2017,2017 Upper Deck Marvel Premier - Blue,3,0,0,0,0
2008,2008 Upper Deck Marvel Masterpieces Set 3 - Marvel Knights,8,0,0,0,0
2019,2019 Upper Deck Marvel Spider-Man Far From Home - Sketch Artists,1,0,0,0,0
2023,2023 Upper Deck Marvel What If…? - Frozen in Time Cosmic,7,0,0,0,0
2026,Superfractor 1/79,1,0,0,0,0
2017,2017 Fleer Ultra Marvel Spider-Man - Coin Cards Autographs,14,0,0,0,0
2023,2023 Upper Deck Marvel Shang-Chi and the Legend of the Ten Rings - Silver,70,0,0,0,0
2023,2023 Upper Deck Spider-Man: No Way Home - Red Foil,40,0,0,0,0
2025,2025 Topps Chrome Marvel Studios - Avengers Shadowbox Superfractor,20,0,0,0,0
2023,2023 Upper Deck Marvel Doctor Strange in the Multiverse of Madness - Dimensional,35,0,0,0,0
2023,2023 Fleer Throwbacks '89 Marvel Edition - Blue,30,0,0,0,0
2023,2023-24 Upper Deck Marvel Annual - Hologram Printing Plates Black,100,0,0,0,0
2021,2021 Upper Deck Marvel Black Diamond - Exquisite Collection Green,49,0,0,0,0
2018,2018 Fleer Ultra X-Men - X-Men '92 Gold Foil,9,0,0,0,0
2023,2023 Upper Deck Marvel Thor Love and Thunder - Black & White,80,0,0,0,0
2024,2024 Upper Deck Marvel Guardians of the Galaxy Vol 3 - One Last Ride Blue Speckle,7,0,0,0,0
1997,1997 Ultra Spider-Man - 1997 Ultra Spider-Man,4,0,0,0,0
2019,2019 Upper Deck Marvel Agents of S.H.I.E.L.D. Compendium - Printing Plates Magenta,100,0,0,0,0
2026,Superfractor 1/152,1,0,0,0,0
2023,2023 Finding Unicorn Marvel’s Avengers 60th Anniversary - Green,63,0,0,0,0
2024,2024 Upper Deck Marvel Masterpieces '92 Platinum - Variant Cover Printing Plate Achievements Yellow,100,0,0,0,0
2023,2023 Upper Deck Marvel Wandavision - S.W.O.R.D. Profiles Printing Plates Magenta,10,0,0,0,0
2021,2021-22 Upper Deck Marvel Annual - Suspended Animation,1,0,0,0,0
2017,2017 Fleer Ultra Marvel Spider-Man - Preserved Amber City Scape,1,0,0,0,0
2023,2023 Upper Deck Funko Pop Marvel Infinity Saga - Funko Art Confetti Bomb,11,0,0,0,0
2017,2017 Upper Deck Marvel Guardians of the Galaxy Vol. 2 - Precious Metal Gems Purple Achievements,6,0,0,0,0
2019,2019-20 Upper Deck Marvel Annual - Number 1 Spot Printing Plates Yellow,25,0,0,0,0
2018,2018-19 Upper Deck Marvel Annual - Printing Plates Yellow,100,0,0,0,0
2025,2025 Topps Chrome Marvel Studios - TVA Pruning Superfractor,25,0,0,0,0
2025,2025 Topps Chrome Marvel Studios - TVA Pruning Black Shimmer Refractor,25,0,0,0,0
2026,Superfractor 1/71,1,0,0,0,0
2012,2012 Upper Deck Marvel Beginnings S2 - Printing Plates Yellow,100,0,0,0,0
2017,2017 Upper Deck Marvel Annual - Sketches,1,0,0,0,0
2025,2025 Topps Chrome Marvel - Marvel Reflections Shimmer,4,0,0,0,0
2025,2025 Kakawow Phantom Marvel Rivals - Tier #/5,100,0,0,0,0
2023,2023 Fleer Ultra Marvel Wolverine - Sketch Artists,37,0,0,0,0
2020,2020-21 Upper Deck Marvel Annual - Printing Plates Black,100,0,0,0,0
2023,2023 Upper Deck Marvel Allegiance: The Infinity Trilogy - Expeditionary Force Printing Plates Black,30,0,0,0,0
2009,2009 Rittenhouse X-Men Archives - Legendary Heroes,1,0,0,0,0
2023,2023 Upper Deck Marvel What If…? - Black Diamond Red Foil,29,0,0,0,0
2024,2024 Topps Chrome Marvel - Topps Patrimony SuperFractor,11,0,0,0,0
2019,2019 Flair Marvel - Stained Glass Photo Variants,15,0,0,0,0
2023,2023 Upper Deck Marvel Wandavision - S.W.O.R.D. Profiles Printing Plates Yellow,10,0,0,0,0
2025,2025 Topps Chrome Marvel Studios - The Snap Variations Orange Refractor,100,0,0,0,0
2025,2025 Topps Chrome Marvel - X-Men Giant Size 50th Anniversary SuperFractor,10,0,0,0,0
2024,2024 Fleer Throwbacks '59-63 Marvel Edition - 1961-62 Fleer Purple,30,0,0,0,0
2024,2024 Upper Deck Marvel Guardians of the Galaxy Vol 3 - Ensemble Printing Plates Cyan,15,0,0,0,0
2023,2023 Upper Deck Marvel The Falcon and The Winter Soldier - Character Profiles,10,0,0,0,0
2018,2018 Upper Deck Marvel Avengers Infinity War - Sketch Artists,1,0,0,0,0
2023,2023 Upper Deck Marvel The Falcon and The Winter Soldier - Behind the Scenes Printing Plates Magenta,15,0,0,0,0
2024,2024 Fleer Throwbacks '59-63 Marvel Edition - Sketches Achievements,1,0,0,0,0
2021,2021 SkyBox Metal Universe Marvel Spider-Man - Z-Force Amazing Rave,50,0,0,0,0
1997,1997 Fleer/SkyBox X-Men 2099 Oasis - 1997 Fleer/SkyBox X-Men 2099 Oasis,5,0,0,0,0
2015,2015 Upper Deck Marvel Vibranium - Printing Plates Yellow,90,0,0,0,0
2025,2025 Topps Chrome Marvel - Avengers Infinity Red Wave Refractor,6,0,0,0,0
2002,2002 FilmCardz Spider-Man - Promos,1,0,0,0,0
2023,2023 Upper Deck Marvel Moon Knight - Balance the Scales Short Prints,10,0,0,0,0
2023,2023 Upper Deck Marvel Moon Knight - Fist of Vengeance,20,0,0,0,0
2019,2019-20 Upper Deck Marvel Annual - Humble Beginnings Printing Plates Yellow,10,0,0,0,0
2024,2024 SkyBox Metal Universe Marvel Avengers - Printing Plate Magenta,100,0,0,0,0
2017,2017 Upper Deck Marvel Guardians of the Galaxy Vol. 2 - Silver Foil,90,0,0,0,0
2023,2023 Upper Deck Marvel Wandavision - Mind Stone Yellow,72,0,0,0,0
2017,2017 Fleer Ultra Marvel Spider-Man - Marvel Metal,1,0,0,0,0
2021,2021 SkyBox Metal Universe Marvel Spider-Man - Blue Light FX,100,0,0,0,0
2022,2022 Fleer Ultra Marvel Avengers - Artist Spotlight Blue Foil,10,0,0,0,0
2017,2017 Upper Deck Marvel Guardians of the Galaxy Vol. 2 - Blue Foil,90,0,0,0,0
2021,2021 Upper Deck Marvel Unbound - 2021 Upper Deck Marvel Unbound,52,0,0,0,0
2019,2019-20 Upper Deck Marvel Annual - Humble Beginnings Printing Plates Magenta,10,0,0,0,0
2024,2024 Upper Deck Marvel Black Panther Wakanda Forever - Prominent Profiles Blue,10,0,0,0,0
2026,Superfractor 1/55,1,0,0,0,0
2024,2024 Upper Deck Marvel Avengers - Battle Time Green,25,0,0,0,0
2026,Superfractor 1/106,1,0,0,0,0
2026,Screen Moments - Gold,20,0,0,0,0
2023,2023 Upper Deck Marvel Wandavision - 1990s Classic Sitcom Signatures,4,0,0,0,0
2023,2023 Upper Deck Marvel The Marvels Weekly - SP Variants,3,0,0,0,0
2023,2023 Upper Deck Marvel The Falcon and The Winter Soldier - Who Will Wield the Shield?,18,0,0,0,0
2015,2015 Upper Deck Marvel Vibranium - Double Patches,19,0,0,0,0
2026,Superfractor 1/40,1,0,0,0,0
2022,2022 SkyBox Marvel Masterpieces - Holofoil Checkerboard,20,0,0,0,0
2023,2023 Fleer Ultra Marvel Midnight Sons - Cracks in the Tombstones Minis Black,25,0,0,0,0
2026,Dual Autographs - Orange,6,0,0,0,0
2023,2023 Upper Deck Marvel Allegiance: The Infinity Trilogy - Red Diamonds,60,0,0,0,0
2023,2023 Upper Deck Marvel Platinum - Creator Art Variant Yellow Rainbow,10,0,0,0,0
2023,2023 Upper Deck Marvel Shang-Chi and the Legend of the Ten Rings - Night Adventures Gold Autographs,8,0,0,0,0
2018,2018 Upper Deck Marvel Avengers Infinity War - Film Cels,5,0,0,0,0
2019,2019 Upper Deck Marvel Agents of S.H.I.E.L.D. Compendium - Printing Plates Black,100,0,0,0,0
2017,2017 Upper Deck Marvel Annual - Top 10 Story Arcs Printing Plates Black,10,0,0,0,0
2023,2023 Fleer Throwbacks '89 Marvel Edition - Glossy Gold,30,0,0,0,0
2019,2019 Upper Deck Marvel Premier - Purple,3,0,0,0,0
2013,2013 Upper Deck Iron Man 3 - Heroic Threads Quad,4,0,0,0,0
2024,2024 Fleer Throwbacks '59-63 Marvel Edition - Sketches,1,0,0,0,0
2026,Topps Patrimony Refractors,5,0,0,0,0
2026,Superfractor 1/124,1,0,0,0,0
2016,2016 Upper Deck Marvel Gems - Printing Plates Magenta,60,0,0,0,0
2023,2023 Upper Deck Marvel Eternals - Eternals vs Deviants Black,20,0,0,0,0
2026,Marvel Quad Facsimile Autographs,2,0,0,0,0
2024,2024 Upper Deck Marvel Black Panther Wakanda Forever - Printing Plates Magenta,90,0,0,0,0
2018,2018 Fleer Ultra X-Men - X-Cuts Black,2,0,0,0,0
2023,2023 Upper Deck Marvel Platinum - Platinum Duos Mosaic,25,0,0,0,0
2023,2023 Upper Deck Marvel Allegiance: The Infinity Trilogy - Purple Boxes,41,0,0,0,0
2025,2025 Topps Chrome Marvel Studios - TVA Pruning,25,0,0,0,0
2024,2024 Upper Deck Marvel Studios Series 1 - Outburst Red,35,0,0,0,0
2021,2021 Upper Deck Marvel Black Diamond - Exquisite Collection Sketches,4,0,0,0,0
2024,2024 SkyBox Marvel Masterpieces XL - Yellow Printing Plates,20,0,0,0,0
2025,2025 Kakawow Phantom Marvel Rivals - First Anniversary Gold,37,0,0,0,0
2023,2023 Finding Unicorn Marvel Infinity Saga Origin - Printing Plates Yellow,100,0,0,0,0
2025,2025 Topps Chrome Marvel - Marvel Comics Facsimile Autographs Orange,3,0,0,0,0
2019,2019 Upper Deck Marvel Premier - Color Box,12,0,0,0,0
2026,Superfractor 1/111,1,0,0,0,0
2017,2017 Upper Deck Marvel Spider-Man Homecoming - Artist Sketches,1,0,0,0,0
2025,2025 Kakawow Phantom Marvel Rivals - Double Diamond,37,0,0,0,0
2025,2025 Kakawow Phantom Marvel Rivals - It's Jeff!,10,0,0,0,0
2023,2023 Upper Deck Marvel Doctor Strange in the Multiverse of Madness - America's Allies Black,10,0,0,0,0
2023,2023 Upper Deck Marvel Wandavision - Welcome to Westview Printing Plates Magenta,15,0,0,0,0
2024,2024 Topps Chrome Sapphire Edition Marvel - Authentic Marvel Comic Book Artist Autograph Cards Papradascha,6,0,0,0,0
2025,2025 Kakawow Aura Marvel - Green Gems,60,0,0,0,0
2023,2023 Fleer Ultra Marvel Midnight Sons - Medallions Purple Amethyst,50,0,0,0,0
2015,2015 Fleer Retro Marvel - 1982 Fleer Printing Plate Black,21,0,0,0,0
2023,2023 Upper Deck Marvel Shang-Chi and the Legend of the Ten Rings - Higher Plane of Excellence Film Cels,32,0,0,0,0
2021,2021 Upper Deck Marvel Black Widow - Sisterhood,8,0,0,0,0
2022,2022 Fleer Ultra Marvel Avengers - Printing Plates Yellow,100,0,0,0,0
2026,Superfractor 1/74,1,0,0,0,0
2026,Superfractor 1/32,1,0,0,0,0
2023,2023 Upper Deck Marvel Allegiance: The Infinity Trilogy - Blue Swirl,79,0,0,0,0
2026,Superfractor 1/145,1,0,0,0,0
2021,2021-22 Upper Deck Marvel Annual - Red,95,0,0,0,0
2024,2024 Upper Deck Marvel Masterpieces '92 Platinum - Corner Box Creations Printing Plate Achievements Yellow,20,0,0,0,0
2023,2023 Upper Deck Marvel Thor Love and Thunder - Hammer Die Cut,80,0,0,0,0
2023,2023 Flair Marvel - Iridescence Orange Achievements,27,0,0,0,0
2026,Superfractor 1/168,1,0,0,0,0
2025,2025 Topps Chrome Marvel Studios - Fantastic Four: First Steps Black Refractor,11,0,0,0,0
1976,1976 Topps Marvel Super Heroes Stickers - Conan Puzzle & Checklist,1,0,0,0,1
2026,Superfractor 1/190,1,0,0,0,0
2015,2015 Upper Deck Marvel Dossier - Dog Tags,20,0,0,0,0
2018,2018 Upper Deck Marvel Masterpieces - Uncut Sheet Redemption,3,0,0,0,0
2023,2023 Finding Unicorn Marvel Infinity Saga Origin - Purple,100,0,0,0,0
2023,2023 Upper Deck Marvel Hawkeye - All Wrapped Up Green,10,0,0,0,0
2022,2022-23 Upper Deck Marvel Annual - Printing Plates Cyan,100,0,0,0,0
2025,2025 Topps Chrome Marvel - X-Men Giant Size 50th Anniversary,10,0,0,0,0
2023,2023 Upper Deck Marvel Ant-Man and the Wasp: Quantumania Weekly - Chibi Variants,3,0,0,0,0
2025,2025 Kakawow Aura Marvel - Aura White Peacock,84,0,0,0,0
2024,2024 SkyBox Marvel Masterpieces XL - Sketch Artists,1,0,0,0,0
2024,2024 Upper Deck Marvel Black Panther Wakanda Forever - Radiant Royalty,20,0,0,0,0
2023,2023 Upper Deck Marvel Doctor Strange in the Multiverse of Madness - Pure Madness Blue,20,0,0,0,0
2024,2024 Topps Chrome Marvel - Orange Refractor,3,0,0,0,0
2023,2023 Fleer Ultra Marvel Midnight Sons - Cracks in the Tombstones Minis Red,25,0,0,0,0
2023,2023 Upper Deck Marvel Shang-Chi and the Legend of the Ten Rings - Patina,70,0,0,0,0
2023,2023 Upper Deck Marvel Premier - Oversized Sketch Cards,1,0,0,0,0
2021,2021 SkyBox Metal Universe Marvel Spider-Man - Z-Force Super Rave,50,0,0,0,0
2023,2023 Upper Deck Spider-Man: No Way Home - The Multiverse is Real Acetate Gold,1,0,0,0,0
2025,2025 Topps Chrome Marvel Studios - Shimmer Refractor,97,0,0,0,1
2026,Superfractor 1/195,1,0,0,0,0
2023,2023 Upper Deck Marvel Wandavision - Welcome to Westview Red,15,0,0,0,0
2024,2024 Topps Chrome Sapphire Edition Marvel - Papradascha Sapphire,68,0,0,0,0
2023,2023 Upper Deck Marvel Hawkeye - Center of Mass Achievements,7,0,0,0,0
2024,2024 Upper Deck Women of Marvel - Battle Time - Foil Lt Fx - Copper,25,0,0,0,0
2023,2023 Upper Deck Marvel The Falcon and The Winter Soldier - Printing Plates Cyan,90,0,0,0,0
2023,2023 Upper Deck Marvel Premier - Triple-Panel Sketch Cards,1,0,0,0,0
2023,2023 Upper Deck Marvel Doctor Strange in the Multiverse of Madness - Ensemble Cyan,25,0,0,0,0
2025,2025 Kakawow Phantom Marvel Rivals - S1 Season Reward Black,37,0,0,0,0
2023,2023 Upper Deck Marvel What If…? - Medallion Violet,22,0,0,0,0
2021,2021 Upper Deck Marvel Black Diamond - Exquisite Collection Purple,49,0,0,0,0
2023,2023 Upper Deck Marvel Shang-Chi and the Legend of the Ten Rings - Printing Plate Achievements Black,70,0,0,0,0
2024,2024 Upper Deck Marvel Black Panther Wakanda Forever - Noble Funerals Purple,10,0,0,0,0
2023,2023 Upper Deck Marvel Allegiance: Avengers vs X-Men - Purple Cosmic,17,0,0,0,0
2022,2022-23 Upper Deck Marvel Annual - 2022 Super Heroes of the Year Printing Plate Achievements Yellow,10,0,0,0,0
2023,2023 Upper Deck Funko Pop Marvel Infinity Saga - Convention,11,0,0,0,0
2026,Astonishing - SuperFractor,10,0,0,0,0
2024,2024 Upper Deck Marvel Black Panther Wakanda Forever - Submerged,20,0,0,0,0
2024,2024 Upper Deck Marvel Beginnings Volume 2 Series 2 - First Appearance Variants,50,0,0,0,0
2015,2015 Fleer Retro Marvel - 1995 Flair Origins Printing Plate Magenta,30,0,0,0,0
2016,2016 Upper Deck Marvel Masterpieces - Silver Spectrum Autograph,1,0,0,0,0
2024,2024 Fleer Ultra Matriarchs of Marvel - Collectible Covers,9,0,0,0,0
2023,2023 Upper Deck Marvel Platinum - Cover Variant Purple Pixel,174,0,0,0,0
2024,2024 Finding Unicorn Marvel Comics Universe Evolution - Green,100,0,0,0,0
1992,1992 Impel The Uncanny X-Men - Nelsonic,25,0,0,0,0
2021,2021 SkyBox Metal Universe Marvel X-Men - Gold Buillon,8,0,0,0,0
2023,2023 Upper Deck Marvel The Falcon and The Winter Soldier - Honor of Duty Achievements,9,0,0,0,0
2025,2025 Kakawow Aura Marvel - The Legend of Iron Man Blue,5,0,0,0,0
2026,Blacklight - Neon Green Lava Refractor,100,0,0,0,0
2022,2022 Fleer Ultra Marvel Avengers - Jambalaya,1,0,0,0,0
2021,2021 Upper Deck Marvel Black Diamond - Polished Patches Jumbo,7,0,0,0,0
2023,2023 Upper Deck Marvel Shang-Chi and the Legend of the Ten Rings - Neon Puzzle Patches,6,0,0,0,0
2024,2024 Upper Deck Marvel Masterpieces '92 Platinum - Variant Cover Golden Treasures,100,0,0,0,0
2024,2024 Upper Deck Marvel Beginnings Volume 2 Series 2 - Printing Plates Yellow,100,0,0,0,0
2021,2021-22 Upper Deck Marvel Annual - Printing Plates Magenta,100,0,0,0,0
2023,2023 Upper Deck Marvel What If…? - 1990 Marvel Universe Printing Plates Yellow,50,0,0,0,0
2025,2025 Topps Chrome Sapphire Edition Marvel - Purple Sapphire,100,0,0,0,0
1997,1997 Fleer Spider-Man - Marvel OverPower Characters,1,0,0,0,0
2022,2022 Fleer Ultra Marvel Avengers - 1st Appearances Red Foil,2,0,0,0,0
2022,2022 Fleer Ultra Marvel Avengers - Checkmate Black Gilbert Martimiano Artist Auto,20,0,0,0,0
2013,2013 Fleer Retro Marvel - Intimidation Nation,20,0,0,0,0
2021,2021-22 Upper Deck Marvel Annual - Battle Booklet Sketches Thor vs. Beta Ray Bill,1,0,0,0,0
2024,2024 Topps Chrome Sapphire Edition Marvel - Red Sapphire,100,0,0,0,0
2023,2023 Upper Deck Marvel Hawkeye - Gold,100,0,0,0,0
2022,2022 Fleer Ultra Marvel Avengers - 1st Appearances Printing Plates Yellow,15,0,0,0,0
2023,2023 Upper Deck Marvel Shang-Chi and the Legend of the Ten Rings - Almost Inked Film Cels Achievements,4,0,0,0,0
2022,2022 Upper Deck Allure Marvel Studios - Storm,18,0,0,0,0
2026,Superfractor 1/44,1,0,0,0,0
2022,2022 Fleer Ultra Marvel Avengers - Ultra Power Achievements,4,0,0,0,0
2024,2024 Fleer Throwbacks '59-63 Marvel Edition - 1963 Fleer Orange,30,0,0,0,0
2018,2018 Fleer Ultra X-Men - X-Men '92 Red Foil Canvas,1,0,0,0,0
2026,Superfractor 1/33,1,0,0,0,0
2023,2023 Fleer Ultra Marvel Wolverine - X-23 Yellow Foil,10,0,0,0,0
2024,2024 Topps Chrome Marvel - Daredevil 60th Anniversary,1,0,0,0,0
2026,Superfractor 1/153,1,0,0,0,0
2023,2023 Upper Deck Marvel Shang-Chi and the Legend of the Ten Rings - Morris Patches,6,0,0,0,0
2016,2016 Upper Deck Marvel Annual - Plexi Die Cut,2,0,0,0,0
2013,2013 Fleer Retro Marvel - Sketches Variations,97,0,0,0,0
2018,2018 Upper Deck Marvel Ant-Man and the Wasp - Behind the Lens Printing Plates Cyan,15,0,0,0,0
2025,2025 Kakawow Aura Marvel - Script Art Single Blue,8,0,0,0,0
2013,2013 Rittenhouse Marvel Greatest Battles - Battle Scars,3,0,0,0,0
2020,2020-21 Upper Deck Marvel Annual - Humble Beginnings,2,0,0,0,0
2017,2017 Fleer Ultra Marvel Spider-Man - Holoblast Holograms,1,0,0,0,0
2025,2025 Topps Chrome Marvel Studios - Printing Plates Yellow,100,0,0,0,0
2023,2023 Upper Deck Marvel Thor Love and Thunder - Ensemble Hammer Die Cut,20,0,0,0,0
2022,2022 Upper Deck Allure Marvel Studios - Infinity Stones Power Stone,20,0,0,0,0
2017,2017 Upper Deck Marvel Guardians of the Galaxy Vol. 2 - Family of Oddballs,12,0,0,0,0
2025,2025 Topps Chrome Marvel Studios - Autographs Gold Refractor,1,0,0,0,0
2026,Superfractor 1/47,1,0,0,0,0
2013,2013 Upper Deck Marvel Now! - Sketch Artists,1,0,0,0,0
2023,2023 Upper Deck Marvel Eternals - Eternal Ink Horizontal Autographs,10,0,0,0,0
2023,2023 Flair Marvel - Iridescence Green Achievements,30,0,0,0,0
2024,2024 Fleer Ultra Matriarchs of Marvel - Pop Culture,44,0,0,0,0
2023,2023 Finding Unicorn Marvel’s Avengers 60th Anniversary - Shadowbox Scroll White,14,0,0,0,0
1992,1992 Impel The Uncanny X-Men - Toy Biz,99,0,0,0,0
2019,2019 Upper Deck Marvel Agents of S.H.I.E.L.D. Compendium - Character Profiles Printing Plates Yellow,20,0,0,0,0
2026,Superfractor 1/6,1,0,0,0,0
2024,2024 SkyBox Metal Universe Marvel Avengers - Sketch Cards,1,0,0,0,0
2026,Superfractor 1/117,1,0,0,0,0
2023,2023 Upper Deck Marvel Allegiance: Avengers vs X-Men - Clash Panels Comic Clippings Booklets,15,0,0,0,0
2018,2018 Upper Deck Marvel Ant-Man and the Wasp - Quantum Anomaly Triple Memorabilia,1,0,0,0,0
2018,2018 Upper Deck Marvel Ant-Man and the Wasp - Tiny Tech Printing Plates Magenta,15,0,0,0,0
2025,2025 Kakawow Phantom Marvel Rivals - Commemorative Skin Gold,37,0,0,0,0
2025,2025 Kakawow Aura Marvel - Villains of Marvel Blue,7,0,0,0,0
2024,2024 Kakawow Marvel Heroes Joy Edition Spider-Man - Spider-Man Red Gem,18,0,0,0,0
2024,2024 Upper Deck Marvel Masterpieces Nahuel Grego - Canvas Gallery Purple,10,0,0,0,0
2022,2022 Fleer Ultra Marvel Avengers - Medallions Amethyst,21,0,0,0,0
2023,2023 Fleer Ultra Marvel Midnight Sons - Cracks in the Tombstones Minis Gold,25,0,0,0,0
2026,Fantastic Science - Red,10,0,0,0,0
2018,2018-19 Upper Deck Marvel Annual - Top 10 Fights Printing Plates Black,10,0,0,0,0
2022,2022 Upper Deck Allure Marvel Studios - Red Rainbow Autographs High Series,28,0,0,0,0
2026,Superfractor 1/167,1,0,0,0,0
2026,Superfractor 1/68,1,0,0,0,0
2025,2025 Topps Mint Marvel - Foilfractor,96,0,0,0,0
2012,2012 Upper Deck Marvel Beginnings S2 - X-Men Hologram,42,0,0,0,0
1996,1996 Comic Images Conan: The Marvel Years - King Conan MagnaChrome,6,0,0,0,6
2013,2013 Fleer Retro Marvel - Ultra X-Men,30,0,0,0,0
1994,1994 Slamco Marvel Comics SlamCaps Series 2 'PrismCaps' - Hitters,1,0,0,0,0
2024,2024 Upper Deck Marvel Studios Series 2: Cinematic - Printing Plates Magenta,98,0,0,0,0
2021,2021-22 Upper Deck Marvel Annual - Battle Booklet Sketches Thor vs. Black Winter Achievements,1,0,0,0,0
2018,2018 Fleer Ultra X-Men - Dead and Gone Silver Foil,10,0,0,0,0
2023,2023 Upper Deck Marvel Shang-Chi and the Legend of the Ten Rings - Night Adventures,10,0,0,0,0
2025,2025 Kakawow Phantom Marvel Rivals - Rivals Refractor Blue,37,0,0,0,0
2023,2023 Upper Deck Marvel Doctor Strange in the Multiverse of Madness - Witchy Woman Gold,15,0,0,0,0
2015,2015 Upper Deck Marvel Vibranium - When Worlds Collide Printing Plates Black,20,0,0,0,0
2026,Superfractor 1/14,1,0,0,0,0
2015,2015 Rittenhouse Marvel: Agents of S.H.I.E.L.D. Season 2 - Autographs Silver Script,1,0,0,0,0
2023,2023 Flair Marvel - Sketch Artists,1,0,0,0,0
2024,2024 Upper Deck Marvel Studios Series 1 - Printing Plates Cyan,100,0,0,0,0
2026,Flame Throwers,8,0,0,0,0
2021,2021 Upper Deck Marvel Black Widow - Red Guardian,8,0,0,0,0
2017,2017 Upper Deck Marvel Spider-Man: Homecoming Walmart Edition - Blue Foil,5,0,0,0,0
2015,2015 Upper Deck Marvel Vibranium - In Memoriam Printing Plates Black,20,0,0,0,0
2023,2023 Fleer Ultra Marvel Midnight Sons - Spirits of Vengeance Orange,9,0,0,0,0
2024,2024 Upper Deck Marvel Unbound - Team Up Quarterly Autograph Achievements,4,0,0,0,0
2025,2025 Topps Chrome Marvel - Rose Gold Mini Diamonds,100,0,0,0,0
2024,2024 Upper Deck Marvel Studios Series 2: Cinematic - 1995 Collectors Choice SE Retros Silver Script,27,0,0,0,0
2023,2023 Upper Deck Marvel Allegiance: Avengers vs X-Men - Comic Covers Printing Plates Yellow,18,0,0,0,0
2021,2021 Upper Deck Marvel Black Diamond - Diamond Shards Triple Relics,4,0,0,0,0
2023,2023 Fleer Ultra Marvel Wolverine - Ultra Stars Gold,15,0,0,0,0
2019,2019-20 Upper Deck Marvel Annual - Fractal,2,0,0,0,0
2023,2023 Upper Deck Marvel The Falcon and The Winter Soldier - Film Cels Achievements,6,0,0,0,0
2026,Blacklight - Neon Blue Lava Refractor,100,0,0,0,0
2023,2023 Upper Deck Marvel Loki Season 1 - For All Time. Always,18,0,0,0,0
2025,2025 Kakawow Aura Marvel - Aura Purple,83,0,0,0,0
2026,Superfractor 1/11,1,0,0,0,0
2021,2021-22 Upper Deck Marvel Annual - Printing Plates Cyan,100,0,0,0,0
2026,Comic Book Artist Autographs - Orange,29,0,0,0,0
2026,Triple Autographs - Orange,1,0,0,0,0
2023,2023 Upper Deck Marvel Allegiance: Avengers vs X-Men - Green Reality,2,0,0,0,0
2024,2024 Fleer Throwbacks '59-63 Marvel Edition - Comics Greatest Spider-Man Achievements,9,0,0,0,0
2021,2021 Upper Deck Marvel Black Diamond - Exquisite Collection Blue,49,0,0,0,0
2014,2014 Upper Deck Marvel Premier - Quad Panel Sketch Booklets,1,0,0,0,0
2025,2025 Topps Chrome Marvel - Topps Patrimony Superfractor,5,0,0,0,0
2016,2016 Upper Deck Marvel Gems - Battling Beauties,2,0,0,0,0
2023,2023 Upper Deck Marvel Hawkeye - Red,100,0,0,0,0
2025,2025 Topps Chrome Marvel - Classic Comic Book Covers Black Refractor,10,0,0,0,0
2022,2022-23 Upper Deck Marvel Annual - Crystal Clear,44,0,0,0,0
2019,2019 Upper Deck Marvel Premier - Sketches Quad Panel,1,0,0,0,0
1996,1996 Fleer/SkyBox Marvel Masterpieces - Artwork Redemptions,9,0,0,0,0
2026,Chrome Autographs - Marvel Studios,6,0,0,0,0
2017,2017 Fleer Ultra Marvel Spider-Man - Deadpool Across America Printing Plate Yellow,10,0,0,0,0
2009,2009 Rittenhouse X-Men Origins: Wolverine - Classic Confrontations,1,0,0,0,0
2021,2021-22 Upper Deck Marvel Annual - Printing Plates Black,66,0,0,0,0
2014,2014 Rittenhouse Marvel 75th Anniversary - Diamond,4,0,0,0,0
2023,2023 Upper Deck Marvel Loki Season 1 - TVA’s Mission Printing Plates Black,10,0,0,0,0
2025,2025 Topps Chrome Marvel - Mask-Off Facsimile Autographs Black Refractor,3,0,0,0,0
2023,2023 Kakawow Phantom Disney 100 Marvel - My Hero,39,0,0,0,0
2023,2023 Upper Deck Marvel Loki Season 1 - 2023 Upper Deck Marvel Loki Season 1,90,0,0,0,0
2023,2023 Upper Deck Marvel Moon Knight - Midnight Blue,90,0,0,0,0
2023,2023 Fleer Ultra Marvel Midnight Sons - Strange Tales Red,18,0,0,0,0
2024,"2024 Upper Deck Marvel Guardians of the Galaxy Vol 3 - Hello, We Come in Peace Black Speckle",1,0,0,0,0
2018,2018 Upper Deck Marvel Masterpieces - Rainbow Foilboard Achievements,2,0,0,0,0
2010,2010 Rittenhouse 70 Years of Marvel Comics - Stickers,17,0,0,0,0
2026,Concept Art - Orange,20,0,0,0,0
2015,2015 Upper Deck Marvel Vibranium - Rookie Heroes Printing Plates Black,10,0,0,0,0
2026,Tribute to 1996 Finest Phenoms - Black Refractor,100,0,0,0,0
2011,2011 Rittenhouse Marvel Universe - Marvel Originals,9,0,0,0,0
2018,2018 Upper Deck Marvel Ant-Man and the Wasp - Behind the Lens Printing Plates Black,15,0,0,0,0
2023,2023 Finding Unicorn Marvel Infinity Saga Origin - Timeless Moments,28,0,0,0,0
2023,2023 Finding Unicorn Marvel Infinity Saga Origin - Ink-Wash Black,14,0,0,0,0
2026,Superfractor 1/54,1,0,0,0,0
2016,2016 Upper Deck Marvel Annual - Top 10 Story Arcs Printing Plate Yellow,10,0,0,0,0
2015,2015 Rittenhouse Marvel The Avengers Silver Age - Gold,22,0,0,0,0
2024,2024 SkyBox Metal Universe Marvel Avengers - Printing Plate Black,199,0,0,0,0
2021,2021 Upper Deck Marvel Black Diamond - 2021 Upper Deck Marvel Black Diamond,99,0,0,0,0
2026,Superfractor 1/184,1,0,0,0,0
2022,2022 Fleer Ultra Marvel Avengers - Artist Spotlight Orange Foil,9,0,0,0,0
2025,2025 Kakawow Phantom Marvel Rivals - Autograph,5,0,0,0,0
2012,2012 Upper Deck Marvel Premier - Classic Corners Patch,49,0,0,0,0
2019,2019 Upper Deck Marvel Agents of S.H.I.E.L.D. Compendium - The Plot Thickens Printing Plates Magenta,10,0,0,0,0
2000,2000 Topps X-Men The Movie - Clear Cling,11,0,0,0,0
2022,2022 Fleer Ultra Marvel Avengers - Red Foil Artist Autographs,113,0,0,0,0
2022,2022 Upper Deck Spider-Man: Into the Spider-Verse - Spider-Sigs Portraits Printing Plates Yellow,5,0,0,0,0
2025,2025 Topps Chrome Marvel Studios - Captain America: Brave New World Superfractor,25,0,0,0,0
2024,2024 Upper Deck Marvel Studios Series 2: Cinematic - Fluorescence Gold,20,0,0,0,0
2018,2018 Fleer Ultra X-Men - X-Cuts Blue,1,0,0,0,0
2024,2024 Upper Deck Marvel Studios Series 1 - HoloGrFx Green,2,0,0,0,0
2023,2023 Upper Deck Marvel Anime Vol. 2 - Kaiju Battles Artist Autographs,22,0,0,0,0
2023,2023 Fleer Ultra Marvel Wolverine - Greatest Battles Blue Foil,6,0,0,0,0
2023,2023 Upper Deck Funko Pop Marvel Infinity Saga - Glow-in-the-Dark,100,0,0,0,0
2024,2024 Topps Chrome Marvel - Marvel Giant-Size 50th Anniversary Oversized Box Topper Black Wave Refractor,1,0,0,0,0
2024,2024 Topps Chrome Sapphire Edition Marvel - Orange Sapphire,1,0,0,0,0
2025,2025 Topps Chrome Sapphire Edition Marvel Studios - Gold Sapphire,100,0,0,0,0
2022,"2022 Upper Deck Marvel Beginnings Volume 2, Series 1 - Flipped FX Printing Plates Cyan",90,0,0,0,0
2023,2023 Upper Deck Marvel Thor Love and Thunder - Thunder Silver,80,0,0,0,0
2022,2022 Fleer Ultra Marvel Avengers - 1963,171,0,0,0,0
2020,2020 SkyBox Marvel Masterpieces - Printing Plates Magenta,100,0,0,0,0
2023,2023 Upper Deck Funko Pop Marvel Infinity Saga - Confetti Bomb,79,0,0,0,0
2026,World's Greatest Comic Magazine - Red,10,0,0,0,0
2026,Superfractor 1/146,1,0,0,0,0
2024,2024 Upper Deck Marvel Black Panther Wakanda Forever - Vibranium SP,20,0,0,0,0
2023,2023 Upper Deck Marvel Doctor Strange in the Multiverse of Madness - Spell,75,0,0,0,0
2024,2024 SkyBox Metal Universe Marvel Avengers - Printing Plate Cyan,100,0,0,0,0
2023,2023 Upper Deck Marvel Allegiance: The Infinity Trilogy - Creator Autographs,86,0,0,0,0
2019,2019 Upper Deck Marvel Premier - Written in the Stars,10,0,0,0,0
2021,2021 Upper Deck Marvel Black Widow - Family Reunion,8,0,0,0,0
2023,2023 Fleer Ultra Marvel Midnight Sons - Strange Tales Orange,18,0,0,0,0
2020,2020 Upper Deck Marvel Avengers Endgame & Captain Marvel - Sketch Artists,1,0,0,0,0
2023,2023 Upper Deck Marvel Wandavision - Welcome to Westview,15,0,0,0,0
2012,2012 Upper Deck Marvel Premier - Shadowbox,38,0,0,0,0
2019,2019 Upper Deck Marvel Agents of S.H.I.E.L.D. Compendium - The Plot Thickens,10,0,0,0,0
2017,2017 Upper Deck Marvel Spider-Man Homecoming - From Queens to Screen Dual Autographs,7,0,0,0,0
2024,2024 Upper Deck Marvel Studios Series 1 - Fluorescence Blue,25,0,0,0,0
2024,2024 Topps Chrome Marvel - Marvel 90s Orange Refractor,1,0,0,0,0
2023,2023 Upper Deck Marvel Wandavision - 1980s Classic Sitcom Signatures,5,0,0,0,0
2025,2025 Topps Marvel Comic Book Heroes 1975 Golden Anniversary - Gold Flake Shimmer,4,0,0,0,0
2014,2014 Rittenhouse Marvel: Dangerous Divas 2 - Marvel 75th Anniversary,25,0,0,0,0
2014,2014 Rittenhouse Marvel Universe - Sketches,1,0,0,0,0
1998,1998 Marvel Creators Collection - Sketchagraphs,1,0,0,0,0
2015,2015 Upper Deck Marvel Vibranium - Hero Pow-Ore Printing Plates Black,20,0,0,0,0
2017,2017 Upper Deck Marvel Guardians of the Galaxy Vol. 2 - Oversized 5x7,12,0,0,0,0
2026,Superfractor 1/30,1,0,0,0,0
2026,Superfractor 1/108,1,0,0,0,0
2023,2023 Upper Deck Marvel Doctor Strange in the Multiverse of Madness - Is There A Doctor In The House,20,0,0,0,0
2024,2024 Topps Chrome Sapphire Edition Marvel - Wolverine 50th Anniversary (Iconic Moments),5,0,0,0,0
2022,2022 Upper Deck Allure Marvel Studios - Nemesis,12,0,0,0,0
2025,2025 Topps Chrome Marvel - Iron Man Gold Gold Wave,10,0,0,0,0
2000,2000 Topps X-Men The Movie - 2000 Topps X-Men The Movie,11,0,0,0,0
2020,2020-21 Upper Deck Marvel Annual - Printing Plates Yellow,100,0,0,0,0
2024,2024 Upper Deck Marvel Guardians of the Galaxy Vol 3 - Vol. 3 Printing Plates Cyan,20,0,0,0,0
2018,2018 Fleer Ultra X-Men - Deadpool Around the World,10,0,0,0,0
2014,2014 Rittenhouse Marvel 75th Anniversary - Cut Comic Panels Bronze Age,2,0,0,0,0
2025,2025 Kakawow Aura Marvel - Marvel Iconic Debut Orange,6,0,0,0,0
1993,1993 Marvel Midnight Sons - 3-Up Panels,1,0,0,0,0
2023,2023 Finding Unicorn Marvel Infinity Saga Origin - Villains Die Cut,11,0,0,0,0
2010,2010 Upper Deck Iron Man 2 - Autographs,2,0,0,0,0
2023,2023 Upper Deck Funko Pop Marvel Infinity Saga - Funko Art Chase Sticker,15,0,0,0,0
2023,2023 Upper Deck Funko Pop Marvel Infinity Saga - Super Rare Variation Achievements,6,0,0,0,0
2023,2023 Upper Deck Marvel Platinum - Cover Variant Printing Plates Cyan,100,0,0,0,0
2024,2024 Upper Deck Marvel Guardians of the Galaxy Vol 3 - One Last Ride Printing Plates Yellow,7,0,0,0,0
2026,Fantastic Science,10,0,0,0,0
2017,2017 Fleer Ultra Marvel Spider-Man - Legacy Printing Plate Magenta,12,0,0,0,0
2023,2023 Upper Deck Marvel Doctor Strange in the Multiverse of Madness - Universes,10,0,0,0,0
2025,2025 Topps Chrome Marvel Studios - Agatha All Along Autographs Black Refractor,1,0,0,0,0
2024,2024 Upper Deck Marvel Allegiance Secret Wars - Printing Plates Cyan,89,0,0,0,0
2026,Superfractor 1/100,1,0,0,0,0
2025,2025 Kakawow Aura Marvel - The Legend of Iron Man Black,10,0,0,0,0
2024,2024 Upper Deck Marvel Studios Series 1 - Fluorescence Magenta,25,0,0,0,0
2026,Superfractor 1/134,1,0,0,0,0
2017,2017 Upper Deck Marvel Spider-Man Homecoming - Printing Plate Black,100,0,0,0,0
2023,2023 Upper Deck Marvel Platinum - Printing Plates Yellow,100,0,0,0,0
2023,2023 Upper Deck Marvel The Falcon and The Winter Soldier - Forged Vibranium Metal Duals,8,0,0,0,0
2019,2019 Upper Deck Marvel Spider-Man Far From Home - Travel Passports,10,0,0,0,0
2026,Superfractor,200,0,0,0,0
2012,2012 Upper Deck Marvel Beginnings S2 - Ultimate Panel Focus Cuts,11,0,0,0,0
2022,2022 Upper Deck Allure Marvel Studios - Infinity Stones Soul Stone Gold,19,0,0,0,0
2020,2020-21 Upper Deck Marvel Annual - Hologram Printing Plates Cyan,100,0,0,0,0
2011,2011 Upper Deck Marvel Beginnings S1 - Marvel Villains Hologram,42,0,0,0,0
2023,2023 Upper Deck Marvel Allegiance: The Infinity Trilogy - Printing Plates Black,87,0,0,0,0
2024,2024 Upper Deck Marvel Masterpieces Nahuel Grego - Canvas Gallery Printing Plates Magenta,10,0,0,0,0
2026,Chrome Autographs - Comic Creators,27,0,0,0,0
2025,2025 Kakawow Phantom Marvel Rivals - Rivals Refractor Gold,37,0,0,0,0
2023,2023 Upper Deck Marvel Allegiance: The Infinity Trilogy - Infinity Gems Reality,3,0,0,0,0
2024,2024 Upper Deck Marvel Studios Series 2: Cinematic - Printing Plates Cyan,99,0,0,0,0
2023,2023 Fleer Ultra Marvel Wolverine - X-23 Orange Foil,10,0,0,0,0
2023,2023 Upper Deck Marvel Platinum - Creator Art Variant Green Rainbow,10,0,0,0,0
2025,2025 Kakawow Aura Marvel - Green,80,0,0,0,0
2013,2013 Rittenhouse Women of Marvel Series 2 - Jean Grey Tribute Case Topper,3,0,0,0,0
2016,2016 Upper Deck Marvel Annual - Top 10 Issues Printing Plate Black,10,0,0,0,0
2019,2019-20 Upper Deck Marvel Annual - Battle Booklet Sketches,1,0,0,0,0
2022,2022 Fleer Ultra Marvel Avengers - Earth's Mightiest Spin-Offs Red Foil,11,0,0,0,0
2023,2023 Upper Deck Marvel Premier - Gold Spectrum Foil,50,0,0,0,0
2025,2025 Topps Chrome Marvel - Mask-Off Facsimile Autographs,3,0,0,0,0
2026,Dual Autographs - Gold,6,0,0,0,0
2025,2025 Kakawow Phantom Marvel Rivals - S1 Season Commemorative Gold,32,0,0,0,0
2026,Adversaries - Gold,20,0,0,0,0
1996,1996 Fleer/SkyBox Marvel Vision - Marvel Vision Tattoos,16,0,0,0,0
2017,2017 Upper Deck Marvel Guardians of the Galaxy Vol. 2 - Retail,50,0,0,0,0
2015,2015 Fleer Retro Marvel - 1995 Flair Prints Case-Toppers Printing Plate Cyan,1,0,0,0,0
2024,2024 Upper Deck Marvel Black Panther Wakanda Forever - Impressive Tech Red,15,0,0,0,0
2025,2025 Topps Chrome Sapphire Edition Marvel Studios - Sapphire Selections Purple Sapphire,10,0,0,0,0
2024,2024 Upper Deck Marvel Guardians of the Galaxy Vol 3 - Hello. We Come in Peace Printing Plates Black,1,0,0,0,0
2009,2009 Rittenhouse Spider-Man Archives - Foil,59,0,0,0,0
2026,Comic Book Artist Autographs - Gold,29,0,0,0,0
2024,2024 Upper Deck Marvel Spider-Man Renditions - Printing Plates Black,90,0,0,0,0
2017,2017 Upper Deck Marvel Spider-Man Homecoming - Webbed Threads Triple Memorabilia,1,0,0,0,0
2023,2023 Upper Deck Marvel What If…? - Flagship,1,0,0,0,0
2023,2023-24 Upper Deck Marvel Annual - Hologram Printing Plates Yellow,100,0,0,0,0
2019,2019-20 Upper Deck Marvel Annual - Number 1 Spot Printing Plates Magenta,25,0,0,0,0
2018,2018 Upper Deck Marvel Ant-Man and the Wasp - Royal Foil Achievement,1,0,0,0,0
2023,2023 Upper Deck Marvel Hawkeye - Blue,100,0,0,0,0
2023,2023 Upper Deck Marvel Shang-Chi and the Legend of the Ten Rings - Hidden Metal Relics Black Autographed Achievements,4,0,0,0,0
2020,2020 SkyBox Marvel Masterpieces - Printing Plates Black,100,0,0,0,0
2025,2025 Topps Chrome Sapphire Edition Marvel Studios - Green Sapphire,100,0,0,0,0
2026,Superfractor 1/99,1,0,0,0,0
2025,2025 Kakawow Aura Marvel - Aura Red Peacock,84,0,0,0,0
2016,2016 Upper Deck Marvel Masterpieces - Printing Plates Magenta,90,0,0,0,0
2017,2017 Upper Deck Marvel Thor Ragnarok - Mini Comics,10,0,0,0,0
2014,2014 Rittenhouse Marvel: Dangerous Divas 2 - Marvel Originals Artifex,9,0,0,0,0
2023,2023 Upper Deck Marvel Allegiance: The Infinity Trilogy - 2023 Upper Deck Marvel Allegiance: The Infinity Trilogy,1,0,0,0,1
2022,2022 Upper Deck Spider-Man: Into the Spider-Verse - In the Vault Mask Patches Manufactured Relics Ultimate Gold,1,0,0,0,0
2025,2025 Topps Chrome Marvel Studios - Agatha All Along Tarot Cards,7,0,0,0,0
2026,Superfractor 1/41,1,0,0,0,0
2012,2012 Upper Deck Marvel Beginnings S2 - Printing Plates Cyan,100,0,0,0,0
2012,2012 Upper Deck Marvel Premier - 2012 Upper Deck Marvel Premier,9,0,0,0,0
2023,2023 Fleer Ultra Marvel Midnight Sons - Spirits of Vengeance Red,9,0,0,0,0
2023,2023 Upper Deck Marvel Doctor Strange in the Multiverse of Madness - Ensemble Key,25,0,0,0,0
2025,2025 Topps Chrome Sapphire Edition Marvel - Red Sapphire,100,0,0,0,0
2015,2015 Upper Deck Marvel 3D - Artists Autographs,58,0,0,0,0
2019,2019-20 Upper Deck Marvel Annual - Sketch Artists,1,0,0,0,0
2024,2024 Upper Deck Marvel Guardians of the Galaxy Vol 3 - Colors and Contours Purple,15,0,0,0,0
2026,The One and Only: Stan Lee & Steve Ditko Superfractors,2,0,0,0,0
2026,Superfractor 1/69,1,0,0,0,0
2023,2023 Upper Deck Marvel Platinum - 1962,4,0,0,0,0
1996,1996 Comic Images Conan: The Marvel Years - Parallel,90,0,0,0,38
2024,2024 Upper Deck Marvel Studios Series 2: Cinematic - Outburst Gold,30,0,0,0,0
2024,2024 Finding Unicorn Marvel Comics Universe Evolution - Comics Puzzle G,9,0,0,0,0
2019,2019-20 Upper Deck Marvel Annual - Sketch Cards 2017 Update,1,0,0,0,0
2015,2015 Upper Deck Marvel 3D - 2015 Upper Deck Marvel 3D,18,0,0,0,0
2017,2017 Fleer Ultra Marvel Spider-Man - Team Ups Printing Plate Magenta,11,0,0,0,0
2024,2024 Upper Deck Marvel Studios Series 1 - Outburst,34,0,0,0,0
2021,2021-22 Upper Deck Marvel Annual - Battle Booklet Sketches Wolverine vs. Sabretooth,1,0,0,0,0
2025,2025 Topps Chrome Marvel Studios - New Avengers Logo Variation Red Refractor,25,0,0,0,0
2025,2025 Topps Chrome Sapphire Edition Marvel - Sapphire Selections Black,10,0,0,0,0
2024,2024 Upper Deck Marvel Beginnings Volume 2 Series 2 - Heavyweights Printing Plates Cyan,18,0,0,0,0
2024,2024 Upper Deck Marvel Masterpieces '92 Platinum - Precious Metal Gems Green,99,0,0,0,0
2025,2025 Kakawow Aura Marvel - Villains of Marvel Red,10,0,0,0,0
2025,2025 Topps Chrome Marvel - Golden Anniversaries Superfractor,5,0,0,0,0
2023,2023 Upper Deck Funko Pop Marvel Infinity Saga - Chase Sticker,100,0,0,0,0
2024,2024 Upper Deck Marvel Guardians of the Galaxy Vol 3 - Vol. 3 Black Speckle,20,0,0,0,0
2017,2017 Upper Deck Marvel Guardians of the Galaxy Vol. 2 - Mix Tape Dual Autographs,10,0,0,0,0
2024,2024 Upper Deck Marvel Guardians of the Galaxy Vol 3 - Cosmic Cartoons,7,0,0,0,0
2023,2023 Upper Deck Marvel Platinum - Iconic Covers Mosaic,25,0,0,0,0
2018,2018 Upper Deck Marvel Masterpieces - What If Printing Plates Black,90,0,0,0,0
2021,2021 Upper Deck Marvel Black Diamond - Diamond Relics,99,0,0,0,0
2020,2020 SkyBox Marvel Masterpieces - Holofoil,20,0,0,0,0
2017,2017 Upper Deck Marvel Guardians of the Galaxy Vol. 2 Walmart/Hanes - Red,50,0,0,0,0
2025,2025 Kakawow Aura Marvel - Marvel 80s Legends Cyan,2,0,0,0,0
2024,2024 Kakawow Marvel Heroes Joy Edition Spider-Man - SR,30,0,0,0,0
2018,2018-19 Upper Deck Marvel Annual - Top 10 Villains Printing Plates Yellow,10,0,0,0,0
2018,2018 Fleer Ultra X-Men - Deadpool Around the World Silver Foil,10,0,0,0,0
2022,2022 Upper Deck Allure Marvel Studios - Symmetry Autographs Printing Plates Magenta,14,0,0,0,0
2025,2025 Topps Chrome Sapphire Edition Marvel - Padparadscha Sapphire,100,0,0,0,0
2022,2022-23 Upper Deck Marvel Annual - Number 1 Spot Printing Plate Black,25,0,0,0,0
2023,2023 Finding Unicorn Marvel’s Avengers 60th Anniversary - Gold,63,0,0,0,0
2024,2024 Fleer Ultra Matriarchs of Marvel - Printing Plates Yellow,100,0,0,0,0
2019,2019 Upper Deck Marvel Premier - Red,3,0,0,0,0
2017,2017 Upper Deck Marvel Spider-Man Homecoming - Friend or Foe Printing Plate Black,9,0,0,0,0
2015,2015 Upper Deck Marvel Vibranium - Hero Pow-Ore Printing Plates Yellow,20,0,0,0,0
2024,2024 Upper Deck Marvel Masterpieces Nahuel Grego - Printing Plates Cyan,90,0,0,0,0
2024,2024 Fleer Ultra Matriarchs of Marvel - Medallions Platinum,50,0,0,0,0
2017,2017 Upper Deck Marvel Premier - Busts Achievement,3,0,0,0,0
2024,2024 Upper Deck Marvel Unbound Year 4 - Autograph,52,0,0,0,0
2024,2024 Upper Deck Marvel Guardians of the Galaxy Vol 3 - One Last Ride Printing Plates Magenta,7,0,0,0,0
2023,2023 Upper Deck Marvel Hawkeye - All Wrapped Up,10,0,0,0,0
2023,2023 Fleer Ultra Marvel Wolverine - Animation Cel Red Artist Autographs,97,0,0,0,0
2026,Superfractor 1/131,1,0,0,0,0
2015,2015 Upper Deck Marvel Dossier - 2015 Upper Deck Marvel Dossier,10,0,0,0,0
2011,2011 Rittenhouse Marvel: Dangerous Divas - Women of Marvel,12,0,0,0,0
2020,2020 Upper Deck Marvel Anime - Capsule Characters Gold,5,0,0,0,0
2024,2024 Upper Deck Marvel Guardians of the Galaxy Vol 3 - Ensemble Red,15,0,0,0,0
2007,2007 SkyBox Marvel Masterpieces - Subcasts,5,0,0,0,0
2025,2025 Topps Chrome Marvel Studios - Captain America: Brave New World Orange Refractor,25,0,0,0,0
2022,2022 SkyBox Marvel Masterpieces - Battle Spectrum Teal,15,0,0,0,0
2012,2012 Rittenhouse Marvel Bronze Age - Incentive Cards,1,0,0,0,0
2010,2010 Rittenhouse 70 Years of Marvel Comics - Sketch,96,0,0,0,0
2026,Superfractor 1/191,1,0,0,0,0
2023,2023 Upper Deck Marvel Anime Vol. 2 - Hanafuda Autographed Booklet Redemptions,12,0,0,0,0
2024,2024 Topps Chrome Sapphire Edition Marvel - Authentic Marvel Comic Book Artist Autograph Cards Gold Sapphire,4,0,0,0,0
2025,2025 Kakawow Aura Marvel - Infinite Moments Black,3,0,0,0,0
2025,2025 Kakawow Phantom Marvel Rivals - Orange,37,0,0,0,0
2025,2025 Topps Chrome Marvel - Galactic Legends Red Wave,10,0,0,0,0
2024,2024 Topps Chrome Marvel - Topps Patrimony Red Refractor,10,0,0,0,0
2025,2025 Kakawow Phantom Marvel Rivals - Rivals Refractor Black,37,0,0,0,0
2024,2024 Upper Deck Marvel Masterpieces '92 Platinum - Precious Metal Gems Gold,97,0,0,0,0
2018,2018 Upper Deck Marvel Ant-Man and the Wasp - Behind the Lens Printing Plates Magenta,15,0,0,0,0
2020,2020 Upper Deck Marvel Anime - Stax Middle Layer,15,0,0,0,0
2024,2024 SkyBox Metal Universe Marvel Avengers - Metal-X,98,0,0,0,0
2015,2015 Rittenhouse Marvel: Agents of S.H.I.E.L.D. Season 2 - Art of Evolution,12,0,0,0,0
1994,1994 Fleer Marvel Universe - Jumbo Suspended Animation,1,0,0,0,0
2025,2025 Topps Chrome Marvel - Galactic Legends Orange Lava,10,0,0,0,0
2014,2014 Upper Deck Marvel Premier - Emotion Printing Plates Black,18,0,0,0,0
2013,2013 Upper Deck Iron Man 3 - Printing Plate Cyan,60,0,0,0,0
2024,2024 Upper Deck Marvel Masterpieces Nahuel Grego - Metallurgy,90,0,0,0,0
2023,2023 Upper Deck Marvel Shang-Chi and the Legend of the Ten Rings - Red,70,0,0,0,0
2022,2022 Upper Deck Spider-Man: Into the Spider-Verse - Spider-Sigs Torso Printing Plates Cyan,1,0,0,0,0
2024,2024 Upper Deck Marvel Guardians of the Galaxy Vol 3 - Green,75,0,0,0,0
2015,2015 Rittenhouse Marvel: Agents of S.H.I.E.L.D. Season 1 - Autographs - Full Bleed,1,0,0,0,0
2013,2013 Rittenhouse Women of Marvel Series 2 - Sketches,1,0,0,0,0
2025,2025 Topps Chrome Marvel - Hidden Gems Blue,5,0,0,0,0
2024,2024 Upper Deck Marvel Guardians of the Galaxy Vol 3 - Vol. 3 Speckle Autographs,14,0,0,0,0
2025,Deadpool Reflections,2,0,0,0,0
2024,2024 Upper Deck Marvel Guardians of the Galaxy Vol 3 - Stop Motion,10,0,0,0,0
2026,Superfractor 1/9,1,0,0,0,0
2025,2025 Topps Chrome Marvel - The New Avengers 20th Anniversary Black,10,0,0,0,0
2026,Base Negative Zone,100,0,0,0,0
2024,2024 Upper Deck Marvel Studios Series 1 - Dazzlers Pink,5,0,0,0,0
2023,2023 Upper Deck Marvel Loki Season 1 - For All Time. Always Printing Plates Yellow,18,0,0,0,0
2022,2022 Fleer Ultra Marvel Avengers - Greatest Battles Printing Plates Yellow,13,0,0,0,0
2023,2023 Upper Deck Marvel Eternals - Stars Are Eternal Metal,10,0,0,0,0
2018,2018 Upper Deck Marvel's The Defenders - Back From the Dead,15,0,0,0,0
2023,2023 Upper Deck Marvel Hawkeye - Trick Shots Red,15,0,0,0,0
2011,2011 Upper Deck Marvel Beginnings S1 - Printing Plates Yellow,100,0,0,0,0
2017,2017 Fleer Ultra Marvel Spider-Man - Milestones Printing Plate Cyan,12,0,0,0,0
2023,2023 Upper Deck Spider-Man: No Way Home - Blue & White Foil,40,0,0,0,0
2022,2022 Fleer Ultra Marvel Avengers - Checkmate White Jason Juta Artist Auto,16,0,0,0,0
2023,2023 Upper Deck Marvel Hawkeye - Trial by Combat Autographs,1,0,0,0,0
2015,2015 Upper Deck Marvel 3D - Autographs Game Designer Devin Low,18,0,0,0,0
2023,2023 Upper Deck Spider-Man: No Way Home - In Action Gold Foil,15,0,0,0,0
2020,2020-21 Upper Deck Marvel Annual - Star Rookies Classic Achievements,8,0,0,0,0
2024,2024 Upper Deck Marvel Guardians of the Galaxy Vol 3 - Yellow,75,0,0,0,0
2023,2023 Upper Deck Marvel Allegiance: The Infinity Trilogy - Spectromatic,9,0,0,0,0
2026,Superfractor 1/122,1,0,0,0,0
2023,2023 Flair Marvel - Iridescence Blue Achievements,30,0,0,0,0
2017,2017 Upper Deck Marvel Premier - Busts Die Cut Gold LTFX,8,0,0,0,0
2023,2023 Finding Unicorn Marvel’s Avengers 60th Anniversary - Pink,63,0,0,0,0
2023,2023 Upper Deck Marvel Platinum - Creator Art Variant Black Rainbow,10,0,0,0,0
2025,2025 Kakawow Aura Marvel - Script Art Double Black,4,0,0,0,0
2017,2017 Upper Deck Marvel Annual - Top 10 Heroes Printing Plates Yellow,10,0,0,0,0
2020,2020 Upper Deck Marvel Anime - Red Foil Artist Auto,90,0,0,0,0
2026,Concept Art - Red,20,0,0,0,0
2022,2022 Upper Deck Marvel Unbound - Printing Plates Cyan,52,0,0,0,0
2022,2022 Upper Deck Allure Marvel Studios - Infinity Stones Reality Stone Gold,20,0,0,0,0
2015,2015 Rittenhouse Marvel The Avengers Silver Age - Case Toppers,3,0,0,0,0
2017,2017 Fleer Ultra Marvel Spider-Man - Legacy Printing Plate Yellow,12,0,0,0,0
2025,2025 Topps Chrome Marvel Studios - TVA Pruning Gold Shimmer Refractor,25,0,0,0,0
2024,2024 Topps Chrome Sapphire Edition Marvel - Sapphire Selections Red Sapphire,1,0,0,0,0
2024,2024 Upper Deck Marvel Studios Series 1 - UD Canvas,21,0,0,0,0
2024,2024 Upper Deck Marvel Beginnings Volume 2 Series 2 - Printing Plates Magenta,100,0,0,0,0
2016,2016 Upper Deck Marvel Annual - Top 10 Story Arcs Printing Plate Magenta,10,0,0,0,0
2025,2025 Topps Chrome Marvel - Indestructible Black Lazer Refractor,10,0,0,0,0
2024,2024 SkyBox Metal Universe Marvel Avengers - Spectrum FX,100,0,0,0,0
2025,2025 Kakawow Phantom Marvel Rivals - Magazine,37,0,0,0,0
2025,2025 Topps Chrome Marvel - Air Marvel Superfractor,10,0,0,0,0
2022,2022 Upper Deck Allure Marvel Studios - Infinity Stones Reality Stone,20,0,0,0,0
2025,2025 Topps Chrome Marvel Studios - Prism Refractor,98,0,0,0,2
2019,2019 Flair Marvel - Pieces of Flair Comic Corner Patches,37,0,0,0,0
2023,2023 Upper Deck Marvel Wandavision - 1950s Classic Sitcom Signatures,5,0,0,0,0
2024,2024 Upper Deck Marvel Unbound - Printing Plate Black,52,0,0,0,0
2026,Superfractor 1/52,1,0,0,0,0
2026,Tribute to 1996 Finest Phenoms - Gold Refractor,100,0,0,0,0
2023,2023 Upper Deck Marvel The Falcon and The Winter Soldier - Who Will Wield the Shield? Printing Plates Cyan,6,0,0,0,0
2017,2017 Upper Deck Marvel Annual - Printing Plate Yellow,100,0,0,0,0
2025,2025 Topps Chrome Marvel - Blue & Red Spider Web,100,0,0,0,0
2026,Superfractor 1/119,1,0,0,0,0
2021,2021-22 Upper Deck Marvel Annual - Battle Booklet Sketches Silver Surfer vs. Galactus,1,0,0,0,0
2025,2025 Topps Chrome Marvel Studios - Avengers Shadowbox Black Refractor,16,0,0,0,0
2021,2021 SkyBox Metal Universe Marvel Spider-Man - Pink Light FX,40,0,0,0,0
2016,2016 Upper Deck Marvel Annual - Top 10 Issues Printing Plate Cyan,10,0,0,0,0
2024,2024 Upper Deck Marvel Spider-Man Renditions - Marvel Universe Impel Printing Plates Magenta,2,0,0,0,0
2024,2024 SkyBox Metal Universe Marvel Avengers - Orange FX,187,0,0,0,0
2023,2023 Upper Deck Marvel Thor Love and Thunder - Friends from Work,15,0,0,0,0
2024,2024 Upper Deck Marvel Guardians of the Galaxy Vol 3 - One Last Ride Black Speckle,7,0,0,0,0
2024,2024 Fleer Throwbacks '59-63 Marvel Edition - Printing Plate Magenta,60,0,0,0,0
2025,2025 Kakawow Aura Marvel - Purple,83,0,0,0,0
2024,2024 Finding Unicorn Marvel Comics Universe Evolution - Team-Ups Gold,18,0,0,0,0
2024,2024 Upper Deck Marvel Beginnings Volume 2 Series 2 - Printing Plates Black,100,0,0,0,0
2025,Shattered Holo,99,0,0,0,0
2021,2021 SkyBox Metal Universe Marvel X-Men - 1995 Marvel Metal Buybacks,100,0,0,0,0
2014,2014 Panini Marvel Ultimate Spider-Man Stickers - Special Stickers,24,0,0,0,0
1997,1997 Fleer Spider-Man - Marvel OverPower Special Characters,1,0,0,0,0
2026,Superfractor 1/26,1,0,0,0,0
2026,Quad Autographs,2,0,0,0,0
2024,2024 Fleer Throwbacks '59-63 Marvel Edition - 1961-62 Fleer Green,21,0,0,0,0
2024,2024 Upper Deck Marvel Masterpieces Nahuel Grego - Framed Masterpieces Silver,90,0,0,0,0
2023,2023-24 Upper Deck Marvel Annual - Premieres,4,0,0,0,1
2010,2010 Upper Deck Iron Man 2 - Actors Die Cut,2,0,0,0,0
2026,Superfractor 1/46,1,0,0,0,0
2022,"2022 Upper Deck Marvel Beginnings Volume 2, Series 1 - Transparent Past",60,0,0,0,0
2020,2020 Upper Deck Marvel's Runaways - Sketches 4-Piece Puzzles,1,0,0,0,0
2018,2018 Fleer Ultra X-Men - Dead and Gone Red Foil Artist Autographs,8,0,0,0,0
2024,2024 Upper Deck Women of Marvel - Foil Lt Fx - Green,63,0,0,0,0
2025,2025 Topps Chrome Marvel - Indestructible Red Lazer Refractor,10,0,0,0,0
2025,2025 Topps Finest X-Men '97 - Greatest Hits,2,0,0,0,0
2024,2024 Upper Deck Marvel Guardians of the Galaxy Vol 3 - It’s a Face Off,10,0,0,0,0
2025,2025 Kakawow Aura Marvel - Marvel 80s Legends Blue,6,0,0,0,0
2024,2024 Upper Deck Marvel Masterpieces Nahuel Grego - Printing Plates Magenta,90,0,0,0,0
2017,2017 Upper Deck Marvel Annual - Printing Plate Cyan,100,0,0,0,0
2023,2023 Finding Unicorn Marvel Infinity Saga Origin - Printing Plates Black,100,0,0,0,0
2025,2025 Topps Chrome Marvel - Marvel Comics Facsimile Autographs Superfractor,4,0,0,0,0
2026,Superfractor 1/31,1,0,0,0,0
2025,2025 Kakawow Aura Marvel - Cyan,83,0,0,0,0
2011,2011 Upper Deck Marvel Beginnings S1 - Sketch Cards,1,0,0,0,0
2022,2022-23 Upper Deck Marvel Annual - Holograms Printing Plate Black,85,0,0,0,0
2025,2025 Topps Chrome Marvel - 35 Years of Ghost Rider Superfractor,5,0,0,0,0
2016,2016 Upper Deck Marvel Masterpieces - What If... - Printing Plates Magenta,90,0,0,0,0
2018,2018 Fleer Ultra X-Men - Dead and Gone Gold Foil,10,0,0,0,0
2020,2020-21 Upper Deck Marvel Annual - Number 1 Spot Printing Plate Achievements Cyan,25,0,0,0,0
2022,2022-23 Upper Deck Marvel Annual - Top Teams Printing Plate Black,10,0,0,0,0
2022,2022-23 Upper Deck Marvel Annual - Purple,93,0,0,0,0
2023,2023 Upper Deck Marvel Doctor Strange in the Multiverse of Madness - Ensemble Magneta,25,0,0,0,0
2026,Superfractor 1/25,1,0,0,0,0
2026,Dual Autographs - SuperFractor,6,0,0,0,0
2012,2012 Upper Deck Marvel Premier - Printing Plates Magenta,50,0,0,0,0
2024,2024 Fleer Ultra Matriarchs of Marvel - Medallions Purple Amethyst,50,0,0,0,0
2023,2023 Upper Deck Marvel Wandavision - We Interrupt This Program Acetate,10,0,0,0,0
2017,2017 Upper Deck Marvel Annual - Top 10 Heroes Printing Plates Magenta,10,0,0,0,0
2026,Superfractor 1/188,1,0,0,0,0
2007,2007 SkyBox Marvel Masterpieces - Splash Pages,9,0,0,0,0
2021,2021 Upper Deck Marvel Black Diamond - Gold Autographs Red Variant,30,0,0,0,0
2024,2024 Fleer Ultra Matriarchs of Marvel - Medallions Emerald Green,50,0,0,0,0
2024,2024 Upper Deck Marvel Studios Series 2: Cinematic - Printing Plates Black,99,0,0,0,0
2012,2012 Upper Deck Marvel Premier - Sketches,1,0,0,0,0
2019,2019 Flair Marvel - Anti-Matter Achievements,1,0,0,0,0
2025,2025 Topps Chrome Marvel - Marvel Comics Facsimile Autographs Red,4,0,0,0,0
2024,2024 Upper Deck Marvel Guardians of the Galaxy Vol 3 - Guardian Graphs Triples Printing Plates Black,3,0,0,0,0
2023,2023 Upper Deck Marvel Hawkeye - Hitting the Target Green,20,0,0,0,0
2023,2023 Upper Deck Marvel The Falcon and The Winter Soldier - Falcon Red,90,0,0,0,0
2024,2024 Upper Deck Marvel Black Panther Wakanda Forever - Close Quarters Combat Blue,15,0,0,0,0
2023,2023 Upper Deck Marvel Shang-Chi and the Legend of the Ten Rings - Night Adventures Dragon Scale,10,0,0,0,0
2023,2023 Upper Deck Marvel Eternals - Immortals and Mortals Gold,15,0,0,0,0
2021,2021 SkyBox Metal Universe Marvel X-Men - Grandiose,1,0,0,0,0
2022,2022 SkyBox Marvel Masterpieces - Battle Spectrum Gold,12,0,0,0,0
2026,It's Clobberin' Time - SuperFractor,20,0,0,0,0
2015,2015 Rittenhouse Marvel The Avengers Silver Age - Case Incentive Sketches,1,0,0,0,0
2026,First Family - Black,20,0,0,0,0
2023,2023 Fleer Ultra Marvel Wolverine - Aliases Printing Plates Black,15,0,0,0,0
2025,2025 Topps Chrome Sapphire Edition Marvel - Sapphire Selections Red,10,0,0,0,0
2023,2023 Upper Deck Marvel Shang-Chi and the Legend of the Ten Rings - Hidden Metal Relics Gold,24,0,0,0,0
2024,2024 Upper Deck Marvel Guardians of the Galaxy Vol 3 - Precious Metal Gems Magenta,12,0,0,0,0
2021,2021 Upper Deck Marvel Black Diamond - Sketches,1,0,0,0,0
2026,Superfractor 1/121,1,0,0,0,0
2024,2024 Upper Deck Marvel Beginnings Volume 2 Series 2 - Heavyweights Printing Plates Magenta,18,0,0,0,0
2024,2024 Fleer Ultra Matriarchs of Marvel - Red Foil,100,0,0,0,0
2025,2025 Kakawow Aura Marvel - Marvel Iconic Debut Black,16,0,0,0,0
2024,2024 Fleer Ultra Matriarchs of Marvel - Gold Spectrum Foil,100,0,0,0,0
2026,Superfractor 1/161,1,0,0,0,0
2024,2024 Fleer Ultra Matriarchs of Marvel - Fully Equipped,20,0,0,0,0
2023,2023 Upper Deck Marvel The Falcon and The Winter Soldier - The Power to do Better Acetate,10,0,0,0,0
2022,2022 SkyBox Marvel Masterpieces - Red Spectrum Foil,84,0,0,0,0
2023,2023 Flair Marvel - Spring,3,0,0,0,0
2026,Superfractor 1/36,1,0,0,0,0
2017,2017 Upper Deck Marvel Guardians of the Galaxy Vol. 2 - Galactic Garb Triple Memorabilia,15,0,0,0,0
2023,2023 Upper Deck Marvel Shang-Chi and the Legend of the Ten Rings - Blue,70,0,0,0,0
2015,2015 Upper Deck Marvel Ant-Man - Bronze,1,0,0,0,0
2022,"2022 Upper Deck Marvel Beginnings Volume 2, Series 1 - Flipped FX Printing Plates Magenta",90,0,0,0,0
2020,2020 Upper Deck Marvel Avengers Endgame & Captain Marvel - One Shot,7,0,0,0,0
2021,2021-22 Upper Deck Marvel Annual - Silver Sparkle,18,0,0,0,0
2022,2022 SkyBox Marvel Masterpieces - Emerald Green Foil,33,0,0,0,0
2022,2022 Upper Deck Marvel Black Panther: Wakanda Forever Weekly - SSP Variants,5,0,0,0,0
2024,2024 Upper Deck Marvel Black Panther Wakanda Forever - Noble Funerals Blue,10,0,0,0,0
1996,1996 Fleer/SkyBox Marvel Motion - VirtualVision,1,0,0,0,0
2023,2023 Upper Deck Marvel Eternals - Blue,3,0,0,0,0
2011,2011 Rittenhouse Marvel: Dangerous Divas - Sketch Cards,1,0,0,0,0
2025,2025 Kakawow Phantom Marvel Rivals - First Anniversary White,37,0,0,0,0
2019,2019 Flair Marvel - Sketch Artist,1,0,0,0,0
2024,"2024 Upper Deck Marvel Guardians of the Galaxy Vol 3 - So, THAT Just Happened Black Speckle",16,0,0,0,0
2024,2024 Upper Deck Marvel Guardians of the Galaxy Vol 3 - Ensemble Orange,15,0,0,0,0
2025,2025 Topps Chrome Marvel - SuperFractor,100,0,0,0,0
2023,2023 Upper Deck Marvel Anime Vol. 2 - Power Level Artist Autographs,25,0,0,0,0
2026,Orange X-Fractor,200,0,0,0,0
2023,2023 Upper Deck Marvel Ant-Man and the Wasp: Quantumania Weekly - Achievements,3,0,0,0,0
2022,2022 Upper Deck Spider-Man: Into the Spider-Verse - Peter Parker Red,3,0,0,0,0
2025,2025 Topps Mint Marvel - Black Shimmer,19,0,0,0,0
2013,2013 Rittenhouse Women of Marvel Series 2 - Promos,3,0,0,0,0
2022,2022 Upper Deck Allure Marvel Studios - Symmetry,30,0,0,0,0
2010,2010 Rittenhouse 70 Years of Marvel Comics - Foil,3,0,0,0,0
2015,2015 Fleer Retro Marvel - Printing Plate Cyan,60,0,0,0,0
2022,2022 Upper Deck Allure Marvel Studios - Golden Treasures,139,0,0,0,0
2017,2017 Upper Deck Marvel Annual - Top 10 Villains Printing Plates Yellow,10,0,0,0,0
2025,2025 Kakawow Aura Marvel - Aura Gold Peacock,84,0,0,0,0
2023,2023 Fleer Ultra Marvel Wolverine - 1963,23,0,0,0,0
2023,2023 Upper Deck Marvel Moon Knight - Sand,90,0,0,0,0
2018,2018-19 Upper Deck Marvel Annual - Top 10 Villains Printing Plates Cyan,10,0,0,0,0
2021,2021 SkyBox Metal Universe Marvel Spider-Man - Retro Animated Series Die Cut,18,0,0,0,0
2023,2023 Upper Deck Marvel Anime Vol. 2 - Chibi,47,0,0,0,0
2017,2017 Upper Deck Marvel Thor Ragnarok - Dyson Rip Short Prints,10,0,0,0,0
2015,2015 Fleer Retro Marvel - 1995 Flair Prints Case-Toppers,1,0,0,0,0
2022,2022 Fleer Ultra Marvel Avengers - Marvel Value Stamps Relics,31,0,0,0,0
2024,2024 Topps Chrome Marvel - Marvel Giant-Size 50th Anniversary Oversized Box Topper Red Refractor,1,0,0,0,0
2019,2019 Upper Deck Marvel Deadpool - Sketch Artists,1,0,0,0,0
2023,2023 Kakawow Phantom Disney 100 Marvel - Final Frames,68,0,0,0,0
2025,2025 Topps Chrome Sapphire Edition Marvel Studios - Single Autographs Padparadscha Sapphire,3,0,0,0,0
2016,2016 Upper Deck Marvel Masterpieces - Canvas High Series Printing Plates Cyan,10,0,0,0,0
2017,2017 Fleer Ultra Marvel Spider-Man - Printing Plate Black,100,0,0,0,0
2020,2020-21 Upper Deck Marvel Annual - Base Variant Cover Set Printing Plates Black,100,0,0,0,0
2017,2017 Upper Deck Marvel Guardians of the Galaxy Vol. 2 - Red Foil,90,0,0,0,0
2024,2024 Upper Deck Marvel Black Panther Wakanda Forever - Precious Metal Gems Magenta,10,0,0,0,0
2014,2014 Upper Deck Marvel Premier - Emotion Printing Plates Yellow,18,0,0,0,0
2026,Superfractor 1/140,1,0,0,0,0
2022,2022 Fleer Ultra Marvel Avengers - 2018,7,0,0,0,0
2025,2025 Kakawow Aura Marvel - Major Events Purple,8,0,0,0,0
2025,2025 Kakawow Aura Marvel - Major Events Red,8,0,0,0,0
2022,2022 SkyBox Marvel Masterpieces - Sketch,1,0,0,0,0
2025,2025 Kakawow Aura Marvel - Marvel's Heroic Dawn The Fantastic Four Red,5,0,0,0,0
2025,2025 Kakawow Aura Marvel - Villains of Marvel Black,9,0,0,0,0
2026,Red Refractor,100,0,0,0,0
2025,2025 Kakawow Cosmos Marvel - Cosmos Black Gold,36,0,0,0,0
2022,2022 Upper Deck Allure Marvel Studios - Symmetry White Autographs,13,0,0,0,0
2023,2023 Upper Deck Marvel The Falcon and The Winter Soldier - Winter Soldier Blue,90,0,0,0,0
2023,2023 Upper Deck Funko Pop Marvel Infinity Saga - Sketch Artists,1,0,0,0,0
2021,2021-22 Upper Deck Marvel Annual - Battle Booklet Sketches Luke Cage vs. Jessica Jones,1,0,0,0,0
2023,2023 Finding Unicorn Marvel Infinity Saga Origin - 2023 Finding Unicorn Marvel Infinity Saga Origin,100,0,0,0,0
2015,2015 Rittenhouse Marvel: Agents of S.H.I.E.L.D. Season 2 - 2015 Rittenhouse Marvel: Agents of S.H.I.E.L.D. Season 2,20,0,0,0,0
2022,2022 Marvel Masterpieces Variant Cover Plate,82,0,0,0,0
2024,2024 Upper Deck Marvel Studios Series 2: Cinematic - UD Portraits Gold,27,0,0,0,0
2025,2025 Kakawow Aura Marvel - The Legend of Spider-Man Orange,8,0,0,0,0
2015,2015 Fleer Retro Marvel - 1992 Impel Uncanny X-Men Printing Plate Cyan,15,0,0,0,0
2023,2023 Upper Deck Marvel The Marvels Weekly - Achievements,3,0,0,0,0
2025,2025 Topps Chrome Marvel - Future Stars Gold Wave,8,0,0,0,0
2022,2022 Upper Deck Marvel Thor: Love and Thunder Weekly - Achievements,3,0,0,0,0
2022,2022 SkyBox Marvel Masterpieces - Holofoil Speckle,20,0,0,0,0
2023,2023 Upper Deck Marvel Allegiance: The Infinity Trilogy - Spectromatic Printing Plates Black,20,0,0,0,0
2016,2016 Upper Deck Marvel Doctor Strange - Book of Cagliostro,3,0,0,0,0
2019,2019 Flair Marvel - Matter Achievements,3,0,0,0,0
2024,2024 Upper Deck Marvel Beginnings Volume 2 Series 2 - Glitz and Glam,25,0,0,0,0
2023,2023 Upper Deck Marvel Moon Knight - Shattered Reflections,90,0,0,0,0
2024,2024 Upper Deck Marvel Black Panther Wakanda Forever - Beneath the Surface,1,0,0,0,0
2025,2025 Kakawow Aura Marvel - The Legend of Spider-Man Black,10,0,0,0,0
2010,2010 Rittenhouse Marvel Heroes and Villains - Case Topper,5,0,0,0,0
2014,2014 Rittenhouse Marvel: Dangerous Divas 2 - Promos,4,0,0,0,0
2014,2014 Upper Deck Marvel Premier - Dual-Panel Sketch Booklet,1,0,0,0,0
2024,2024 Upper Deck Marvel Allegiance Secret Wars - Sketch Cards,1,0,0,0,0
2025,2025 Topps Chrome Marvel Studios - The Snap Variations Superfractor,100,0,0,0,0
2017,2017 Fleer Ultra Marvel Spider-Man - Legacy Printing Plate Cyan,12,0,0,0,0
2016,2016 Upper Deck Marvel Gems - Diamond Mine Triple Black,5,0,0,0,0
2026,World's Greatest Comic Magazine - Black,10,0,0,0,0
2024,2024 Finding Unicorn Marvel Comics Universe Evolution - Rainbow,100,0,0,0,0
2018,2018 Fleer Ultra X-Men - X-Men '92 Silver Foil,10,0,0,0,0
2022,"2022 Upper Deck Marvel Beginnings Volume 2, Series 1 - Comic Clippings",99,0,0,0,0
2018,2018 Upper Deck Marvel's The Defenders - Five Fingers of the Hand Autographs,5,0,0,0,0
2026,Superfractor 1/114,1,0,0,0,0
2010,2010 Rittenhouse Marvel Heroes and Villains - Marvel's Most Wanted,9,0,0,0,0
2025,2025 Kakawow Aura Marvel - Marvel Iconic Debut Blue,6,0,0,0,0
2026,Superfractor 1/12,1,0,0,0,0
2016,2016 Upper Deck Marvel Gems - Printing Plates Cyan,60,0,0,0,0
2023,2023 Fleer Ultra Marvel Midnight Sons - Spirits of Vengeance Gold Spectrum,9,0,0,0,0
2023,2023 Upper Deck Marvel Allegiance: The Infinity Trilogy - Holofoil Gold,90,0,0,0,0
2023,2023 Upper Deck Marvel Wandavision - We Are an Unusual Couple Printing Plates Magenta,18,0,0,0,0
2025,2025 Topps Chrome Marvel - Hidden Gems Gold,5,0,0,0,0
2024,2024 Upper Deck Marvel Guardians of the Galaxy Vol 3 - Orange,75,0,0,0,0
2024,2024 Topps Chrome Marvel - SuperFractor,20,0,0,0,0
2016,2016 Upper Deck Marvel Gems - Exquisite Nameplate,4,0,0,0,0
2023,2023 Upper Deck Marvel Premier - Black Foil,50,0,0,0,0
2017,2017 Upper Deck Marvel Guardians of the Galaxy Vol. 2 - Mysterious Mantis,5,0,0,0,0
2011,2011 Upper Deck Marvel Beginnings S1 - Printing Plates Cyan,100,0,0,0,0
2024,2024 Finding Unicorn Marvel Comics Universe Evolution - Mysterious Gene,16,0,0,0,0
2023,2023 Upper Deck Marvel The Falcon and The Winter Soldier - Villainous Measures Acetate,10,0,0,0,0
2018,2018 Upper Deck Marvel Ant-Man and the Wasp - Wasp Wing Die Cut,13,0,0,0,0
2024,2024 Upper Deck Marvel Masterpieces '92 Platinum - Battle Spectrum Printing Plate Achievements Yellow,5,0,0,0,0
2022,2022 Fleer Ultra Marvel Avengers - Artist Spotlight Printing Plates Cyan,10,0,0,0,0
2024,2024 Upper Deck Marvel Guardians of the Galaxy Vol 3 - Printing Plates Black,75,0,0,0,0
2015,2015 Fleer Retro Marvel - 1995 Flair Prints Case-Toppers Printing Plate Black,1,0,0,0,0
2010,2010 Rittenhouse Marvel Heroes and Villains - Lenticular Flip Cards,7,0,0,0,0
2023,2023 Upper Deck Marvel Moon Knight - Travelers of the Night,10,0,0,0,0
2002,2002 FilmCardz Spider-Man - Autographs,7,0,0,0,0
2023,2023 Upper Deck Spider-Man: No Way Home - Public Enemy #1,10,0,0,0,0
2026,Comic Book Artist Autographs - Black,29,0,0,0,0
2026,Dual Autographs,6,0,0,0,0
2013,2013 Fleer Retro Marvel - Metal Hardware,11,0,0,0,1
2022,2022 Fleer Ultra Marvel Avengers - Greatest Battles Gold Spectrum Foil,13,0,0,0,0
2023,2023 Finding Unicorn Marvel Infinity Saga Origin - Comic Covers Sepia,20,0,0,0,0
2025,2025 Topps Chrome Marvel - The New Avengers 20th Anniversary Gold Wave,10,0,0,0,0
2021,2021 Upper Deck Marvel Legends (Gamestop) - Foil,60,0,0,0,0
2024,2024 Upper Deck Marvel Allegiance Secret Wars - Hero Base,10,0,0,0,0
2025,2025 Topps Chrome Marvel Studios - Gold Wave Refractor,99,0,0,0,0
2023,2023 Upper Deck Marvel Doctor Strange in the Multiverse of Madness - Pure Madness,40,0,0,0,0
2023,2023 Upper Deck Marvel Doctor Strange in the Multiverse of Madness - Ensemble Sorcerer Spell,25,0,0,0,0
2024,2024 Finding Unicorn Marvel Comics Universe Evolution - Spotlight Limited Edition,20,0,0,0,0
2023,2023 Fleer Ultra Marvel Wolverine - Aliases Printing Plates Magenta,18,0,0,0,0
2024,2024 Finding Unicorn Marvel Comics Universe Evolution - Red,100,0,0,0,0
2015,2015 Upper Deck Marvel Ant-Man - Pym Particles Double Character Memorabilia,6,0,0,0,0
2025,2025 Topps Chrome Marvel - X-Men Giant Size 50th Anniversary Black,10,0,0,0,0
2026,Finest Autographs - SuperFractor 1/1,13,0,0,0,0
2024,2024 Upper Deck Marvel Beginnings Volume 2 Series 2 - Flipped FX Purple,90,0,0,0,0
2024,2024 SkyBox Metal Universe Marvel Avengers - Planet Metal Iron Armor Gold,19,0,0,0,0
2011,2011 Rittenhouse Marvel: Dangerous Divas - Foil,72,0,0,0,0
2016,2016 Upper Deck Marvel Gems - Diamond Mine Quad,3,0,0,0,0
2023,2023 Upper Deck Marvel Hawkeye - Adornments Stockings Light FX Die Cuts,6,0,0,0,0
2024,2024 Topps Chrome Marvel - Mask Off Black Wave Refractor,6,0,0,0,0
2022,2022 Fleer Ultra Marvel Avengers - Comic Clippings Dual Autographs,10,0,0,0,0
2025,2025 Topps Chrome Marvel Studios - Daredevil: Born Again Gold Refractor,25,0,0,0,0
2026,Superfractor 1/87,1,0,0,0,0
2026,Superfractor 1/20,1,0,0,0,0
2019,2019 Upper Deck Marvel Studios The First Ten Years - Film Cels Manufactured Relics,11,0,0,0,0
2024,2024 Upper Deck Women of Marvel - Battle Time - Foil Lt Fx - Blue,24,0,0,0,0
2022,2022 Upper Deck Allure Marvel Studios - Sketch Horizontal,1,0,0,0,0
2023,2023 Upper Deck Marvel Platinum - Cover Variant Printing Plates Magenta,100,0,0,0,0
2022,2022 Upper Deck Marvel Unbound - Printing Plates Black,52,0,0,0,0
2023,2023 Upper Deck Marvel The Falcon and The Winter Soldier - Behind the Scenes Printing Plates Black,15,0,0,0,0
2016,2016 Upper Deck Marvel Masterpieces - What If... Autograph,1,0,0,0,0
2019,2019 Upper Deck Marvel Agents of S.H.I.E.L.D. Compendium - The Plot Thickens Printing Plates Cyan,10,0,0,0,0
2017,2017 Upper Deck Marvel Guardians of the Galaxy Vol. 2 - Galactic Garb Memorabilia,25,0,0,0,0
2016,2016 Upper Deck Marvel Annual - Top 10 Fights Printing Plate Yellow,10,0,0,0,0
2023,2023 Upper Deck Spider-Man: No Way Home - In Action,12,0,0,0,0
2022,2022 Fleer Ultra Marvel Avengers - Comic Covers,92,0,0,0,0
2023,2023 Upper Deck Funko Pop Marvel Infinity Saga - Facsimile Signature,59,0,0,0,0
2026,Superfractor 1/155,1,0,0,0,0
2025,2025 Kakawow Cosmos Marvel - Single Script Art Black Gold,24,0,0,0,0
2026,Fantastic Science - Black,10,0,0,0,0
2023,2023 Upper Deck Marvel Allegiance: The Infinity Trilogy - Infinity Gems Time,4,0,0,0,0
2026,SuperFractor,100,0,0,0,0
2019,2019 Upper Deck Marvel Deadpool - Dead Patch,5,0,0,0,0
2025,2025 Topps Chrome Marvel - Gold Wave,100,0,0,0,0
2018,2018 Upper Deck Marvel Ant-Man and the Wasp - X-Con Background Check Printing Plates Cyan,10,0,0,0,0
2020,2020 SkyBox Marvel Masterpieces - Holofoil Kaleidoscope,20,0,0,0,0
2023,2023 Upper Deck Marvel Thor Love and Thunder - New Asgard Gold,10,0,0,0,0
2023,2023 Upper Deck Marvel Hawkeye - Hitting the Target Silver,20,0,0,0,0
2020,2020 Upper Deck Marvel Anime - Kaiju Artist Auto,8,0,0,0,0
2024,2024 Upper Deck Marvel Beginnings Volume 2 Series 2 - Glitz and Glam Gold,25,0,0,0,0
2025,2025 Kakawow Phantom Marvel Rivals - Purple,37,0,0,0,0
2023,2023 Upper Deck Marvel Eternals - Eternals vs Deviants Gold,20,0,0,0,0
2024,2024 Topps Chrome Marvel - Marvel Giant-Size 50th Anniversary Oversized Box Topper SuperFractor,1,0,0,0,0
2024,2024 Upper Deck Marvel Guardians of the Galaxy Vol 3 - Vol. 3 Speckle Autographs Gold,14,0,0,0,0
2018,2018 Upper Deck Marvel's The Defenders - Sketch Artist,1,0,0,0,0
2024,2024 Fleer Ultra Matriarchs of Marvel - Black Foil,100,0,0,0,0
2020,2020 SkyBox Marvel Masterpieces - What If Autographs,90,0,0,0,0
2023,2023 Fleer Ultra Marvel Midnight Sons - Spellcraft Stories Red,18,0,0,0,0
2023,2023-24 Upper Deck Marvel Annual - Crystal Clear,132,0,0,0,0
2025,2025 Topps Chrome Marvel - Iron Man Gold Black,10,0,0,0,0
2025,2025 Kakawow Aura Marvel - The Legend of Spider-Man Cyan,2,0,0,0,0
2018,2018 Upper Deck Marvel Masterpieces - Sketch Artists,1,0,0,0,0
2025,2025 Topps Chrome Marvel - X-Men Giant Size 50th Anniversary Gold Wave,10,0,0,0,0
2025,2025 Kakawow Phantom Marvel Rivals - Red,37,0,0,0,0
2022,2022 Upper Deck Spider-Man: Into the Spider-Verse - It's Proprietary Gwen Stacy White,1,0,0,0,0
2024,2024 Topps Chrome Marvel - Red Refractor,24,0,0,0,0
2023,2023 Upper Deck Marvel Thor Love and Thunder - Sound of Lightning,20,0,0,0,0
2025,2025 Topps Chrome Marvel Studios - New Avengers Logo Variation,25,0,0,0,0
2023,2023 Upper Deck Marvel The Falcon and The Winter Soldier - Character Profiles Printing Plates Cyan,10,0,0,0,0
2026,Fantastic Science - SuperFractor,10,0,0,0,0
2026,Superfractor 1/64,1,0,0,0,0
2023,2023 Upper Deck Marvel Allegiance: The Infinity Trilogy - Rainbow Red,28,0,0,0,0
2026,Superfractor 1/151,1,0,0,0,0
2021,2021 SkyBox Metal Universe Marvel Spider-Man - Planet Metal Copper,29,0,0,0,0
2025,2025 Topps Chrome Marvel Studios - Thunderbolts Superfractor,25,0,0,0,0
2022,2022 Fleer Ultra Marvel Avengers - Rainbow Foil,90,0,0,0,0
2025,2025 Topps Chrome Marvel - Orange,100,0,0,0,0
2024,2024 Topps Chrome Marvel - Marvel Giant-Size 50th Anniversary Oversized Box Topper,1,0,0,0,0
2026,Finest Autographs - Purple Refractor,13,0,0,0,0
2015,2015 Rittenhouse Marvel The Avengers Silver Age - Avengers Assemble,7,0,0,0,0
2026,Superfractor 1/76,1,0,0,0,0
2015,2015 Fleer Retro Marvel - 1960 Fleer Printing Plate Black,21,0,0,0,0
2022,2022 Upper Deck Marvel Unbound - Acetate Quarterly Achievements,4,0,0,0,0
2023,2023 Kakawow Phantom Disney 100 Marvel - Die Cuts,72,0,0,0,0
2024,2024 Upper Deck Marvel Guardians of the Galaxy Vol 3 - Vol. 3 Printing Plates Magenta,20,0,0,0,0
2024,2024 Topps Chrome Sapphire Edition Marvel - Wolverine 50th Anniversary (Iconic Moments) Papradascha Sapphire,5,0,0,0,0
2023,2023 Upper Deck Marvel Thor Love and Thunder - Omnipotence City Red,18,0,0,0,0
2024,2024 Upper Deck Marvel Masterpieces '92 Platinum - Battle Spectrum Rainbow,5,0,0,0,0
2022,2022 Upper Deck Allure Marvel Studios - Infinity Stones Space Stone Gold,20,0,0,0,0
2020,2020 Upper Deck Marvel Ages - Comic Clippings,19,0,0,0,0
2024,2024 Fleer Ultra Matriarchs of Marvel - Medallions Titian,50,0,0,0,0
2023,2023 Upper Deck Marvel Allegiance: Avengers vs X-Men - A Cosmic Journey Printing Plates Yellow,18,0,0,0,0
2023,2023 Fleer Throwbacks '89 Marvel Edition - Red,30,0,0,0,0
2024,2024 Topps Chrome Marvel - Wolverine 50th Anniversary (Through the Years) Black Wave Refractor,5,0,0,0,0
2023,2023 Upper Deck Marvel Eternals - Red,100,0,0,0,0
2024,2024 Fleer Ultra Matriarchs of Marvel - Medallions Gold,50,0,0,0,0
2024,2024 SkyBox Metal Universe Marvel Avengers - Printing Plate Yellow,100,0,0,0,0
2023,2023 Upper Deck Marvel Doctor Strange in the Multiverse of Madness - Sorcerer Spell,75,0,0,0,0
2018,2018-19 Upper Deck Marvel Annual - 2018-19 Upper Deck Marvel Annual,1,0,0,0,0
2017,2017 Upper Deck Marvel Guardians of the Galaxy Vol. 2 - Sketch Artists 5x7,1,0,0,0,0
2023,2023 Upper Deck Marvel Wandavision - Printing Plates Cyan,90,0,0,0,0
2023,2023 Upper Deck Marvel Wandavision - We Are an Unusual Couple Printing Plates Cyan,18,0,0,0,0
2021,2021 Upper Deck Marvel Black Widow - Globetrotting,10,0,0,0,0
2026,Superfractor 1/189,1,0,0,0,0
2014,2014 Upper Deck Marvel Premier - Printing Plates Cyan,60,0,0,0,0
2024,2024 Upper Deck Marvel Masterpieces Nahuel Grego - Printing Plates Black,90,0,0,0,0
2021,2021-22 Upper Deck Marvel Annual - Battle Booklet Sketches Mister Fantastic vs. Doctor Doom,1,0,0,0,0
2023,2023 Upper Deck Marvel Hawkeye - All Wrapped Up Purple,10,0,0,0,0
2008,2008 Rittenhouse Iron Man - Promos,2,0,0,0,0
2024,2024 Topps Chrome Marvel - Purple Refractor,3,0,0,0,0
2011,2011 Upper Deck Marvel Beginnings S1 - 2011 Upper Deck Marvel Beginnings S1,100,0,0,0,0
2016,2016 Upper Deck Marvel Annual - Top 10 Story Arcs Printing Plate Black,10,0,0,0,0
2023,2023 Upper Deck Marvel Allegiance: Avengers vs X-Men - Story of Hope Summers Pprinting Plates Magenta,9,0,0,0,0
2023,2023 Upper Deck Marvel The Falcon and The Winter Soldier - Character Profiles Printing Plates Black,10,0,0,0,0
2016,2016 Upper Deck Marvel Annual - Top 10 Fights Printing Plate Magenta,10,0,0,0,0
2023,2023 Fleer Ultra Marvel Midnight Sons - Strange Tales Blue,18,0,0,0,0
2015,2015 Rittenhouse Marvel: Agents of S.H.I.E.L.D. Season 1 - Autographs - Bordered,1,0,0,0,0
2026,Superfractor 1/50,1,0,0,0,0
2022,2022 Upper Deck Allure Marvel Studios - Nemesis Golden Treasures,12,0,0,0,0
2015,2015 Upper Deck Marvel 3D - Sketch Cards,1,0,0,0,0
2024,2024 Upper Deck Marvel Allegiance Secret Wars - New Suits,5,0,0,0,0
2025,2025 Topps Chrome Marvel - Galactic Legends Gold Wave,10,0,0,0,0
2023,2023 Upper Deck Marvel Shang-Chi and the Legend of the Ten Rings - Night Adventures Printing Plate Achievements Cyan,10,0,0,0,0
2023,2023 Fleer Ultra Marvel Midnight Sons - Spellcraft Stories Green,18,0,0,0,0
2026,MCU Triple Autographs,2,0,0,0,0
2023,2023 Finding Unicorn Marvel Infinity Saga Origin - Blue,100,0,0,0,0
2023,2023 Upper Deck Marvel Premier - Dual-Panel Sketch Cards,1,0,0,0,0
2025,2025 Clover Press The Marvel Art of Michael Turner - Metal Cards,1,0,0,0,0
2024,2024 Upper Deck Marvel Unbound - Printing Plate Magenta,52,0,0,0,0
2017,2017 Fleer Ultra Marvel Spider-Man - Royal Foil Pattern 1,1,0,0,0,0
2019,2019 Upper Deck Marvel Agents of S.H.I.E.L.D. Compendium - Comic Connections,9,0,0,0,0
2026,Finest Timelines - Orange,10,0,0,0,0
2017,2017 Fleer Ultra Marvel Spider-Man - Legacy Printing Plate Black,12,0,0,0,0
2024,"2024 Upper Deck Marvel Guardians of the Galaxy Vol 3 - So, THAT Just Happened Green Speckle",16,0,0,0,0
2026,Superfractor 1/175,1,0,0,0,0
2025,Indestructible,3,0,0,0,0
2016,2016 Upper Deck Marvel Gems - Emma Frost Collection,1,0,0,0,0
2023,2023 Fleer Ultra Marvel Midnight Sons - Spellcraft Stories Gold Spectrum,18,0,0,0,0
2026,Finest Timelines - Black,10,0,0,0,0
2023,2023 Upper Deck Marvel Doctor Strange in the Multiverse of Madness - Red,75,0,0,0,0
2024,2024 SkyBox Metal Universe Marvel Avengers - Comic Cuts,64,0,0,0,0
2026,Superfractor 1/97,1,0,0,0,0
2017,2017 Fleer Ultra Marvel Spider-Man - Deadpool Across America Printing Plate Black,10,0,0,0,0
2023,2023 Upper Deck Marvel Allegiance: Avengers vs X-Men - Allegiance Booklets Autographs,8,0,0,0,0
2019,2019-20 Upper Deck Marvel Annual - Hologram,2,0,0,0,0
2024,2024 Upper Deck Marvel Guardians of the Galaxy Vol 3 - Guardian Graphs Dual Printing Plates Cyan,9,0,0,0,0
2024,2024 Upper Deck Marvel Black Panther Wakanda Forever - Queens Guard Red,9,0,0,0,0
2022,2022 Upper Deck Spider-Man: Into the Spider-Verse - Spider-Sigs Portraits Printing Plates Magenta,5,0,0,0,0
2024,2024 Upper Deck Marvel Studios Series 1 - Exclusives,2,0,0,0,0
2023,2023 Fleer Ultra Marvel Wolverine - Adamantium Red,3,0,0,0,0
2020,2020 SkyBox Marvel Masterpieces - Battle Spectra,15,0,0,0,0
2022,2022-23 Upper Deck Marvel Annual - Top Teams Printing Plate Cyan,10,0,0,0,0
2022,2022 Upper Deck Allure Marvel Studios - Infinity Stones Mind Stone,20,0,0,0,0
2023,2023 Fleer Throwbacks '89 Marvel Edition - Green,30,0,0,0,0
2024,2024 Upper Deck Marvel Allegiance Secret Wars - Sketch Cards 6-Panel,1,0,0,0,0
2024,2024 Upper Deck Marvel Studios Series 2: Cinematic - Printing Plates Yellow,99,0,0,0,0
2026,Comic Book Artist Autographs - SuperFractor,29,0,0,0,0
2023,2023 Upper Deck Marvel Allegiance: Avengers vs X-Men - Comic Covers Printing Plates Magenta,18,0,0,0,0
2026,Superfractor 1/57,1,0,0,0,0
2024,2024 Finding Unicorn Marvel Comics Universe Evolution - First Appearance,14,0,0,0,0
2017,2017 Upper Deck Marvel Annual - Top 10 Villains Printing Plates Cyan,10,0,0,0,0
2025,2025 Topps Chrome Marvel Studios - Avengers Shadowbox,3,0,0,0,0
2024,2024 Upper Deck Marvel Guardians of the Galaxy Vol 3 - Hello. We Come in Peace Printing Plates Magenta,1,0,0,0,0
2024,2024 Finding Unicorn Marvel Comics Universe Evolution - Marvel Milestones,14,0,0,0,0
2023,2023 Upper Deck Marvel Doctor Strange in the Multiverse of Madness - Cyan,75,0,0,0,0
2023,2023 Upper Deck Marvel Allegiance: The Infinity Trilogy - Gold Explosion,90,0,0,0,0
2026,Superfractor 1/61,1,0,0,0,0
2023,2023 Upper Deck Marvel What If…? - Flagship Printing Plates Magenta,1,0,0,0,0
2019,2019-20 Upper Deck Marvel Annual - Pack Wars Leaderboard Silver,13,0,0,0,0
2024,2024 Upper Deck Marvel Unbound - Plexi Autograph Achievements,3,0,0,0,0
2023,2023 Fleer Ultra Marvel Midnight Sons - Thaumaturgical Artifacts Orange,9,0,0,0,0
2024,2024 Upper Deck Marvel Guardians of the Galaxy Vol 3 - One Last Ride Gold Speckle Autographs,4,0,0,0,0
2025,2025 Kakawow Phantom Marvel Rivals - Eternal Night,37,0,0,0,0
2022,2022 Fleer Ultra Marvel Avengers - 2005,6,0,0,0,0
2026,Cordially Invited Autographs,6,0,0,0,0
2016,2016 Upper Deck Marvel Annual - Top 10 Heroes Printing Plate Magenta,10,0,0,0,0
2019,2019 Upper Deck Marvel Weekly - Sketch Card Achievements,1,0,0,0,0
2023,2023 Upper Deck Marvel Wandavision - S.W.O.R.D. Profiles Printing Plates Cyan,10,0,0,0,0
2017,2017 Upper Deck Marvel Annual - Top 10 Villains Printing Plates Black,10,0,0,0,0
2023,2023 Upper Deck Marvel Shang-Chi and the Legend of the Ten Rings - Horizontal Autographs,8,0,0,0,0
2020,2020-21 Upper Deck Marvel Annual - Hologram Printing Plates Yellow,100,0,0,0,0
2016,2016 Upper Deck Marvel Gems - Diamond Mine Single Black,12,0,0,0,0
2017,2017 Upper Deck Marvel Spider-Man Homecoming - Friend or Foe Printing Plate Magenta,9,0,0,0,0
2026,Superfractor 1/105,1,0,0,0,0
2023,2023 Upper Deck Marvel Allegiance: The Infinity Trilogy - The Disappeared Printing Plates Yellow,36,0,0,0,0
2023,2023 Upper Deck Marvel Guardians of the Galaxy Vol. 3 Weekly - SP Variants,3,0,0,0,0
2015,2015 Fleer Retro Marvel - 1982 Fleer Printing Plate Yellow,21,0,0,0,0
2017,2017 Upper Deck Marvel Thor Ragnarok - Mini Comics Creator Autographs,19,0,0,0,0
2024,2024 Upper Deck Marvel Masterpieces Nahuel Grego - Canvas Gallery Printing Plates Yellow,10,0,0,0,0
2018,2018 Upper Deck Marvel's The Defenders - Defenders Connecting Manufactured Patch,32,0,0,0,0
2019,2019 Upper Deck Marvel Deadpool - Pooling Around Achievement,3,0,0,0,0
2017,2017 Upper Deck Marvel Premier - Sketches Triple Panel,1,0,0,0,0
2023,2023 Upper Deck Marvel Allegiance: Avengers vs X-Men - Comic Covers Printing Plates Black,18,0,0,0,0
2014,2014 Upper Deck Marvel Premier - Emotion Printing Plates Cyan,18,0,0,0,0
2024,2024 Upper Deck Marvel Unbound - Sketch,2,0,0,0,0
2023,2023 Upper Deck Marvel Shang-Chi and the Legend of the Ten Rings - Printing Plate Achievements Yellow,52,0,0,0,0
2023,2023 Upper Deck Marvel Loki Season 1 - TVA Profiles Printing Plates Magenta,15,0,0,0,0
2024,2024 SkyBox Metal Universe Marvel Avengers - Planet Metal Iron Armor Copper,19,0,0,0,0
2015,2015 Upper Deck Marvel Vibranium - Printing Plates Magenta,90,0,0,0,0
2023,2023 Fleer Ultra Marvel Wolverine - Aliases Printing Plates Cyan,18,0,0,0,0
2023,2023 Finding Unicorn Marvel Infinity Saga Origin - Scenery,20,0,0,0,0
2011,2011 Upper Deck Marvel Beginnings S1 - X-Men Die Cut,45,0,0,0,0
2022,2022 Fleer Ultra Marvel Avengers - Gold Rainbow Foil,90,0,0,0,0
2024,2024 Upper Deck Marvel Allegiance Secret Wars - Holofoil,83,0,0,0,0
2025,2025 Topps Chrome Marvel - Classic Comic Book Covers Shadowbox,10,0,0,0,0
2022,2022 Upper Deck Marvel Thor: Love and Thunder Weekly - SSP Variants,8,0,0,0,0
1997,1997 Fleer Spider-Man - Marvel OverPower Universe,1,0,0,0,0
2026,Power Hour - SuperFractor,10,0,0,0,0
2022,2022 Upper Deck Marvel Unbound - Printing Plates Yellow,52,0,0,0,0
2017,2017 Upper Deck Marvel Spider-Man Homecoming - Precious Metal Gems Purple Achievements,1,0,0,0,0
2023,2023 Fleer Ultra Marvel Wolverine - Ultra Stars,8,0,0,0,0
2018,2018-19 Upper Deck Marvel Annual - Red,3,0,0,0,0
2021,2021-22 Upper Deck Marvel Annual - Purple Diamond,98,0,0,0,0
2023,2023 Upper Deck Marvel Platinum - Super Statistics Rainbow,26,0,0,0,0
2023,2023 Upper Deck Marvel Allegiance: The Infinity Trilogy - Spectromatic Printing Plates Cyan,20,0,0,0,0
2023,2023 Upper Deck Spider-Man: No Way Home - Spider-Man Foil,40,0,0,0,0
2018,2018-19 Upper Deck Marvel Annual - Top 10 Story Arcs Printing Plates Black,10,0,0,0,0
2024,2024 Upper Deck Marvel Studios Series 2: Cinematic - UD Canvas Black and White,51,0,0,0,0
2011,2011 Rittenhouse Marvel Universe - San Diego Comic-Con,1,0,0,0,0
2024,2024 Upper Deck Marvel Studios Series 1 - Fluorescence Green,25,0,0,0,0
2020,2020-21 Upper Deck Marvel Annual - Fractal,100,0,0,0,0
2024,2024 Fleer Ultra Matriarchs of Marvel - Printing Plates Cyan,100,0,0,0,0
2023,2023 Upper Deck Marvel Loki Season 1 - Miss Minutes,90,0,0,0,0
2020,2020 SkyBox Marvel Masterpieces - Red Spectrum Foil,100,0,0,0,0
2013,2013 Rittenhouse Women of Marvel Series 2 - Embrace,4,0,0,0,0
2024,2024 Upper Deck Marvel Avengers - Battle Time Copper,25,0,0,0,0
2023,2023 Fleer Ultra Marvel Midnight Sons - Spellcraft Stories Purple,18,0,0,0,0
2016,2016 Upper Deck Marvel Masterpieces - Sketch Artists,1,0,0,0,0
2025,2025 Topps Chrome Marvel Studios - Black Refractor,100,0,0,0,0
2025,2025 Topps Chrome Marvel - Marvel Comics Facsimile Autographs Black,3,0,0,0,0
2026,Superfractor 1/60,1,0,0,0,0
2012,2012 Upper Deck Marvel Beginnings S3 - Villains Die Cut,45,0,0,0,0
2014,2014 Rittenhouse Marvel 75th Anniversary - Emerald,4,0,0,0,0
2011,2011 Upper Deck Marvel Beginnings S1 - Breakthrough Issues Autographs,39,0,0,0,0
2023,2023 Fleer Ultra Marvel Midnight Sons - Spirits of Vengeance Blue,9,0,0,0,0
2026,Superfractor 1/141,1,0,0,0,0
2023,2023 Fleer Ultra Marvel Wolverine - Adamantium,2,0,0,0,0
2022,2022 Fleer Ultra Marvel Avengers - Universe Power Supreme Black Die Cut,40,0,0,0,0
2025,2025 Kakawow Phantom Marvel Rivals - Identity,37,0,0,0,0
2024,2024 Upper Deck Marvel Black Panther Wakanda Forever - Ensemble Autographs,6,0,0,0,0
2017,2017 Upper Deck Marvel Spider-Man: Homecoming Walmart Edition - Artist Sketches,1,0,0,0,0
2024,2024 Topps Chrome Sapphire Edition Marvel - Marvel Character Autographs Papradascha,8,0,0,0,0
2023,2023 Upper Deck Marvel Eternals - Eternal Regard Plexi,18,0,0,0,0
2026,Cerebro,55,0,0,0,0
2024,2024 Upper Deck Marvel Unbound Year 4 - Printing Plates Magenta,52,0,0,0,0
2016,2016 Upper Deck Marvel Masterpieces - Printing Plates Black,90,0,0,0,0
2020,2020 Upper Deck Marvel Anime - Capsule Characters Mini Green,50,0,0,0,0
2015,2015 Upper Deck Marvel Vibranium - Rookie Heroes Printing Plates Cyan,10,0,0,0,0
2024,2024 Upper Deck Marvel Masterpieces '92 Platinum - Variant Cover Printing Plate Achievements Black,100,0,0,0,0
2012,2012 Upper Deck Marvel Premier - Two Panel Sketches,1,0,0,0,0
2016,2016 Upper Deck Marvel Gems - Diamond Mine Double Black,10,0,0,0,0
2024,2024 Upper Deck Marvel Black Panther Wakanda Forever - Red,90,0,0,0,0
2023,2023 Upper Deck Marvel Platinum - Printing Plates Cyan,100,0,0,0,0
2024,"2024 Kakawow Marvel Heroes Joy Edition Spider-Man - ""E.D.I.T.H."" Die Cuts",18,0,0,0,0
2023,2023 Upper Deck Marvel Allegiance: The Infinity Trilogy - Sketch Artists,1,0,0,0,0
2024,2024 Upper Deck Marvel Guardians of the Galaxy Vol 3 - Vol. 3 Printing Plates Yellow,20,0,0,0,0
2023,2023 Fleer Ultra Marvel Wolverine - Pop Culture Artist Autographs,35,0,0,0,0
2023,2023 Upper Deck Marvel Allegiance: The Infinity Trilogy - Expeditionary Force Printing Plates Magenta,30,0,0,0,0
2022,2022-23 Upper Deck Marvel Annual - Ready For Action Sketch Booklets,1,0,0,0,0
2023,2023 Upper Deck Marvel Hawkeye - All Wrapped Up Red,10,0,0,0,0
2016,2016 Upper Deck Marvel Annual - Top 10 Heroes Printing Plate Yellow,10,0,0,0,0
2023,2023 Upper Deck Marvel Doctor Strange in the Multiverse of Madness - America's Allies Gold,10,0,0,0,0
2014,2014 Upper Deck Marvel Premier - Code Name Printing Plates Yellow,42,0,0,0,0
2023,2023 Upper Deck Marvel Eternals - Immortals and Mortals,13,0,0,0,0
2023,2023 Fleer Ultra Marvel Midnight Sons - Strange Tales Gold Spectrum,18,0,0,0,0
2015,2015 Upper Deck Marvel Vibranium - Universal Heroes Printing Plates Yellow,20,0,0,0,0
2023,2023 Upper Deck Marvel Eternals - Base Characters Autographs,20,0,0,0,0
2019,2019 Upper Deck Marvel Spider-Man Far From Home - Primary Elements,5,0,0,0,0
2013,2013 Upper Deck Marvel Now! - Cutting Edge Covers Autographs,11,0,0,0,0
2013,2013 Upper Deck Iron Man 3 - Printing Plate Black,60,0,0,0,0
2024,2024 Upper Deck Marvel Black Panther Wakanda Forever - Queens Guard,10,0,0,0,0
2025,2025 Topps Chrome Marvel - Marvel Reflections,4,0,0,0,0
2023,2023 Upper Deck Marvel Wandavision - Picturesque Signatures,6,0,0,0,0
2018,2018-19 Upper Deck Marvel Annual - Top 10 Heroes Printing Plates Yellow,10,0,0,0,0
2025,2025 Topps Chrome Marvel - Galactic Legends SuperFractor,10,0,0,0,0
2024,2024 Upper Deck Marvel Masterpieces '92 Platinum - Emerald Surge,97,0,0,0,0
2022,2022 Fleer Ultra Marvel Avengers - Printing Plates Magenta,100,0,0,0,0
2021,2021 Upper Deck Marvel Black Diamond - Polished Patches Manufactured Relics,41,0,0,0,0
2019,2019 Upper Deck Marvel Spider-Man Far From Home - Obsidian Diamond Relics,8,0,0,0,0
2023,2023-24 Upper Deck Marvel Annual - Variant Cover Printing Plates Yellow,100,0,0,0,0
2024,2024 Finding Unicorn Marvel Comics Universe Evolution - Purple,100,0,0,0,0
2024,2024 Upper Deck Marvel Studios Series 1 - UD Portraits Red,30,0,0,0,0
2024,2024 SkyBox Metal Universe Marvel Avengers - Precious Metal Gems Green,186,0,0,0,0
2021,2021-22 Upper Deck Marvel Annual - Sketches,1,0,0,0,0
2024,2024 Upper Deck Marvel Unbound Year 4 - Printing Plates Black,52,0,0,0,0
2023,2023 Upper Deck Marvel Doctor Strange in the Multiverse of Madness - That Wasn’t a Dream Gold,43,0,0,0,0
2025,2025 Topps Chrome Marvel Studios - Agatha Lava Refractor,100,0,0,0,0
2023,2023 Upper Deck Marvel Allegiance: Avengers vs X-Men - Story of Hope Summers Pprinting Plates Black,9,0,0,0,0
2018,2018-19 Upper Deck Marvel Annual - Top 10 Fights Printing Plates Cyan,10,0,0,0,0
2022,"2022 Upper Deck Marvel Beginnings Volume 2, Series 1 - Purple Rainbow Reality",100,0,0,0,0
2022,2022 Upper Deck Allure Marvel Studios - Character Poster Golden Treasures Autographs,64,0,0,0,0
2021,2021 Upper Deck Marvel Black Widow - Taskmaster’s Target,12,0,0,0,0
2025,2025 Kakawow Aura Marvel - Aura Rose,83,0,0,0,0
2015,2015 Fleer Retro Marvel - Sketches Characters,1,0,0,0,0
2021,2021 SkyBox Metal Universe Marvel X-Men - Planet Metal,22,0,0,0,0
2022,2022 SkyBox Marvel Masterpieces - Mirage Lenticular,9,0,0,0,0
2018,2018 Upper Deck Marvel Masterpieces - What If Printing Plates Magenta,90,0,0,0,0
2024,2024 Upper Deck Marvel Studios Series 1 - Printing Plates Magenta,100,0,0,0,0
2023,2023 Upper Deck Marvel Allegiance: The Infinity Trilogy - Comic Cuts Autographs,32,0,0,0,0
2017,2017 Upper Deck Marvel Annual - Top 10 Issues Printing Plates Cyan,10,0,0,0,0
2024,2024 Upper Deck Marvel Guardians of the Galaxy Vol 3 - Guardian Graphs Triples Printing Plates Magenta,3,0,0,0,0
2026,Superfractor 1/22,1,0,0,0,0
2026,Superfractor 1/182,1,0,0,0,0
2021,2021 SkyBox Metal Universe Marvel X-Men - Etch Sketch,1,0,0,0,0
2023,2023 Upper Deck Spider-Man: No Way Home - Blue Foil,40,0,0,0,0
2026,Superfractor 1/92,1,0,0,0,0
2024,2024 Fleer Throwbacks '59-63 Marvel Edition - Printing Plate Black,30,0,0,0,0
2022,2022 Fleer Ultra Marvel Avengers - 1st Appearances Printing Plates Black,9,0,0,0,0
2024,2024 Upper Deck Marvel Masterpieces '92 Platinum - Printing Plates Black,100,0,0,0,0
2018,2018 Upper Deck Marvel Ant-Man and the Wasp - Tiny Tech Printing Plates Yellow,15,0,0,0,0
2026,Adversaries - Red,20,0,0,0,0
2023,2023 Upper Deck Marvel Shang-Chi and the Legend of the Ten Rings - Dragon Scale,70,0,0,0,0
2023,2023 Upper Deck Marvel Spider-Man Across the Spider-Verse Weekly - Achievements,3,0,0,0,0
2017,2017 Upper Deck Marvel Annual - Top 10 Issues Printing Plates Yellow,10,0,0,0,0
2025,2025 Kakawow Phantom Marvel Rivals - Rivals Refractor Purple,37,0,0,0,0
2025,2025 Kakawow Phantom Marvel Rivals - Rivals Refractor White,37,0,0,0,0
2018,2018 Fleer Ultra X-Men - Stax Middle Layer,30,0,0,0,0
2024,2024 Upper Deck Marvel Masterpieces '92 Platinum - Printing Plates Yellow,100,0,0,0,0
2013,2013 Upper Deck Iron Man 3 - Printing Plate Yellow,60,0,0,0,0
2018,2018 Fleer Ultra X-Men - Comic Cut Panels,5,0,0,0,0
2024,2024 Upper Deck Marvel Guardians of the Galaxy Vol 3 - Hello. We Come in Peace Printing Plates Yellow,1,0,0,0,0
2023,2023 Upper Deck Marvel Shang-Chi and the Legend of the Ten Rings - Night Adventures Red,10,0,0,0,0
2022,2022 Fleer Ultra Marvel Avengers - Ultra Stars Gold,29,0,0,0,0
2026,Topps Originals,10,0,0,0,0
2022,2022-23 Upper Deck Marvel Annual - Backscatters Gold,1,0,0,0,0
2022,2022 Upper Deck Allure Marvel Studios - Infinity Achievements,6,0,0,0,0
2024,2024 Finding Unicorn Marvel Comics Universe Evolution - Team-Ups,18,0,0,0,0
2025,2025 Topps Chrome Marvel - Avengers Infinity,6,0,0,0,0
2023,2023 Upper Deck Marvel Eternals - Eternal Scenery,10,0,0,0,0
2024,2024 Upper Deck Marvel Guardians of the Galaxy Vol 3 - Ensemble,15,0,0,0,0
2024,2024 Upper Deck X-Men ‘97 SDCC - Gold Foilboard,7,0,0,0,0
2020,2020 Upper Deck Marvel Ages - Metal Relics Silver,7,0,0,0,0
2024,2024 Upper Deck Marvel Beginnings Volume 2 Series 2 - Heavyweights Printing Plates Black,18,0,0,0,0
2025,2025 Kakawow Aura Marvel - Marvel Iconic Debut Silver,5,0,0,0,0
2023,2023 Fleer Ultra Marvel Wolverine - Aliases Orange Foil,8,0,0,0,0
2026,Superfractor 1/101,1,0,0,0,0
2026,Screen Moments,20,0,0,0,0
2024,2024 Upper Deck Marvel Masterpieces Nahuel Grego - Canvas Gallery Red,10,0,0,0,0
1998,1998 SkyBox Marvel: The Silver Age - Silver Age Heroes,1,0,0,0,0
2020,2020-21 Upper Deck Marvel Annual - Number 1 Spot Printing Plate Achievements Magenta,25,0,0,0,0
2023,2023 Upper Deck Marvel Moon Knight - 2023 Upper Deck Marvel Moon Knight,29,0,0,0,0
2026,Blacklight - Neon Red Lava Refractor,100,0,0,0,0
2023,2023 Upper Deck Marvel Loki Season 1 - For All Time. Always Printing Plates Black,18,0,0,0,0
2022,2022 Fleer Ultra Marvel Avengers - Greatest Battles Blue Foil,13,0,0,0,0
2023,2023 Upper Deck Spider-Man: No Way Home - Public Enemy #1 Red Foil,10,0,0,0,0
2025,Infinity Gauntlet,6,0,0,0,0
2019,2019 Upper Deck Marvel 80th Anniversary - Marvel History Achievements,2,0,0,0,0
2023,2023 Upper Deck Marvel Guardians of the Galaxy Vol. 3 Weekly - Achievements,3,0,0,0,0
2023,2023 Upper Deck Marvel Allegiance: The Infinity Trilogy - Printing Plates Magenta,90,0,0,0,0
2022,2022 Fleer Ultra Marvel Avengers - Earth's Mightiest Spin-Offs Printing Plates Magenta,10,0,0,0,0
2019,2019 Upper Deck Marvel Spider-Man Far From Home - Mysterio,42,0,0,0,0
2022,"2022 Upper Deck Marvel Beginnings Volume 2, Series 1 - Printing Plates Yellow",100,0,0,0,0
2023,2023 Upper Deck Marvel The Falcon and The Winter Soldier - Who Will Wield the Shield? Printing Plates Yellow,7,0,0,0,0
2026,Superfractor 1/43,1,0,0,0,0
2006,2006 Rittenhouse XIII: X-Men The Last Stand - Take a Stand,4,0,0,0,0
2016,2016 Upper Deck Marvel Annual - Top 10 Heroes Printing Plate Cyan,10,0,0,0,0
2012,2012 Upper Deck Marvel Beginnings S3 - Avengers Holograms,42,0,0,0,0
2023,2023 Upper Deck Spider-Man: No Way Home - Red & Gold Foil,40,0,0,0,0
2025,2025 Kakawow Phantom Marvel Rivals - Green,37,0,0,0,0
2016,2016 Upper Deck Marvel Masterpieces - Gold Foil Signature Series Silver Spectrum,1,0,0,0,0
2025,2025 Topps Chrome Marvel Studios - Printing Plates Black,100,0,0,0,0
2023,2023 Fleer Ultra Marvel Midnight Sons - Midnight Sketch,1,0,0,0,0
2023,2023 Finding Unicorn Marvel’s Avengers 60th Anniversary - Dark Green,63,0,0,0,0
2025,2025 Kakawow Aura Marvel - Marvel Iconic Debut Cyan,3,0,0,0,0
2023,2023 Upper Deck Marvel Doctor Strange in the Multiverse of Madness - Is There A Doctor In The House Gold,20,0,0,0,0
2025,2025 Kakawow Phantom Marvel Rivals - First Anniversary Black,37,0,0,0,0
2024,2024 Upper Deck Women of Marvel - Battle Time - Foil Lt Fx - Purple,25,0,0,0,0
2012,2012 Upper Deck Marvel Beginnings S2 - Printing Plates Black,100,0,0,0,0
2026,Finest Autographs - Red Refractor,13,0,0,0,0
2023,2023 Upper Deck Marvel Loki Season 1 - TVA Holograms,10,0,0,0,0
2020,2020 Upper Deck Marvel Weekly - Comic Clash,72,0,0,0,0
2025,2025 Topps Mint Marvel - Gambits Double Sided Chrome Playing Cards SuperFractor,52,0,0,0,0
2022,2022 Fleer Ultra Marvel Avengers - Earth's Mightiest Spin-Offs Printing Plates Black,11,0,0,0,0
2026,Superfractor 1/35,1,0,0,0,0
2025,2025 Topps Chrome Marvel - Mask-Off Facsimile Autographs Superfractor,4,0,0,0,0
2025,2025 Topps Chrome Marvel Studios - Thunderbolts Gold Refractor,25,0,0,0,0
2026,Topps Originals - Red,10,0,0,0,0
2017,2017 Upper Deck Marvel Annual - Top 10 Heroes Printing Plates Black,10,0,0,0,0
2025,2025 Topps Finest X-Men '97 - Da Nanana Naaaa SuperFractor,2,0,0,0,0
2024,2024 Upper Deck Marvel Masterpieces Nahuel Grego - Timeless Red Autographs,69,0,0,0,0
2021,2021 Upper Deck Marvel Unbound - Character Quarterly Achievement,4,0,0,0,0
2018,2018 Upper Deck Marvel Ant-Man and the Wasp - Tiny Tech Printing Plates Black,15,0,0,0,0
2022,2022 Upper Deck Marvel Unbound - Battle Scenes Quarterly Autographs Achievements,4,0,0,0,0
2012,2012 Upper Deck Marvel Beginnings S3 - Printing Plates Black,100,0,0,0,0
2020,2020 SkyBox Marvel Masterpieces - Preliminary Art,90,0,0,0,0
2022,2022 Upper Deck Marvel Unbound - Sketches,1,0,0,0,0
2025,2025 Topps Chrome Marvel - Classic Comic Book Covers Superfractor,10,0,0,0,0
2023,2023 Upper Deck Marvel What If…? - 1990 Marvel Universe Dimensions Orange,20,0,0,0,0
2026,Superfractor 1/19,1,0,0,0,0
2025,2025 Kakawow Phantom Marvel Rivals - Commemorative Skin Black,37,0,0,0,0
2026,Triple Autographs - Red,1,0,0,0,0
2016,2016 Upper Deck Marvel Gems - Diamond Cut Pear,4,0,0,0,0
2024,2024 Finding Unicorn Marvel Comics Universe Evolution - Spotlight,20,0,0,0,0
2012,2012 Upper Deck Marvel Beginnings S3 - Breakthrough Issues Autographs,42,0,0,0,0
2026,Superfractor 1/93,1,0,0,0,0
2023,2023 Upper Deck Marvel Loki Season 1 - TVA Profiles,15,0,0,0,0
2020,2020 SkyBox Marvel Masterpieces - What If Printing Plates Black,90,0,0,0,0
2023,2023 Upper Deck Marvel The Falcon and The Winter Soldier - Black & Red Flag Smasher,90,0,0,0,0
2026,Comic Excerpts - Spider-Man,12,0,0,0,0
2022,2022 Fleer Ultra Marvel Avengers - Greatest Battles Printing Plates Cyan,13,0,0,0,0
2024,2024 Upper Deck Marvel Black Panther Wakanda Forever - Prominent Profiles,10,0,0,0,0
2023,2023 Upper Deck Marvel Platinum - Blue Rainbow Autographs,92,0,0,0,0
2015,2015 Rittenhouse Marvel: Agents of S.H.I.E.L.D. Season 1 - Costume Cards,19,0,0,0,0
2017,2017 Upper Deck Marvel Guardians of the Galaxy Vol. 2 - Behind the Lens Silver Foil,15,0,0,0,0
2023,2023 Upper Deck Marvel Wandavision - White Vision,37,0,0,0,0
2017,2017 Upper Deck Marvel Premier - Classic Art Shadowbox,24,0,0,0,0
2025,2025 Topps Chrome Marvel - Galactic Legends Black,10,0,0,0,0
2026,Superfractor 1/181,1,0,0,0,0
2012,2012 Rittenhouse Marvel Greatest Heroes - HoloFoil,1,0,0,0,0
2026,Decades Posters - SuperFractor,7,0,0,0,0
2026,Superfractor 1/15,1,0,0,0,0
2015,2015 Fleer Retro Marvel - 1960 Fleer Printing Plate Cyan,21,0,0,0,0
2025,2025 Topps Chrome Marvel Studios - TVA Pruning Orange Shimmer Refractor,25,0,0,0,0
2020,2020 SkyBox Marvel Masterpieces - What If Rainbow Achievement,5,0,0,0,0
2023,2023 Upper Deck Marvel What If…? - Flagship High Gloss,30,0,0,0,0
2024,2024 Upper Deck Marvel Guardians of the Galaxy Vol 3 - Stop Motion Gold,10,0,0,0,0
1997,1997 Fleer/SkyBox Marvel Premium QFX - 1997 Fleer/SkyBox Marvel Premium QFX,25,0,0,0,1
2026,Superfractor 1/91,1,0,0,0,0
2026,Black RayWave Refractor,200,0,0,0,0
2024,2024 Upper Deck Marvel Allegiance Secret Wars - Printing Plates Magenta,90,0,0,0,0
2023,2023 Upper Deck Marvel Allegiance: The Infinity Trilogy - Spectromatic Printing Plates Yellow,20,0,0,0,0
2023,2023-24 Upper Deck Marvel Annual - Hologram Printing Plates Magenta,100,0,0,0,0
2026,Superfractor 1/23,1,0,0,0,0
2020,2020-21 Upper Deck Marvel Annual - Hologram Printing Plates Black,81,0,0,0,0
2022,2022 Fleer Ultra Marvel Avengers - Artist Spotlight Printing Plates Black,10,0,0,0,0
2020,2020-21 Upper Deck Marvel Annual - Pack Wars Victor Prize,100,0,0,0,0
2022,2022 Upper Deck Marvel Unbound - Acetate Facsimile Signature Quarterly Achievements,4,0,0,0,0
2022,"2022 Upper Deck Marvel Beginnings Volume 2, Series 1 - First Draft Sketch Cards",1,0,0,0,0
2025,2025 Topps Chrome Marvel Studios - Autographs Red Refractor,4,0,0,0,0
2022,"2022 Upper Deck Marvel Beginnings Volume 2, Series 1 - Printing Plates Black",100,0,0,0,0
2024,2024 Upper Deck Marvel Guardians of the Galaxy Vol 3 - Star Emblems,6,0,0,0,0
2026,Astonishing - Orange,10,0,0,0,0
2023,2023 Kakawow Phantom Disney 100 Marvel - Heroes and Villains,36,0,0,0,0
2022,2022-23 Upper Deck Marvel Annual - Holograms Printing Plate Yellow,100,0,0,0,0
2023,2023 Upper Deck Marvel Shang-Chi and the Legend of the Ten Rings - Champion Patch Achievements,6,0,0,0,0
2025,2025 Kakawow Phantom Marvel Rivals - Skill,37,0,0,0,0
2022,2022 Upper Deck Allure Marvel Studios - White Diamond,37,0,0,0,0
2023,2023 Upper Deck Marvel Eternals - Silver,21,0,0,0,0
2016,2016 Upper Deck Marvel Gems - Shadowbox,3,0,0,0,0
2023,2023 Upper Deck Marvel Thor Love and Thunder - Ensemble Name Variations,15,0,0,0,0
2025,2025 Kakawow Aura Marvel - Major Events Green,8,0,0,0,0
2018,2018 Upper Deck Marvel Masterpieces - Gold Rainbow Foilboard Achievements,3,0,0,0,0
2024,2024 Upper Deck Marvel Black Panther Wakanda Forever - Printing Plates Cyan,90,0,0,0,0
2023,2023 Upper Deck Marvel Allegiance: The Infinity Trilogy - Spectromatic Blue,20,0,0,0,0
2026,Superfractor 1/192,1,0,0,0,0
2026,Superfractor 1/56,1,0,0,0,0
2012,2012 Upper Deck Marvel Premier - Printing Plates Yellow,50,0,0,0,0
2024,2024 Upper Deck Marvel Masterpieces '92 Platinum - VIP Black Achievements,25,0,0,0,0
2020,2020-21 Upper Deck Marvel Annual - Base Variant Cover Set Printing Plates Magenta,100,0,0,0,0
2025,2025 Topps Finest X-Men '97 - SuperFractor,1,0,0,0,0
2026,Superfractor 1/45,1,0,0,0,0
2023,2023 Flair Marvel - Sketch Artists 6-Piece Puzzles,1,0,0,0,0
2025,2025 Kakawow Aura Marvel - Major Events Silver,8,0,0,0,0
2021,2021 SkyBox Metal Universe Marvel Spider-Man - Planet Metal Gold,29,0,0,0,0
2020,2020 SkyBox Marvel Masterpieces - Holofoil Speckle,20,0,0,0,0
2022,2022 SkyBox Marvel Masterpieces - Silver Spectrum Foil Autographs,72,0,0,0,0
2023,2023 Upper Deck Marvel Moon Knight - Fist of Vengeance Gun Metal,20,0,0,0,0
2024,2024 Upper Deck Marvel Black Panther Wakanda Forever - 2024 Upper Deck Marvel Black Panther Wakanda Forever,1,0,0,0,0
2015,2015 Rittenhouse Marvel: Agents of S.H.I.E.L.D. Season 2 - Agents of S.H.I.E.L.D.,9,0,0,0,0
2019,2019 Upper Deck Marvel Studios The First Ten Years - Roman Numerals,3,0,0,0,0
2015,2015 Rittenhouse Marvel The Avengers Silver Age - SketchaFEX,1,0,0,0,0
2015,2015 Upper Deck Marvel Vibranium - Rookie Heroes Printing Plates Magenta,10,0,0,0,0
2024,2024 Upper Deck X-Men ‘97 SDCC - Foilboard,2,0,0,0,0
2024,2024 Upper Deck Marvel Guardians of the Galaxy Vol 3 - Guardian Badges,8,0,0,0,0
2024,2024 Fleer Ultra Matriarchs of Marvel - Women of the Web Red,7,0,0,0,0
2023,2023 Upper Deck Marvel Doctor Strange in the Multiverse of Madness - Pure Madness Red,20,0,0,0,0
2015,2015 Rittenhouse Marvel: Agents of S.H.I.E.L.D. Season 2 - Sketches,1,0,0,0,0
2025,2025 Topps Marvel Comic Book Heroes 1975 Golden Anniversary - SuperFractor,100,0,0,0,0
2024,2024 Topps Chrome Sapphire Edition Marvel - Green Sapphire,5,0,0,0,0
2023,2023 Upper Deck Marvel The Falcon and The Winter Soldier - Printing Plates Black,90,0,0,0,0
2022,"2022 Upper Deck Marvel Beginnings Volume 2, Series 1 - Printing Plates Cyan",100,0,0,0,0
2024,2024 Upper Deck Marvel Guardians of the Galaxy Vol 3 - One Last Ride Printing Plates Black,7,0,0,0,0
2018,2018-19 Upper Deck Marvel Annual - Printing Plates Black,100,0,0,0,0
2017,2017 Upper Deck Marvel Guardians of the Galaxy Vol. 2 Walmart/Hanes - Awesome Mix Retro Throwback Memorabilia,10,0,0,0,0
2021,2021-22 Upper Deck Marvel Annual - Battle Booklet Sketches Ikaris vs. Thanos,1,0,0,0,0
2026,Superfractor 1/112,1,0,0,0,0
2023,2023 Upper Deck Marvel The Falcon and The Winter Soldier - Mission Briefing Red,6,0,0,0,0
2026,Superfractor 1/129,1,0,0,0,0
2013,2013 Rittenhouse Marvel Greatest Battles - Gold Covers,9,0,0,0,0
2024,2024 Fleer Ultra Matriarchs of Marvel - Printing Plates Black,100,0,0,0,0
2018,2018 Upper Deck Marvel Masterpieces - Canvas Printing Plates Black,10,0,0,0,0
2023,2023 Upper Deck Marvel Hawkeye - Green,100,0,0,0,0
2020,2020-21 Upper Deck Marvel Annual - Foilboard Hologram,82,0,0,0,0
2023,2023 Finding Unicorn Marvel Infinity Saga Origin - Green,100,0,0,0,0
2023,2023 Upper Deck Marvel The Falcon and The Winter Soldier - Mission Briefing Printing Plates Black,6,0,0,0,0
2013,2013 Upper Deck Marvel Now! - Cutting Edge Covers Dual Autographs,5,0,0,0,0
2023,2023 Upper Deck Marvel Wandavision - 2000s One Lifetime or Another Film Cels,6,0,0,0,0
2024,2024 Kakawow Marvel Heroes Joy Edition Spider-Man - Posters,30,0,0,0,0
2023,2023 Upper Deck Spider-Man: No Way Home - Conception Perception Acetate Foilboard Gold,11,0,0,0,0
2022,"2022 Upper Deck Marvel Beginnings Volume 2, Series 1 - Flipped FX Black",90,0,0,0,0
2017,2017 Upper Deck Marvel Guardians of the Galaxy Vol. 2 Walmart/Hanes - Blue,50,0,0,0,0
2017,2017 Upper Deck Marvel Guardians of the Galaxy Vol. 2 Walmart/Hanes - Chrome Cuts,10,0,0,0,0
2008,2008 Rittenhouse Women of Marvel - SketchaFEX Sketches,1,0,0,0,0
2016,2016 Upper Deck Marvel Gems - Focus Frames,7,0,0,0,0
2023,2023 Fleer Ultra Marvel Wolverine - Greatest Battles Red Foil,22,0,0,0,0
2020,2020 SkyBox Marvel Masterpieces - What If Printing Plates Cyan,90,0,0,0,0
2023,2023 Upper Deck Marvel Allegiance: Avengers vs X-Men - X-Men Blue & Yellow,90,0,0,0,0
2016,2016 Upper Deck Marvel Doctor Strange - Letterman Patches,14,0,0,0,0
2024,2024 Upper Deck Marvel Guardians of the Galaxy Vol 3 - Guardian Graphs Dual Printing Plates Magenta,9,0,0,0,0
2026,Superfractor 1/62,1,0,0,0,0
2026,Flame Throwers - SuperFractor,8,0,0,0,0
2017,2017 Upper Deck Marvel Guardians of the Galaxy Vol. 2 - Behind the Lens,15,0,0,0,0
2026,Finest Timelines - SuperFractor,10,0,0,0,0
2024,"2024 Upper Deck Marvel Guardians of the Galaxy Vol 3 - So, THAT Just Happened",16,0,0,0,0
2017,2017 Fleer Ultra Marvel Spider-Man - Milestones Printing Plate Magenta,12,0,0,0,0
2026,It's Clobberin' Time - Orange,20,0,0,0,0
2009,2009 Rittenhouse X-Men Archives - Sketches,1,0,0,0,0
2014,2014 Upper Deck Marvel Premier - Printing Plates Black,60,0,0,0,0
2023,2023 Upper Deck Marvel Allegiance: The Infinity Trilogy - The Disappeared Printing Plates Black,36,0,0,0,0
2018,2018 Upper Deck Marvel Masterpieces - What If Printing Plates Yellow,90,0,0,0,0
2025,2025 Kakawow Phantom Marvel Rivals - S1 Season Limited Black,22,0,0,0,0
2012,2012 Rittenhouse Marvel Bronze Age - Poster Puzzle,18,0,0,0,0
2025,2025 Topps Mint Marvel - Chrome SuperFractor,97,0,0,0,0
2025,2025 Kakawow Aura Marvel - The Legend of Iron Man Purple,3,0,0,0,0
2023,2023 Fleer Ultra Marvel Wolverine - Comic Cuts,38,0,0,0,0
2023,2023 Upper Deck Marvel The Falcon and The Winter Soldier - Purple Zemo,90,0,0,0,0
2024,2024 Upper Deck Marvel Allegiance Secret Wars - Printing Plates Black,89,0,0,0,0
2026,Superfractor 1/163,1,0,0,0,0
2023,2023 Upper Deck Marvel Allegiance: The Infinity Trilogy - Comic Cuts,18,0,0,0,0
2022,2022 Upper Deck Allure Marvel Studios - Magenta,46,0,0,0,0
2026,Superfractor 1/77,1,0,0,0,0
2024,2024 Upper Deck Marvel Studios Series 2: Cinematic - Dazzlers Blue,19,0,0,0,0
2007,2007 SkyBox Marvel Masterpieces - Ashcan Alex Ross,3,0,0,0,0
2025,2025 Kakawow Aura Marvel - Villains of Marvel Green,9,0,0,0,0
2026,Marvel Facsimile Autographs,15,0,0,0,0
2017,2017 Upper Deck Marvel Guardians of the Galaxy Vol. 2 - Bronze Foil,90,0,0,0,0
2021,2021 SkyBox Metal Universe Marvel Spider-Man - Z-Force Rave,50,0,0,0,0
2022,2022-23 Upper Deck Marvel Annual - Silver Sparkle Printing Plates Yellow,100,0,0,0,0
2024,2024 Upper Deck Marvel Allegiance Secret Wars - Gold Explosion,90,0,0,0,0
2023,2023 Upper Deck Marvel Thor Love and Thunder - Ensemble Thunder Silver,20,0,0,0,0
2023,2023 Upper Deck Marvel Loki Season 1 - Alternate Time Branch,6,0,0,0,0
2023,2023 Upper Deck Marvel Shang-Chi and the Legend of the Ten Rings - Night Adventures Printing Plate Achievements Yellow,10,0,0,0,0
2024,2024 Fleer Ultra Matriarchs of Marvel - Light Blue Foil,100,0,0,0,0
2022,2022 Upper Deck Spider-Man: Into the Spider-Verse - Spider-Sigs Torso Printing Plates Yellow,1,0,0,0,0
2015,2015 Upper Deck Marvel Vibranium - When Worlds Collide Printing Plates Magenta,20,0,0,0,0
2011,2011 Upper Deck Marvel Beginnings S1 - Printing Plates Magenta,100,0,0,0,0
1998,1998 SkyBox Marvel: The Silver Age - Sketches,7,0,0,0,0
2015,2015 Upper Deck Marvel 3D - Legendary Playable Sketches,1,0,0,0,0
2017,2017 Fleer Ultra Marvel Spider-Man - Marvel Metal Precious Metal Gems Purple,2,0,0,0,0
2026,Superfractor 1/51,1,0,0,0,0
2024,2024 Upper Deck Marvel Guardians of the Galaxy Vol 3 - Hello. We Come in Peace Printing Plates Cyan,1,0,0,0,0
2016,2016 Upper Deck Marvel Masterpieces - Joe Jusko Commemorative Buybacks,1,0,0,0,0
2024,2024 Upper Deck Marvel Guardians of the Galaxy Vol 3 - Printing Plates Cyan,75,0,0,0,0
2023,2023 Upper Deck Marvel Thor Love and Thunder - A Classic Thor Adventure Gold,40,0,0,0,0
2025,2025 Kakawow Phantom Marvel Rivals - Blue,37,0,0,0,0
2025,2025 Topps Finest X-Men '97 - Morph,1,0,0,0,0
2025,2025 Topps Chrome Marvel - Topps Patrimony,5,0,0,0,0
2013,2013 Upper Deck Iron Man 3 - Heroic Threads Dual,9,0,0,0,0
2026,First Family - Gold,20,0,0,0,0
2026,Superfractor 1/59,1,0,0,0,0
2013,2013 Upper Deck Iron Man 3 - Comic Creator Autographs,3,0,0,0,0
2024,2024 Upper Deck Marvel Masterpieces '92 Platinum - Battle Spectrum Printing Plate Achievements Black,5,0,0,0,0
2021,2021 Upper Deck Marvel Black Diamond - Retro Diamond Relics,75,0,0,0,0
2026,First Family,20,0,0,0,0
2023,2023 Fleer Ultra Marvel Midnight Sons - Spirits of Vengeance Purple,9,0,0,0,0
2022,2022 SkyBox Marvel Masterpieces - Preserved In Amber Orange,92,0,0,0,0
2025,2025 Topps Chrome Marvel - Golden Anniversaries,3,0,0,0,0
2013,2013 Upper Deck Marvel Now! - Sketch Artists Blank Cover Variant,9,0,0,0,0
2022,2022 Upper Deck Spider-Man: Into the Spider-Verse - Ultimate Black,4,0,0,0,0
2023,2023 Upper Deck Marvel Platinum - Gold Rainbow Autographs,30,0,0,0,0
2022,2022 Upper Deck Spider-Man: Into the Spider-Verse - Spider-Sigs Torso Printing Plates Magenta,1,0,0,0,0
2026,Fantastic Creators Cut Signatures,2,0,0,0,0
2022,2022 Upper Deck Allure Marvel Studios - Pink,70,0,0,0,0
2026,Superfractor 1/78,1,0,0,0,0
2026,Mass Symbiiote Take Over,30,0,0,0,0
2025,2025 Kakawow Aura Marvel - Infinite Moments Red,3,0,0,0,0
2023,2023 Fleer Ultra Marvel Wolverine - Medallions Blue,18,0,0,0,0
2018,2018 Upper Deck Marvel Ant-Man and the Wasp - X-Con Background Check Printing Plates Magenta,10,0,0,0,0
2026,Screen Moments - Red,20,0,0,0,0
2023,2023 Upper Deck Marvel Eternals - Eternal Regard Duals Plexi,4,0,0,0,0
2024,2024 Upper Deck Marvel Studios Series 2: Cinematic - HoloGrFX Green,30,0,0,0,0
2023,2023-24 Upper Deck Marvel Annual - Printing Plates Black,62,0,0,0,0
2022,2022 Upper Deck Spider-Man: Into the Spider-Verse - Spider-Sigs Portraits Printing Plates Black,5,0,0,0,0
2024,2024 Upper Deck Marvel Studios Series 2: Cinematic - Fee Fi Foes Gold,11,0,0,0,0
2026,Superfractor 1/126,1,0,0,0,0
2024,2024 Upper Deck Marvel Black Panther Wakanda Forever - Green,90,0,0,0,0
2016,2016 Upper Deck Marvel Gems - Gem Character Sketches,1,0,0,0,0
2016,2016 Upper Deck Marvel Gems - No Boys Allowed,2,0,0,0,0
2026,Astonishing,10,0,0,0,0
2019,2019-20 Upper Deck Marvel Annual - Future Watch Heroes Printing Plates Yellow,5,0,0,0,0
2022,2022 Fleer Ultra Marvel Avengers - Greatest Battles Printing Plates Black,13,0,0,0,0
2023,2023 Upper Deck Marvel Loki Season 1 - For All Time. Always Printing Plates Cyan,18,0,0,0,0
2016,2016 Upper Deck Marvel Masterpieces - Canvas High Series Printing Plates Black,10,0,0,0,0
2021,2021 Upper Deck Marvel Black Diamond - Diamond Facet,24,0,0,0,0
2024,2024 Upper Deck Women of Marvel - Battle Time - Foil Lt Fx - Green,25,0,0,0,0
2026,Superfractor 1/144,1,0,0,0,0
1992,1992 Impel The Uncanny X-Men - Promos,3,0,0,0,0
2024,2024 SkyBox Metal Universe Marvel Avengers - Retro Precious Metal Gems Purple,46,0,0,0,0
2012,2012 Upper Deck Marvel Beginnings S2 - Breakthrough Issues,45,0,0,0,0
2022,2022 Upper Deck Marvel Unbound - Sketches 5x7,1,0,0,0,0
2024,2024 Finding Unicorn Marvel Comics Universe Evolution - Comics Puzzle A,9,0,0,0,0
2026,Fantastic Science Autographs - SuperFractor,12,0,0,0,0
2023,2023 Kakawow Phantom Disney 100 Marvel - Fireworks,72,0,0,0,0
2022,2022 Upper Deck Allure Marvel Studios - Movie Posters,20,0,0,0,0
2024,2024 Finding Unicorn Marvel Comics Universe Evolution - Comics Puzzle B,9,0,0,0,0
2016,2016 Upper Deck Marvel Masterpieces - What If... - Autograph,1,0,0,0,0
2026,Finest Autographs - Gold Refractor,13,0,0,0,0
2025,2025 Topps Chrome Marvel - Clawed Chrome Red Refractor,100,0,0,0,0
2022,2022 Upper Deck Allure Marvel Studios - Sketch Vertical,1,0,0,0,0
2026,Superfractor 1/29,1,0,0,0,0
2025,2025 Kakawow Phantom Marvel Rivals - Silver,37,0,0,0,0
2014,2014 Upper Deck Marvel Premier - Code Name Printing Plates Black,42,0,0,0,0
2021,2021 Upper Deck Marvel Black Diamond - Polished Patches Puzzles Manufactured Relics,42,0,0,0,0
2015,2015 Rittenhouse Marvel: Agents of S.H.I.E.L.D. Season 2 - Costumes,17,0,0,0,0
2023,2023 Upper Deck Marvel Anime Vol. 2 - Capsule Cards World Level Event,5,0,0,0,0
2026,Born on the 4th of July,4,0,0,0,0
2026,It's Clobberin' Time - Gold,20,0,0,0,0
2026,Marvel Reflections,5,0,0,0,0
2015,2015 Upper Deck Marvel Vibranium - Rookie Heroes Printing Plates Yellow,10,0,0,0,0
2024,2024 Topps Chrome Marvel - Spider-man Gold Gold Refractor,1,0,0,0,0
2019,2019 Upper Deck Marvel Studios The First Ten Years - Eclectic Collection Relics,5,0,0,0,0
2025,2025 Topps Chrome Marvel - Future Stars SuperFractor,8,0,0,0,0
2024,2024 Upper Deck Marvel Spider-Man Renditions - Marvel Universe Impel Printing Plates Yellow,2,0,0,0,0
2017,2017 Upper Deck Marvel Cinematic Universe - Red Foil,82,0,0,0,0
2023,2023 Upper Deck Marvel Allegiance: The Infinity Trilogy - Rainbow Variants,18,0,0,0,0
2015,2015 Fleer Retro Marvel - 1995 Flair Marvel Metal Blaster Precious Metal Gems Red,1,0,0,0,1
2024,2024 Upper Deck Marvel Guardians of the Galaxy Vol 3 - 2024 Upper Deck Marvel Guardians of the Galaxy Vol 3,2,0,0,0,0
2019,2019-20 Upper Deck Marvel Annual - Humble Beginnings Printing Plates Black,10,0,0,0,0
2025,2025 Topps Chrome Marvel - Classic Comic Book Covers Red Wave Refractor,10,0,0,0,0
2016,2016 Upper Deck Marvel Gems - Diamond Cut Trillion,5,0,0,0,0
2026,Finest Autographs,13,0,0,0,0
2023,2023 Upper Deck Marvel Hawkeye - Trick Shots,15,0,0,0,0
2015,2015 Bulls-i-Toy Marvel's Avengers: Age of Ultron Dog Tags & Sticker Set - Base Dog Tags,18,0,0,0,0
2023,2023 Upper Deck Marvel Wandavision - Printing Plates Yellow,90,0,0,0,0
2025,2025 Topps Chrome Marvel Studios - Black Wave Refractor,100,0,0,0,0
2020,2020 SkyBox Marvel Masterpieces - Silver Spectrum Foil Autographs,90,0,0,0,0
2026,Superfractor 1/39,1,0,0,0,0
2023,2023 Finding Unicorn Marvel’s Avengers 60th Anniversary - Blue,63,0,0,0,0
2026,Superfractor 1/83,1,0,0,0,0
2016,2016 Upper Deck Marvel Annual - Top 10 Fights Printing Plate Cyan,10,0,0,0,0
2023,2023 Upper Deck Funko Pop Marvel Infinity Saga - Prototype,100,0,0,0,0
2023,2023 Fleer Ultra Marvel Wolverine - Medallions Red,50,0,0,0,0
2015,2015 Fleer Retro Marvel - 1994 Fleer Suspended Animation,24,0,0,0,0
2023,2023 Flair Marvel - High Noon,88,0,0,0,0
2021,2021 Upper Deck Marvel Black Diamond - Exquisite Collection Black,49,0,0,0,0
2026,Superfractor 1/185,1,0,0,0,0
2018,2018 Upper Deck Marvel Ant-Man and the Wasp - X-Con Background Check Printing Plates Yellow,10,0,0,0,0
2024,2024 Upper Deck Marvel Black Panther Wakanda Forever - Close Quarters Combat Purple,15,0,0,0,0
2015,2015 Rittenhouse Marvel: Agents of S.H.I.E.L.D. Season 2 - Promos,4,0,0,0,0
2023,2023 Fleer Ultra Marvel Wolverine - Aliases Printing Plates Yellow,18,0,0,0,0
2023,2023 Upper Deck Marvel The Falcon and The Winter Soldier - Mission Briefing Printing Plates Cyan,6,0,0,0,0
2015,2015 Upper Deck Marvel 3D - Legendary Playable DBG,1,0,0,0,0
2016,2016 Upper Deck Marvel Annual - Top 10 Issues Printing Plate Magenta,10,0,0,0,0
2023,2023 Upper Deck Marvel Loki Season 1 - TVA Profiles Printing Plates Cyan,15,0,0,0,0
2019,2019-20 Upper Deck Marvel Annual - Future Watch Heroes Printing Plates Black,5,0,0,0,0
2015,2015 Upper Deck Marvel Vibranium - Dual Comic Variant Autographs,5,0,0,0,0
2022,2022-23 Upper Deck Marvel Annual - Holograms Printing Plate Cyan,100,0,0,0,0
2023,2023 Upper Deck Spider-Man: No Way Home - In Action Gold Foil Autograph,8,0,0,0,0
2023,2023 Upper Deck Marvel What If…? - 1990 Marvel Universe Dimensions Gold,50,0,0,0,0
2025,2025 Topps Chrome Marvel Studios - Printing Plates Cyan,100,0,0,0,0
2015,2015 Upper Deck Marvel Vibranium - Universal Heroes Printing Plates Black,20,0,0,0,0
2023,2023 Upper Deck Marvel Eternals - Eternal Scenery Gold,10,0,0,0,0
2016,2016 Upper Deck Marvel Annual - Printing Plate Black,100,0,0,0,0
2024,2024 Upper Deck Marvel Guardians of the Galaxy Vol 3 - Ensemble Yellow,15,0,0,0,0
2024,2024 Finding Unicorn Marvel Comics Universe Evolution - Comics Puzzle C,9,0,0,0,0
2017,2017 Upper Deck Marvel Annual - Top 10 Issues Printing Plates Black,10,0,0,0,0
2013,2013 Fleer Retro Marvel - Power Blast,21,0,0,0,0
2020,2020 Upper Deck Marvel Anime - Stax Bottom Layer,15,0,0,0,0
2016,2016 Upper Deck Marvel Gems - Diamond Mine Triple,5,0,0,0,0
2023,2023 Fleer Ultra Marvel Wolverine - Team Affiliations Blue Foil,3,0,0,0,0
2015,2015 Rittenhouse Marvel The Avengers Silver Age - Classic Villains,12,0,0,0,0
2024,2024 Topps Chrome Marvel - Spider-man Gold Orange Refractor,1,0,0,0,0
2019,2019 Upper Deck Marvel Agents of S.H.I.E.L.D. Compendium - Character Profiles Autographs Variant Achievement,3,0,0,0,0
2023,2023 Upper Deck Marvel The Falcon and The Winter Soldier - Forged Vibranium Metal,16,0,0,0,0
2023,2023 Upper Deck Marvel Wandavision - Printing Plates Magenta,90,0,0,0,0
2022,2022 Upper Deck Allure Marvel Studios - Portal,62,0,0,0,0
2026,Negative Zone - Black Kaleidoscope,100,0,0,0,0
2023,2023 Upper Deck Marvel The Marvels Weekly - SSP Variants,3,0,0,0,0
2025,2025 Topps Chrome Marvel Studios - Daredevil: Born Again Orange Refractor,25,0,0,0,0
2019,2019 Upper Deck Marvel Premier - Achievements,5,0,0,0,0
2026,Adversaries - SuperFractor,20,0,0,0,0
2026,CosmicRay Refractor,100,0,0,0,0
2026,Superfractor 1/96,1,0,0,0,0
2016,2016 Upper Deck Marvel Gems - Diamond Mine Single Gold,12,0,0,0,0
2025,2025 Topps Chrome Marvel Studios - Reflections SuperFractor,5,0,0,0,0
2023,2023 Upper Deck Marvel Hawkeye - All Wrapped Up Blue,10,0,0,0,0
2020,2020-21 Upper Deck Marvel Annual - Sketch Cards,1,0,0,0,0
2023,2023 Upper Deck Marvel Doctor Strange in the Multiverse of Madness - Sorcerer Supremes,30,0,0,0,0
2022,2022-23 Upper Deck Marvel Annual - Sketches,1,0,0,0,0
2008,2008 Upper Deck Marvel Masterpieces Set 3 - 2008 Upper Deck Marvel Masterpieces Set 3,100,0,0,0,0
2013,2013 Upper Deck Marvel Now! - Cutting Edge Covers Variants Autographs,20,0,0,0,0
2018,2018 Upper Deck Marvel Masterpieces - Canvas Printing Plates Yellow,10,0,0,0,0
2022,2022-23 Upper Deck Marvel Annual - Star Rookies Printing Plate Achievements Black,5,0,0,0,0
2023,2023 Upper Deck Marvel Allegiance: The Infinity Trilogy - Magenta Glitter,18,0,0,0,0
2002,2002 FilmCardz Spider-Man - Hobby,9,0,0,0,0
2023,2023 Fleer Ultra Marvel Midnight Sons - Thaumaturgical Artifacts Gold Spectrum,9,0,0,0,0
2016,2016 Upper Deck Marvel Gems - Diamond Cut Heart,1,0,0,0,0
2022,2022 Upper Deck Spider-Man: Into the Spider-Verse - Canvas,12,0,0,0,0
2025,2025 Topps Chrome Marvel - X-Men Giant Size 50th Anniversary Red Wave,10,0,0,0,0
2025,2025 Kakawow Aura Marvel - The Legend of Spider-Man Purple,6,0,0,0,0
2026,Superfractor 1/16,1,0,0,0,0
2024,2024 Upper Deck Marvel Spider-Man Renditions - Marvel Universe Impel Printing Plates Cyan,2,0,0,0,0
2025,2025 Kakawow Phantom Marvel Rivals - S1 Season Commemorative Black,32,0,0,0,0
2025,2025 Kakawow Aura Marvel - Script Art Single Green,15,0,0,0,0
2023,2023 Finding Unicorn Marvel Infinity Saga Origin - Pink,100,0,0,0,0
2024,2024 Upper Deck Marvel Black Panther Wakanda Forever - Gold,90,0,0,0,0
2015,2015 Upper Deck Marvel Ant-Man - 2015 Upper Deck Marvel Ant-Man,1,0,0,0,0
2015,2015 Upper Deck Marvel Vibranium - In Memoriam Printing Plates Yellow,20,0,0,0,0
2026,Superfractor 1/169,1,0,0,0,0
2023,2023 Upper Deck Marvel Moon Knight - Travelers of the Night Gun Metal,10,0,0,0,0
2021,2021 Panini Marvel Versus - 2021 Panini Marvel Versus,50,0,0,0,0
2024,2024 Upper Deck Marvel Black Panther Wakanda Forever - Fearless Warriors Purple,20,0,0,0,0
2023,2023 Fleer Ultra Marvel Wolverine - Greatest Battles Yellow Foil,21,0,0,0,0
2026,Superfractor 1/198,1,0,0,0,0
2002,2002 FilmCardz Spider-Man - Ultra-Rare,3,0,0,0,0
2016,2016 Upper Deck Marvel Annual - Top 10 Story Arcs Printing Plate Cyan,10,0,0,0,0
2024,2024 Upper Deck Women of Marvel - Foil Lt Fx - Purple,75,0,0,0,0
2013,2013 Fleer Retro Marvel - Ultra Stars,15,0,0,0,0
2025,2025 Topps Chrome Marvel Studios - Orange Wave Refractor,100,0,0,0,0
2023,2023 Upper Deck Funko Pop Marvel Infinity Saga - Chase Sticker Rainbow,100,0,0,0,0
2023,2023 Upper Deck Marvel Hawkeye - All Wrapped Up Gold,10,0,0,0,0
2022,2022 Upper Deck Allure Marvel Studios - Infinity Stones Time Stone Gold,20,0,0,0,0
2024,2024 Upper Deck Marvel Spider-Man - Sketches,1,0,0,0,0
2013,2013 Upper Deck Marvel Now! - Holo F/X 3D,42,0,0,0,0
2024,2024 Upper Deck Marvel Black Panther Wakanda Forever - Impressive Tech Blue,15,0,0,0,0
2023,2023 Flair Marvel - Flairium Original Art Achievements,6,0,0,0,0
2017,2017 Upper Deck Marvel Annual - Top 10 Issues Printing Plates Magenta,10,0,0,0,0
2018,2018 Upper Deck Marvel Masterpieces - What If Printing Plates Cyan,90,0,0,0,0
2026,Superfractor 1/159,1,0,0,0,0
2025,2025 Topps Chrome Sapphire Edition Marvel Studios - Sapphire Selections Red Sapphire,10,0,0,0,0
2024,2024 Topps Chrome Marvel - Avengers Infinity Red Refractor,1,0,0,0,0
2023,2023 Upper Deck Marvel Platinum - Amber Crystals,101,0,0,0,0
2023,2023 Upper Deck Marvel Hawkeye - Hitting the Target Blue,20,0,0,0,0
2019,2019 Flair Marvel - Through the Ages Golden Age,2,0,0,0,0
2023,2023 Upper Deck Marvel Moon Knight - Sky Blue,90,0,0,0,0
2020,2020 Upper Deck Marvel Anime - Chibi,65,0,0,0,0
2017,2017 Upper Deck Marvel Thor Ragnarok - Mini Comics Creator Autographs Acetate,19,0,0,0,0
2020,2020 Leclerc Marvel: Deviens un Héros - Sticker Backs,40,0,0,0,0
2024,2024 Upper Deck Marvel Spider-Man Renditions - Sketch Artists 2-Panel,1,0,0,0,0
2025,2025 Kakawow Aura Marvel - Villains of Marvel Orange,5,0,0,0,0
2018,2018 Fleer Ultra X-Men - Dead and Gone,10,0,0,0,0
2022,2022 Upper Deck Spider-Man: Into the Spider-Verse - Spectral Spider,7,0,0,0,0
2017,2017 Upper Deck Marvel Thor Ragnarok - Stars of Sakaar Autographs Dual,2,0,0,0,0
2025,2025 Topps Mint Marvel - Printing Plates Black,36,0,0,0,0
2022,2022-23 Upper Deck Marvel Annual - Top Teams Printing Plate Magenta,10,0,0,0,0
2024,2024 SkyBox Metal Universe Marvel Avengers - Comic Cuts Autographs,26,0,0,0,0
2019,2019 Flair Marvel - Anti-Matter,3,0,0,0,0
2024,2024 Upper Deck Marvel Allegiance Secret Wars - Variants,7,0,0,0,0
2016,2016 Upper Deck Marvel Gems - Diamond Mine Double Gold,10,0,0,0,0
2025,2025 Topps Chrome Marvel Studios - Avengers Shadowbox Red Refractor,20,0,0,0,0
2021,2021 SkyBox Metal Universe Marvel X-Men - Purely Periodic,85,0,0,0,0
2023,2023 Upper Deck Marvel Allegiance: The Infinity Trilogy - Comic Cuts Dual Autographs,14,0,0,0,0
2023,2023 Kakawow Phantom Disney 100 Marvel - Anniversary World Stamps,18,0,0,0,0
2023,2023 Upper Deck Marvel Hawkeye - Hitting the Target Gold,20,0,0,0,0
2018,2018 Fleer Ultra X-Men - Red Foil Artist Autographs,31,0,0,0,0
2022,2022 Fleer Ultra Marvel Avengers - 1st Appearances Printing Plates Magenta,15,0,0,0,0
2018,2018 Fleer Ultra X-Men - Deadpool Around the World Gold Foil,10,0,0,0,0
2023,2023 Upper Deck Marvel Hawkeye - Hitting the Target Purple,20,0,0,0,0
2026,World's Greatest Comic Magazine - SuperFractor,10,0,0,0,0
2022,2022 Marvel Masterpieces Printing Plate,76,0,0,0,0
2011,2011 Rittenhouse Marvel: Dangerous Divas - Sultry Seductresses Embossed,9,0,0,0,0
2025,2025 Topps Chrome Marvel Studios - Autographs Orange Refractor,1,0,0,0,1
2022,2022 Fleer Ultra Marvel Avengers - Printing Plates Cyan,100,0,0,0,0
2025,2025 Topps Chrome Marvel Studios - The Snap Variations,100,0,0,0,0
2019,2019 Dave & Buster's Marvel Contest of Champions - 2019 Dave & Buster's Marvel Contest of Champions,66,0,0,0,0
2022,2022 SkyBox Marvel Masterpieces - Metallurgy,79,0,0,0,0
2025,2025 Kakawow Aura Marvel - Major Events Orange,8,0,0,0,0
2026,It's Clobberin' Time - Black,20,0,0,0,0
2023,2023 Upper Deck Marvel Moon Knight - Chamber of the Gods Sand,15,0,0,0,0
2023,2023 Upper Deck Marvel Platinum - Cover Variant Golden Treasures,197,0,0,0,0
2024,2024 SkyBox Metal Universe Marvel Avengers - Palladium Emerald,47,0,0,0,0
2023,2023 Upper Deck Marvel Hawkeye - Holiday Season Acetate,32,0,0,0,0
2023,2023 Upper Deck Marvel Doctor Strange in the Multiverse of Madness - That Wasn’t a Dream,43,0,0,0,0
2023,2023 Fleer Throwbacks '89 Marvel Edition - 1989 Sketch Card Achievement,1,0,0,0,0
2024,2024 Upper Deck Marvel Black Panther Wakanda Forever - Blue,90,0,0,0,0
2020,2020 Upper Deck Marvel's Runaways - Sketches,1,0,0,0,0
2022,2022-23 Upper Deck Marvel Annual - Holograms,41,0,0,0,0
2015,2015 Rittenhouse Marvel: Agents of S.H.I.E.L.D. Season 1 - Art of Level 7,6,0,0,0,0
2023,2023 Upper Deck Marvel Thor Love and Thunder - Scoring Gods,25,0,0,0,0
2026,Blacklight - Neon Orange Lava Refractor,100,0,0,0,0
2023,2023 Upper Deck Marvel Wandavision - One Lifetime or Another Autographed Film Cels,4,0,0,0,0
2017,2017 Upper Deck Marvel Premier - Busts Die Cut,8,0,0,0,0
2023,2023 Upper Deck Marvel Shang-Chi and the Legend of the Ten Rings - Hidden Metal Relics Bronze,24,0,0,0,0
2023,2023 Upper Deck Marvel Spider-Man Across the Spider-Verse Weekly - SP Variants,3,0,0,0,0
2024,2024 Upper Deck Marvel Studios Series 1 - UD Portraits Gold,4,0,0,0,0
2022,2022 Upper Deck Allure Marvel Studios - Movie Posters Golden Treasures,19,0,0,0,0
2013,2013 Fleer Retro Marvel - Quick Strike,21,0,0,0,0
2023,2023 Upper Deck Marvel Allegiance: The Infinity Trilogy - Cosmic Catastrophe Printing Plates Magenta,24,0,0,0,0
2017,2017 Upper Deck Marvel Spider-Man Homecoming - Webbed Threads Dual Autograph Memorabilia,2,0,0,0,0
2014,2014 Upper Deck Marvel Premier - Sketch Artists,1,0,0,0,0
2024,2024 Upper Deck Marvel Guardians of the Galaxy Vol 3 - Guardian Graphs Dual Printing Plates Black,9,0,0,0,0
2026,Topps Originals - Black,10,0,0,0,0
2017,2017 Upper Deck Marvel Annual - Top 10 Fights Printing Plates Black,10,0,0,0,0
2018,2018 Upper Deck Marvel's The Defenders - Color Wheel,100,0,0,0,0
2024,2024 Upper Deck Marvel Masterpieces '92 Platinum - Corner Box Creations Printing Plate Achievements Cyan,20,0,0,0,0
2025,2025 Topps Mint Marvel - Black,86,0,0,0,0
2019,2019 Upper Deck Marvel Agents of S.H.I.E.L.D. Compendium - Character Profiles Printing Plates Cyan,20,0,0,0,0
2024,2024 Upper Deck Marvel Studios Series 1 - Fluorescence Red,25,0,0,0,0
2018,2018 Upper Deck Marvel Avengers Infinity War - Precious Metal Gems Purple,1,0,0,0,0
2012,2012 Rittenhouse Marvel Bronze Age - Sketch Cards,1,0,0,0,0
2021,2021 Upper Deck Marvel Black Diamond - Exquisite Collection Red,49,0,0,0,0
2020,2020 Upper Deck Marvel Avengers Endgame & Captain Marvel - Exquisite Collection Diamond Relics,20,0,0,0,0
2024,2024 Upper Deck Marvel Guardians of the Galaxy Vol 3 - Ensemble Black,15,0,0,0,0
2024,2024 Upper Deck Marvel Masterpieces Nahuel Grego - Variant Covers Printing Plates Cyan,90,0,0,0,0
2026,Superfractor 1/166,1,0,0,0,0
2014,2014 Upper Deck Marvel Premier - Printing Plates Yellow,60,0,0,0,0
2022,2022 Fleer Ultra Marvel Avengers - Comic Clippings Autographs,50,0,0,0,0
2016,2016 Upper Deck Marvel Annual - Top 10 Villains Printing Plate Magenta,10,0,0,0,0
2026,Spider-Man Comic Cuts,15,0,0,0,0
2026,Screen Moments - SuperFractor,20,0,0,0,0
2008,2008 Upper Deck Marvel Masterpieces Set 2 - Fantastic Four Movie Memorabilia,5,0,0,0,0
2023,2023 Upper Deck Marvel Platinum - Platinum Duos Rainbow,6,0,0,0,0
2017,2017 Upper Deck Marvel Spider-Man Homecoming - Printing Plate Cyan,100,0,0,0,0
2023,2023 Upper Deck Marvel Allegiance: The Infinity Trilogy - Spectromatic Printing Plates Magenta,20,0,0,0,0
2017,2017 Upper Deck Marvel Thor Ragnarok - Dyson Rip Super Short Prints,9,0,0,0,0
2019,2019 Upper Deck Marvel Deadpool - Original Deadpool Art Achievement,10,0,0,0,0
2023,2023 Upper Deck Marvel Eternals - Purple,48,0,0,0,0
2022,2022-23 Upper Deck Marvel Annual - Printing Plates Magenta,100,0,0,0,0
2024,2024 Topps Chrome Marvel - Marvel Character Dual Autographs SuperFractor,3,0,0,0,0
2021,2021 SkyBox Metal Universe Marvel Spider-Man - Comic Cuts Autographed Masterworks,48,0,0,0,0
2023,2023 Fleer Ultra Marvel Wolverine - X-23 Gold Spectrum Foil,10,0,0,0,0
2024,2024 Topps Chrome Marvel - Mask Off SuperFractor,8,0,0,0,0
2026,Superfractor 1/118,1,0,0,0,0
2006,2006 Rittenhouse XIII: X-Men The Last Stand - SketchaFEX,1,0,0,0,0
2023,2023 Upper Deck Marvel Wandavision - Welcome to Westview Printing Plates Cyan,15,0,0,0,0
2024,2024 Upper Deck Marvel Masterpieces '92 Platinum - Fantastic Covers Printing Plate Achievements Black,10,0,0,0,0
2020,2020 Upper Deck Marvel Anime - Capsule Characters Mini Gold,50,0,0,0,0
2023,2023 Upper Deck Marvel Thor Love and Thunder - Love Red,80,0,0,0,0
2015,2015 Fleer Retro Marvel - 1960 Fleer Printing Plate Magenta,21,0,0,0,0
2023,2023 Upper Deck Marvel Allegiance: The Infinity Trilogy - Spectromatic Orange,11,0,0,0,0
2018,2018-19 Upper Deck Marvel Annual - Sketch Artists,1,0,0,0,0
2026,Fantastic Science Autographs - Black,12,0,0,0,0
2018,2018 Upper Deck Marvel Masterpieces - Autographs,2,0,0,0,0
2023,2023 Upper Deck Marvel Doctor Strange in the Multiverse of Madness - Pure Madness Gold,20,0,0,0,0
2019,2019 Upper Deck Marvel Spider-Man Far From Home - 2019 Upper Deck Marvel Spider-Man Far From Home,32,0,0,0,0
2025,2025 Topps Finest X-Men '97 - Sketch Artists,1,0,0,0,0
2024,2024 Fleer Ultra Matriarchs of Marvel - Genetics,18,0,0,0,0
2024,2024 Upper Deck Marvel Unbound - Autograph,52,0,0,0,0
2018,2018 Upper Deck Marvel Ant-Man and the Wasp - X-Con Background Check Printing Plates Black,10,0,0,0,0
2017,2017 Upper Deck Marvel Guardians of the Galaxy Vol. 2 - Pink Foil,90,0,0,0,0
2021,2021 SkyBox Metal Universe Marvel Spider-Man - Platinum Portraits,14,0,0,0,0
2026,Finest Timelines,10,0,0,0,0
2024,2024 Upper Deck Marvel Masterpieces Nahuel Grego - Variant Covers Printing Plates Magenta,90,0,0,0,0
2023,2023 Upper Deck Marvel Wandavision - We Are an Unusual Couple Printing Plates Black,18,0,0,0,0
2025,2025 Topps Chrome Marvel - Marvel Comics Facsimile Autographs,3,0,0,0,0
2015,2015 Bulls-i-Toy Marvel's Avengers: Age of Ultron Dog Tags & Sticker Set - Film Cels,6,0,0,0,0
2024,2024 Upper Deck Marvel Black Panther Wakanda Forever - Prominent Profiles Purple,10,0,0,0,0
2023,2023 Upper Deck Marvel Hawkeye - Silver and Gold Achievements,4,0,0,0,0
2025,2025 Kakawow Aura Marvel - Script Art Single Gold,21,0,0,0,0
2025,2025 Kakawow Phantom Marvel Rivals - Hero Lore Black,10,0,0,0,0
2023,2023 Upper Deck Marvel Platinum - Creator Art Variant Auto Orange Rainbow,97,0,0,0,0
2025,2025 Topps Chrome Marvel - Iron Man Gold Refractor,10,0,0,0,0
2024,2024 Upper Deck Marvel Guardians of the Galaxy Vol 3 - Guardian Graphs Duals,9,0,0,0,0
2023,2023 Upper Deck Marvel Eternals - Immortals and Mortals Autographs,10,0,0,0,0
2025,2025 Kakawow Aura Marvel - Marvel 80s Legends Red,9,0,0,0,0
2024,2024 Topps Chrome Marvel - Marvel Giant-Sized 50th Anniversary Orange Refractor,1,0,0,0,0
2023,2023 Upper Deck Marvel Wandavision - Agatha All Along Acetate,10,0,0,0,0
2016,2016 Upper Deck Marvel Annual - Top 10 Villains Printing Plate Cyan,10,0,0,0,0
2022,2022-23 Upper Deck Marvel Annual - Canvas Variant Printing Plate Cyan,100,0,0,0,0
2017,2017 Upper Deck Marvel Spider-Man Homecoming - Printing Plate Yellow,100,0,0,0,0
2023,2023 Upper Deck Marvel Allegiance: The Infinity Trilogy - Expeditionary Force Printing Plates Cyan,30,0,0,0,0
2025,2025 Kakawow Aura Marvel - Infinite Moments Gold,3,0,0,0,0
2008,2008 Upper Deck Marvel Masterpieces Set 2 - Marvel Heroines,9,0,0,0,0
2012,2012 Rittenhouse Marvel Greatest Heroes - Sketch Cards,1,0,0,0,0
2023,2023 Upper Deck Marvel Spider-Man Across the Spider-Verse Weekly - SSP Variants,3,0,0,0,0
2023,2023 Upper Deck Marvel Wandavision - Aren’t We a Fine Pair Achievements,9,0,0,0,0
2023,2023 Upper Deck Spider-Man: No Way Home - Friendly Neighborhood Spider-Man,40,0,0,0,0
2023,2023 Upper Deck Marvel The Falcon and The Winter Soldier - Character Profiles Red,10,0,0,0,0
2020,2020 Upper Deck Marvel Weekly - Negative Variant,10,0,0,0,0
2024,2024 Upper Deck Marvel Unbound Year 4 - Printing Plates Yellow,52,0,0,0,0
2025,2025 Topps Chrome Marvel Studios - Reflections,5,0,0,0,0
2021,2021 SkyBox Metal Universe Marvel X-Men - Platinum Portraits,23,0,0,0,0
2023,2023 Upper Deck Marvel Thor Love and Thunder - A Classic Thor Adventure,40,0,0,0,0
2018,2018 Fleer Ultra X-Men - Rainbow Foil,35,0,0,0,0
2025,2025 Topps Chrome Marvel - The New Avengers 20th Anniversary Red Wave,10,0,0,0,0
2025,Sketch,93,0,0,0,0
2026,Superfractor 1/70,1,0,0,0,0
2014,2014 Rittenhouse Marvel Universe - Artist Draft,9,0,0,0,0
1996,1996 Fleer/SkyBox Marvel Vision - Mini Magazine,1,0,0,0,0
2023,2023 Upper Deck Marvel Allegiance: Avengers vs X-Men - A Cosmic Journey Printing Plates Magenta,18,0,0,0,0
2021,2021 Upper Deck Marvel Black Widow - Covert Fragments,6,0,0,0,0
2023,2023 Upper Deck Marvel Allegiance: The Infinity Trilogy - Comic Cuts Covers,18,0,0,0,0
2022,2022 Upper Deck Allure Marvel Studios - Orange Slice Die Cut,12,0,0,0,0
2018,2018 Fleer Ultra X-Men - Comic Cut Panels Dual,7,0,0,0,0
2024,2024 Upper Deck Marvel Guardians of the Galaxy Vol 3 - Colors and Contours Orange,15,0,0,0,0
2020,2020-21 Upper Deck Marvel Annual - Printing Plates Cyan,100,0,0,0,0
2023,2023 Upper Deck Marvel Hawkeye - Trick Shots Purple,15,0,0,0,0
2023,2023 Upper Deck Marvel Wandavision - Green Vision,45,0,0,0,0
2023,2023 Fleer Ultra Marvel Midnight Sons - Thaumaturgical Artifacts Red,9,0,0,0,0
2023,2023 Upper Deck Marvel Wandavision - S.W.O.R.D. Profiles Printing Plates Black,10,0,0,0,0
2024,2024 Upper Deck Marvel Guardians of the Galaxy Vol 3 - I Love You Guys,10,0,0,0,0
2024,2024 Upper Deck Marvel Guardians of the Galaxy Vol 3 - Ensemble Printing Plates Black,15,0,0,0,0
1997,1997 Fleer/SkyBox X-Men - Temporary Tattoos,5,0,0,0,0
2022,2022-23 Upper Deck Marvel Annual - Canvas Variant Printing Plate Yellow,100,0,0,0,0
2023,2023 Upper Deck Funko Pop Marvel Infinity Saga - Spectrum,15,0,0,0,0
2026,Red Wave Refractor,200,0,0,0,0
2024,2024 Kakawow Marvel Heroes Joy Edition Spider-Man - Mirage Diamond,18,0,0,0,0
2023,2023 Fleer Ultra Marvel Wolverine - 2003,15,0,0,0,0
2025,2025 Topps Chrome Marvel - Mask-Off Facsimile Autographs Red Refractor,4,0,0,0,0
2024,2024 Upper Deck Marvel Avengers - Battle Time Blue,25,0,0,0,0
2024,2024 Topps Chrome Marvel - Green Refractor,4,0,0,0,0
2020,2020 SkyBox Marvel Masterpieces - Rainbow Achievement,5,0,0,0,0
2020,2020-21 Upper Deck Marvel Annual - Number 1 Spot Printing Plate Achievements Yellow,25,0,0,0,0
2018,2018 Upper Deck Marvel's The Defenders - Gold Acetate,100,0,0,0,0
2022,2022 SkyBox Marvel Masterpieces - Canvas Gallery Blue Foil,10,0,0,0,0
2024,2024 Upper Deck Marvel Guardians of the Galaxy Vol 3 - Printing Plates Yellow,75,0,0,0,0
2013,2013 Upper Deck Iron Man 3 - Printing Plate Magenta,60,0,0,0,0
2016,2016 Upper Deck Marvel Gems - Ruby,5,0,0,0,0
2023,2023 Upper Deck Marvel Eternals - When Immortals Walk the Earth Film Cels Acetate,40,0,0,0,0
2022,"2022 Upper Deck Marvel Beginnings Volume 2, Series 1 - Printing Plates Magenta",100,0,0,0,0
2023,2023 Upper Deck Marvel Platinum - Orange Checkers,21,0,0,0,0
2025,2025 Topps Chrome Marvel Studios - New Avengers Logo Variation Superfractor,25,0,0,0,0
2025,2025 Topps Chrome Sapphire Edition Marvel Studios - Sapphire Selections Padparadscha Sapphire,10,0,0,0,0
2023,2023 Upper Deck Marvel Thor Love and Thunder - Ensemble Love Red,20,0,0,0,0
2023,2023 Kakawow Phantom Disney 100 Marvel - Movie Posters,32,0,0,0,0
2024,2024 Upper Deck Marvel Masterpieces '92 Platinum - Corner Box Creations Printing Plate Achievements Magenta,20,0,0,0,0
2024,2024 Upper Deck Marvel Black Panther Wakanda Forever - Impressive Tech,15,0,0,0,0
2024,2024 Upper Deck Marvel Beginnings Volume 2 Series 2 - Flipped FX Black,90,0,0,0,0
2022,2022 Upper Deck Marvel Unbound - Battle Scenes Quarterly Achievements,4,0,0,0,0
2025,2025 Topps Chrome Marvel - Iron Man Gold SuperFractor,10,0,0,0,0
2026,Concept Art - SuperFractor,20,0,0,0,0
2021,2021 Upper Deck Marvel Black Widow - Sketch Card Achievements,1,0,0,0,0
2022,2022 Upper Deck Marvel Black Panther: Wakanda Forever Weekly - Achievements,3,0,0,0,0
2016,2016 Upper Deck Marvel Annual - Top 10 Heroes Printing Plate Black,10,0,0,0,0
2026,Superfractor 1/88,1,0,0,0,0
2025,2025 Kakawow Phantom Marvel Rivals - Lightning,37,0,0,0,0
2018,2018 Upper Deck Marvel Masterpieces - Canvas Printing Plates Cyan,10,0,0,0,0
2014,2014 Rittenhouse Marvel: Dangerous Divas 2 - Ruby,90,0,0,0,0
2024,2024 Upper Deck Marvel Studios Series 1 - Outburst Gold,45,0,0,0,0
2023,2023 Upper Deck Marvel Wandavision - Suburban Synthezoid Printing Plates Yellow,6,0,0,0,0
2026,Concept Art,20,0,0,0,0
2020,2020-21 Upper Deck Marvel Annual - Base Variant Cover Set Printing Plates Yellow,100,0,0,0,0
2025,2025 Topps Chrome Marvel Studios - Black Geometric Refractor,100,0,0,0,0
2026,Tribute to 1996 Finest Phenoms - SuperFractor,100,0,0,0,0
2026,Superfractor 1/84,1,0,0,0,0
2025,2025 Topps Chrome Marvel Studios - Fantastic Four: First Steps Light Blue Refractor,11,0,0,0,0
2023,2023 Upper Deck Marvel Allegiance: The Infinity Trilogy - Infinity Gems Mind,4,0,0,0,0
2024,2024 Fleer Throwbacks '59-63 Marvel Edition - 1961-62 Fleer Blue,29,0,0,0,0
2017,2017 Upper Deck Marvel Spider-Man Homecoming - Printing Plate Magenta,100,0,0,0,0
2024,2024 Upper Deck Marvel Allegiance Secret Wars - Printing Plates Yellow,90,0,0,0,0
2025,2025 Kakawow Phantom Marvel Rivals - Poster,36,0,0,0,0
2016,2016 Upper Deck Marvel Gems - Diamond Mine Quad Gold,3,0,0,0,0
2023,2023 Upper Deck Marvel Allegiance: Avengers vs X-Men - Spectromatic History Blue,7,0,0,0,0
1997,1997 Fleer Spider-Man - Marvel OverPower Power,1,0,0,0,0
2018,2018 Fleer Ultra X-Men - Silver Foil,94,0,0,0,0
2024,2024 Upper Deck Marvel Guardians of the Galaxy Vol 3 - Printing Plates Magenta,75,0,0,0,0
2023,2023 Flair Marvel - Sketch Artists 2-Piece Puzzles,1,0,0,0,0
2023,2023 Upper Deck Marvel Doctor Strange in the Multiverse of Madness - Earth 838,75,0,0,0,0
2023,2023 Upper Deck Marvel Moon Knight - Chamber of the Gods,15,0,0,0,0
2025,2025 Kakawow Phantom Marvel Rivals - Team-up,17,0,0,0,0
2023,2023 Upper Deck Marvel Hawkeye - Adornments Stars Light FX Die Cuts,6,0,0,0,0
2025,2025 Kakawow Phantom Marvel Rivals - Scene,9,0,0,0,0
2022,2022-23 Upper Deck Marvel Annual - Number 1 Spot Printing Plate Magenta,25,0,0,0,0
2024,2024 SkyBox Metal Universe Marvel Avengers - Palladium Gold,47,0,0,0,0
2025,2025 Topps Chrome Marvel Studios - Thunderbolts Black Refractor,25,0,0,0,0
2019,2019 Flair Marvel - Power Blast,48,0,0,0,0
2019,2019 Upper Deck Marvel Agents of S.H.I.E.L.D. Compendium - Character Profiles Printing Plates Magenta,20,0,0,0,0
2025,2025 Kakawow Aura Marvel - Aura Green Peacock,84,0,0,0,0
2017,2017 Upper Deck Marvel Guardians of the Galaxy Vol. 2 Walmart/Hanes - Silver Comic Characters,15,0,0,0,0
2018,2018 Upper Deck Marvel Masterpieces - Preliminary Art,30,0,0,0,0
2018,2018 Upper Deck Marvel's The Defenders - The Heroes Jessica Jones,15,0,0,0,0
2023,2023 Finding Unicorn Marvel Infinity Saga Origin - Red,100,0,0,0,0
2023,2023 Fleer Ultra Marvel Wolverine - Greatest Battles Gold Spectrum Foil,23,0,0,0,0
2026,Topps Originals - SuperFractor,10,0,0,0,0
2023,2023 Finding Unicorn Marvel’s Avengers 60th Anniversary - 2023 Finding Unicorn Marvel’s Avengers 60th Anniversary,63,0,0,0,0
2024,2024 Topps Chrome Marvel - Marvel 90s Gold Refractor,1,0,0,0,0
2026,First Family - SuperFractor,20,0,0,0,0
2024,2024 Upper Deck Marvel Beginnings Volume 2 Series 2 - Mega Splash Jumbo Clippings,4,0,0,0,0
2024,2024 Finding Unicorn Marvel Comics Universe Evolution - Comics Puzzle F,9,0,0,0,0
2023,2023 Upper Deck Marvel Wandavision - Welcome to Westview Printing Plates Yellow,15,0,0,0,0
2023,2023 Upper Deck Marvel Eternals - Black,107,0,0,0,0
2015,2015 Upper Deck Marvel Vibranium - Dual Comic Autographs,11,0,0,0,0
2020,2020 SkyBox Marvel Masterpieces - Metallurgy,90,0,0,0,0
2013,2013 Rittenhouse Marvel Greatest Battles - Avengers Vs X-Men,6,0,0,0,0
2024,2024 Upper Deck Marvel Studios Series 2: Cinematic - Fluorescence Green,25,0,0,0,0
2020,2020 SkyBox Marvel Masterpieces - What If Printing Plates Magenta,90,0,0,0,0
2017,2017 Fleer Ultra Marvel Spider-Man - Sketch Artists Plexiglass,1,0,0,0,0
2023,2023 Upper Deck Marvel Loki Season 1 - TVA’s Mission,10,0,0,0,0
2008,2008 Upper Deck Marvel Masterpieces Set 2 - Jumbo Box Toppers,5,0,0,0,0
2018,2018 Upper Deck Marvel Ant-Man and the Wasp - Printing Plates Black,100,0,0,0,0
2026,Superfractor 1/158,1,0,0,0,0
2016,2016 Upper Deck Marvel Gems - XOXO,9,0,0,0,0
2023,2023 Upper Deck Marvel Hawkeye - Adornments Cookies Light FX Die Cuts,6,0,0,0,0
2006,2006 Rittenhouse XIII: X-Men The Last Stand - Casting Call,12,0,0,0,0
2021,2021-22 Upper Deck Marvel Annual - Crystal Clear,76,0,0,0,0
2026,Superfractor 1/80,1,0,0,0,0
2026,Superfractor 1/128,1,0,0,0,0
1994,1994 Flair Marvel Annual - Flair Marvel Universe - 9up-Panels,1,0,0,0,0
2018,2018 Fleer Ultra X-Men - Buybacks 1995,16,0,0,0,0
2020,2020-21 Upper Deck Marvel Annual - Base Variant Cover Set,126,0,0,0,1
2012,2012 Upper Deck Marvel Beginnings S3 - Printing Plates Yellow,100,0,0,0,0
2023,2023 Upper Deck Marvel The Falcon and The Winter Soldier - Mission Briefing Printing Plates Magenta,6,0,0,0,0
2023,2023 Upper Deck Marvel The Falcon and The Winter Soldier - Behind The Scenes Red,15,0,0,0,0
2024,2024 Upper Deck Marvel Masterpieces Nahuel Grego - Holofoil Moon Lava Autographs,20,0,0,0,0
2024,2024 Topps Chrome Sapphire Edition Marvel - Marvel Character Autographs Duals Red Sapphire,3,0,0,0,0
2023,2023 Finding Unicorn Marvel Infinity Saga Origin - Printing Plates Magenta,100,0,0,0,0
2024,2024 Upper Deck Marvel Studios Series 2: Cinematic - Fluorescence Magenta,25,0,0,0,0
2019,2019 Upper Deck Marvel 80th Anniversary - Sketch Cards,1,0,0,0,0
2026,Superfractor 1/177,1,0,0,0,0
2015,2015 Upper Deck Marvel 3D - Affinity Lenticular Quad,22,0,0,0,0
2024,2024 Upper Deck Marvel Unbound - Printing Plate Yellow,52,0,0,0,0
2025,2025 Topps Chrome Marvel - Red Wave,100,0,0,0,0
2024,2024 Kakawow Marvel Heroes Joy Edition Spider-Man - Web Die Cuts,18,0,0,0,0
2024,2024 Upper Deck Marvel Beginnings Volume 2 Series 2 - Flipped FX Red,90,0,0,0,0
2026,Brooklyn Statue,3,0,0,0,0
2023,2023 Upper Deck Marvel Wandavision - 1980s One Lifetime or Another Film Cels,6,0,0,0,0
2015,2015 Fleer Retro Marvel - 1982 Fleer Printing Plate Cyan,21,0,0,0,0
2018,2018 Upper Deck Marvel Masterpieces - Printing Plates Yellow,90,0,0,0,0
2023,2023 Flair Marvel - Solar Flair Sunspot Achievements,40,0,0,0,0
2026,Superfractor 1/17,1,0,0,0,0
2023,2023 Upper Deck Marvel Wandavision - 2000s Classic Sitcom Signatures,5,0,0,0,0
2018,2018-19 Upper Deck Marvel Annual - Top 10 Fights Printing Plates Yellow,10,0,0,0,0
2017,2017 Upper Deck Marvel Annual - Top 10 Story Arcs Printing Plates Yellow,10,0,0,0,0
2015,2015 Fleer Retro Marvel - 1995 Flair Origins Printing Plate Cyan,30,0,0,0,0
2023,2023 Upper Deck Marvel Loki Season 1 - TVA’s Mission Printing Plates Cyan,10,0,0,0,0
2015,2015 Fleer Retro Marvel - 1992 Impel Uncanny X-Men Printing Plate Magenta,15,0,0,0,0
2023,2023 Upper Deck Marvel Wandavision - Suburban Synthezoid Red,6,0,0,0,0
2026,Fantastic Science Autographs - Red,12,0,0,0,0
2022,2022 Upper Deck Allure Marvel Studios - Symmetry Autographs Printing Plates Cyan,14,0,0,0,0
2022,2022 Fleer Ultra Marvel Avengers - Earth's Mightiest Spin-Offs Printing Plates Yellow,10,0,0,0,0
2025,2025 Kakawow Phantom Marvel Rivals - Gold,37,0,0,0,0
2023,2023 Upper Deck Marvel Platinum - Cover Variant Seismic Gold,180,0,0,0,0
2019,2019 Upper Deck Marvel Agents of S.H.I.E.L.D. Compendium - Color Wheel,50,0,0,0,0
2024,2024 SkyBox Metal Universe Marvel Avengers - Precious Metal Gems White Diamond,100,0,0,0,0
2023,2023 Fleer Ultra Marvel Wolverine - Team Affiliations Yellow Foil,8,0,0,0,0
2019,2019 Upper Deck Marvel Agents of S.H.I.E.L.D. Compendium - Character Profiles Printing Plates Black,20,0,0,0,0
2023,2023 Upper Deck Marvel Platinum - Creator Art Variant Gold Rainbow,10,0,0,0,0
2026,First Family - Red,20,0,0,0,0
2026,Storm's Red Lightning Refractor,200,0,0,0,0
2013,2013 Fleer Retro Marvel - Retro Stickers,25,0,0,0,0
2022,"2022 Upper Deck Marvel Beginnings Volume 2, Series 1 - Blue Border",91,0,0,0,0
2023,2023 Upper Deck Marvel Wandavision - S.W.O.R.D. Profiles Red,10,0,0,0,0
2025,Best Bubs Autographs,1,0,0,0,0
2025,2025 Topps Chrome Marvel - 50 Years of Nightcrawler Shadowbox,5,0,0,0,0
2026,Superfractor 1/193,1,0,0,0,0
2017,2017 Fleer Ultra Marvel Spider-Man - Deadpool Across America Printing Plate Magenta,10,0,0,0,0
2019,2019 Upper Deck Marvel Spider-Man Far From Home - Road Trip,30,0,0,0,0
2026,Triple Autographs - Black,1,0,0,0,0
2017,2017 Upper Deck Marvel Guardians of the Galaxy Vol. 2 - Spaceships,7,0,0,0,0
2017,2017 Upper Deck Marvel Guardians of the Galaxy Vol. 2 - Spaceships Silver Foil,6,0,0,0,0
2020,2020 Upper Deck Marvel Anime - Sketch Artists,1,0,0,0,0
2013,2013 Fleer Retro Marvel - Metal Universe Ti-22,21,0,0,0,0
2021,2021 SkyBox Metal Universe Marvel Spider-Man - Rogues Gallery,24,0,0,0,0
2020,2020 SkyBox Marvel Masterpieces - What If Acetate Achievement,5,0,0,0,0
2023,2023 Upper Deck Marvel Doctor Strange in the Multiverse of Madness - Universes Gold,10,0,0,0,0
2023,2023 Upper Deck Marvel Thor Love and Thunder - Powered Up,12,0,0,0,0
2024,2024 Upper Deck Marvel Black Panther Wakanda Forever - Queens Guard Blue,9,0,0,0,0
2024,2024 SkyBox Metal Universe Marvel Avengers - Metalheads Black,29,0,0,0,0
2018,2018-19 Upper Deck Marvel Annual - Manufactured Patches Dual,1,0,0,0,0
2023,2023 Upper Deck Marvel Allegiance: The Infinity Trilogy - Infinity Gems Power,2,0,0,0,0
2020,2020 SkyBox Marvel Masterpieces - Printing Plates Yellow,100,0,0,0,0
2019,2019 Upper Deck Marvel Agents of S.H.I.E.L.D. Compendium - Printing Plates Cyan,100,0,0,0,0
2023,2023 Upper Deck Marvel The Falcon and The Winter Soldier - Behind the Scenes,15,0,0,0,0
2016,2016 Upper Deck Marvel Gems - Printing Plates Black,60,0,0,0,0
2024,2024 Upper Deck Marvel Guardians of the Galaxy Vol 3 - Guardian Graphs Dual Printing Plates Yellow,9,0,0,0,0
2025,2025 Topps Chrome Marvel - Future Stars Red Wave,8,0,0,0,0
2025,2025 Topps Chrome Marvel - Purple Shimmer,100,0,0,0,0
2025,2025 Topps Chrome Marvel - Avengers Infinity Black Refractor,6,0,0,0,0
2026,Superfractor 1/183,1,0,0,0,0
2022,2022 Upper Deck Marvel Unbound - Printing Plates Magenta,52,0,0,0,0
2023,2023 Upper Deck Marvel Anime Vol. 2 - Sketch Artists,1,0,0,0,0
2019,2019 Flair Marvel - Through the Ages Achievements,5,0,0,0,0
2017,2017 Upper Deck Marvel Thor Ragnarok - Behind the Lens,1,0,0,0,0
2026,Superfractor 1/18,1,0,0,0,0
2017,2017 Upper Deck Marvel Spider-Man: Homecoming Walmart Edition - 2017 Upper Deck Marvel Spider-Man: Homecoming Walmart Edition,5,0,0,0,0
2015,2015 Rittenhouse Marvel: Agents of S.H.I.E.L.D. Season 1 - S.H.I.E.L.D. ID Cards,6,0,0,0,0
2018,2018 Upper Deck Marvel's The Defenders - The Hand,5,0,0,0,0
2026,Superfractor 1/200,1,0,0,0,0
2022,2022 Fleer Ultra Marvel Avengers - Artist Spotlight Burgundy Foil,10,0,0,0,0
2024,2024 Upper Deck Marvel Allegiance Secret Wars - Foilboard,90,0,0,0,0
2020,2020 Upper Deck Marvel's Runaways - Sketches 2-Piece Puzzles,1,0,0,0,0
2020,2020 Upper Deck Marvel Anime - Stax Top Layer,15,0,0,0,0
2026,Superfractor 1/48,1,0,0,0,0
2025,Treasures of Asgard,3,0,0,0,0
2023,2023 Upper Deck Marvel Thor Love and Thunder - Mjolnir,30,0,0,0,0
2015,2015 NECA Marvel Hubsnaps - Hubsnaps,48,0,0,0,0
2021,2021 SkyBox Metal Universe Marvel Spider-Man - Daily Bugle Headlines,25,0,0,0,0
2014,2014 Rittenhouse Marvel: Dangerous Divas 2 - Marvel Originals Artifex Autographs,9,0,0,0,0
2022,2022-23 Upper Deck Marvel Annual - Holograms Printing Plate Magenta,100,0,0,0,0
2023,2023-24 Upper Deck Marvel Annual - Printing Plates Magenta,100,0,0,0,0
2024,2024 Topps Chrome Marvel - Spider-man Gold Red Refractor,1,0,0,0,0
2024,2024 Upper Deck Marvel Black Panther Wakanda Forever - Queens Guard Purple,10,0,0,0,0
2025,2025 Topps Chrome Marvel Studios - Red Refractor,100,0,0,0,0
2017,2017 Fleer Ultra Marvel Spider-Man - Printing Plate Magenta,100,0,0,0,0
2023,2023 Upper Deck Marvel Wandavision - Wanda’s Reality Plexi,20,0,0,0,0
2024,"2024 Upper Deck Marvel Guardians of the Galaxy Vol 3 - Hello, We Come in Peace",10,0,0,0,0
2024,2024 Topps Chrome Marvel - Red Wave Refractor,29,0,0,0,0
2018,2018 Upper Deck Marvel Ant-Man and the Wasp - Quantum Anomaly Memorabilia,1,0,0,0,0
2023,2023 Upper Deck Marvel Premier - Breakout,20,0,0,0,0
2015,2015 Fleer Retro Marvel - Printing Plate Magenta,60,0,0,0,0
2024,2024 Topps Chrome Sapphire Edition Marvel - Authentic Marvel Comic Book Artist Autograph Cards Orange Sapphire,4,0,0,0,0
2015,2015 Fleer Retro Marvel - Printing Plate Yellow,60,0,0,0,0
2017,2017 Upper Deck Marvel Spider-Man Homecoming - Friend or Foe Printing Plate Yellow,9,0,0,0,0
2026,Power Hour - Black,10,0,0,0,0
2026,Comic Book Artist Autographs,29,0,0,0,0
2024,2024 SkyBox Marvel Masterpieces XL - Mirage,4,0,0,0,0
2015,2015 Fleer Retro Marvel - Printing Plate Black,60,0,0,0,0
2024,2024 Topps Chrome Marvel - Human Torch Refractor,3,0,0,0,0
2018,2018 Upper Deck Marvel's The Defenders - The Heroes Iron Fist,15,0,0,0,0
2023,2023 Upper Deck Marvel Shang-Chi and the Legend of the Ten Rings - Spectromatic Stickers,30,0,0,0,0
2017,2017 Upper Deck Marvel Premier - Black,3,0,0,0,0
2003,2003 Topps X2: X-Men United - X-Treme Foil,1,0,0,0,0
2021,2021 SkyBox Metal Universe Marvel Spider-Man - Planet Metal,21,0,0,0,0
2015,2015 Fleer Retro Marvel - 1995 Flair Origins Printing Plate Black,30,0,0,0,0
2024,2024 Upper Deck Marvel Masterpieces '92 Platinum - Kaleidoscope,100,0,0,0,0
2024,2024 Fleer Throwbacks '59-63 Marvel Edition - 1963 Fleer Purple,30,0,0,0,0
2025,2025 Kakawow Phantom Marvel Rivals - Tier 1/1,100,0,0,0,0
2017,2017 Upper Deck Marvel Spider-Man: Homecoming Walmart Edition - Red Foil,5,0,0,0,0
2025,2025 Kakawow Aura Marvel - Aura Black Peacock,84,0,0,0,0
2023,2023 Upper Deck Marvel Thor Love and Thunder - Precious Metal Gems Magenta,10,0,0,0,0
2015,2015 Rittenhouse Marvel: Agents of S.H.I.E.L.D. Season 2 - Agents of S.H.I.E.L.D. Metal,10,0,0,0,0
2016,2016 Upper Deck Marvel Gems - Diamond Mine Quad Black,3,0,0,0,0
2014,2014 Upper Deck Marvel Premier - 2014 Upper Deck Marvel Premier,1,0,0,0,0
2014,2014 Upper Deck Marvel Premier - Code Name Printing Plates Cyan,42,0,0,0,0
2024,2024 Upper Deck Marvel Studios Series 1 - Dazzlers Blue,4,0,0,0,0
2022,2022 Fleer Ultra Marvel Avengers - Greatest Battles Burgundy Foil,13,0,0,0,0
2023,2023 Upper Deck Marvel Allegiance: The Infinity Trilogy - Cosmic Catastrophe Printing Plates Cyan,24,0,0,0,0
2013,2013 Rittenhouse Marvel Greatest Battles - Sketches,37,0,0,0,0
2024,2024 SkyBox Metal Universe Marvel Avengers - Platinium Portraits,20,0,0,0,0
2022,2022-23 Upper Deck Marvel Annual - Top Teams Printing Plate Yellow,10,0,0,0,0
2026,Superfractor 1/1,1,0,0,0,0
2026,Finest Autographs - Black Refractor,13,0,0,0,0
1997,1997 Ultra Spider-Man - Sketchagraph,1,0,0,0,0
2025,2025 Kakawow Aura Marvel - Script Art Single Black,21,0,0,0,0
2021,2021 SkyBox Metal Universe Marvel X-Men - Precious Metal Gems Green,100,0,0,0,0
2025,2025 Kakawow Aura Marvel - Villains of Marvel Purple,9,0,0,0,0
2026,Superfractor 1/115,1,0,0,0,0
2026,Golden Anniversaries,10,0,0,0,0
2025,2025 Kakawow Cosmos Marvel - Planet Card,20,0,0,0,0
2024,2024 Kakawow Marvel Heroes Joy Edition Spider-Man - Spider-Man Green Gem,18,0,0,0,0
2016,2016 Upper Deck Marvel Masterpieces - Printing Plates Cyan,90,0,0,0,0
2025,2025 Kakawow Aura Marvel - The Legend of Spider-Man Red,9,0,0,0,0
2017,2017 Upper Deck Marvel Annual - Top 10 Heroes Printing Plates Cyan,10,0,0,0,0
2015,2015 Upper Deck Marvel 3D - Lenticular 3D Die Cut Framework,18,0,0,0,0
2026,Superfractor 1/53,1,0,0,0,0
2013,2013 Upper Deck Iron Man 3 - Hall of Armor Clear Acetate,22,0,0,0,0
2023,2023 Upper Deck Marvel Moon Knight - Chamber of the Gods Gun Metal,15,0,0,0,0
2023,2023 Upper Deck Marvel Doctor Strange in the Multiverse of Madness - Ensemble Yellow,25,0,0,0,0
2025,2025 Topps Chrome Marvel - Marvel Reflections Kaleidoscope,4,0,0,0,0
2023,2023 Upper Deck Marvel The Falcon and The Winter Soldier - Sketch Artists,1,0,0,0,0
2024,2024 Upper Deck Marvel Black Panther Wakanda Forever - Noble Funerals,10,0,0,0,0
2018,2018-19 Upper Deck Marvel Annual - Top 10 Villains Printing Plates Magenta,10,0,0,0,0
2023,2023 Upper Deck Marvel Moon Knight - Bronze,90,0,0,0,0
2015,2015 Upper Deck Marvel Ant-Man - Blueprints Dual Actor Autographs,4,0,0,0,0
2024,2024 Fleer Ultra Matriarchs of Marvel - Better Halves,20,0,0,0,0
2011,2011 Upper Deck Marvel Beginnings S1 - Ultimate Panel Focus Comic Cuts,10,0,0,0,0
2016,2016 Upper Deck Marvel Gems - Diamond Mine Single,12,0,0,0,0
2015,2015 Upper Deck Marvel Vibranium - Rookie Heroes,1,0,0,0,0
2025,2025 Topps Chrome Marvel Studios - Agatha All Along Autographs Superfractor,1,0,0,0,0
2025,2025 Kakawow Cosmos Marvel - Quad Script Art Black Gold,4,0,0,0,0
2023,2023 Upper Deck Marvel Platinum - Printing Plates Magenta,100,0,0,0,0
2025,2025 Kakawow Phantom Marvel Rivals - Rivals Refractor Eternal Night,37,0,0,0,0
2025,2025 Topps Chrome Marvel - Clawed Chrome SuperFractor,100,0,0,0,0
2020,2020 SkyBox Marvel Masterpieces - Uncut Sheet Redemption,1,0,0,0,0
2023,2023 Upper Deck Marvel What If…? - 1990 Marvel Universe Dimensions,1,0,0,0,0
2008,2008 Upper Deck Marvel Masterpieces Set 3 - Original Sketches,100,0,0,0,0
2024,2024 Upper Deck Marvel Black Panther Wakanda Forever - Vibranium,20,0,0,0,0
2023,2023 Finding Unicorn Marvel’s Avengers 60th Anniversary - Shadowbox Scroll Silver,14,0,0,0,0
2024,2024 Upper Deck Marvel Studios Series 2: Cinematic - UD Portraits Red,30,0,0,0,0
2023,2023 Upper Deck Marvel What If…? - 1990 Marvel Universe Printing Plates Cyan,50,0,0,0,0
2023,2023 Upper Deck Marvel Allegiance: Avengers vs X-Men - Collision Event Lenticulars,36,0,0,0,0
2023,2023 Upper Deck Marvel Shang-Chi and the Legend of the Ten Rings - Hidden Metal Relics Red,24,0,0,0,0
2026,Superfractor 1/107,1,0,0,0,0
2025,2025 Topps Chrome Marvel - 50 Years of Nightcrawler Superfractor,5,0,0,0,0
2024,2024 Topps Chrome Marvel - Marvel Giant-Size 50th Anniversary Oversized Box Topper Gold Refractor,1,0,0,0,0
2026,World's Greatest Comic Magazine - Orange,10,0,0,0,0
2025,2025 Topps Chrome Marvel - Iron Man Gold Orange Lava,10,0,0,0,0
2023,2023 Fleer Throwbacks '89 Marvel Edition - Orange,30,0,0,0,0
2025,2025 Kakawow Phantom Marvel Rivals - Hero Lore Gold,10,0,0,0,0
2023,2023-24 Upper Deck Marvel Annual - Printing Plates Cyan,100,0,0,0,0
2025,2025 Topps Chrome Sapphire Edition Marvel Studios - Orange Sapphire,100,0,0,0,0
2022,2022 Upper Deck Allure Marvel Studios - Character Posters Golden Treasures,17,0,0,0,0
2025,2025 Topps Marvel Comic Book Heroes 1975 Golden Anniversary - Black & Gold,85,0,0,0,0
2011,2011 Rittenhouse Marvel: Dangerous Divas - Case Topper,3,0,0,0,0
2026,Orange Refractor,100,0,0,0,0
2024,2024 Fleer Ultra Matriarchs of Marvel - Sketch Artists,1,0,0,0,0
2015,2015 Upper Deck Marvel Ant-Man - Ant Heritage,4,0,0,0,0
2022,2022-23 Upper Deck Marvel Annual - Canvas Variant Printing Plate Magenta,100,0,0,0,0
2019,2019 Upper Deck Marvel Agents of S.H.I.E.L.D. Compendium - Character Profiles,20,0,0,0,0
2026,Superfractor 1/95,1,0,0,0,0
2019,2019-20 Upper Deck Marvel Annual - Humble Beginnings Printing Plates Cyan,10,0,0,0,0
2023,2023 Upper Deck Marvel Allegiance: The Infinity Trilogy - Rainbow Variants Printing Plates Cyan,18,0,0,0,0
2025,2025 Topps Chrome Sapphire Edition Marvel Studios - Sapphire Selections Black Sapphire,10,0,0,0,0
2024,2024 Topps Chrome Sapphire Edition Marvel - Authentic Marvel Comic Book Artist Autograph Cards Purple Sapphire,4,0,0,0,0
2025,2025 Kakawow Aura Marvel - Orange,66,0,0,0,0
2019,2019 Upper Deck Marvel Premier - Sketches 5x7,1,0,0,0,0
2024,2024 Upper Deck Marvel Masterpieces Nahuel Grego - Framed Masterpieces,90,0,0,0,0
2012,2012 Upper Deck Marvel Premier - Sketch,1,0,0,0,0
2022,2022 Upper Deck Allure Marvel Studios - Symmetry Purple Autographs,13,0,0,0,0
2026,Negative Zone - Orange Kaleidoscope,100,0,0,0,0
2015,2015 Fleer Retro Marvel - 2000 Fleer Focus Star Studded,12,0,0,0,0
2015,2015 Rittenhouse Marvel: Agents of S.H.I.E.L.D. Season 1 - Gold,72,0,0,0,0
2022,"2022 Upper Deck Marvel Beginnings Volume 2, Series 1 - Flipped FX Purple",90,0,0,0,0
2023,2023 Fleer Ultra Marvel Wolverine - X-23 Green Foil,10,0,0,0,0
2022,2022 Fleer Ultra Marvel Avengers - Earth's Mightiest Spin-Offs Green Foil,10,0,0,0,0
2014,2014 Upper Deck Marvel Premier - Classic Covers Shadow Box,31,0,0,0,0
2026,Concept Art - Gold,20,0,0,0,0
2023,2023 Fleer Ultra Marvel Wolverine - Silver Rainbow Foil,100,0,0,0,0
2023,2023 Fleer Ultra Marvel Wolverine - Greatest Battles Orange Foil,12,0,0,0,0
2023,2023 Upper Deck Marvel The Falcon and The Winter Soldier - Patriotic,90,0,0,0,0
2022,2022-23 Upper Deck Marvel Annual - Printing Plates Yellow,100,0,0,0,0
2023,2023 Upper Deck Marvel Hawkeye - Trick Shots Blue,15,0,0,0,0
2021,2021 Upper Deck Marvel Black Diamond - Exquisite Collection Yellow,49,0,0,0,0
2024,2024 Upper Deck Marvel Black Panther Wakanda Forever - Printing Plates Black,90,0,0,0,0
2019,2019 Upper Deck Marvel Spider-Man Far From Home - Behind The Lens,10,0,0,0,0
2026,Superfractor 1/123,1,0,0,0,0
2024,2024 Topps Chrome Marvel - Refractor,8,0,0,0,0
2010,2010 Rittenhouse Marvel Heroes and Villains - Parallel,79,0,0,0,0
2023,2023 Flair Marvel - Daybreak,21,0,0,0,0
2025,2025 Kakawow Aura Marvel - Marvel 80s Legends Purple,3,0,0,0,0
2015,2015 Upper Deck Marvel Vibranium - Hero Pow-Ore Printing Plates Magenta,20,0,0,0,0
2025,2025 Topps Chrome Marvel - 50 Years of Nightcrawler Black Refractor,5,0,0,0,0
2014,2014 Rittenhouse Marvel 75th Anniversary - SketchaFEX Sketches,1,0,0,0,0
2026,Superfractor 1/194,1,0,0,0,0
2023,2023 Upper Deck Marvel Shang-Chi and the Legend of the Ten Rings - Night Adventures Blue Autographs,8,0,0,0,0
2026,World's Greatest Comic Magazine,10,0,0,0,0
2023,2023 Upper Deck Marvel Shang-Chi and the Legend of the Ten Rings - Gold,70,0,0,0,0
2019,2019 Upper Deck Marvel Studios The First Ten Years - Avengers Endgame Preview Achievements,2,0,0,0,0
2024,2024 Upper Deck Marvel Studios Series 2: Cinematic - Fluorescence Blue,24,0,0,0,0
2023,2023 Upper Deck Marvel Platinum - Cover Variant Amber Crystals,189,0,0,0,0
2013,2013 Upper Deck Iron Man 3 - 2013 Upper Deck Iron Man 3,50,0,0,0,0
2023,2023 Upper Deck Marvel Ant-Man and the Wasp: Quantumania Weekly - Cartoon Variants,3,0,0,0,0
2018,2018-19 Upper Deck Marvel Annual - Top 10 Issues Printing Plates Magenta,10,0,0,0,0
2023,2023 Upper Deck Marvel What If…? - 1990 Marvel Universe Dimensions Purple,31,0,0,0,0
2023,2023 Upper Deck Marvel Shang-Chi and the Legend of the Ten Rings - Ether Brush Autographs,6,0,0,0,0
2026,Triple Autographs,1,0,0,0,0
2017,2017 Upper Deck Marvel Guardians of the Galaxy Vol. 2 - Galactic Garb Dual Autograph Memorabilia,5,0,0,0,0
2024,2024 Kakawow Marvel Heroes Joy Edition Spider-Man - Signatures Gold,8,0,0,0,0
2016,2016 Upper Deck Marvel Masterpieces - Canvas High Series Printing Plates Yellow,10,0,0,0,0
2025,2025 Topps Chrome Marvel - 35 Years of Ghost Rider Shadowbox,5,0,0,0,0
2016,2016 Upper Deck Marvel Gems - Gem Sketches,1,0,0,0,0
2017,2017 Upper Deck Marvel Annual - Top 10 Villains Printing Plates Magenta,10,0,0,0,0
2024,2024 Upper Deck Marvel Unbound - Acetate Facsimile Signature Quarterly Achievements,4,0,0,0,0
2024,2024 Upper Deck Marvel Masterpieces Nahuel Grego - Variant Covers Printing Plates Black,2,0,0,0,0
2025,2025 Kakawow Aura Marvel - Marvel 80s Legends,2,0,0,0,0
2024,2024 Fleer Throwbacks '59-63 Marvel Edition - 1963 Fleer Blue,30,0,0,0,0
2024,2024 Finding Unicorn Marvel Comics Universe Evolution - Avengers Pink Foil,100,0,0,0,0
2023,2023 Upper Deck Marvel The Falcon and The Winter Soldier - Behind the Scenes Printing Plates Cyan,15,0,0,0,0
2026,Superfractor 1/102,1,0,0,0,0
2024,2024 Upper Deck Marvel Guardians of the Galaxy Vol 3 - Black,75,0,0,0,0
2023,2023 Upper Deck Marvel What If…? - 1990 Marvel Universe Printing Plates Black,50,0,0,0,0
2023,2023 Fleer Throwbacks '89 Marvel Edition - Purple,30,0,0,0,0
2026,Superfractor 1/132,1,0,0,0,0
2023,2023 Upper Deck Marvel Loki Season 1 - Tempad Metal,20,0,0,0,0
2024,2024 Topps Chrome Marvel - Marvel Character Dual Autographs Orange Refractor,3,0,0,0,0
2025,2025 Topps Chrome Marvel Studios - The Snap Variations Red Refractor,100,0,0,0,0
2023,2023 Flair Marvel - Winter,2,0,0,0,0
2024,2024 Upper Deck Marvel Studios Series 1 - Printing Plates Black,43,0,0,0,0
2016,2016 Upper Deck Marvel Masterpieces - Red Spectrum Foil,1,0,0,0,0
2024,2024 Upper Deck Marvel Masterpieces Nahuel Grego - Canvas Gallery Orange,10,0,0,0,0
2024,2024 Topps Chrome Sapphire Edition Marvel - Authentic Marvel Comic Book Artist Autograph Cards Black Sapphire,4,0,0,0,0
2026,Sketch Cards - Spidy Villains,93,0,0,0,0
2024,2024 Topps Chrome Sapphire Edition Marvel - Authentic Marvel Comic Book Artist Autograph Cards Red Sapphire,16,0,0,0,1
2026,Superfractor 1/147,1,0,0,0,0
2024,2024 Topps Chrome Marvel - Spider-man Gold SuperFractor,1,0,0,0,0
2009,2009 Rittenhouse X-Men Archives - Promos,2,0,0,0,0
2025,2025 Kakawow Phantom Marvel Rivals - Rivals Refractor Green,37,0,0,0,0
2024,2024 Upper Deck Marvel Masterpieces '92 Platinum - Printing Plates Magenta,100,0,0,0,0
2024,2024 Topps Chrome Marvel - Marvel Giant-Size 50th Anniversary Oversized Box Topper Orange Refractor,1,0,0,0,0
2023,2023 Upper Deck Marvel Loki Season 1 - Tempad Dual Metal,10,0,0,0,0
2025,2025 Clover Press The Marvel Art of Michael Turner - Stickers,1,0,0,0,0
2023,2023 Upper Deck Marvel Shang-Chi and the Legend of the Ten Rings - Printing Plate Achievements Magenta,70,0,0,0,0
2023,2023 Upper Deck Marvel Platinum - Creator Art Variant Rainbow,3,0,0,0,0
2026,Triple Autographs - SuperFractor,1,0,0,0,0
2017,2017 Fleer Ultra Marvel Spider-Man - Sketch Artists,1,0,0,0,0
2018,2018 Upper Deck Marvel Masterpieces - Canvas Printing Plates Magenta,10,0,0,0,0
1996,1996 Fleer Marvel OverPower - Mission Control Expansion - Overpower Events,1,0,0,0,0
2025,2025 Topps Chrome Marvel - Topps Patrimony Red Refractor,5,0,0,0,0
2025,2025 Topps Chrome Marvel - Black,100,0,0,0,0
2020,2020-21 Upper Deck Marvel Annual - 2019,12,0,0,0,0
2023,2023 Upper Deck Marvel Shang-Chi and the Legend of the Ten Rings - Inked Film Cels Achievements,3,0,0,0,0
2015,2015 Rittenhouse Marvel: Agents of S.H.I.E.L.D. Season 1 - Advanced Technology,9,0,0,0,0
2023,2023 Upper Deck Marvel The Falcon and The Winter Soldier - Who Will Wield The Shield? Red,18,0,0,0,0
2023,2023 Upper Deck Marvel Hawkeye - Hitting the Target Red,20,0,0,0,0
2023,2023 Upper Deck Marvel Doctor Strange in the Multiverse of Madness - Witchy Woman Black,15,0,0,0,0
2026,Superfractor 1/120,1,0,0,0,0
2023,2023 Upper Deck Marvel Platinum - Cover Variant Cosmic,127,0,0,0,0
2013,2013 Rittenhouse Marvel Greatest Battles - Red,27,0,0,0,0
2021,2021 Upper Deck Marvel Black Diamond - Exquisite Collection,49,0,0,0,0
2023,2023 Upper Deck Marvel The Falcon and The Winter Soldier - Character Profiles Printing Plates Magenta,10,0,0,0,0
2024,2024 Upper Deck Marvel Spider-Man Renditions - Printing Plates Magenta,90,0,0,0,0
2022,2022 Upper Deck Spider-Man: Into the Spider-Verse - Gwen Stacy White,4,0,0,0,0
2023,2023 Upper Deck Marvel The Falcon and The Winter Soldier - Mission Briefing,6,0,0,0,0
2025,2025 Topps Chrome Sapphire Edition Marvel Studios - Single Autographs Red Sapphire,3,0,0,0,0
2013,2013 Upper Deck Iron Man 3 - Heroic Threads Single,4,0,0,0,0
2023,2023 Flair Marvel - Summer,14,0,0,0,0
2022,2022 Fleer Ultra Marvel Avengers - Artist Spotlight Red Foil,10,0,0,0,0
2025,2025 Kakawow Aura Marvel - Red,84,0,0,0,0
2023,2023 Upper Deck Marvel Allegiance: The Infinity Trilogy - Printing Plates Cyan,89,0,0,0,0
2023,2023 Upper Deck Marvel Doctor Strange in the Multiverse of Madness - Witchy Woman,15,0,0,0,0
1998,1998 Marvel Creators Collection - Autographs,19,0,0,0,0
2023,2023 Upper Deck Marvel What If…? - Possibilities Green,50,0,0,0,0
2023,2023 Fleer Ultra Marvel Midnight Sons - Spellcraft Stories Orange,18,0,0,0,0
1992,1992 SkyBox Marvel Masterpieces - Promos,1,0,0,0,0
2018,2018 Fleer Ultra X-Men - Connected Images 11x14 Litho Auto Redemptions,4,0,0,0,0
2023,2023 Upper Deck Marvel The Falcon and The Winter Soldier - Film Cels,36,0,0,0,0
2025,2025 Topps Chrome Marvel Studios - Agatha All Along Tarot Cards Black Refractor,7,0,0,0,0
2026,Superfractor 1/49,1,0,0,0,0
2024,2024 Upper Deck Marvel Masterpieces '92 Platinum - Printing Plates Cyan,100,0,0,0,0
2025,2025 Topps Chrome Marvel - The New Avengers 20th Anniversary SuperFractor,10,0,0,0,0
2023,2023 Flair Marvel - Rainbow Gold,79,0,0,0,0
2023,2023 Finding Unicorn Marvel Infinity Saga Origin - Past and Present Life,18,0,0,0,0
2018,2018-19 Upper Deck Marvel Annual - Top 10 Story Arcs Printing Plates Magenta,10,0,0,0,0
1996,1996 SkyBox Premium Spider-Man - Onslaught Previews,3,0,0,0,0
2025,2025 Kakawow Aura Marvel - Major Events Cyan,8,0,0,0,0
2023,2023 Upper Deck Marvel Hawkeye - Adornments Wrapping Paper Light FX Die Cuts,6,0,0,0,0
2012,2012 Rittenhouse Marvel Greatest Heroes - Case Topper,5,0,0,0,0
2020,2020-21 Upper Deck Marvel Annual - Wolverine vs Sabretooth Battle Booklet Sketch Card Achievements,1,0,0,0,0
2026,Superfractor 1/27,1,0,0,0,0
2026,Superfractor 1/72,1,0,0,0,0
2015,2015 Rittenhouse Marvel: Agents of S.H.I.E.L.D. Season 2 - Gold,72,0,0,0,0
2025,2025 Kakawow Aura Marvel - The Legend of Iron Man Orange,3,0,0,0,0
2023,2023 Upper Deck Marvel Eternals - Gold,15,0,0,0,0
2026,First Family - Orange,20,0,0,0,0
2022,2022 Fleer Ultra Marvel Avengers - Greatest Battles Orange Foil,13,0,0,0,0
2025,2025 Kakawow Aura Marvel - The Legend of Iron Man Red,9,0,0,0,0
2023,2023 Upper Deck Marvel Wandavision - We Are an Unusual Couple Red,18,0,0,0,0
2025,2025 Topps Chrome Marvel Studios - Autographs Superfractor,4,0,0,0,0
2022,2022 Fleer Ultra Marvel Avengers - Medallions Gold,8,0,0,0,0
2022,2022 Upper Deck Allure Marvel Studios - Purple Diamond Autographs,33,0,0,0,0
2025,2025 Kakawow Phantom Marvel Rivals - Rivals Refractor Lightning,37,0,0,0,0
2024,2024 Topps Chrome Marvel - Marvel Giant-Sized 50th Anniversary Red Refractor,1,0,0,0,0
2022,2022 Upper Deck Marvel Unbound - Canvas,52,0,0,0,0
2026,Superfractor 1/125,1,0,0,0,0
2023,2023 Upper Deck Funko Pop Marvel Infinity Saga - Shorts Confetti Bomb,24,0,0,0,0
2026,Red Refractor,200,0,0,0,0
2019,2019 Upper Deck Marvel Spider-Man Far From Home - Greetings From Abroad,15,0,0,0,0
2026,Superfractor 1/150,1,0,0,0,0
2026,Chrome Variation,125,0,0,0,0
2013,2013 Fleer Retro Marvel - Sketches,1,0,0,0,0
1998,1998 Marvel Creators Collection - 1998 Marvel Creators Collection,67,0,0,0,1
2023,2023 Upper Deck Marvel What If…? - Black Diamond Stone Relics,34,0,0,0,0
2026,Fantastic Science - Orange,10,0,0,0,0
2022,2022 Upper Deck Allure Marvel Studios - Character Poster Gold Rainbow Autographs,6,0,0,0,0
2025,2025 Topps Chrome Marvel - Iron Man Gold Red Wave,10,0,0,0,0
2022,2022 Upper Deck Allure Marvel Studios - Symmetry White,30,0,0,0,0
2015,2015 Upper Deck Marvel Vibranium - Printing Plates Black,90,0,0,0,0
2026,Superfractor 1/196,1,0,0,0,0
2024,2024 Fleer Throwbacks '59-63 Marvel Edition - Printing Plate Cyan,60,0,0,0,0
2024,2024 Topps Chrome Marvel - Marvel Character Dual Autographs Red Refractor,3,0,0,0,0
2018,2018 Upper Deck Marvel Ant-Man and the Wasp - Printing Plates Yellow,100,0,0,0,0
2018,2018 Fleer Ultra X-Men - Stax Bottom Layer,30,0,0,0,0
2023,2023 Upper Deck Marvel Wandavision - We Are an Unusual Couple,18,0,0,0,0
2021,2021 SkyBox Metal Universe Marvel X-Men - Palladium,1,0,0,0,0
2020,2020 SkyBox Marvel Masterpieces - Mirage,9,0,0,0,0
2019,2019 Flair Marvel - Lucky 8's Jade,2,0,0,0,0
2024,2024 Upper Deck Marvel Unbound Year 4 - Alternate Reality Autograph Achievements,4,0,0,0,0
2022,"2022 Upper Deck Marvel Beginnings Volume 2, Series 1 - Corner Box Achievements",14,0,0,0,0
2026,Power Hour - Red,10,0,0,0,0
2013,2013 Upper Deck Iron Man 3 - Heroic Threads Triple,10,0,0,0,0
2022,2022 SkyBox Marvel Masterpieces - Holofoil Kaleidoscope,20,0,0,0,0
2024,2024 Upper Deck Marvel Black Panther Wakanda Forever - Close Quarters Combat Red,15,0,0,0,0
2015,2015 Fleer Retro Marvel - 1995 Flair Prints Case-Toppers Printing Plate Yellow,1,0,0,0,0
2022,2022 Upper Deck Allure Marvel Studios - Purple Diamond Autographs High Series,28,0,0,0,0
2017,2017 Upper Deck Marvel Thor Ragnarok - Grandmaster's Prized Possessions Autographed Chain,2,0,0,0,0
2026,Power Hour,10,0,0,0,0
2015,2015 Fleer Retro Marvel - 1995 Flair Origins Printing Plate Yellow,30,0,0,0,0
2023,2023 Upper Deck Marvel Shang-Chi and the Legend of the Ten Rings - Logo Patches,6,0,0,0,0
2022,2022 Fleer Ultra Marvel Avengers - Artist Spotlight Printing Plates Magenta,10,0,0,0,0
2024,2024 Upper Deck Women of Marvel - Metal Cards,3,0,0,0,0
2010,2010 Rittenhouse 70 Years of Marvel Comics - Case Topper,3,0,0,0,0
2001,2001 Topps Marvel Legends - Costume Change,14,0,0,0,0
2025,2025 Kakawow Aura Marvel - Tom Holland Autographs,6,0,0,0,0
2025,2025 Topps Chrome Marvel Studios - Daredevil: Born Again Red Refractor,25,0,0,0,0
2015,2015 Upper Deck Marvel Vibranium - Hero Pow-Ore Printing Plates Cyan,20,0,0,0,0
2022,2022 Upper Deck Spider-Man: Into the Spider-Verse - Spider-Sigs Action Printing Plates Magenta,1,0,0,0,0
2023,2023 Finding Unicorn Marvel Guardians of the Galaxy Vol. 3 Adventure Trip - Legendary Comic,50,0,0,0,0
2022,2022 Fleer Ultra Marvel Avengers - Ultra Power Image Variants,30,0,0,0,0
2018,2018 Fleer Ultra X-Men - Stax Top Layer,30,0,0,0,0
2011,2011 Rittenhouse Marvel Universe - Sketches,1,0,0,0,0
2011,2011 Upper Deck Marvel Beginnings S1 - Breakthrough Issues Comic Cover,45,0,0,0,0
2023,2023 Upper Deck Spider-Man: No Way Home - “Hello Peter” Metal,20,0,0,0,0
2022,2022 Fleer Ultra Marvel Avengers - Gold Spectrum Foil,118,0,0,0,0
2022,2022 Upper Deck Allure Marvel Studios - Infinity Stones Space Stone,20,0,0,0,0
2023,2023 Upper Deck Marvel Platinum - Creator Art Variant Red Rainbow,10,0,0,0,0
2023,2023 Flair Marvel - Flairium Artist Autograph,17,0,0,0,0
2023,2023 Upper Deck Marvel Allegiance: The Infinity Trilogy - Spectromatic Red,18,0,0,0,0
2023,2023-24 Upper Deck Marvel Annual - Dark Web Black,11,0,0,0,0
2024,2024 Upper Deck Marvel Masterpieces '92 Platinum - Orange Lava,93,0,0,0,0
2022,2022 Upper Deck Marvel Unbound - Plexi Auto Achievements,3,0,0,0,0
2023,2023 Upper Deck Marvel Platinum - 1963,4,0,0,0,0
2022,2022-23 Upper Deck Marvel Annual - Suspended Animation Tier 3,10,0,0,0,0
2026,Superfractor 1/75,1,0,0,0,0
2024,2024 Upper Deck Marvel Guardians of the Galaxy Vol 3 - Vol. 3 Green Speckle,20,0,0,0,0
2023,2023 Upper Deck Marvel What If…? - Black Diamond Cosmic Stone Relics,46,0,0,0,0
2025,2025 Topps Chrome Marvel Studios - Daredevil: Born Again Black Refractor,25,0,0,0,0
1993,1993 Marvel Midnight Sons - Promos,1,0,0,0,0
2017,2017 Upper Deck Marvel Premier - Sketches 5x7,1,0,0,0,0
2008,2008 Rittenhouse Iron Man - Armored Hero,7,0,0,0,0
2019,2019 Upper Deck Marvel Spider-Man Far From Home - Stealth Suit,91,0,0,0,0
2024,2024 Upper Deck Marvel Guardians of the Galaxy Vol 3 - Franchise Icons,18,0,0,0,0
2024,2024 Topps Chrome Sapphire Edition Marvel - Marvel Character Autographs Duals Papradascha,3,0,0,0,0
2022,2022 SkyBox Marvel Masterpieces - Canvas Gallery Green Foil,10,0,0,0,0
2023,2023 Upper Deck Marvel The Falcon and The Winter Soldier - Horizontal Autographs,10,0,0,0,0
2026,Black Refractor,100,0,0,0,0
2016,2016 Upper Deck Marvel Doctor Strange - 2016 Upper Deck Marvel Doctor Strange,60,0,0,0,0
2026,Comic Book Artist Autographs - Purple,29,0,0,0,0
2018,2018-19 Upper Deck Marvel Annual - Printing Plates Magenta,100,0,0,0,0
2019,2019 Upper Deck Marvel Agents of S.H.I.E.L.D. Compendium - Sketch Artists,1,0,0,0,0
2026,Superfractor 1/34,1,0,0,0,0
2018,2018 Upper Deck Marvel's The Defenders - Collateral Damage Achievements,7,0,0,0,0
2024,2024 Upper Deck Marvel Masterpieces Nahuel Grego - Variant Covers Printing Plates Yellow,90,0,0,0,0
2023,2023 Fleer Ultra Marvel Midnight Sons - Medallions Sapphire Blue,50,0,0,0,0
2015,2015 Fleer Retro Marvel - 1960 Fleer Printing Plate Yellow,21,0,0,0,0
2017,2017 Upper Deck Marvel Guardians of the Galaxy Vol. 2 - Sketch Artists,1,0,0,0,0
2022,2022 Fleer Ultra Marvel Avengers - Greatest Battles Printing Plates Magenta,13,0,0,0,0
2026,Superfractor 1/137,1,0,0,0,0
2025,2025 Kakawow Aura Marvel - The Legend of Spider-Man Blue,7,0,0,0,0
2014,2014 Rittenhouse Marvel 75th Anniversary - 75th Anniversary Gold (Part 2),3,0,0,0,0
2025,2025 Topps Chrome Marvel - The New Avengers 20th Anniversary Orange,10,0,0,0,0
2025,2025 Kakawow Aura Marvel - Marvel's Heroic Dawn The Fantastic Four Gold,5,0,0,0,0
2025,2025 Kakawow Aura Marvel - Marvel Iconic Debut Red,17,0,0,0,0
2023,2023 Upper Deck Marvel Loki Season 1 - Green,90,0,0,0,0
2023,2023 Upper Deck Marvel Wandavision - Suburban Synthezoid Printing Plates Black,6,0,0,0,0
2025,2025 Kakawow Aura Marvel - Marvel's Heroic Dawn The Fantastic Four Black,5,0,0,0,0
2017,2017 Upper Deck Marvel Annual - Top 10 Fights Printing Plates Magenta,10,0,0,0,0
2023,2023 Upper Deck Marvel Allegiance: Avengers vs X-Men - A Cosmic Journey Printing Plates Black,18,0,0,0,0
2023,2023-24 Upper Deck Marvel Annual - Variant Cover Printing Plates Magenta,100,0,0,0,0
2022,2022-23 Upper Deck Marvel Annual - Star Rookies Printing Plate Achievements Magenta,5,0,0,0,0
2021,2021-22 Upper Deck Marvel Annual - Green,97,0,0,0,0
2023,2023 Upper Deck Marvel Moon Knight - Lunar Phases,36,0,0,0,0
2015,2015 Fleer Retro Marvel - 1992 Impel Uncanny X-Men Printing Plate Black,15,0,0,0,0
2024,2024 Upper Deck Marvel Allegiance Secret Wars - Comic Cuts Autos,12,0,0,0,0
2019,2019-20 Upper Deck Marvel Annual - Number 1 Spot Printing Plates Cyan,25,0,0,0,0
2016,2016 Upper Deck Marvel Gems - Gem-Balaya,18,0,0,0,0
2022,2022 Fleer Ultra Marvel Avengers - Medallions Ruby Red,29,0,0,0,0
2024,2024 Upper Deck Marvel Guardians of the Galaxy Vol 3 - One Last Ride,7,0,0,0,0
2024,2024 Upper Deck Marvel Black Panther Wakanda Forever - Fearless Warriors Blue,20,0,0,0,0
2024,2024 Upper Deck Marvel Guardians of the Galaxy Vol 3 - Ensemble Printing Plates Magenta,15,0,0,0,0
2022,2022 Upper Deck Spider-Man: Into the Spider-Verse - In the Vault Letterman Patches Manufactured Relics Ultimate Gold,1,0,0,0,0
2022,2022 Fleer Ultra Marvel Avengers - Burgundy Foil,83,0,0,0,0
2017,2017 Fleer Ultra Marvel Spider-Man - Printing Plate Yellow,100,0,0,0,0
2016,2016 Upper Deck Marvel Annual - Top 10 Fights Printing Plate Black,10,0,0,0,0
2024,2024 Topps Chrome Sapphire Edition Marvel - Wolverine 50th Anniversary (Iconic Moments) Red Sapphire,5,0,0,0,0
2025,2025 Kakawow Aura Marvel - Black,84,0,0,0,0
2024,2024 Upper Deck Marvel Studios Series 2: Cinematic - Heroic Homelands Gold,12,0,0,0,0
2023,2023 Finding Unicorn Marvel Infinity Saga Origin - Villains Die Cut Orange,11,0,0,0,0
2024,2024 Upper Deck Marvel Studios Series 2: Cinematic - HoloGrFX Gold,26,0,0,0,0
2024,2024 Upper Deck Marvel Studios Series 1 - HoloGrFx Orange,2,0,0,0,0
2017,2017 Upper Deck Marvel Thor Ragnarok - The Armory Memorabilia Autographed,1,0,0,0,0
2023,2023 Upper Deck Marvel Premier - Sketch Cards,1,0,0,0,0
2025,2025 Topps Marvel Comic Book Heroes 1975 Golden Anniversary - Rose Gold,100,0,0,0,1
2018,2018 Fleer Ultra X-Men - X-Men '92,10,0,0,0,0
2017,2017 Fleer Ultra Marvel Spider-Man - Milestones Printing Plate Yellow,12,0,0,0,0
2024,2024 Upper Deck Marvel Black Panther Wakanda Forever - Purple,90,0,0,0,0
2025,2025 Topps Chrome Marvel Studios - Marvel Red & Black Lava Refractor,2,0,0,0,5
2019,2019 Upper Deck Marvel Weekly - Comic Clash,1,0,0,0,0
2022,2022-23 Upper Deck Marvel Annual - Pack Wars Sketches Achievements,1,0,0,0,0
2019,2019 Upper Deck Marvel Agents of S.H.I.E.L.D. Compendium - The Plot Thickens Printing Plates Yellow,10,0,0,0,0
2023,2023 Upper Deck Spider-Man: No Way Home - In Action Red Foil Autograph,8,0,0,0,0
2023,2023 Upper Deck Funko Pop Marvel Infinity Saga - Red Glitter,100,0,0,0,0
2025,2025 Topps Chrome Marvel - Future Stars Black,8,0,0,0,0
2024,2024 SkyBox Metal Universe Marvel Avengers - Purely Periodic,70,0,0,0,0
2026,Superfractor 1/135,1,0,0,0,0
2023,2023 Upper Deck Marvel Allegiance: The Infinity Trilogy - Printing Plates Yellow,90,0,0,0,0
2022,2022 Fleer Ultra Marvel Avengers - Printing Plates Black,103,0,0,0,0
2012,2012 Upper Deck Marvel Premier - Three Panel Sketches,1,0,0,0,0
2013,2013 Upper Deck Marvel Now! - Foil,2,0,0,0,0
2023,2023 Upper Deck Marvel Allegiance: Avengers vs X-Men - Cosmic Red & Gold,90,0,0,0,0
2023,2023 Upper Deck Marvel Platinum - Creator Art Variant Auto Blue Rainbow,10,0,0,0,0
2023,2023 Upper Deck Marvel Allegiance: The Infinity Trilogy - The Disappeared Printing Plates Magenta,36,0,0,0,0
2022,2022 Fleer Ultra Marvel Avengers - Comic Clippings Coinage,40,0,0,0,0
2019,2019 Upper Deck Marvel Deadpool - Dead Glass,9,0,0,0,0
2024,2024 Upper Deck Marvel Allegiance Secret Wars - Comic Cuts,13,0,0,0,0
2024,2024 Upper Deck Marvel Studios Series 1 - High Gloss,4,0,0,0,0
2023,2023 Upper Deck Marvel Allegiance: The Infinity Trilogy - Rainbow Variants Printing Plates Black,18,0,0,0,0
2024,2024 Finding Unicorn Marvel Comics Universe Evolution - Graffiti Vehicles,13,0,0,0,0
2023,2023 Upper Deck Marvel Hawkeye - Trick Shots Silver,15,0,0,0,0
2025,2025 Topps Mint Marvel - Printing Plates Cyan,14,0,0,0,0
2018,2018 Upper Deck Marvel Ant-Man and the Wasp - Tiny Tech Printing Plates Cyan,15,0,0,0,0
2024,2024 Upper Deck Marvel Allegiance Secret Wars - Blue Swirl,87,0,0,0,0
2019,2019 Upper Deck Marvel Spider-Man Far From Home - Sights and Sounds Achievements,5,0,0,0,0
2024,2024 Fleer Ultra Matriarchs of Marvel - Screen Queens,15,0,0,0,0
2026,Screen Moments - Orange,20,0,0,0,0
2026,Tribute to 1996 Finest Phenoms - Red Refractor,100,0,0,0,0
2018,2018 Upper Deck Marvel's The Defenders - Acetate,100,0,0,0,0
2023,2023 Upper Deck Marvel Allegiance: Avengers vs X-Men - Chapters Autographs,38,0,0,0,0
2023,2023 Panini Marvel Spider-Man Welcome to the Spider-Verse Sticker Collection - Limited Edition Cards,1,0,0,0,0
2026,Finest Timelines - Red,10,0,0,0,0
2023,2023 Upper Deck Marvel Platinum - Cover Variant Printing Plates Yellow,100,0,0,0,0
2025,2025 Kakawow Aura Marvel - The Legend of Iron Man Green,7,0,0,0,0
2023,2023 Upper Deck Marvel Allegiance: The Infinity Trilogy - Rainbow Variants Printing Plates Yellow,18,0,0,0,0
2023,2023 Upper Deck Marvel Loki Season 1 - Yellow,90,0,0,0,0
1994,1994 Ultra X-Men - Sega Game Gear,1,0,0,0,0
2025,2025 Kakawow Aura Marvel - Marvel 80s Legends Black,10,0,0,0,0
2022,2022 Panini Marvel Versus - Limited Edition,1,0,0,0,0
2018,2018-19 Upper Deck Marvel Annual - Top 10 Story Arcs Printing Plates Yellow,10,0,0,0,0
2022,2022 Upper Deck Spider-Man: Into the Spider-Verse - Spider-Sigs Action Printing Plates Yellow,2,0,0,0,0
2023,2023 Upper Deck Marvel Loki Season 1 - For All Time. Always Printing Plates Magenta,18,0,0,0,0
2015,2015 Rittenhouse Marvel The Avengers Silver Age - Tales of Suspense,41,0,0,0,0
2024,2024 Topps Chrome Marvel - Topps Patrimony Black Wave Refractor,10,0,0,0,0
2022,2022 Upper Deck Allure Marvel Studios - Infinity Stones Time Stone,20,0,0,0,0
2023,2023 Upper Deck Marvel Wandavision - 1970s Classic Sitcom Signatures,5,0,0,0,0
2023,2023 Upper Deck Marvel Allegiance: The Infinity Trilogy - The Disappeared Printing Plates Cyan,36,0,0,0,0
2025,2025 Topps Chrome Marvel - The One and Only,5,0,0,0,0
2018,2018-19 Upper Deck Marvel Annual - Top 10 Issues Printing Plates Cyan,10,0,0,0,0
2019,2019 Upper Deck Marvel Premier - Blue,3,0,0,0,0
2012,2012 Upper Deck Marvel Beginnings S2 - Sketch Cards,1,0,0,0,0
2015,2015 Rittenhouse Marvel: Agents of S.H.I.E.L.D. Season 2 - Autographs Bordered,1,0,0,0,0
2024,2024 Upper Deck Marvel Studios Series 2: Cinematic - 1995 Collectors Choice SE Retros Super Script,28,0,0,0,0
2023,2023 Upper Deck Marvel Shang-Chi and the Legend of the Ten Rings - Spectromatic Stickers Blue,30,0,0,0,0
2025,2025 Topps Chrome Marvel - Indestructible Superfractor,10,0,0,0,0
1992,1992 Impel The Uncanny X-Men - Jim Lee Autographs,2,0,0,0,0
2015,2015 Upper Deck Marvel Vibranium - Universal Heroes Printing Plates Cyan,20,0,0,0,0
2018,2018 Upper Deck Marvel Black Panther - Precious Metal Gems Purple,2,0,0,0,0
1995,1995 Flair Marvel Annual - Promos,1,0,0,0,0
2024,2024 Upper Deck Marvel Guardians of the Galaxy Vol 3 - Guardian Graphs Triples Printing Plates Cyan,3,0,0,0,0
2024,2024 Finding Unicorn Marvel Comics Universe Evolution - Comics Puzzle E,9,0,0,0,0
2023,2023 Upper Deck Funko Pop Marvel Infinity Saga - Clear Cut,88,0,0,0,0
2023,2023 Upper Deck Marvel Allegiance: Avengers vs X-Men - Avengers Red & Blue,90,0,0,0,0
2017,2017 Upper Deck Marvel Guardians of the Galaxy Vol. 2 - Galactic Garb Quad Memorabilia,10,0,0,0,0
2024,2024 Upper Deck Marvel Allegiance Secret Wars - Comic Cuts Covers,9,0,0,0,0
2025,2025 Kakawow Aura Marvel - Villains of Marvel Gold,10,0,0,0,0
2025,2025 Kakawow Phantom Marvel Rivals - S1 Season Limited White,22,0,0,0,0
2018,2018 Upper Deck Marvel Avengers Infinity War - Infinity Stones Mind Die Cut,5,0,0,0,0
2018,2018 Upper Deck Marvel Avengers Infinity War - Infinity Stones Precious Stone Relics Space Stone,1,0,0,0,0
2024,2024 Upper Deck Marvel Masterpieces Nahuel Grego - Canvas Gallery Printing Plates Cyan,10,0,0,0,0
2023,2023 Upper Deck Marvel Shang-Chi and the Legend of the Ten Rings - Spectromatic Stickers Gold,30,0,0,0,0
2023,2023 Upper Deck Funko Pop Marvel Infinity Saga - Funko Art Chase Sticker Rainbow,15,0,0,0,0
2018,2018 Fleer Ultra X-Men - Red Foil Canvas,27,0,0,0,0
2023,2023 Upper Deck Marvel Shang-Chi and the Legend of the Ten Rings - Spectromatic Stickers Green,30,0,0,0,0
2023,2023 Fleer Ultra Marvel Wolverine - Medallions Green,29,0,0,0,0
2014,2014 Upper Deck Marvel Premier - Gold Spectrum,9,0,0,0,0
2021,2021 SkyBox Metal Universe Marvel X-Men - Comic Cuts Masterworks Clipping Autographs,18,0,0,0,0
2019,2019 Flair Marvel - Flairium Achievements,1,0,0,0,0
2023,2023 Upper Deck Marvel Hawkeye - Hitting the Target,20,0,0,0,0
2024,2024 Kakawow Marvel Heroes Joy Edition Spider-Man - Joyfulness Gold,8,0,0,0,0
2023,2023 Upper Deck Marvel Thor Love and Thunder - New Asgard,10,0,0,0,0
2007,2007 Rittenhouse Spider-Man 3 - The Goblin,2,0,0,0,0
2023,2023 Upper Deck Marvel Hawkeye - Trick Shots Gold,15,0,0,0,0
2017,2017 Upper Deck Marvel Guardians of the Galaxy Vol. 2 Walmart/Hanes - Character Die Cuts,10,0,0,0,0
2023,2023 Fleer Throwbacks '89 Marvel Edition - All-Star Achievements,2,0,0,0,0
2026,Finest Autographs - Orange Refractor,13,0,0,0,0
2023,2023 Upper Deck Spider-Man: No Way Home - Public Enemy #1 Gold Foil,10,0,0,0,0
2024,2024 Upper Deck Marvel Masterpieces '92 Platinum - Fantastic Covers Printing Plate Achievements Yellow,10,0,0,0,0
2017,2017 Fleer Ultra Marvel Spider-Man - Deadpool Across America Printing Plate Cyan,10,0,0,0,0
2017,2017 Upper Deck Marvel Annual - Comic Patches,1,0,0,0,0
2022,2022 Fleer Ultra Marvel Avengers - Medallions Sappire Blue,41,0,0,0,0
2023,2023 Upper Deck Spider-Man: No Way Home - In Action Red Foil,15,0,0,0,0
2025,2025 Topps Chrome Sapphire Edition Marvel Studios - Purple Sapphire,100,0,0,0,0
2023,2023 Upper Deck Marvel Wandavision - Suburban Synthezoid Printing Plates Magenta,6,0,0,0,0
2023,2023 Fleer Ultra Marvel Wolverine - Team Affiliations Green Foil,3,0,0,0,0
2015,2015 Bulls-i-Toy Marvel's Avengers: Age of Ultron Dog Tags & Sticker Set - Foil Tags,6,0,0,0,0
2010,2010 Rittenhouse 70 Years of Marvel Comics - 2010 Rittenhouse 70 Years of Marvel Comics,71,0,0,0,0
2017,2017 Fleer Ultra Marvel Spider-Man - Comic Cut Panel,8,0,0,0,0
2024,2024 Finding Unicorn Marvel Comics Universe Evolution - Blue,100,0,0,0,0
2016,2016 Upper Deck Marvel Gems - Emma Frost Diamond Skin Quad,12,0,0,0,0
2021,2021 SkyBox Metal Universe Marvel Spider-Man - Gold Bullion Achievements,8,0,0,0,0
2014,2014 Rittenhouse Marvel 75th Anniversary - Sapphire,4,0,0,0,0
2022,2022 Upper Deck Allure Marvel Studios - Red Prism,24,0,0,0,0
2025,2025 Topps Chrome Sapphire Edition Marvel - Sapphire Selections Padparadscha,10,0,0,0,0
2015,2015 Upper Deck Marvel Vibranium - Printing Plates Cyan,90,0,0,0,0
2017,2017 Upper Deck Marvel Annual - Comic Patches Dual,1,0,0,0,1
2023,2023 Upper Deck Marvel Allegiance: Avengers vs X-Men - Head to Head Comic Clippings,71,0,0,0,0
2026,Base Tribute to 1996 Finest Phenoms,100,0,0,0,0
1995,1995 Fleer Ultra X-Men - Capcom Luck of the Drawn,5,0,0,0,0
2014,2014 Rittenhouse Marvel Universe - Shadowbox,1,0,0,0,0
2025,2025 Kakawow Phantom Marvel Rivals - Rivals Refractor,37,0,0,0,0
2023,2023 Upper Deck Marvel Allegiance: The Infinity Trilogy - Spectromatic Green,20,0,0,0,0
2023,2023 Upper Deck Marvel Allegiance: The Infinity Trilogy - Cosmic Catastrophe Printing Plates Yellow,24,0,0,0,0
2010,2010 Rittenhouse Marvel Heroes and Villains - Alliances,17,0,0,0,0
2012,2012 Upper Deck Marvel Beginnings S3 - Prime Micromotion,60,0,0,0,0
2022,2022 Upper Deck Allure Marvel Studios - Symmetry Autographs Printing Plates Black,14,0,0,0,0
2020,2020 Upper Deck Marvel Avengers Endgame & Captain Marvel - Captain Marvel Sketch Artists,1,0,0,0,0
2026,Superfractor 1/136,1,0,0,0,0
2018,2018-19 Upper Deck Marvel Annual - Top 10 Heroes Printing Plates Cyan,10,0,0,0,0
2000,2000 Topps X-Men The Movie - X-Foil,6,0,0,0,0
2023,2023 Upper Deck Marvel Hawkeye - Trick Shots Green,15,0,0,0,0
2007,2007 SkyBox Marvel Masterpieces - Ashcan Art Adams,3,0,0,0,0
2025,2025 Topps Chrome Marvel Studios - Thunderbolts Red Refractor,25,0,0,0,0
2024,2024 Upper Deck Marvel Masterpieces Nahuel Grego - Printing Plates Yellow,90,0,0,0,0
2013,2013 Fleer Retro Marvel - Jambalaya,21,0,0,0,0
2023,2023 Upper Deck Marvel Doctor Strange in the Multiverse of Madness - America's Allies,10,0,0,0,0
2024,2024 Upper Deck Marvel Guardians of the Galaxy Vol 3 - One Last Ride Green Speckle,7,0,0,0,0
2022,2022 Upper Deck Allure Marvel Studios - Yellow Taxi,15,0,0,0,0
2022,2022 Fleer Ultra Marvel Avengers - 1st Appearances Printing Plates Cyan,15,0,0,0,0
2022,2022 Upper Deck Spider-Man: Into the Spider-Verse - Spider-Sigs Torso,2,0,0,0,0
2024,2024 Upper Deck Marvel Guardians of the Galaxy Vol 3 - Colors and Contours Green,15,0,0,0,0
2017,2017 Fleer Ultra Marvel Spider-Man - Marvel Metal Precious Metal Gems Green,2,0,0,0,0
2024,2024 Topps Chrome Marvel - Black Wave Refractor,100,0,0,0,0
2022,2022 Fleer Ultra Marvel Avengers - Sketch Artists,23,0,0,0,0
2023,2023-24 Upper Deck Marvel Annual - Printing Plates Yellow,100,0,0,0,0
2023,2023 Fleer Ultra Marvel Wolverine - Team Affiliations Gold Spectrum Foil,10,0,0,0,0
2011,2011 Rittenhouse Marvel: Dangerous Divas - Embrace,10,0,0,0,0
2026,Superfractor 1/103,1,0,0,0,0
2014,2014 Rittenhouse Marvel: Dangerous Divas 2 - Sultry Seductresses,10,0,0,0,0
2026,Superfractor 1/170,1,0,0,0,0
2016,2016 Upper Deck Marvel Masterpieces - Printing Plates Yellow,90,0,0,0,0
2025,2025 Kakawow Cosmos Marvel - Quad Script Art Green,2,0,0,0,0
2024,2024 Upper Deck Marvel Studios Series 1 - 1995 Collectors Choice SE Retros,30,0,0,0,0
2024,2024 Upper Deck Marvel Studios Series 1 - +Footage Gold,12,0,0,0,0
2023,2023 Upper Deck Marvel The Falcon and The Winter Soldier - Who Will Wield the Shield? Printing Plates Black,4,0,0,0,0
2026,Superfractor 1/38,1,0,0,0,0
2015,2015 Upper Deck Marvel 3D - Lenticular 3D,18,0,0,0,0
2015,2015 Rittenhouse Marvel: Agents of S.H.I.E.L.D. Season 2 - Autographs Full-Bleed,1,0,0,0,0
2024,2024 Upper Deck Marvel Allegiance Secret Wars - Green Racer,88,0,0,0,0
2019,2019 Upper Deck Marvel Agents of S.H.I.E.L.D. Compendium - 2019 Upper Deck Marvel Agents of S.H.I.E.L.D. Compendium,100,0,0,0,0
2025,2025 Kakawow Phantom Marvel Rivals - Commemorative Skin White,37,0,0,0,0
2023,2023 Upper Deck Marvel Premier - Purple Foil,50,0,0,0,0
2021,2021 SkyBox Metal Universe Marvel X-Men - Purple FX,99,0,0,0,0
2009,2009 Rittenhouse X-Men Archives - Case Toppers,2,0,0,0,0
2024,2024 Kakawow Marvel Heroes Joy Edition Spider-Man - USR,45,0,0,0,0
2020,2020 Upper Deck Marvel Ages - Metal Relics Bronze,2,0,0,0,0
2026,Quad Autographs - SuperFractor,2,0,0,0,0
2019,2019-20 Upper Deck Marvel Annual - Future Watch Heroes Printing Plates Magenta,5,0,0,0,0
2023,2023 Upper Deck Marvel Shang-Chi and the Legend of the Ten Rings - Night Adventures Silver,10,0,0,0,0
2023,2023 Upper Deck Funko Pop Marvel Infinity Saga - Shorts Chase Sticker,35,0,0,0,0
2023,2023 Fleer Ultra Marvel Wolverine - 1988,26,0,0,0,0
2024,2024 Upper Deck Marvel Studios Series 2: Cinematic - Fee Fi Foes,8,0,0,0,0
2025,2025 Kakawow Phantom Marvel Rivals - S1 Season Reward White,37,0,0,0,0
2016,2016 Upper Deck Marvel Gems - Sapphire,5,0,0,0,0
2017,2017 Upper Deck Marvel Guardians of the Galaxy Vol. 2 - Groot's Roots Wood,10,0,0,0,0
2024,2024 Upper Deck Marvel Studios Series 1 - Lunchbox Legends Gold,15,0,0,0,0
2024,2024 Upper Deck Marvel Masterpieces '92 Platinum - Battle Spectrum Printing Plate Achievements Magenta,5,0,0,0,0
2017,2017 Upper Deck Marvel Guardians of the Galaxy Vol. 2 - Purple Foil,90,0,0,0,0
2024,2024 Upper Deck Marvel Guardians of the Galaxy Vol 3 - Ensemble Printing Plates Yellow,15,0,0,0,0
2024,2024 Upper Deck Marvel Spider-Man Renditions - Printing Plates Cyan,90,0,0,0,0
2024,2024 Upper Deck Marvel Beginnings Volume 2 Series 2 - Comic Clippings,68,0,0,0,0
2023,2023 Upper Deck Marvel Shang-Chi and the Legend of the Ten Rings - Night Adventures Printing Plate Achievements Black,10,0,0,0,0
2025,2025 Kakawow Phantom Marvel Rivals - Rivals Refractor Orange,37,0,0,0,0
2023,2023 Fleer Ultra Marvel Wolverine - X-23 Blue Foil,10,0,0,0,0
2025,2025 Topps Chrome Marvel - Topps Patrimony Black Refractor,5,0,0,0,0
2024,2024 Upper Deck Marvel Masterpieces '92 Platinum - Variant Cover Printing Plate Achievements Magenta,100,0,0,0,0
2025,2025 Kakawow Aura Marvel - The Legend of Spider-Man Green,3,0,0,0,0
2024,2024 SkyBox Marvel Masterpieces XL - Holofoil Speckle,15,0,0,0,0
2018,2018 Upper Deck Marvel Ant-Man and the Wasp - 2018 Upper Deck Marvel Ant-Man and the Wasp,2,0,0,0,0
2025,2025 Kakawow Aura Marvel - Script Art Single Red,21,0,0,0,0
2007,2007 Rittenhouse Spider-Man 3 - Spider-Man Black Costume,4,0,0,0,0
1997,1997 Fleer/SkyBox X-Men 2099 Oasis - Chromium,75,0,0,0,0
2023,2023 Upper Deck Marvel Loki Season 1 - Alligator Loki,90,0,0,0,0
2016,2016 Upper Deck Marvel Doctor Strange - Astral Projections,15,0,0,0,0
2023,2023 Upper Deck Marvel Platinum - Orange Rainbow Autographs,92,0,0,0,0
2023,2023 Upper Deck Marvel Anime Vol. 2 - Capsule Cards Street Level Event,5,0,0,0,0
2017,2017 Upper Deck Marvel Guardians of the Galaxy Vol. 2 - 2017 Upper Deck Marvel Guardians of the Galaxy Vol. 2,29,0,0,0,0
2008,2008 Rittenhouse Iron Man - Iron Man Archives (Tales of Suspense),8,0,0,0,0
2024,2024 Upper Deck Marvel Guardians of the Galaxy Vol 3 - Ensemble Red Autographs,10,0,0,0,0
2024,2024 Upper Deck Marvel Masterpieces Nahuel Grego - Holofoil Diamonds,16,0,0,0,0
2017,2017 Upper Deck Marvel Guardians of the Galaxy Vol. 2 - Family of Oddballs Silver Foil,12,0,0,0,0
2021,2021-22 Upper Deck Marvel Annual - Battle Booklet Sketches Makkari vs. Quicksilver,1,0,0,0,0
2015,2015 Upper Deck Marvel Vibranium - In Memoriam Printing Plates Cyan,20,0,0,0,0
2020,2020 SkyBox Marvel Masterpieces - Gold Foil,100,0,0,0,0
2018,2018-19 Upper Deck Marvel Annual - Top 10 Issues Printing Plates Yellow,10,0,0,0,0
2023,2023 Fleer Ultra Marvel Wolverine - Top Secret Minis Blank Back,97,0,0,0,0
2021,2021 SkyBox Metal Universe Marvel Spider-Man - Precious Metal Gems Green,172,0,0,0,0
2026,Superfractor 1/176,1,0,0,0,0
2024,2024 Topps Chrome Sapphire Edition Marvel - Sapphire Selections,2,0,0,0,0
2024,2024 Topps Chrome Marvel - Mask Off Red Refractor,7,0,0,0,0
2023,2023 Upper Deck Marvel Wandavision - Warped Reality Autos,6,0,0,0,0
2026,Fantastic Science Autographs,12,0,0,0,0
2023,2023 Upper Deck Marvel Platinum - Green Rainbow Autographs,139,0,0,0,0
2025,2025 Kakawow Aura Marvel - Marvel 80s Legends Orange,6,0,0,0,0
2024,2024 SkyBox Metal Universe Marvel Avengers - Retro Precious Metal Gems Blue,50,0,0,0,0
2021,2021-22 Upper Deck Marvel Annual - Printing Plates Yellow,100,0,0,0,0
2024,2024 Finding Unicorn Marvel Comics Universe Evolution - Ages,20,0,0,0,0
2023,2023 Flair Marvel - Twilight,75,0,0,0,0
2023,2023 Upper Deck Marvel The Falcon and The Winter Soldier - Printing Plates Yellow,90,0,0,0,0
2023,2023 Upper Deck Marvel Allegiance: The Infinity Trilogy - Turning Points Holograms,13,0,0,0,0
2023,2023 Upper Deck Marvel Wandavision - Welcome to Westview Printing Plates Black,15,0,0,0,0
2026,Topps Finest Fantastic Four 65th Anniversary Relic,10,0,0,0,0
2023,2023 Upper Deck Marvel Doctor Strange in the Multiverse of Madness - Ensemble Autographs,16,0,0,0,0
2024,2024 Fleer Ultra Matriarchs of Marvel - Medallions Opal Black,50,0,0,0,0
2025,2025 Kakawow Aura Marvel - Marvel 80s Legends Silver,1,0,0,0,0
2020,2020 Upper Deck Marvel Weekly - Achievements,9,0,0,0,0
2017,2017 Upper Deck Marvel Thor Ragnarok - Grandmaster's Prized Possessions Autographed Chain Dual,3,0,0,0,0
2021,2021 SkyBox Metal Universe Marvel X-Men - Planet Metal Gold,36,0,0,0,0
2026,Dual Autographs - Black,6,0,0,0,0
2023,2023 Fleer Ultra Marvel Wolverine - Orange Foil,46,0,0,0,0
2015,2015 Upper Deck Marvel Ant-Man - Pym Particles Triple Character Memorabilia,8,0,0,0,0
2020,2020 Upper Deck Marvel Anime - Capsule Characters Mini Red,50,0,0,0,0
2023,2023 Finding Unicorn Marvel Infinity Saga Origin - Comic Covers,20,0,0,0,0
2013,2013 Rittenhouse Marvel Greatest Battles - Gold,27,0,0,0,0
2015,2015 Rittenhouse Marvel: Agents of S.H.I.E.L.D. Season 1 - Allegiance,18,0,0,0,0
2026,All For Four,22,0,0,0,0
2024,2024 Upper Deck Marvel Spider-Man Renditions - Artist Autographs,79,0,0,0,0
2024,2024 Topps Chrome Marvel - Marvel 90s SuperFractor,2,0,0,0,0
2018,2018-19 Upper Deck Marvel Annual - Printing Plates Cyan,100,0,0,0,0
2014,2014 Upper Deck Marvel Premier - Emotion,16,0,0,0,0
2022,2022 Upper Deck Allure Marvel Studios - Blue Line,37,0,0,0,0
1996,1996 Comic Images Conan: The Marvel Years - Conan the Savage,3,0,0,0,3
2024,2024 Fleer Ultra Matriarchs of Marvel - Medallions Ruby Red,50,0,0,0,0
2023,2023 Upper Deck Marvel What If…? - Flagship Printing Plates Black,39,0,0,0,0
2022,2022 Upper Deck Spider-Man: Into the Spider-Verse - Spider-Sigs Action Printing Plates Black,2,0,0,0,0
2024,2024 SkyBox Marvel Masterpieces XL - Holofoil Kaleidoscope,15,0,0,0,0
2024,2024 Upper Deck Marvel Spider-Man Renditions - Sketch Artists,1,0,0,0,0
2024,2024 Upper Deck Marvel Studios Series 1 - Printing Plates Yellow,100,0,0,0,0
2023,2023 Flair Marvel - Midnight,90,0,0,0,0
2018,2018-19 Upper Deck Marvel Annual - Top 10 Issues Printing Plates Black,10,0,0,0,0
2018,2018-19 Upper Deck Marvel Annual - Purple,3,0,0,0,0
2023,2023 Upper Deck Marvel Wandavision - Suburban Synthezoid Printing Plates Cyan,6,0,0,0,0
2025,2025 Kakawow Phantom Marvel Rivals - S1 Season Commemorative White,32,0,0,0,0
2023,2023 Upper Deck Marvel Wandavision - Black and White,50,0,0,0,0
2024,2024 Upper Deck Marvel Beginnings Volume 2 Series 2 - Printing Plates Cyan,100,0,0,0,0
2025,2025 Kakawow Phantom Marvel Rivals - White,37,0,0,0,0
2026,Superfractor 1/187,1,0,0,0,0
2019,2019 Upper Deck Marvel Studios The First Ten Years - Sketch Artists,1,0,0,0,0
2023,2023 Upper Deck Marvel Platinum - Cover Variant Printing Plates Black,185,0,0,0,0
2024,2024 Fleer Ultra Matriarchs of Marvel - Women of the Web,5,0,0,0,0
2023,2023 Finding Unicorn Marvel’s Avengers 60th Anniversary - Red,63,0,0,0,0
2026,Sketch Cards,116,0,0,0,0
2014,2014 Upper Deck Marvel Premier - Code Name Printing Plates Magenta,42,0,0,0,0
2017,2017 Upper Deck Marvel Premier - Gold,3,0,0,0,0
2017,2017 Upper Deck Marvel Annual - Pack Wars Character Achievements,5,0,0,0,0
2022,2022 Fleer Ultra Marvel Avengers - Artist Spotlight Printing Plates Yellow,10,0,0,0,0
2024,2024 Topps Chrome Sapphire Edition Marvel - Black Sapphire,2,0,0,0,0
2021,2021-22 Upper Deck Marvel Annual - Magenta,100,0,0,0,0
2026,Superfractor 1/199,1,0,0,0,0
2023,2023 Upper Deck Marvel Anime Vol. 2 - Kodomomuke Artist Autographs,8,0,0,0,0
2023,2023 Fleer Ultra Marvel Midnight Sons - Strange Tales Purple,18,0,0,0,0
2025,2025 Topps Chrome Marvel Studios - New Avengers Logo Variation Black Refractor,25,0,0,0,0
2026,Superfractor 1/172,1,0,0,0,0
2021,2021 SkyBox Metal Universe Marvel Spider-Man - Sketches,54,0,0,0,0
2024,2024 Upper Deck Marvel Studios Series 1 - UD Canvas Black and White,24,0,0,0,0
2018,2018 Upper Deck Marvel Avengers Infinity War - Strip Mined Metals,3,0,0,0,0
2025,2025 Topps Marvel Comic Book Heroes 1975 Golden Anniversary - Gold Raywave,100,0,0,0,0
2022,2022 Upper Deck Allure Marvel Studios - Magenta High Series Achievements,50,0,0,0,0
2026,Superfractor 1/139,1,0,0,0,0
2017,2017 Upper Deck Marvel Annual - Printing Plate Magenta,100,0,0,0,0
2012,2012 Upper Deck Marvel Premier - Four Panel Sketches,1,0,0,0,0
2023,2023 Fleer Ultra Marvel Wolverine - Aliases Green Foil,6,0,0,0,0
2023,2023 Upper Deck Marvel Platinum - Creator Art Variant Blue Rainbow,10,0,0,0,0
2024,2024 Upper Deck Marvel Masterpieces '92 Platinum - Corner Box Creations Printing Plate Achievements Black,20,0,0,0,0
2024,2024 Upper Deck Marvel Guardians of the Galaxy Vol 3 - Red,75,0,0,0,0
2023,2023 Upper Deck Marvel Loki Season 1 - TVA’s Mission Printing Plates Magenta,10,0,0,0,0
2017,2017 Upper Deck Marvel Cinematic Universe - 2017 Upper Deck Marvel Cinematic Universe,78,0,0,0,0
2023,2023 Upper Deck Marvel Hawkeye - Put a Bow On It Achievements,9,0,0,0,0
2024,2024 Fleer Throwbacks '59-63 Marvel Edition - Printing Plate Yellow,30,0,0,0,0
2023,2023 Upper Deck Marvel Moon Knight - Fist of Vengeance Sand,20,0,0,0,0
2022,2022 Fleer Ultra Marvel Avengers - Artist Spotlight Green Foil,8,0,0,0,0
2022,"2022 Upper Deck Marvel Beginnings Volume 2, Series 1 - Flipped FX Printing Plates Yellow",90,0,0,0,0
2016,2016 Upper Deck Marvel Masterpieces - What If... - Printing Plates Cyan,90,0,0,0,0
2026,Superfractor 1/138,1,0,0,0,0
2022,2022 Upper Deck Spider-Man: Into the Spider-Verse - Spider P.I.,4,0,0,0,0
2025,2025 Topps Chrome Marvel Studios - Fantastic Four: First Steps Superfractor,11,0,0,0,0
2017,2017 Fleer Ultra Marvel Spider-Man - Royal Foil Pattern 2,1,0,0,0,0
2026,Superfractor 1/28,1,0,0,0,0
2023,2023 Upper Deck Marvel Platinum - Creator Art Variant Purple Rainbow,10,0,0,0,0
2017,2017 Upper Deck Marvel Spider-Man Homecoming - Friend or Foe Printing Plate Cyan,9,0,0,0,0
2026,Superfractor 1/171,1,0,0,0,0
2026,Superfractor 1/197,1,0,0,0,0
2023,2023 Upper Deck Marvel Moon Knight - Balance the Scales,20,0,0,0,0
2024,2024 Upper Deck Marvel Studios Series 2: Cinematic - High Gloss,99,0,0,0,0
2021,2021 SkyBox Metal Universe Marvel Spider-Man - Turquoise Light FX,84,0,0,0,0
2023,2023 Upper Deck Marvel The Falcon and The Winter Soldier - Mission Briefing Printing Plates Yellow,6,0,0,0,0
2024,2024 Kakawow Marvel Heroes Joy Edition Spider-Man - Final Frames,23,0,0,0,0
2025,2025 Topps Chrome Marvel Studios - Agatha All Along Tarot Cards Superfractor,7,0,0,0,0
2016,2016 Upper Deck Marvel Gems - Topaz,5,0,0,0,0
2023,2023 Fleer Ultra Marvel Wolverine - Medallions Bronze,49,0,0,0,0
2026,Topps Originals - Orange,10,0,0,0,0
2007,2007 Rittenhouse Spider-Man 3 - Spider-Man Red/Blue,1,0,0,0,0
2023,2023 Upper Deck Marvel Allegiance: Avengers vs X-Men - Chapters Canvas,89,0,0,0,0
2023,2023 Upper Deck Marvel Allegiance: The Infinity Trilogy - Rainbow Blue,53,0,0,0,0
2018,2018 Upper Deck Marvel Masterpieces - Printing Plates Black,90,0,0,0,0
2020,2020-21 Upper Deck Marvel Annual - Hologram Printing Plates Magenta,100,0,0,0,0
2022,"2022 Upper Deck Marvel Beginnings Volume 2, Series 1 - Flipped FX Printing Plates Black",90,0,0,0,0
2026,Superfractor 1/21,1,0,0,0,0
2020,2020-21 Upper Deck Marvel Annual - Number 1 Spot,21,0,0,0,0
2025,2025 Topps Chrome Marvel Studios - Orange Geometric Refractor,99,0,0,0,1
2018,2018 Upper Deck Marvel Avengers Infinity War - Infinity Stones Space Die Cut,1,0,0,0,0
2023,2023 Fleer Ultra Marvel Midnight Sons - Hellfire Achievements,4,0,0,0,0
2019,2019 Upper Deck Marvel Weekly - Negative Variant,9,0,0,0,0
2017,2017 Upper Deck Marvel Annual - Top 10 Story Arcs Printing Plates Magenta,10,0,0,0,0
2002,2002 FilmCardz Spider-Man - Rare,6,0,0,0,0
2019,2019 Upper Deck Marvel Premier - Black,3,0,0,0,0
2026,Superfractor 1/179,1,0,0,0,0
2026,Screen Moments - Black,20,0,0,0,0
2012,2012 Upper Deck Marvel Premier - Emotion Booklets Original Art,19,0,0,0,0
2023,2023 Upper Deck Marvel Shang-Chi and the Legend of the Ten Rings - 2023 Upper Deck Marvel Shang-Chi and the Legend of the Ten Rings,70,0,0,0,0
2022,2022 Upper Deck Spider-Man: Into the Spider-Verse - Spider-Sigs Portraits Printing Plates Cyan,5,0,0,0,0
2014,2014 Rittenhouse Marvel 75th Anniversary - Ruby,4,0,0,0,0
2022,2022 Fleer Ultra Marvel Avengers - Earth's Mightiest Spin-Offs Gold Spectrum Foil,11,0,0,0,0
2022,2022 SkyBox Marvel Masterpieces - Canvas Gallery Red Foil,10,0,0,0,0
2022,2022 SkyBox Marvel Masterpieces - Canvas Gallery Pink Foil,10,0,0,0,0
2025,2025 Topps Chrome Marvel - Marvel Reflections Superfractor,4,0,0,0,0
2019,2019 Flair Marvel - Pieces of Flair Achievements,2,0,0,0,0
2022,2022-23 Upper Deck Marvel Annual - 2022 Super Heroes of the Year Printing Plate Achievements Black,10,0,0,0,0
2025,2025 Topps Chrome Marvel - Future Stars Orange,8,0,0,0,0
2024,2024 Upper Deck Marvel Masterpieces Nahuel Grego - Holofoil Crackle,5,0,0,0,0
2024,2024 Upper Deck Marvel Masterpieces Nahuel Grego - Holofoil Triangulation,17,0,0,0,0
2025,2025 Kakawow Aura Marvel - Marvel 80s Legends Green,6,0,0,0,0
2025,2025 Topps Chrome Marvel - Artist Sketch - Black Foil,1,0,0,0,0
2026,Superfractor 1/186,1,0,0,0,0
2016,2016 Upper Deck Marvel Annual - Top 10 Villains Printing Plate Black,10,0,0,0,0
2024,2024 Kakawow Marvel Heroes Joy Edition Spider-Man - Signatures,8,0,0,0,0
2022,2022 Upper Deck Spider-Man: Into the Spider-Verse - 2022 Upper Deck Spider-Man: Into the Spider-Verse,5,0,0,0,0
2025,2025 Kakawow Aura Marvel - Script Art Double Red,4,0,0,0,0
2026,Superfractor 1/149,1,0,0,0,0
2025,2025 Topps Chrome Marvel - Marvel Reflections RayWave,4,0,0,0,0
2010,2010 Rittenhouse Marvel Heroes and Villains - Promos,6,0,0,0,0
2016,2016 Upper Deck Marvel Gems - Printing Plates Yellow,60,0,0,0,0
2026,Superfractor 1/160,1,0,0,0,0
2023,2023 Upper Deck Marvel The Falcon and The Winter Soldier - Character Profiles Printing Plates Yellow,10,0,0,0,0
2024,2024 Upper Deck Marvel Beginnings Volume 2 Series 2 - Flipped FX Gold,90,0,0,0,0
2019,2019 Upper Deck Marvel Premier - Sketches,1,0,0,0,0
2022,2022 Fleer Ultra Marvel Avengers - Greatest Battles Red Foil,13,0,0,0,0
2023,2023 Upper Deck Marvel Allegiance: The Infinity Trilogy - Expeditionary Force Printing Plates Yellow,30,0,0,0,0
2026,Superfractor 1/89,1,0,0,0,0
2020,2020-21 Upper Deck Marvel Annual - Pack Wars Leaderboard Silver,18,0,0,0,0
2020,2020 Upper Deck Marvel Anime - Capsule Characters Red,5,0,0,0,0
2023,2023 Finding Unicorn Marvel Infinity Saga Origin - Past and Present Life Gold,18,0,0,0,0
2024,2024 Fleer Throwbacks '59-63 Marvel Edition - Stickers,7,0,0,0,0
2016,2016 Upper Deck Marvel Annual - Top 10 Villains Printing Plate Yellow,10,0,0,0,0
2023,2023-24 Upper Deck Marvel Annual - Dark Web Purple,3,0,0,0,0
2022,2022-23 Upper Deck Marvel Annual - Suspended Animation Tier 4,5,0,0,0,0
2023,2023 Upper Deck Marvel Shang-Chi and the Legend of the Ten Rings - Printing Plate Achievements Cyan,70,0,0,0,0
2023,2023 Upper Deck Marvel Loki Season 1 - Loki Variant Holograms,10,0,0,0,0
2023,2023 Fleer Ultra Marvel Midnight Sons - Blue,100,0,0,0,0
2018,2018 Fleer Ultra X-Men - X-Cuts Clear,2,0,0,0,0
2023,2023 Upper Deck Marvel Doctor Strange in the Multiverse of Madness - Sorcerer Supremes Gold Autographs,9,0,0,0,0
2014,2014 Rittenhouse Marvel: Dangerous Divas 2 - Diamond,90,0,0,0,0
2018,2018 Upper Deck Marvel Ant-Man and the Wasp - Sketch Artists,1,0,0,0,0
2021,2021 SkyBox Metal Universe Marvel Spider-Man - Purple Light FX,192,0,0,0,0
2023,2023 Upper Deck Spider-Man: No Way Home - Conception Perception Acetate Foilboard Red,11,0,0,0,0
2023,2023 Panini Marvel Spider-Man Welcome to the Spider-Verse Sticker Collection - Travelling Through the Multiverse Stickers,29,0,0,0,0
2023,2023 Upper Deck Marvel Doctor Strange in the Multiverse of Madness - Pure Madness Autographs,13,0,0,0,0
2019,2019 Upper Deck Marvel Premier - Sketches Triple Panel,1,0,0,0,0
2023,2023 Upper Deck Marvel Allegiance: Avengers vs X-Men - Protectors of Utopia,6,0,0,0,0
1996,1996 Fleer/SkyBox Marvel Motion - Promos,4,0,0,0,0
2010,2010 Rittenhouse Marvel Heroes and Villains - Tri-Fold Posters,6,0,0,0,0
2024,2024 Upper Deck Marvel Masterpieces '92 Platinum - Fantastic Covers Printing Plate Achievements Magenta,10,0,0,0,0
2020,2020 Upper Deck Marvel Ages - Metal Relics Gold,4,0,0,0,0
2025,2025 Topps Mint Marvel - Printing Plates Magenta,10,0,0,0,0
2025,2025 Kakawow Aura Marvel - Villains of Marvel Cyan,9,0,0,0,0
2026,Superfractor 1/82,1,0,0,0,0
2025,2025 Kakawow Aura Marvel - Marvel Iconic Debut Purple,6,0,0,0,0
2023,2023-24 Upper Deck Marvel Annual - Hologram Printing Plates Cyan,100,0,0,0,0
2017,2017 Upper Deck Marvel Annual - Printing Plate Black,100,0,0,0,0
2021,2021 Panini Marvel Versus - Limited Edition,9,0,0,0,0
2023,2023 Upper Deck Marvel Thor Love and Thunder - Powered Up Red Autographs,10,0,0,0,0
2020,2020-21 Upper Deck Marvel Annual - Number 1 Spot Printing Plate Achievements Black,25,0,0,0,0
2012,2012 Upper Deck Marvel Premier - Printing Plates Cyan,50,0,0,0,0
2024,2024 Topps Chrome Marvel - Spider-man Gold,2,0,0,0,0
2023,2023 Upper Deck Marvel Hawkeye - Purple,100,0,0,0,0
2022,2022 Upper Deck Allure Marvel Studios - Purple Rainbow Die Cut,90,0,0,0,0
2023,2023 Upper Deck Marvel Eternals - When Immortals Walk the Earth Film Cels Achievements,7,0,0,0,0
2000,2000 Topps X-Men The Movie - Chrome,61,0,0,0,0
2020,2020-21 Upper Deck Marvel Annual - Pack Wars Leaderboard Bronze,18,0,0,0,0
2008,2008 Rittenhouse Iron Man - Autographs,1,0,0,0,0
2025,2025 Kakawow Aura Marvel - Marvel Iconic Debut Green,7,0,0,0,0
2017,2017 Upper Deck Marvel Thor Ragnarok - The Armory Memorabilia Dual Autographed,1,0,0,0,0
2023,2023 Flair Marvel - Iridescence Red Achievements,1,0,0,0,0
2023,2023 Upper Deck Marvel Premier - 2023 Upper Deck Marvel Premier,21,0,0,0,0
2018,2018 Upper Deck Marvel Ant-Man and the Wasp - Printing Plates Cyan,100,0,0,0,0
2011,2011 Upper Deck Marvel Beginnings S1 - Printing Plates Black,100,0,0,0,0
2024,2024 Fleer Ultra Matriarchs of Marvel - Medallions Sapphire Blue,50,0,0,0,0
2022,2022-23 Upper Deck Marvel Annual - Silver Sparkle Printing Plates Cyan,100,0,0,0,0
2022,2022-23 Upper Deck Marvel Annual - Star Rookies Printing Plate Achievements Cyan,5,0,0,0,0
2016,2016 Upper Deck Marvel Gems - 2016 Upper Deck Marvel Gems,2,0,0,0,0
2026,MCU Dual Autographs,5,0,0,0,0
2023,2023 Upper Deck Marvel Shang-Chi and the Legend of the Ten Rings - Night Adventures Green,10,0,0,0,0
2026,Superfractor 1/63,1,0,0,0,0
2025,Best Bubs,6,0,0,0,0
2023,2023 Fleer Ultra Marvel Midnight Sons - Medallions Opal Black,50,0,0,0,1
2024,2024 Topps Chrome Marvel - Avengers Infinity Black Wave Refractor,4,0,0,0,0
2021,2021-22 Upper Deck Marvel Annual - Battle Booklet Sketches Daredevil vs. Elektra,1,0,0,0,0
2024,2024 Upper Deck Marvel Unbound - Acetate Quarterly Achievements,4,0,0,0,0
2018,2018 Fleer Ultra X-Men - X-Men '92 Xavier Variant,10,0,0,0,0
2007,2007 SkyBox Marvel Masterpieces - Sketches,1,0,0,0,0
2011,2011 Upper Deck Marvel Beginnings S1 - Marvel Prime Micromotion Foil,60,0,0,0,0
2015,2015 Fleer Retro Marvel - Sketches,1,0,0,0,0
2007,2007 Rittenhouse Spider-Man 3 - The Sandman,2,0,0,0,0
2023,2023 Upper Deck Marvel The Falcon and The Winter Soldier - Lineup,18,0,0,0,0
2024,2024 Upper Deck Marvel Studios Series 2: Cinematic - 1995 Collectors Choice SE Retros,16,0,0,0,0
2024,2024 Upper Deck Marvel Allegiance Secret Wars - Comic Cuts Autos Dual,10,0,0,0,0
2021,2021-22 Upper Deck Marvel Annual - Battle Booklet Sketches Iron Fist vs. Shang-Chi,1,0,0,0,0
2026,Future Foundation ID Cards,10,0,0,0,0
2017,2017 Upper Deck Marvel Thor Ragnarok - Sketch Artists,1,0,0,0,0
2001,2001 Topps Marvel Legends - Sketches,1,0,0,0,0
2017,2017 Upper Deck Marvel Guardians of the Galaxy Vol. 2 - Mix Tape Autographs,15,0,0,0,0
2023,2023 Upper Deck Marvel Premier - Quad-Panel Sketch Cards,1,0,0,0,0
2024,2024 Topps Chrome Marvel - Marvel Character Dual Autographs Black Wave Refractor,3,0,0,0,0
2024,2024 Topps Chrome Marvel - Marvel Giant-Sized 50th Anniversary Gold Refractor,1,0,0,0,0
2024,2024 Upper Deck Marvel Guardians of the Galaxy Vol 3 - Vol. 3 Blue Speckle,20,0,0,0,0
2024,2024 Upper Deck Marvel Black Panther Wakanda Forever - Printing Plates Yellow,90,0,0,0,0
2017,2017 Upper Deck Marvel Guardians of the Galaxy Vol. 2 - Galactic Garb Autograph Memorabilia,5,0,0,0,0
2025,2025 Kakawow Phantom Marvel Rivals - S1 Season Limited Gold,22,0,0,0,0
2019,2019-20 Upper Deck Marvel Annual - Variant Cover,2,0,0,0,0
2025,2025 Kakawow Aura Marvel - Script Art Single Orange,18,0,0,0,0
2022,2022 Fleer Ultra Marvel Avengers - Medallions Black Opal,47,0,0,0,0
2026,Superfractor 1/98,1,0,0,0,0
2023,2023 Upper Deck Marvel Allegiance: Avengers vs X-Men - Comic Covers Printing Plates Cyan,18,0,0,0,0
2024,2024 Upper Deck Marvel Masterpieces Nahuel Grego - Canvas Gallery Green,10,0,0,0,0
2026,The One And Only Superfractors,5,0,0,0,0
2024,2024 Upper Deck Marvel Studios Series 2: Cinematic - HoloGrFX Orange,29,0,0,0,0
2023,2023 Upper Deck Marvel Doctor Strange in the Multiverse of Madness - Yellow,75,0,0,0,0
2022,2022 Upper Deck Spider-Man: Into the Spider-Verse - Spider-Sigs Torso Printing Plates Black,1,0,0,0,0
2025,2025 Topps Finest X-Men '97 - Remember It,1,0,0,0,0
2026,Superfractor 1/143,1,0,0,0,0
2026,Superfractor 1/67,1,0,0,0,0
2021,2021 Upper Deck Marvel Black Diamond - Gemography Auto Diamond,1,0,0,0,0
2024,2024 Upper Deck Marvel Guardians of the Galaxy Vol 3 - Stop Motion Red,10,0,0,0,0
2023,2023 Upper Deck Marvel The Falcon and The Winter Soldier - Printing Plates Magenta,90,0,0,0,0
2010,2010 Rittenhouse Marvel Heroes and Villains - Sketch Cards,1,0,0,0,0
2024,2024 Upper Deck Marvel Unbound - Printing Plate Cyan,52,0,0,0,0
2023,2023 Fleer Throwbacks '89 Marvel Edition - Yellow,30,0,0,0,0
2023,2023 Upper Deck Marvel Eternals - Immortals and Mortals Autographs Gold,10,0,0,0,0
2015,2015 Upper Deck Marvel Vibranium - When Worlds Collide Printing Plates Cyan,20,0,0,0,0
2021,2021 Upper Deck Marvel Black Diamond - Exquisite Collection Orange,49,0,0,0,0
2025,2025 Topps Chrome Marvel Studios - The Snap Variations Gold Refractor,100,0,0,0,0
2024,2024 Upper Deck Marvel Black Panther Wakanda Forever - Impressive Tech Purple,15,0,0,0,0
2018,2018-19 Upper Deck Marvel Annual - Top 10 Story Arcs Printing Plates Cyan,10,0,0,0,0
2025,2025 Kakawow Aura Marvel - Marvel Iconic Debut Gold,15,0,0,0,0
2026,Superfractor 1/173,1,0,0,0,0
2024,2024 Upper Deck Marvel Unbound Year 4 - Printing Plates Cyan,52,0,0,0,0
2022,2022 Upper Deck Allure Marvel Studios - Movie Posters In Lights,19,0,0,0,0
2021,2021 SkyBox Metal Universe Marvel Spider-Man - Skyscraper Shadow Box,29,0,0,0,0
2023,2023 Upper Deck Marvel Shang-Chi and the Legend of the Ten Rings - Ten Rings Soldiers,15,0,0,0,0
2017,2017 Upper Deck Marvel Thor Ragnarok - 2017 Upper Deck Marvel Thor Ragnarok,1,0,0,0,0
2018,2018 Upper Deck Marvel Masterpieces - Orange Foil,1,0,0,0,0
2016,2016 Upper Deck Marvel Gems - Diamond Mine Double,10,0,0,0,0
2023,2023 Upper Deck Marvel Platinum - Golden Treasures,180,0,0,0,0
2024,2024 Fleer Ultra Matriarchs of Marvel - Orange Foil,100,0,0,0,0
2013,2013 Rittenhouse Marvel Greatest Battles - 2013 Rittenhouse Marvel Greatest Battles,37,0,0,0,0
2017,2017 Upper Deck Marvel Spider-Man Homecoming - Webbed Threads Dual Memorabilia,2,0,0,0,0
2024,2024 Upper Deck Marvel Studios Series 1 - 1995 Collectors Choice SE Retros Silver Script,30,0,0,0,0
2023,2023 Finding Unicorn Marvel Infinity Saga Origin - Movie Poster 3D Lenticulars,19,0,0,0,0
2018,2018 Upper Deck Marvel Masterpieces - Red Foil,2,0,0,0,0
2018,2018-19 Upper Deck Marvel Annual - Top 10 Villains Printing Plates Black,10,0,0,0,0
2022,2022 Upper Deck Allure Marvel Studios - Pink High Series Achievements,50,0,0,0,0
2007,2007 SkyBox Marvel Masterpieces - Promos,6,0,0,0,0
2024,2024 Upper Deck Marvel Black Panther Wakanda Forever - Noble Funerals Red,10,0,0,0,0
2024,2024 Upper Deck Marvel Allegiance Secret Wars - New Suits Gold,5,0,0,0,0
2026,Decades Posters,7,0,0,0,0
2021,2021-22 Upper Deck Marvel Annual - Battle Booklet Sketches Gilgamesh vs. Hulk,1,0,0,0,0
2023,2023 Finding Unicorn Marvel Infinity Saga Origin - Gold,100,0,0,0,0
2019,2019 Flair Marvel - Lucky 8's Jade Gold,29,0,0,0,0
2023,2023 Upper Deck Marvel Eternals - Eternals vs Deviants,20,0,0,0,0
2023,2023 Upper Deck Marvel Allegiance: Avengers vs X-Men - Story of Hope Summers Pprinting Plates Cyan,9,0,0,0,0
2025,2025 Topps Chrome Marvel Studios - Captain America: Brave New World Red Refractor,25,0,0,0,0
2016,2016 Upper Deck Marvel Doctor Strange - Sketch Artists,1,0,0,0,0
2026,Superfractor 1/24,1,0,0,0,0
2019,2019-20 Upper Deck Marvel Annual - Future Watch Heroes Printing Plates Cyan,5,0,0,0,0
2019,2019 Upper Deck Marvel Premier - Gold,3,0,0,0,0
2025,2025 Topps Chrome Marvel Studios - Thor Refractor,100,0,0,0,0
2025,2025 Topps Chrome Marvel - Galactic Legends Refractor,10,0,0,0,0
2024,2024 Upper Deck Marvel Black Panther Wakanda Forever - Fearless Warriors Red,20,0,0,0,0
2018,2018 Upper Deck Marvel's The Defenders - The Heroes Daredevil,15,0,0,0,0
2019,2019 Upper Deck Marvel Premier - Sketch Booklets,1,0,0,0,0
2026,Rock Stars,8,0,0,0,0
2023,2023 Upper Deck Marvel The Falcon and The Winter Soldier - Who Will Wield the Shield? Printing Plates Magenta,4,0,0,0,0
2014,2014 Upper Deck Marvel Premier - Red Spectrum,9,0,0,0,0
2017,2017 Upper Deck Marvel Thor Ragnarok - Stars of Sakaar Autographs,4,0,0,0,0
2024,2024 Fleer Ultra Matriarchs of Marvel - Printing Plates Magenta,100,0,0,0,0
2024,2024 Fleer Throwbacks '59-63 Marvel Edition - 1963 Fleer Green,30,0,0,0,0
2023,2023 Upper Deck Marvel Wandavision - Printing Plates Black,98,0,0,0,0
2025,2025 Topps Mint Marvel - Chrome Black,86,0,0,0,0
2024,2024 Upper Deck Marvel Guardians of the Galaxy Vol 3 - Guardian Graphs Triples,3,0,0,0,0
2024,2024 Topps Chrome Sapphire Edition Marvel - Marvel Character Autographs Red Sapphire,8,0,0,0,0
2025,Infinity Gauntlet - Autograph,6,0,0,0,0
2024,2024 SkyBox Metal Universe Marvel Avengers - Retro Spectrum Achievements,50,0,0,0,0
2026,It's Clobberin' Time - Red,20,0,0,0,0
2018,2018-19 Upper Deck Marvel Annual - Top 10 Heroes Printing Plates Magenta,10,0,0,0,0
2017,2017 Upper Deck Marvel Guardians of the Galaxy Vol. 2 - Galactic Garb Dual Memorabilia,15,0,0,0,0
2024,2024 Finding Unicorn Marvel Comics Universe Evolution - Gold,100,0,0,0,0
2023,2023 Upper Deck Marvel Anime Vol. 2 - Capsule Cards Cosmic Level Event,5,0,0,0,0
2024,2024 Upper Deck Marvel Beginnings Volume 2 Series 2 - Holograms,100,0,0,0,0
1995,1995 Metal Marvel - Promos,1,0,0,0,0
2024,2024 Upper Deck Marvel Unbound - Rainbow Foil,26,0,0,0,0
2022,2022 Fleer Ultra Marvel Avengers - Earth's Mightiest Spin-Offs Burgundy Foil,11,0,0,0,0
2018,2018 Upper Deck Marvel Masterpieces - Printing Plates Magenta,90,0,0,0,0
2018,2018 Upper Deck Marvel Ant-Man and the Wasp - Printing Plates Magenta,100,0,0,0,0
2025,2025 Kakawow Phantom Marvel Rivals - Hero Lore White,10,0,0,0,0
2022,2022 Fleer Ultra Marvel Avengers - 1st Appearances Gold Spectrum Foil,14,0,0,0,0
2018,2018 Upper Deck Marvel Avengers Infinity War - Infinity Stones Precious Stone Relics Mind Stone,5,0,0,0,0
2023,2023 Upper Deck Marvel Allegiance: Avengers vs X-Men - A Cosmic Journey Printing Plates Cyan,18,0,0,0,0
2023,2023 Upper Deck Marvel Doctor Strange in the Multiverse of Madness - Ensemble Earth 838,25,0,0,0,0
2009,2009 Rittenhouse X-Men Archives - Multiple-Case Purchase Incentive Sketches,1,0,0,0,0
2021,2021-22 Upper Deck Marvel Annual - Battle Booklet Sketches Spider-Man vs. Kingpin,1,0,0,0,0
2023,2023 Fleer Ultra Marvel Wolverine - Top Secret Minis,94,0,0,0,0
2026,Superfractor 1/90,1,0,0,0,0
2014,2014 Rittenhouse Marvel: Dangerous Divas 2 - Art by Milo Marara,9,0,0,0,1
2026,Refractor,100,0,0,0,0
2026,Astonishing - Red,10,0,0,0,0
2015,2015 Fleer Retro Marvel - 1995 Flair Prints Case-Toppers Printing Plate Magenta,1,0,0,0,0
2020,2020 Upper Deck Marvel Anime - Mechanized Artist Auto,10,0,0,0,0
2023,2023 Upper Deck Marvel Doctor Strange in the Multiverse of Madness - Magenta,75,0,0,0,0
2023,2023 Upper Deck Marvel Shang-Chi and the Legend of the Ten Rings - Comic Cover Patches,3,0,0,0,0
2018,2018 Upper Deck Marvel Black Panther - Sketch Cards,1,0,0,0,0
2018,2018-19 Upper Deck Marvel Annual - Top 10 Fights Printing Plates Magenta,10,0,0,0,0
2023,2023 Finding Unicorn Marvel Infinity Saga Origin - Ink-Wash,14,0,0,0,0
2022,2022 Fleer Ultra Marvel Avengers - Artist Spotlight Gold Spectrum Foil,10,0,0,0,0
2023,2023-24 Upper Deck Marvel Annual - Variant Cover Printing Plates Cyan,100,0,0,0,0
2017,2017 Upper Deck Marvel Thor Ragnarok - Mini Comics Actor Autographs,1,0,0,0,0
2023,2023-24 Upper Deck Marvel Annual - Purple Diamond,98,0,0,0,0
2023,2023 Upper Deck Marvel Loki Season 1 - TVA Profiles Printing Plates Yellow,15,0,0,0,0
2017,2017 Fleer Ultra Marvel Spider-Man - Manufactured Webbing,28,0,0,0,0
2026,Superfractor 1/2,1,0,0,0,0
2015,2015 Upper Deck Marvel Ant-Man - Bite Sized Team-Ups,6,0,0,0,0
2026,Superfractor 1/81,1,0,0,0,0
2022,2022 Fleer Ultra Marvel Avengers - Comic Clippings,114,0,0,0,0
2026,Superfractor 1/130,1,0,0,0,0
2010,2010 Upper Deck Iron Man 2 - Armored Embossed,1,0,0,0,0
2021,2021 SkyBox Metal Universe Marvel X-Men - Planet Metal Platinum,36,0,0,0,0
2018,2018 Upper Deck Marvel's The Defenders - Headers,4,0,0,0,0
2014,2014 Upper Deck Marvel Premier - Printing Plates Magenta,60,0,0,0,0
2016,2016 Upper Deck Marvel Annual - Printing Plate Yellow,100,0,0,0,0
2026,SDCC EXCLUSIVE,3,0,0,0,0
2025,2025 Topps Chrome Marvel - 50 Years of Nightcrawler Red Wave Refractor,5,0,0,0,0
2023,2023 Upper Deck Marvel Thor Love and Thunder - Omnipotence City Gold,18,0,0,0,0
2012,2012 Upper Deck Marvel Beginnings S3 - Printing Plates Cyan,100,0,0,0,0
2025,2025 Topps Chrome Marvel - 35 Years of Ghost Rider Red Wave Refractor,5,0,0,0,0
2018,2018 Upper Deck Marvel Masterpieces - What If Autograph,12,0,0,0,0
2026,Adversaries - Black,20,0,0,0,0
2012,2012 Upper Deck Marvel Beginnings S3 - Breakthrough Issues,45,0,0,0,0
2025,2025 Topps Chrome Marvel - X-Men Giant Size 50th Anniversary Orange,10,0,0,0,0
2022,2022 SkyBox Marvel Masterpieces - Preserved In Amber Red,97,0,0,0,0
2017,2017 Upper Deck Marvel Spider-Man Homecoming - Booklet Dual Autographs,6,0,0,0,0
2024,2024 Topps Chrome Marvel - Avengers Infinity SuperFractor,1,0,0,0,0
2021,2021 Upper Deck Marvel Black Diamond - Red,99,0,0,0,0
2024,2024 Upper Deck Marvel Studios Series 2: Cinematic - Exclusives,87,0,0,0,0
2025,2025 Kakawow Phantom Marvel Rivals - Rivals Refractor Red,37,0,0,0,0
2022,2022 Fleer Ultra Marvel Avengers - Earth's Mightiest Spin-Offs Printing Plates Cyan,10,0,0,0,0
2018,2018 Upper Deck Marvel Ant-Man and the Wasp - Ghost,12,0,0,0,0
2024,2024 Upper Deck Marvel Studios Series 2: Cinematic - Dazzlers Pink,29,0,0,0,0
2024,2024 Upper Deck Marvel Allegiance Secret Wars - Spectromatic Green,20,0,0,0,0
2010,2010 Rittenhouse 70 Years of Marvel Comics - Promos,1,0,0,0,0
2024,2024 Topps Chrome Marvel - Gold Wave Refractor,100,0,0,0,0
2026,Superfractor 1/180,1,0,0,0,0
2025,2025 Topps Chrome Marvel Studios - Autographs Black Refractor,1,0,0,0,0
2022,2022 Upper Deck Marvel Thor: Love and Thunder Weekly - SP Variants,8,0,0,0,0
2023,2023 Upper Deck Marvel Loki Season 1 - TVA Profiles Printing Plates Black,15,0,0,0,0
2026,Superfractor 1/110,1,0,0,0,0
2019,2019 Upper Deck Marvel Agents of S.H.I.E.L.D. Compendium - The Plot Thickens Printing Plates Black,10,0,0,0,0
2018,2018 Upper Deck Marvel's The Defenders - The Heroes Luke Cage,15,0,0,0,0
2024,2024 Upper Deck Marvel Unbound - Canvas,39,0,0,0,0
2024,2024 Upper Deck Marvel Beginnings Volume 2 Series 2 - Purple Reality,100,0,0,0,0
2018,2018 Fleer Ultra X-Men - X-Cuts Red,1,0,0,0,0
2018,2018 Fleer Ultra X-Men - X-Cuts Yellow,1,0,0,0,0
2025,2025 Topps Chrome Marvel - Clawed Chrome,100,0,0,0,0
2023,2023 Upper Deck Marvel Doctor Strange in the Multiverse of Madness - Ensemble Red,25,0,0,0,0
2019,2019 Upper Deck Marvel Agents of S.H.I.E.L.D. Compendium - Printing Plates Yellow,100,0,0,0,0
2012,2012 Rittenhouse Marvel Bronze Age - Bronze Embossed,3,0,0,0,0
2017,2017 Fleer Ultra Marvel Spider-Man - Preserved Amber Full Color,1,0,0,0,0
2024,"2024 Upper Deck Marvel Guardians of the Galaxy Vol 3 - Hello, We Come in Peace Green Speckle",1,0,0,0,0
2024,2024 Topps Chrome Marvel - Marvel Giant-Sized 50th Anniversary SuperFractor,1,0,0,0,0
2021,2021-22 Upper Deck Marvel Annual - Battle Booklet Sketches Moon Knight vs. Khonshu,1,0,0,0,0
2026,Superfractor 1/116,1,0,0,0,0
2013,2013 Upper Deck Marvel Now! - Red Foil,67,0,0,0,0
2025,2025 Topps Chrome Marvel - Human Torch Refractor (Red & Orange),100,0,0,0,0
2024,2024 Upper Deck Marvel Masterpieces '92 Platinum - Mini Boxes,100,0,0,0,0
2023,2023 Upper Deck Marvel Wandavision - 1960s Classic Sitcom Signatures,5,0,0,0,0
2023,2023 Fleer Ultra Marvel Wolverine - Greatest Battles Green Foil,4,0,0,0,0
2023,2023 Upper Deck Marvel Allegiance: The Infinity Trilogy - Green Racer,83,0,0,0,0
2025,2025 Kakawow Aura Marvel - Gold,84,0,0,0,0
2023,2023 Panini Marvel Spider-Man Welcome to the Spider-Verse Sticker Collection - 2023 Panini Marvel Spider-Man Welcome to the Spider-Verse Sticker Collection,50,0,0,0,0
2026,Fantastic Science Autographs - Orange,12,0,0,0,0
2024,2024 Upper Deck Marvel Masterpieces Nahuel Grego - Holofoil Galactic Windows Autographs,20,0,0,0,0
2021,2021 Upper Deck Marvel Black Diamond - Gold Autographs,29,0,0,0,0
2008,2008 Upper Deck Marvel Masterpieces Set 2 - Sketches,1,0,0,0,0
2025,2025 Topps Mint Marvel - Printing Plates Yellow,17,0,0,0,0
2015,2015 Rittenhouse Marvel: Agents of S.H.I.E.L.D. Season 2 - Gifted Index,18,0,0,0,0
2023,2023 Upper Deck Marvel Wandavision - Wanda’s Reality Dual Plexi,10,0,0,0,0
2025,Looking for Logan,1,0,0,0,0
2024,2024 Topps Chrome Marvel - Wolverine 50th Anniversary (Through the Years) Red Refractor,5,0,0,0,0
2024,2024 Topps Chrome Marvel - Marvel 90s Red Refractor,1,0,0,0,0
2024,2024 Finding Unicorn Marvel Comics Universe Evolution - Comics Puzzle D,9,0,0,0,0
2017,2017 Upper Deck Marvel Annual - Top 10 Fights Printing Plates Cyan,10,0,0,0,0
2017,2017 Upper Deck Marvel Premier - Sketches,1,0,0,0,0
2018,2018 Upper Deck Marvel's The Defenders - The Black Sky,9,0,0,0,0
2023,2023 Upper Deck Marvel The Falcon and The Winter Soldier - Gold,90,0,0,0,0
2023,2023 Upper Deck Marvel Wandavision - 1950s One Lifetime or Another Film Cels,6,0,0,0,0
2025,2025 Topps Mint Marvel - Black & Yellow Electric Dots,19,0,0,0,0
2018,2018 Upper Deck Marvel Masterpieces - Printing Plates Cyan,90,0,0,0,0
2023,2023 Upper Deck Marvel Eternals - Uni-Mind 3D Lenticular,33,0,0,0,0
1997,1997 Fleer/SkyBox Marvel Premium QFX - Autografix,72,0,0,0,0
2012,2012 Upper Deck Marvel Premier - Printing Plates Black,50,0,0,0,0
2025,2025 Topps Chrome Marvel Studios - The Snap Variations Black Refractor,100,0,0,0,0
2022,2022 Upper Deck Allure Marvel Studios - Nemesis Green Rainbow,12,0,0,0,0
2020,2020 SkyBox Marvel Masterpieces - Sketch Comic Covers,1,0,0,0,0
2026,Concept Art - Black,20,0,0,0,0
2022,2022 Upper Deck Allure Marvel Studios - Infinity Stones Power Stone Gold,20,0,0,0,0
2017,2017 Fleer Ultra Marvel Spider-Man - Preserved Amber,1,0,0,0,0
2019,2019 Upper Deck Marvel Deadpool - New Mutants #98 Comic Cuts Covers,10,0,0,0,0
2017,2017 Fleer Ultra Marvel Spider-Man - Printing Plate Cyan,100,0,0,0,0
2023,2023 Upper Deck Funko Pop Marvel Infinity Saga - Shorts Chase Sticker Rainbow,35,0,0,0,0
2023,2023 Upper Deck Marvel Allegiance: Avengers vs X-Men - Spectromatic History Green,20,0,0,0,0
2006,2006 Rittenhouse XIII: X-Men The Last Stand - Art and Images,3,0,0,0,0
2023,2023 Upper Deck Marvel Allegiance: Avengers vs X-Men - Sketch Artists,1,0,0,0,0
2017,2017 Fleer Ultra Marvel Spider-Man - Team Ups Printing Plate Yellow,11,0,0,0,0
2020,2020 Upper Deck Marvel's Runaways - #1 Photo Variant Autographs,11,0,0,0,0
2024,2024 Upper Deck Marvel Guardians of the Galaxy Vol 3 - Guardian Graphs Triples Printing Plates Yellow,3,0,0,0,0
2026,Superfractor 1/10,1,0,0,0,0
2017,2017 Upper Deck Marvel Annual - Top 10 Fights Printing Plates Yellow,10,0,0,0,0
2020,2020-21 Upper Deck Marvel Annual - Printing Plates Magenta,100,0,0,0,0
2026,Purple Refractor,100,0,0,0,0
2025,2025 Topps Chrome Marvel Studios - New Avengers Logo Variation Orange Refractor,25,0,0,0,0
2025,2025 Topps Chrome Sapphire Edition Marvel Studios - Sketch Artists Black Foil,1,0,0,0,0
2023,2023 Upper Deck Marvel Shang-Chi and the Legend of the Ten Rings - Night Adventures Patina,10,0,0,0,0
2016,2016 Upper Deck Marvel Gems - Exquisite,4,0,0,0,0
2022,2022 Fleer Ultra Marvel Avengers - 1st Appearances Blue Foil,2,0,0,0,0
2024,2024 Upper Deck Marvel Guardians of the Galaxy Vol 3 - Vol. 3,20,0,0,0,0
2022,2022 Fleer Ultra Marvel Avengers - Earth's Mightiest Spin-Offs Blue Foil,11,0,0,0,0
2010,2010 Upper Deck Iron Man 2 - Memorabilia,12,0,0,0,0
2023,2023 Upper Deck Marvel Premier - Green Remarque Foil,50,0,0,0,0
2025,2025 Topps Chrome Sapphire Edition Marvel Studios - Sapphire Selections Gold Sapphire,10,0,0,0,0
2007,2007 SkyBox Marvel Masterpieces - Preview,9,0,0,0,0
2026,Blacklight - Neon Black Lava Refractor,100,0,0,0,0
2023,2023 Upper Deck Marvel Moon Knight - Acetate Antiquities,24,0,0,0,0
2023,2023 Upper Deck Marvel Wandavision - Gold,46,0,0,0,0
2024,2024 Upper Deck Marvel Black Panther Wakanda Forever - Radiant Royalty SP,5,0,0,0,0
2014,2014 Rittenhouse Marvel: Dangerous Divas 2 - Embrace,5,0,0,0,1
2017,2017 Fleer Ultra Marvel Spider-Man - Royal Foil,1,0,0,0,0
2026,Superfractor 1/5,1,0,0,0,0
2023,2023 Upper Deck Spider-Man: No Way Home - The Amazing Spider-Man,40,0,0,0,0
2025,2025 Topps Chrome Marvel Studios - Thunderbolts Orange Refractor,25,0,0,0,0
2013,2013 Upper Deck Marvel Now! - Foil Autographs,46,0,0,0,0
2023,2023 Fleer Ultra Marvel Wolverine - Aliases Gold Spectrum Foil,18,0,0,0,0
2022,2022 Upper Deck Allure Marvel Studios - Symmetry Autographs Printing Plates Yellow,14,0,0,0,0
2018,2018 Upper Deck Marvel Ant-Man and the Wasp - Quantum Anomaly Dual Memorabilia,2,0,0,0,0
2020,2020-21 Upper Deck Marvel Annual - Pack Wars Leaderboard Gold,18,0,0,0,0
2023,2023 Upper Deck Marvel Shang-Chi and the Legend of the Ten Rings - Green,70,0,0,0,0
2023,2023 Upper Deck Marvel Loki Season 1 - TVA’s Mission Printing Plates Yellow,10,0,0,0,0
2023,2023 Finding Unicorn Marvel’s Avengers 60th Anniversary - Commemorative Gems,63,0,0,0,0
2015,2015 Upper Deck Marvel Vibranium - When Worlds Collide Printing Plates Yellow,20,0,0,0,0
2025,2025 Kakawow Aura Marvel - Major Events Black,8,0,0,0,0
2026,Superfractor 1/13,1,0,0,0,0
2019,2019 Dave & Buster's Marvel Contest of Champions - Foil,75,0,0,0,0
2022,"2022 Upper Deck Marvel Beginnings Volume 2, Series 1 - 2011 Marvel Beginnings Buybacks",97,0,0,0,0
2025,2025 Kakawow Aura Marvel - Aura Check,84,0,0,0,0
2024,2024 Kakawow Marvel Heroes Joy Edition Spider-Man - Joyfulness,8,0,0,0,0
2008,2008 Upper Deck Marvel Masterpieces Set 3 - X-Men Secret Identities,9,0,0,0,0
2015,2015 Fleer Retro Marvel - Jambalaya,21,0,0,0,0
2020,2020 Upper Deck Marvel Ages - Comic Clippings Coinage,28,0,0,0,0
2025,2025 Kakawow Cosmos Marvel - Quad Script Art Gold,3,0,0,0,0
2024,2024 Upper Deck Marvel Studios Series 2: Cinematic - Fluorescence,15,0,0,0,0
2017,2017 Upper Deck Marvel Spider-Man Homecoming - 2017 Upper Deck Marvel Spider-Man Homecoming,36,0,0,0,0
2018,2018 Upper Deck Marvel Ant-Man and the Wasp - Behind the Lens Printing Plates Yellow,15,0,0,0,0
2019,2019 Upper Deck Marvel 80th Anniversary - Comic Clippings Autographs,19,0,0,0,0
2020,2020-21 Upper Deck Marvel Annual - Base Variant Cover Set Printing Plates Cyan,100,0,0,0,0
2023,2023-24 Upper Deck Marvel Annual - Creators Corner Autographs,2,0,0,0,0
2019,2019-20 Upper Deck Marvel Annual - Pack Wars Leaderboard Gold,13,0,0,0,0
2026,Superfractor 1/178,1,0,0,0,0
2022,2022 Upper Deck Marvel Black Panther: Wakanda Forever Weekly - SP Variants,5,0,0,0,0
2019,2019-20 Upper Deck Marvel Annual - Number 1 Spot Printing Plates Black,25,0,0,0,0
2021,2021 Upper Deck Marvel Black Diamond - Diamond Cutters,11,0,0,0,0
2023,2023 Upper Deck Marvel The Falcon and The Winter Soldier - Yellow,90,0,0,0,0
2020,2020 SkyBox Marvel Masterpieces - Sketches,1,0,0,0,0
2023,2023 Upper Deck Marvel The Falcon and The Winter Soldier - Behind the Scenes Printing Plates Yellow,15,0,0,0,0
2017,2017 Upper Deck Marvel Thor Ragnarok - Mini Comics Acetate,10,0,0,0,0
2023,2023 Upper Deck Marvel Wandavision - One Lifetime or Another Film Cels Achievements,6,0,0,0,0
2025,2025 Topps Chrome Marvel - Clawed Chrome Black Refractor,100,0,0,0,0
2017,2017 Upper Deck Marvel Premier - Sketches Dual Panel,1,0,0,0,0
2021,2021 SkyBox Metal Universe Marvel Spider-Man - Precious Metal Gems Red,118,0,0,0,0
2023,2023 Upper Deck Marvel Thor Love and Thunder - Ensemble Love Silver,20,0,0,0,0
2023,2023 Flair Marvel - Splintered Facade,21,0,0,0,0
2015,2015 Fleer Retro Marvel - 1982 Fleer Printing Plate Magenta,21,0,0,0,0
2020,2020 SkyBox Marvel Masterpieces - What If Printing Plates Yellow,90,0,0,0,0
2025,2025 Topps Chrome Sapphire Edition Marvel Studios - Red Sapphire,100,0,0,0,0
2018,2018 Upper Deck Marvel Avengers Infinity War - Behind the Scenes,6,0,0,0,0
2023,2023 Fleer Throwbacks '89 Marvel Edition - Glossy Black,30,0,0,0,0
2026,Superfractor 1/4,1,0,0,0,0
2025,2025 Kakawow Phantom Marvel Rivals - S1 Season Reward Gold,37,0,0,0,0
2025,2025 Topps Chrome Marvel Studios - Daredevil: Born Again Superfractor,25,0,0,0,0
2017,2017 Upper Deck Marvel Premier - Hellfire Club Sketch Portraits,15,0,0,0,0
2017,2017 Upper Deck Marvel Premier - Sketches Quad Panel,1,0,0,0,0
2023,2023 Fleer Ultra Marvel Wolverine - Medallions Black,48,0,0,0,0
2023,2023 Upper Deck Marvel Allegiance: Avengers vs X-Men - Story of Hope Summers Pprinting Plates Yellow,9,0,0,0,0
2020,2020 Upper Deck Marvel Ages - Sketch Artists,1,0,0,0,0
2023,2023 Upper Deck Marvel Thor Love and Thunder - Ensemble Black & White,20,0,0,0,0
2022,2022 Fleer Ultra Marvel Avengers - 1st Appearances Burgundy Foil,10,0,0,0,0
2022,2022 SkyBox Marvel Masterpieces - Legendary Orange Foil,15,0,0,0,0
2024,2024 Upper Deck Marvel Black Panther Wakanda Forever - Fearless Warriors,20,0,0,0,0
2026,Superfractor 1/109,1,0,0,0,0
2021,2021 Upper Deck Marvel Unbound - Autographs,52,0,0,0,0
2018,2018 Fleer Ultra X-Men - X-Men '92 Rainbow Foil,10,0,0,0,0
2023,2023 Upper Deck Marvel Doctor Strange in the Multiverse of Madness - Portals,20,0,0,0,0
2026,Superfractor 1/94,1,0,0,0,0
2023,2023 Upper Deck Marvel Thor Love and Thunder - 2023 Upper Deck Marvel Thor Love and Thunder,80,0,0,0,0
2025,2025 Topps Chrome Marvel Studios - New Avengers Logo Variation Gold Refractor,25,0,0,0,0
2026,Superfractor 1/156,1,0,0,0,0
2015,2015 Upper Deck Marvel Vibranium - Patches,25,0,0,0,0
2024,2024 Upper Deck Marvel Black Panther Wakanda Forever - Close Quarters Combat,15,0,0,0,0
2014,2014 Rittenhouse Marvel: Dangerous Divas 2 - Emerald,90,0,0,0,0
2020,2020 Upper Deck Marvel Weekly - Comic Clash Self Destructive,6,0,0,0,0
2026,Marvel Cut Signature,1,0,0,0,0
2025,2025 Topps Chrome Marvel - Avengers Infinity Superfractor,6,0,0,0,0
2023,2023 Fleer Ultra Marvel Midnight Sons - Thaumaturgical Artifacts Green,9,0,0,0,0
2024,2024 Topps Chrome Marvel - Marvel Giant-Sized 50th Anniversary Black Wave Refractor,2,0,0,0,0
2026,Superfractor 1/164,1,0,0,0,0
2017,2017 Upper Deck Marvel Annual - Top 10 Story Arcs Printing Plates Cyan,10,0,0,0,0
2018,2018 Fleer Ultra X-Men - Greatest Battles Red Foil Canvas,1,0,0,0,0
2025,2025 Kakawow Aura Marvel - Major Events Gold,8,0,0,0,0
2026,Superfractor 1/86,1,0,0,0,0
2017,2017 Upper Deck Marvel Guardians of the Galaxy Vol. 2 - Retail Blue Foil,50,0,0,0,0
2023,2023 Upper Deck Marvel Eternals - Eternal Ink Autographs,20,0,0,0,0
2025,2025 Topps Chrome Sapphire Edition Marvel Studios - Black Sapphire,100,0,0,0,0
2021,2021 Upper Deck Marvel Black Widow - Widow’s Bite Achievements,6,0,0,0,0
2015,2015 Upper Deck Marvel Vibranium - In Memoriam Printing Plates Magenta,20,0,0,0,0
2023,2023 Upper Deck Marvel Hawkeye - Adornments Light FX Die Cuts,12,0,0,0,0
2024,2024 Upper Deck Marvel Masterpieces '92 Platinum - Fantastic Covers Printing Plate Achievements Cyan,10,0,0,0,0
2023,2023 Upper Deck Marvel Allegiance: The Infinity Trilogy - Cosmic Catastrophe,24,0,0,0,0
2024,2024 Upper Deck Marvel Black Panther Wakanda Forever - Prominent Profiles Red,10,0,0,0,0
2024,2024 Topps Chrome Marvel - Spider-man Gold Black Wave Refractor,1,0,0,0,0
2022,2022-23 Upper Deck Marvel Annual - 2022 Super Heroes of the Year Printing Plate Achievements Cyan,10,0,0,0,0
2014,2014 Upper Deck Marvel Premier - Sketch Variant,9,0,0,0,0
2011,2011 Rittenhouse Marvel: Dangerous Divas - Incentive Sketch Cards,1,0,0,0,0
2026,Superfractor 1/127,1,0,0,0,0
2023,2023 Upper Deck Spider-Man: No Way Home - Conception Perception Acetate Foilboard,11,0,0,0,0
2017,2017 Fleer Ultra Marvel Spider-Man - Milestones Printing Plate Black,12,0,0,0,0
2025,2025 Kakawow Aura Marvel - The Legend of Spider-Man Gold,9,0,0,0,0
2020,2020 Upper Deck Marvel Weekly - Sketch Card Achievements,1,0,0,0,0
2017,2017 Fleer Ultra Marvel Spider-Man - Comic Cut Panel Dual,8,0,0,0,0
2024,2024 Fleer Throwbacks '59-63 Marvel Edition - 1963 Fleer Red,30,0,0,0,0
2023,2023 Upper Deck Marvel Allegiance: The Infinity Trilogy - Cosmic Catastrophe Printing Plates Black,24,0,0,0,0
2026,Dual Autographs - Red,6,0,0,0,0
2016,2016 Upper Deck Marvel Gems - Diamond Mine Triple Gold,5,0,0,0,0
2021,2021 SkyBox Metal Universe Marvel X-Men - Planet Metal Copper,32,0,0,0,0
2015,2015 Upper Deck Marvel 3D - Lenticular 3D Comic Covers,17,0,0,0,0
2021,2021-22 Upper Deck Marvel Annual - Battle Booklet Sketches Hulk vs. Abomination,1,0,0,0,0
2014,2014 Rittenhouse Marvel 75th Anniversary - Cut Comic Panels Silver Age,5,0,0,0,0
2022,2022-23 Upper Deck Marvel Annual - Number 1 Spot Printing Plate Cyan,25,0,0,0,0
2026,Superfractor 1/66,1,0,0,0,0
2024,2024 SkyBox Metal Universe Marvel Avengers - Purely Periodic Metalloids,7,0,0,0,0
2026,Superfractor 1/113,1,0,0,0,0
2026,All For Four - SuperFractor,22,0,0,0,0
2022,2022 Upper Deck Spider-Man: Into the Spider-Verse - Spider-Sigs Action Printing Plates Cyan,2,0,0,0,0
2016,2016 Upper Deck Marvel Annual - Printing Plate Cyan,100,0,0,0,0
2016,2016 Upper Deck Marvel Masterpieces - Canvas High Series Printing Plates Magenta,10,0,0,0,0
2023,2023 Fleer Ultra Marvel Wolverine - Aliases Yellow Foil,14,0,0,0,0
2023,2023 Upper Deck Marvel Allegiance: The Infinity Trilogy - Rainbow Variants Printing Plates Magenta,18,0,0,0,0
2014,2014 Upper Deck Marvel Premier - Code Name Letter Patches,13,0,0,0,0
2025,Dual Autographs,7,0,0,0,0
