main_set,current_subset,card_number,variant,card_count,card_ids,matched_subset,match_tier,move_status,suggestion
2024 Upper Deck Marvel Studios Series 1,2024 Upper Deck Marvel Studios Series 1 - 2024 Upper Deck Marvel Studios Series 1,107,Outburst Gold,1,80212,2024 Upper Deck Marvel Studios Series 1 - Outburst Gold,exact,target_occupied,"#107 in ""2024 Upper Deck Marvel Studios Series 1 - Outburst Gold"" is held by a different card — needs manual review"
2024 Upper Deck Marvel Studios Series 1,2024 Upper Deck Marvel Studios Series 1 - 2024 Upper Deck Marvel Studios Series 1,107,Outburst Red,1,80213,2024 Upper Deck Marvel Studios Series 1 - Outburst Red,exact,target_occupied,"#107 in ""2024 Upper Deck Marvel Studios Series 1 - Outburst Red"" is held by a different card — needs manual review"
2024 Upper Deck Marvel Studios Series 1,2024 Upper Deck Marvel Studios Series 1 - 2024 Upper Deck Marvel Studios Series 1,107,Outburst,1,80216,2024 Upper Deck Marvel Studios Series 1 - Outburst,exact,target_occupied,"#107 in ""2024 Upper Deck Marvel Studios Series 1 - Outburst"" is held by a different card — needs manual review"
2024 Upper Deck Marvel Studios Series 1,2024 Upper Deck Marvel Studios Series 1 - 2024 Upper Deck Marvel Studios Series 1,114,Outburst Red,1,80222,2024 Upper Deck Marvel Studios Series 1 - Outburst Red,exact,target_occupied,"#114 in ""2024 Upper Deck Marvel Studios Series 1 - Outburst Red"" is held by a different card — needs manual review"
2024 Upper Deck Marvel Studios Series 1,2024 Upper Deck Marvel Studios Series 1 - 2024 Upper Deck Marvel Studios Series 1,114,Outburst,1,80225,2024 Upper Deck Marvel Studios Series 1 - Outburst,exact,target_occupied,"#114 in ""2024 Upper Deck Marvel Studios Series 1 - Outburst"" is held by a different card — needs manual review"
2024 Upper Deck Marvel Studios Series 1,2024 Upper Deck Marvel Studios Series 1 - 2024 Upper Deck Marvel Studios Series 1,101,Outburst,1,80205,2024 Upper Deck Marvel Studios Series 1 - Outburst,exact,target_occupied,"#101 in ""2024 Upper Deck Marvel Studios Series 1 - Outburst"" is held by a different card — needs manual review"
2024 Upper Deck Marvel Studios Series 1,2024 Upper Deck Marvel Studios Series 1 - 2024 Upper Deck Marvel Studios Series 1,108,Outburst,1,80219,2024 Upper Deck Marvel Studios Series 1 - Outburst,exact,target_occupied,"#108 in ""2024 Upper Deck Marvel Studios Series 1 - Outburst"" is held by a different card — needs manual review"
2024 Upper Deck Marvel Studios Series 1,2024 Upper Deck Marvel Studios Series 1 - 2024 Upper Deck Marvel Studios Series 1,130,Outburst Red,1,77343,2024 Upper Deck Marvel Studios Series 1 - Outburst Red,exact,target_occupied,"#130 in ""2024 Upper Deck Marvel Studios Series 1 - Outburst Red"" is held by a different card — needs manual review"
2024 Upper Deck Marvel Studios Series 1,2024 Upper Deck Marvel Studios Series 1 - 2024 Upper Deck Marvel Studios Series 1,130,Outburst,1,77345,2024 Upper Deck Marvel Studios Series 1 - Outburst,exact,target_occupied,"#130 in ""2024 Upper Deck Marvel Studios Series 1 - Outburst"" is held by a different card — needs manual review"
2024 Upper Deck Marvel Studios Series 1,2024 Upper Deck Marvel Studios Series 1 - 2024 Upper Deck Marvel Studios Series 1,109,Outburst Red,1,77344,2024 Upper Deck Marvel Studios Series 1 - Outburst Red,exact,target_occupied,"#109 in ""2024 Upper Deck Marvel Studios Series 1 - Outburst Red"" is held by a different card — needs manual review"
2024 Upper Deck Marvel Studios Series 1,2024 Upper Deck Marvel Studios Series 1 - 2024 Upper Deck Marvel Studios Series 1,113,Outburst Gold,1,80220,2024 Upper Deck Marvel Studios Series 1 - Outburst Gold,exact,target_occupied,"#113 in ""2024 Upper Deck Marvel Studios Series 1 - Outburst Gold"" is held by a different card — needs manual review"
2024 Upper Deck Marvel Studios Series 1,2024 Upper Deck Marvel Studios Series 1 - 2024 Upper Deck Marvel Studios Series 1,119,Outburst,1,77358,2024 Upper Deck Marvel Studios Series 1 - Outburst,exact,target_occupied,"#119 in ""2024 Upper Deck Marvel Studios Series 1 - Outburst"" is held by a different card — needs manual review"
2024 Upper Deck Women of Marvel,2024 Upper Deck Women of Marvel - Battle Time,1,Foil Lt Fx Red,1,78332,2024 Upper Deck Women of Marvel - Foil Lt Fx Red,exact,target_occupied,"#1 in ""2024 Upper Deck Women of Marvel - Foil Lt Fx Red"" is held by a different card — needs manual review"
2024 Upper Deck Women of Marvel,2024 Upper Deck Women of Marvel - Battle Time,1,Foil Lt Fx Purple,1,78347,2024 Upper Deck Women of Marvel - Foil Lt Fx Purple,exact,target_occupied,"#1 in ""2024 Upper Deck Women of Marvel - Foil Lt Fx Purple"" is held by a different card — needs manual review"
2024 Upper Deck Women of Marvel,2024 Upper Deck Women of Marvel - Battle Time,1,Foil Lt Fx Copper,1,78348,2024 Upper Deck Women of Marvel - Foil Lt Fx Copper,exact,target_occupied,"#1 in ""2024 Upper Deck Women of Marvel - Foil Lt Fx Copper"" is held by a different card — needs manual review"
2024 Upper Deck Women of Marvel,2024 Upper Deck Women of Marvel - Battle Time,1,Foil Lt Fx Green,1,78349,2024 Upper Deck Women of Marvel - Foil Lt Fx Green,exact,target_occupied,"#1 in ""2024 Upper Deck Women of Marvel - Foil Lt Fx Green"" is held by a different card — needs manual review"
2024 Upper Deck Women of Marvel,2024 Upper Deck Women of Marvel - Battle Time,1,Foil Lt Fx Gold,1,78350,2024 Upper Deck Women of Marvel - Foil Lt Fx Gold,exact,target_occupied,"#1 in ""2024 Upper Deck Women of Marvel - Foil Lt Fx Gold"" is held by a different card — needs manual review"
2024 Upper Deck Women of Marvel,2024 Upper Deck Women of Marvel - Battle Time,1,Foil Lt Fx Blue,1,78351,2024 Upper Deck Women of Marvel - Foil Lt Fx Blue,exact,target_occupied,"#1 in ""2024 Upper Deck Women of Marvel - Foil Lt Fx Blue"" is held by a different card — needs manual review"
2024 Upper Deck Women of Marvel,2024 Upper Deck Women of Marvel - Battle Time,11,Foil Lt Fx Copper,1,78326,2024 Upper Deck Women of Marvel - Foil Lt Fx Copper,exact,target_occupied,"#11 in ""2024 Upper Deck Women of Marvel - Foil Lt Fx Copper"" is held by a different card — needs manual review"
2024 Upper Deck Women of Marvel,2024 Upper Deck Women of Marvel - Battle Time,11,Foil Lt Fx Gold,1,78328,2024 Upper Deck Women of Marvel - Foil Lt Fx Gold,exact,target_occupied,"#11 in ""2024 Upper Deck Women of Marvel - Foil Lt Fx Gold"" is held by a different card — needs manual review"
2024 Upper Deck Women of Marvel,2024 Upper Deck Women of Marvel - Battle Time,11,Foil Lt Fx Blue,1,78329,2024 Upper Deck Women of Marvel - Foil Lt Fx Blue,exact,target_occupied,"#11 in ""2024 Upper Deck Women of Marvel - Foil Lt Fx Blue"" is held by a different card — needs manual review"
2024 Upper Deck Women of Marvel,2024 Upper Deck Women of Marvel - Battle Time,11,Foil Lt Fx Purple,1,78340,2024 Upper Deck Women of Marvel - Foil Lt Fx Purple,exact,target_occupied,"#11 in ""2024 Upper Deck Women of Marvel - Foil Lt Fx Purple"" is held by a different card — needs manual review"
2024 Upper Deck Women of Marvel,2024 Upper Deck Women of Marvel - Battle Time,11,Foil Lt Fx Green,1,78341,2024 Upper Deck Women of Marvel - Foil Lt Fx Green,exact,target_occupied,"#11 in ""2024 Upper Deck Women of Marvel - Foil Lt Fx Green"" is held by a different card — needs manual review"
2024 Upper Deck Women of Marvel,2024 Upper Deck Women of Marvel - Battle Time,11,Foil Lt Fx Red,1,78342,2024 Upper Deck Women of Marvel - Foil Lt Fx Red,exact,target_occupied,"#11 in ""2024 Upper Deck Women of Marvel - Foil Lt Fx Red"" is held by a different card — needs manual review"
2024 Upper Deck Women of Marvel,2024 Upper Deck Women of Marvel - Battle Time,16,Foil Lt Fx Blue,1,78331,2024 Upper Deck Women of Marvel - Foil Lt Fx Blue,exact,target_occupied,"#16 in ""2024 Upper Deck Women of Marvel - Foil Lt Fx Blue"" is held by a different card — needs manual review"
2024 Upper Deck Women of Marvel,2024 Upper Deck Women of Marvel - Battle Time,16,Foil Lt Fx Red,1,78339,2024 Upper Deck Women of Marvel - Foil Lt Fx Red,exact,target_occupied,"#16 in ""2024 Upper Deck Women of Marvel - Foil Lt Fx Red"" is held by a different card — needs manual review"
2024 Upper Deck Women of Marvel,2024 Upper Deck Women of Marvel - Battle Time,16,Foil Lt Fx Purple,1,78343,2024 Upper Deck Women of Marvel - Foil Lt Fx Purple,exact,target_occupied,"#16 in ""2024 Upper Deck Women of Marvel - Foil Lt Fx Purple"" is held by a different card — needs manual review"
2024 Upper Deck Women of Marvel,2024 Upper Deck Women of Marvel - Battle Time,16,Foil Lt Fx Copper,1,78344,2024 Upper Deck Women of Marvel - Foil Lt Fx Copper,exact,target_occupied,"#16 in ""2024 Upper Deck Women of Marvel - Foil Lt Fx Copper"" is held by a different card — needs manual review"
2024 Upper Deck Women of Marvel,2024 Upper Deck Women of Marvel - Battle Time,16,Foil Lt Fx Green,1,78345,2024 Upper Deck Women of Marvel - Foil Lt Fx Green,exact,target_occupied,"#16 in ""2024 Upper Deck Women of Marvel - Foil Lt Fx Green"" is held by a different card — needs manual review"
2024 Upper Deck Women of Marvel,2024 Upper Deck Women of Marvel - Battle Time,16,Foil Lt Fx Gold,1,78346,2024 Upper Deck Women of Marvel - Foil Lt Fx Gold,exact,target_occupied,"#16 in ""2024 Upper Deck Women of Marvel - Foil Lt Fx Gold"" is held by a different card — needs manual review"
2024 Upper Deck Women of Marvel,2024 Upper Deck Women of Marvel - Battle Time,2,Foil Lt Fx Purple,1,78333,2024 Upper Deck Women of Marvel - Foil Lt Fx Purple,exact,target_occupied,"#2 in ""2024 Upper Deck Women of Marvel - Foil Lt Fx Purple"" is held by a different card — needs manual review"
2024 Upper Deck Women of Marvel,2024 Upper Deck Women of Marvel - Battle Time,2,Foil Lt Fx Copper,1,78334,2024 Upper Deck Women of Marvel - Foil Lt Fx Copper,exact,target_occupied,"#2 in ""2024 Upper Deck Women of Marvel - Foil Lt Fx Copper"" is held by a different card — needs manual review"
2024 Upper Deck Women of Marvel,2024 Upper Deck Women of Marvel - Battle Time,2,Foil Lt Fx Green,1,78335,2024 Upper Deck Women of Marvel - Foil Lt Fx Green,exact,target_occupied,"#2 in ""2024 Upper Deck Women of Marvel - Foil Lt Fx Green"" is held by a different card — needs manual review"
2024 Upper Deck Women of Marvel,2024 Upper Deck Women of Marvel - Battle Time,2,Foil Lt Fx Blue,1,78336,2024 Upper Deck Women of Marvel - Foil Lt Fx Blue,exact,target_occupied,"#2 in ""2024 Upper Deck Women of Marvel - Foil Lt Fx Blue"" is held by a different card — needs manual review"
2024 Upper Deck Women of Marvel,2024 Upper Deck Women of Marvel - Battle Time,2,Foil Lt Fx Gold,1,78337,2024 Upper Deck Women of Marvel - Foil Lt Fx Gold,exact,target_occupied,"#2 in ""2024 Upper Deck Women of Marvel - Foil Lt Fx Gold"" is held by a different card — needs manual review"
2024 Upper Deck Women of Marvel,2024 Upper Deck Women of Marvel - Battle Time,2,Foil Lt Fx Red,1,78338,2024 Upper Deck Women of Marvel - Foil Lt Fx Red,exact,target_occupied,"#2 in ""2024 Upper Deck Women of Marvel - Foil Lt Fx Red"" is held by a different card — needs manual review"
2024 Upper Deck Women of Marvel,2024 Upper Deck Women of Marvel - Battle Time,12,Foil Lt Fx Purple,1,78356,2024 Upper Deck Women of Marvel - Foil Lt Fx Purple,exact,target_occupied,"#12 in ""2024 Upper Deck Women of Marvel - Foil Lt Fx Purple"" is held by a different card — needs manual review"
2024 Upper Deck Women of Marvel,2024 Upper Deck Women of Marvel - Battle Time,12,Foil Lt Fx Copper,1,78357,2024 Upper Deck Women of Marvel - Foil Lt Fx Copper,exact,target_occupied,"#12 in ""2024 Upper Deck Women of Marvel - Foil Lt Fx Copper"" is held by a different card — needs manual review"
2024 Upper Deck Women of Marvel,2024 Upper Deck Women of Marvel - Battle Time,12,Foil Lt Fx Green,1,78358,2024 Upper Deck Women of Marvel - Foil Lt Fx Green,exact,target_occupied,"#12 in ""2024 Upper Deck Women of Marvel - Foil Lt Fx Green"" is held by a different card — needs manual review"
2024 Upper Deck Women of Marvel,2024 Upper Deck Women of Marvel - Battle Time,12,Foil Lt Fx Gold,1,78359,2024 Upper Deck Women of Marvel - Foil Lt Fx Gold,exact,target_occupied,"#12 in ""2024 Upper Deck Women of Marvel - Foil Lt Fx Gold"" is held by a different card — needs manual review"
2024 Upper Deck Women of Marvel,2024 Upper Deck Women of Marvel - Battle Time,12,Foil Lt Fx Blue,1,78360,2024 Upper Deck Women of Marvel - Foil Lt Fx Blue,exact,target_occupied,"#12 in ""2024 Upper Deck Women of Marvel - Foil Lt Fx Blue"" is held by a different card — needs manual review"
2024 Upper Deck Women of Marvel,2024 Upper Deck Women of Marvel - Battle Time,3,Foil Lt Fx Purple,1,78308,2024 Upper Deck Women of Marvel - Foil Lt Fx Purple,exact,target_occupied,"#3 in ""2024 Upper Deck Women of Marvel - Foil Lt Fx Purple"" is held by a different card — needs manual review"
2024 Upper Deck Women of Marvel,2024 Upper Deck Women of Marvel - Battle Time,3,Foil Lt Fx Copper,1,78309,2024 Upper Deck Women of Marvel - Foil Lt Fx Copper,exact,target_occupied,"#3 in ""2024 Upper Deck Women of Marvel - Foil Lt Fx Copper"" is held by a different card — needs manual review"
2024 Upper Deck Women of Marvel,2024 Upper Deck Women of Marvel - Battle Time,3,Foil Lt Fx Green,1,78310,2024 Upper Deck Women of Marvel - Foil Lt Fx Green,exact,target_occupied,"#3 in ""2024 Upper Deck Women of Marvel - Foil Lt Fx Green"" is held by a different card — needs manual review"
2024 Upper Deck Women of Marvel,2024 Upper Deck Women of Marvel - Battle Time,3,Foil Lt Fx Gold,1,78311,2024 Upper Deck Women of Marvel - Foil Lt Fx Gold,exact,target_occupied,"#3 in ""2024 Upper Deck Women of Marvel - Foil Lt Fx Gold"" is held by a different card — needs manual review"
2024 Upper Deck Women of Marvel,2024 Upper Deck Women of Marvel - Battle Time,3,Foil Lt Fx Blue,1,78312,2024 Upper Deck Women of Marvel - Foil Lt Fx Blue,exact,target_occupied,"#3 in ""2024 Upper Deck Women of Marvel - Foil Lt Fx Blue"" is held by a different card — needs manual review"
2024 Upper Deck Women of Marvel,2024 Upper Deck Women of Marvel - Battle Time,4,Foil Lt Fx Green,1,78313,2024 Upper Deck Women of Marvel - Foil Lt Fx Green,exact,target_occupied,"#4 in ""2024 Upper Deck Women of Marvel - Foil Lt Fx Green"" is held by a different card — needs manual review"
2024 Upper Deck Women of Marvel,2024 Upper Deck Women of Marvel - Battle Time,4,Foil Lt Fx Gold,1,78314,2024 Upper Deck Women of Marvel - Foil Lt Fx Gold,exact,target_occupied,"#4 in ""2024 Upper Deck Women of Marvel - Foil Lt Fx Gold"" is held by a different card — needs manual review"
2024 Upper Deck Women of Marvel,2024 Upper Deck Women of Marvel - Battle Time,4,Foil Lt Fx Blue,1,78315,2024 Upper Deck Women of Marvel - Foil Lt Fx Blue,exact,target_occupied,"#4 in ""2024 Upper Deck Women of Marvel - Foil Lt Fx Blue"" is held by a different card — needs manual review"
2024 Upper Deck Women of Marvel,2024 Upper Deck Women of Marvel - Battle Time,4,Foil Lt Fx Purple,1,78318,2024 Upper Deck Women of Marvel - Foil Lt Fx Purple,exact,target_occupied,"#4 in ""2024 Upper Deck Women of Marvel - Foil Lt Fx Purple"" is held by a different card — needs manual review"
2024 Upper Deck Women of Marvel,2024 Upper Deck Women of Marvel - Battle Time,4,Foil Lt Fx Red,1,78322,2024 Upper Deck Women of Marvel - Foil Lt Fx Red,exact,target_occupied,"#4 in ""2024 Upper Deck Women of Marvel - Foil Lt Fx Red"" is held by a different card — needs manual review"
2024 Upper Deck Women of Marvel,2024 Upper Deck Women of Marvel - Battle Time,5,Foil Lt Fx Purple,1,78316,2024 Upper Deck Women of Marvel - Foil Lt Fx Purple,exact,target_occupied,"#5 in ""2024 Upper Deck Women of Marvel - Foil Lt Fx Purple"" is held by a different card — needs manual review"
2024 Upper Deck Women of Marvel,2024 Upper Deck Women of Marvel - Battle Time,5,Foil Lt Fx Copper,1,78317,2024 Upper Deck Women of Marvel - Foil Lt Fx Copper,exact,target_occupied,"#5 in ""2024 Upper Deck Women of Marvel - Foil Lt Fx Copper"" is held by a different card — needs manual review"
2024 Upper Deck Women of Marvel,2024 Upper Deck Women of Marvel - Battle Time,5,Foil Lt Fx Gold,1,78319,2024 Upper Deck Women of Marvel - Foil Lt Fx Gold,exact,target_occupied,"#5 in ""2024 Upper Deck Women of Marvel - Foil Lt Fx Gold"" is held by a different card — needs manual review"
2024 Upper Deck Women of Marvel,2024 Upper Deck Women of Marvel - Battle Time,5,Foil Lt Fx Blue,1,78320,2024 Upper Deck Women of Marvel - Foil Lt Fx Blue,exact,target_occupied,"#5 in ""2024 Upper Deck Women of Marvel - Foil Lt Fx Blue"" is held by a different card — needs manual review"
2024 Upper Deck Women of Marvel,2024 Upper Deck Women of Marvel - Battle Time,5,Foil Lt Fx Red,1,78321,2024 Upper Deck Women of Marvel - Foil Lt Fx Red,exact,target_occupied,"#5 in ""2024 Upper Deck Women of Marvel - Foil Lt Fx Red"" is held by a different card — needs manual review"
2024 Upper Deck Women of Marvel,2024 Upper Deck Women of Marvel - Battle Time,9,Foil Lt Fx Purple,1,78364,2024 Upper Deck Women of Marvel - Foil Lt Fx Purple,exact,target_occupied,"#9 in ""2024 Upper Deck Women of Marvel - Foil Lt Fx Purple"" is held by a different card — needs manual review"
2024 Upper Deck Women of Marvel,2024 Upper Deck Women of Marvel - Battle Time,9,Foil Lt Fx Copper,1,78365,2024 Upper Deck Women of Marvel - Foil Lt Fx Copper,exact,target_occupied,"#9 in ""2024 Upper Deck Women of Marvel - Foil Lt Fx Copper"" is held by a different card — needs manual review"
2024 Upper Deck Women of Marvel,2024 Upper Deck Women of Marvel - Battle Time,9,Foil Lt Fx Green,1,78366,2024 Upper Deck Women of Marvel - Foil Lt Fx Green,exact,target_occupied,"#9 in ""2024 Upper Deck Women of Marvel - Foil Lt Fx Green"" is held by a different card — needs manual review"
2024 Upper Deck Women of Marvel,2024 Upper Deck Women of Marvel - Battle Time,9,Foil Lt Fx Blue,1,78367,2024 Upper Deck Women of Marvel - Foil Lt Fx Blue,exact,target_occupied,"#9 in ""2024 Upper Deck Women of Marvel - Foil Lt Fx Blue"" is held by a different card — needs manual review"
2024 Upper Deck Women of Marvel,2024 Upper Deck Women of Marvel - Battle Time,9,Foil Lt Fx Gold,1,78368,2024 Upper Deck Women of Marvel - Foil Lt Fx Gold,exact,target_occupied,"#9 in ""2024 Upper Deck Women of Marvel - Foil Lt Fx Gold"" is held by a different card — needs manual review"
2024 Upper Deck Women of Marvel,2024 Upper Deck Women of Marvel - Battle Time,15,Foil Lt Fx Purple,1,78324,2024 Upper Deck Women of Marvel - Foil Lt Fx Purple,exact,target_occupied,"#15 in ""2024 Upper Deck Women of Marvel - Foil Lt Fx Purple"" is held by a different card — needs manual review"
2024 Upper Deck Women of Marvel,2024 Upper Deck Women of Marvel - Battle Time,15,Foil Lt Fx Red,1,78325,2024 Upper Deck Women of Marvel - Foil Lt Fx Red,exact,target_occupied,"#15 in ""2024 Upper Deck Women of Marvel - Foil Lt Fx Red"" is held by a different card — needs manual review"
2024 Upper Deck Women of Marvel,2024 Upper Deck Women of Marvel - Battle Time,15,Foil Lt Fx Copper,1,78362,2024 Upper Deck Women of Marvel - Foil Lt Fx Copper,exact,target_occupied,"#15 in ""2024 Upper Deck Women of Marvel - Foil Lt Fx Copper"" is held by a different card — needs manual review"
2024 Upper Deck Women of Marvel,2024 Upper Deck Women of Marvel - Battle Time,17,Foil Lt Fx Copper,1,78352,2024 Upper Deck Women of Marvel - Foil Lt Fx Copper,exact,target_occupied,"#17 in ""2024 Upper Deck Women of Marvel - Foil Lt Fx Copper"" is held by a different card — needs manual review"
2024 Upper Deck Women of Marvel,2024 Upper Deck Women of Marvel - Battle Time,17,Foil Lt Fx Gold,1,78353,2024 Upper Deck Women of Marvel - Foil Lt Fx Gold,exact,target_occupied,"#17 in ""2024 Upper Deck Women of Marvel - Foil Lt Fx Gold"" is held by a different card — needs manual review"
2024 Upper Deck Women of Marvel,2024 Upper Deck Women of Marvel - Battle Time,17,Foil Lt Fx Blue,1,78354,2024 Upper Deck Women of Marvel - Foil Lt Fx Blue,exact,target_occupied,"#17 in ""2024 Upper Deck Women of Marvel - Foil Lt Fx Blue"" is held by a different card — needs manual review"
2024 Upper Deck Women of Marvel,2024 Upper Deck Women of Marvel - Battle Time,10,Foil Lt Fx Red,1,78330,2024 Upper Deck Women of Marvel - Foil Lt Fx Red,exact,target_occupied,"#10 in ""2024 Upper Deck Women of Marvel - Foil Lt Fx Red"" is held by a different card — needs manual review"
2024 Upper Deck Women of Marvel,2024 Upper Deck Women of Marvel - Battle Time,8,Foil Lt Fx Purple,1,78361,2024 Upper Deck Women of Marvel - Foil Lt Fx Purple,exact,target_occupied,"#8 in ""2024 Upper Deck Women of Marvel - Foil Lt Fx Purple"" is held by a different card — needs manual review"
2024 Upper Deck Women of Marvel,2024 Upper Deck Women of Marvel - Battle Time,8,Foil Lt Fx Red,1,78363,2024 Upper Deck Women of Marvel - Foil Lt Fx Red,exact,target_occupied,"#8 in ""2024 Upper Deck Women of Marvel - Foil Lt Fx Red"" is held by a different card — needs manual review"
2025 Topps Chrome Marvel,2025 Topps Chrome Marvel - 35 Years of Ghost Rider Shadowbox,1,SuperFractor,1,78770,2025 Topps Chrome Marvel - SuperFractor,exact,target_occupied,"#1 in ""2025 Topps Chrome Marvel - SuperFractor"" is held by a different card — needs manual review"
2025 Topps Chrome Marvel,2025 Topps Chrome Marvel - 35 Years of Ghost Rider Shadowbox,2,SuperFractor,1,78784,2025 Topps Chrome Marvel - SuperFractor,exact,target_occupied,"#2 in ""2025 Topps Chrome Marvel - SuperFractor"" is held by a different card — needs manual review"
2025 Topps Chrome Marvel,2025 Topps Chrome Marvel - 35 Years of Ghost Rider Shadowbox,3,SuperFractor,1,78777,2025 Topps Chrome Marvel - SuperFractor,exact,target_occupied,"#3 in ""2025 Topps Chrome Marvel - SuperFractor"" is held by a different card — needs manual review"
2025 Topps Chrome Marvel,2025 Topps Chrome Marvel - 35 Years of Ghost Rider Shadowbox,4,SuperFractor,1,78776,2025 Topps Chrome Marvel - SuperFractor,exact,target_occupied,"#4 in ""2025 Topps Chrome Marvel - SuperFractor"" is held by a different card — needs manual review"
2025 Topps Chrome Marvel,2025 Topps Chrome Marvel - 35 Years of Ghost Rider Shadowbox,5,SuperFractor,1,78790,2025 Topps Chrome Marvel - SuperFractor,exact,target_occupied,"#5 in ""2025 Topps Chrome Marvel - SuperFractor"" is held by a different card — needs manual review"
2025 Topps Chrome Marvel,2025 Topps Chrome Marvel - 50 Years of Nightcrawler Superfractor,1,SuperFractor,1,78798,2025 Topps Chrome Marvel - SuperFractor,exact,target_occupied,"#1 in ""2025 Topps Chrome Marvel - SuperFractor"" is held by a different card — needs manual review"
2025 Topps Chrome Marvel,2025 Topps Chrome Marvel - 50 Years of Nightcrawler Superfractor,1,Mini-Diamonds Refractor,1,78799,2025 Topps Chrome Marvel - 60 Years of S.H.I.E.L.D. Mini-Diamonds Refractor,partial,target_occupied,"#1 in ""2025 Topps Chrome Marvel - 60 Years of S.H.I.E.L.D. Mini-Diamonds Refractor"" is held by a different card — needs manual review"
2025 Topps Chrome Marvel,2025 Topps Chrome Marvel - 50 Years of Nightcrawler Superfractor,2,Mini-Diamonds Refractor,1,78802,2025 Topps Chrome Marvel - 60 Years of S.H.I.E.L.D. Mini-Diamonds Refractor,partial,target_occupied,"#2 in ""2025 Topps Chrome Marvel - 60 Years of S.H.I.E.L.D. Mini-Diamonds Refractor"" is held by a different card — needs manual review"
2025 Topps Chrome Marvel,2025 Topps Chrome Marvel - 50 Years of Nightcrawler Superfractor,2,SuperFractor,1,78808,2025 Topps Chrome Marvel - SuperFractor,exact,target_occupied,"#2 in ""2025 Topps Chrome Marvel - SuperFractor"" is held by a different card — needs manual review"
2025 Topps Chrome Marvel,2025 Topps Chrome Marvel - 50 Years of Nightcrawler Superfractor,3,Mini-Diamonds Refractor,1,78803,2025 Topps Chrome Marvel - 60 Years of S.H.I.E.L.D. Mini-Diamonds Refractor,partial,target_occupied,"#3 in ""2025 Topps Chrome Marvel - 60 Years of S.H.I.E.L.D. Mini-Diamonds Refractor"" is held by a different card — needs manual review"
2025 Topps Chrome Marvel,2025 Topps Chrome Marvel - 50 Years of Nightcrawler Superfractor,3,SuperFractor,1,78814,2025 Topps Chrome Marvel - SuperFractor,exact,target_occupied,"#3 in ""2025 Topps Chrome Marvel - SuperFractor"" is held by a different card — needs manual review"
2025 Topps Chrome Marvel,2025 Topps Chrome Marvel - 50 Years of Nightcrawler Superfractor,4,Mini-Diamonds Refractor,1,78809,2025 Topps Chrome Marvel - 60 Years of S.H.I.E.L.D. Mini-Diamonds Refractor,partial,target_occupied,"#4 in ""2025 Topps Chrome Marvel - 60 Years of S.H.I.E.L.D. Mini-Diamonds Refractor"" is held by a different card — needs manual review"
2025 Topps Chrome Marvel,2025 Topps Chrome Marvel - 50 Years of Nightcrawler Superfractor,4,SuperFractor,1,78815,2025 Topps Chrome Marvel - SuperFractor,exact,target_occupied,"#4 in ""2025 Topps Chrome Marvel - SuperFractor"" is held by a different card — needs manual review"
2025 Topps Chrome Marvel,2025 Topps Chrome Marvel - 50 Years of Nightcrawler Superfractor,5,Mini-Diamonds Refractor,1,78810,2025 Topps Chrome Marvel - 60 Years of S.H.I.E.L.D. Mini-Diamonds Refractor,partial,target_occupied,"#5 in ""2025 Topps Chrome Marvel - 60 Years of S.H.I.E.L.D. Mini-Diamonds Refractor"" is held by a different card — needs manual review"
2025 Topps Chrome Marvel,2025 Topps Chrome Marvel - 50 Years of Nightcrawler Superfractor,5,SuperFractor,1,78816,2025 Topps Chrome Marvel - SuperFractor,exact,target_occupied,"#5 in ""2025 Topps Chrome Marvel - SuperFractor"" is held by a different card — needs manual review"
2025 Topps Chrome Marvel,2025 Topps Chrome Marvel - Air Marvel Shadowbox,1,SuperFractor,1,78829,2025 Topps Chrome Marvel - SuperFractor,exact,target_occupied,"#1 in ""2025 Topps Chrome Marvel - SuperFractor"" is held by a different card — needs manual review"
2025 Topps Chrome Marvel,2025 Topps Chrome Marvel - Air Marvel Shadowbox,1,Mini-Diamonds Refractor,1,78830,2025 Topps Chrome Marvel - 60 Years of S.H.I.E.L.D. Mini-Diamonds Refractor,partial,target_occupied,"#1 in ""2025 Topps Chrome Marvel - 60 Years of S.H.I.E.L.D. Mini-Diamonds Refractor"" is held by a different card — needs manual review"
2025 Topps Chrome Marvel,2025 Topps Chrome Marvel - Air Marvel Shadowbox,1,Red Wave Refractor,1,78866,2025 Topps Chrome Marvel - 35 Years of Ghost Rider Red Wave Refractor,partial,target_occupied,"#1 in ""2025 Topps Chrome Marvel - 35 Years of Ghost Rider Red Wave Refractor"" is held by a different card — needs manual review"
2025 Topps Chrome Marvel,2025 Topps Chrome Marvel - Air Marvel Shadowbox,2,Red Wave Refractor,1,78817,2025 Topps Chrome Marvel - 35 Years of Ghost Rider Red Wave Refractor,partial,target_occupied,"#2 in ""2025 Topps Chrome Marvel - 35 Years of Ghost Rider Red Wave Refractor"" is held by a different card — needs manual review"
2025 Topps Chrome Marvel,2025 Topps Chrome Marvel - Air Marvel Shadowbox,2,SuperFractor,1,78834,2025 Topps Chrome Marvel - SuperFractor,exact,target_occupied,"#2 in ""2025 Topps Chrome Marvel - SuperFractor"" is held by a different card — needs manual review"
2025 Topps Chrome Marvel,2025 Topps Chrome Marvel - Air Marvel Shadowbox,2,Mini-Diamonds Refractor,1,78836,2025 Topps Chrome Marvel - 60 Years of S.H.I.E.L.D. Mini-Diamonds Refractor,partial,target_occupied,"#2 in ""2025 Topps Chrome Marvel - 60 Years of S.H.I.E.L.D. Mini-Diamonds Refractor"" is held by a different card — needs manual review"
2025 Topps Chrome Marvel,2025 Topps Chrome Marvel - Air Marvel Shadowbox,3,SuperFractor,1,78832,2025 Topps Chrome Marvel - SuperFractor,exact,target_occupied,"#3 in ""2025 Topps Chrome Marvel - SuperFractor"" is held by a different card — needs manual review"
2025 Topps Chrome Marvel,2025 Topps Chrome Marvel - Air Marvel Shadowbox,3,Mini-Diamonds Refractor,1,78833,2025 Topps Chrome Marvel - 60 Years of S.H.I.E.L.D. Mini-Diamonds Refractor,partial,target_occupied,"#3 in ""2025 Topps Chrome Marvel - 60 Years of S.H.I.E.L.D. Mini-Diamonds Refractor"" is held by a different card — needs manual review"
2025 Topps Chrome Marvel,2025 Topps Chrome Marvel - Air Marvel Shadowbox,3,Red Wave Refractor,1,78835,2025 Topps Chrome Marvel - 35 Years of Ghost Rider Red Wave Refractor,partial,target_occupied,"#3 in ""2025 Topps Chrome Marvel - 35 Years of Ghost Rider Red Wave Refractor"" is held by a different card — needs manual review"
2025 Topps Chrome Marvel,2025 Topps Chrome Marvel - Air Marvel Shadowbox,4,SuperFractor,1,78828,2025 Topps Chrome Marvel - SuperFractor,exact,target_occupied,"#4 in ""2025 Topps Chrome Marvel - SuperFractor"" is held by a different card — needs manual review"
2025 Topps Chrome Marvel,2025 Topps Chrome Marvel - Air Marvel Shadowbox,4,Mini-Diamonds Refractor,1,78839,2025 Topps Chrome Marvel - 60 Years of S.H.I.E.L.D. Mini-Diamonds Refractor,partial,target_occupied,"#4 in ""2025 Topps Chrome Marvel - 60 Years of S.H.I.E.L.D. Mini-Diamonds Refractor"" is held by a different card — needs manual review"
2025 Topps Chrome Marvel,2025 Topps Chrome Marvel - Air Marvel Shadowbox,4,Red Wave Refractor,1,78840,2025 Topps Chrome Marvel - 35 Years of Ghost Rider Red Wave Refractor,partial,target_occupied,"#4 in ""2025 Topps Chrome Marvel - 35 Years of Ghost Rider Red Wave Refractor"" is held by a different card — needs manual review"
2025 Topps Chrome Marvel,2025 Topps Chrome Marvel - Air Marvel Shadowbox,5,Mini-Diamonds Refractor,1,78842,2025 Topps Chrome Marvel - 60 Years of S.H.I.E.L.D. Mini-Diamonds Refractor,partial,target_occupied,"#5 in ""2025 Topps Chrome Marvel - 60 Years of S.H.I.E.L.D. Mini-Diamonds Refractor"" is held by a different card — needs manual review"
2025 Topps Chrome Marvel,2025 Topps Chrome Marvel - Air Marvel Shadowbox,5,Red Wave Refractor,1,78843,2025 Topps Chrome Marvel - 35 Years of Ghost Rider Red Wave Refractor,partial,target_occupied,"#5 in ""2025 Topps Chrome Marvel - 35 Years of Ghost Rider Red Wave Refractor"" is held by a different card — needs manual review"
2025 Topps Chrome Marvel,2025 Topps Chrome Marvel - Air Marvel Shadowbox,5,SuperFractor,1,78845,2025 Topps Chrome Marvel - SuperFractor,exact,target_occupied,"#5 in ""2025 Topps Chrome Marvel - SuperFractor"" is held by a different card — needs manual review"
2025 Topps Chrome Marvel,2025 Topps Chrome Marvel - Air Marvel Shadowbox,10,SuperFractor,1,78859,2025 Topps Chrome Marvel - SuperFractor,exact,target_occupied,"#10 in ""2025 Topps Chrome Marvel - SuperFractor"" is held by a different card — needs manual review"
2025 Topps Chrome Marvel,2025 Topps Chrome Marvel - Air Marvel Shadowbox,6,SuperFractor,1,78846,2025 Topps Chrome Marvel - SuperFractor,exact,target_occupied,"#6 in ""2025 Topps Chrome Marvel - SuperFractor"" is held by a different card — needs manual review"
2025 Topps Chrome Marvel,2025 Topps Chrome Marvel - Air Marvel Shadowbox,7,SuperFractor,1,78854,2025 Topps Chrome Marvel - SuperFractor,exact,target_occupied,"#7 in ""2025 Topps Chrome Marvel - SuperFractor"" is held by a different card — needs manual review"
2025 Topps Chrome Marvel,2025 Topps Chrome Marvel - Air Marvel Shadowbox,8,SuperFractor,1,78853,2025 Topps Chrome Marvel - SuperFractor,exact,target_occupied,"#8 in ""2025 Topps Chrome Marvel - SuperFractor"" is held by a different card — needs manual review"
2025 Topps Chrome Marvel,2025 Topps Chrome Marvel - Air Marvel Shadowbox,9,SuperFractor,1,78860,2025 Topps Chrome Marvel - SuperFractor,exact,target_occupied,"#9 in ""2025 Topps Chrome Marvel - SuperFractor"" is held by a different card — needs manual review"
2025 Topps Chrome Marvel,2025 Topps Chrome Marvel - Future Stars,1,Orange Refractor,1,79229,2025 Topps Chrome Marvel - Human Torch Refractor (Red & Orange),partial,target_occupied,"#1 in ""2025 Topps Chrome Marvel - Human Torch Refractor (Red & Orange)"" is held by a different card — needs manual review"
2025 Topps Chrome Marvel,2025 Topps Chrome Marvel - Future Stars,1,Black Refractor,1,79233,2025 Topps Chrome Marvel - 50 Years of Nightcrawler Black Refractor,partial,target_occupied,"#1 in ""2025 Topps Chrome Marvel - 50 Years of Nightcrawler Black Refractor"" is held by a different card — needs manual review"
2025 Topps Chrome Marvel,2025 Topps Chrome Marvel - Future Stars,1,SuperFractor,1,79239,2025 Topps Chrome Marvel - SuperFractor,exact,target_occupied,"#1 in ""2025 Topps Chrome Marvel - SuperFractor"" is held by a different card — needs manual review"
2025 Topps Chrome Marvel,2025 Topps Chrome Marvel - Future Stars,1,Red Wave Refractor,1,79240,2025 Topps Chrome Marvel - 35 Years of Ghost Rider Red Wave Refractor,partial,target_occupied,"#1 in ""2025 Topps Chrome Marvel - 35 Years of Ghost Rider Red Wave Refractor"" is held by a different card — needs manual review"
2025 Topps Chrome Marvel,2025 Topps Chrome Marvel - Future Stars,2,SuperFractor,1,78735,2025 Topps Chrome Marvel - SuperFractor,exact,target_occupied,"#2 in ""2025 Topps Chrome Marvel - SuperFractor"" is held by a different card — needs manual review"
2025 Topps Chrome Marvel,2025 Topps Chrome Marvel - Future Stars,2,Orange Refractor,1,79226,2025 Topps Chrome Marvel - Human Torch Refractor (Red & Orange),partial,target_occupied,"#2 in ""2025 Topps Chrome Marvel - Human Torch Refractor (Red & Orange)"" is held by a different card — needs manual review"
2025 Topps Chrome Marvel,2025 Topps Chrome Marvel - Future Stars,2,Red Wave Refractor,1,79241,2025 Topps Chrome Marvel - 35 Years of Ghost Rider Red Wave Refractor,partial,target_occupied,"#2 in ""2025 Topps Chrome Marvel - 35 Years of Ghost Rider Red Wave Refractor"" is held by a different card — needs manual review"
2025 Topps Chrome Marvel,2025 Topps Chrome Marvel - Future Stars,2,Black Refractor,1,79242,2025 Topps Chrome Marvel - 50 Years of Nightcrawler Black Refractor,partial,target_occupied,"#2 in ""2025 Topps Chrome Marvel - 50 Years of Nightcrawler Black Refractor"" is held by a different card — needs manual review"
2025 Topps Chrome Marvel,2025 Topps Chrome Marvel - Future Stars,3,Orange Refractor,1,79219,2025 Topps Chrome Marvel - Human Torch Refractor (Red & Orange),partial,target_occupied,"#3 in ""2025 Topps Chrome Marvel - Human Torch Refractor (Red & Orange)"" is held by a different card — needs manual review"
2025 Topps Chrome Marvel,2025 Topps Chrome Marvel - Future Stars,3,Black Refractor,1,79232,2025 Topps Chrome Marvel - 50 Years of Nightcrawler Black Refractor,partial,target_occupied,"#3 in ""2025 Topps Chrome Marvel - 50 Years of Nightcrawler Black Refractor"" is held by a different card — needs manual review"
2025 Topps Chrome Marvel,2025 Topps Chrome Marvel - Future Stars,3,SuperFractor,1,79248,2025 Topps Chrome Marvel - SuperFractor,exact,target_occupied,"#3 in ""2025 Topps Chrome Marvel - SuperFractor"" is held by a different card — needs manual review"
2025 Topps Chrome Marvel,2025 Topps Chrome Marvel - Future Stars,3,Red Wave Refractor,1,79249,2025 Topps Chrome Marvel - 35 Years of Ghost Rider Red Wave Refractor,partial,target_occupied,"#3 in ""2025 Topps Chrome Marvel - 35 Years of Ghost Rider Red Wave Refractor"" is held by a different card — needs manual review"
2025 Topps Chrome Marvel,2025 Topps Chrome Marvel - Future Stars,4,Orange Refractor,1,79220,2025 Topps Chrome Marvel - Human Torch Refractor (Red & Orange),partial,target_occupied,"#4 in ""2025 Topps Chrome Marvel - Human Torch Refractor (Red & Orange)"" is held by a different card — needs manual review"
2025 Topps Chrome Marvel,2025 Topps Chrome Marvel - Future Stars,4,SuperFractor,1,79243,2025 Topps Chrome Marvel - SuperFractor,exact,target_occupied,"#4 in ""2025 Topps Chrome Marvel - SuperFractor"" is held by a different card — needs manual review"
2025 Topps Chrome Marvel,2025 Topps Chrome Marvel - Future Stars,4,Red Wave Refractor,1,79244,2025 Topps Chrome Marvel - 35 Years of Ghost Rider Red Wave Refractor,partial,target_occupied,"#4 in ""2025 Topps Chrome Marvel - 35 Years of Ghost Rider Red Wave Refractor"" is held by a different card — needs manual review"
2025 Topps Chrome Marvel,2025 Topps Chrome Marvel - Future Stars,4,Black Refractor,1,79245,2025 Topps Chrome Marvel - 50 Years of Nightcrawler Black Refractor,partial,target_occupied,"#4 in ""2025 Topps Chrome Marvel - 50 Years of Nightcrawler Black Refractor"" is held by a different card — needs manual review"
2025 Topps Chrome Marvel,2025 Topps Chrome Marvel - Future Stars,5,SuperFractor,1,79217,2025 Topps Chrome Marvel - SuperFractor,exact,target_occupied,"#5 in ""2025 Topps Chrome Marvel - SuperFractor"" is held by a different card — needs manual review"
2025 Topps Chrome Marvel,2025 Topps Chrome Marvel - Future Stars,5,Black Refractor,1,79221,2025 Topps Chrome Marvel - 50 Years of Nightcrawler Black Refractor,partial,target_occupied,"#5 in ""2025 Topps Chrome Marvel - 50 Years of Nightcrawler Black Refractor"" is held by a different card — needs manual review"
2025 Topps Chrome Marvel,2025 Topps Chrome Marvel - Future Stars,5,Red Wave Refractor,1,79223,2025 Topps Chrome Marvel - 35 Years of Ghost Rider Red Wave Refractor,partial,target_occupied,"#5 in ""2025 Topps Chrome Marvel - 35 Years of Ghost Rider Red Wave Refractor"" is held by a different card — needs manual review"
2025 Topps Chrome Marvel,2025 Topps Chrome Marvel - Future Stars,5,Orange Refractor,1,79231,2025 Topps Chrome Marvel - Human Torch Refractor (Red & Orange),partial,target_occupied,"#5 in ""2025 Topps Chrome Marvel - Human Torch Refractor (Red & Orange)"" is held by a different card — needs manual review"
2025 Topps Chrome Marvel,2025 Topps Chrome Marvel - Future Stars,6,Orange Refractor,1,79230,2025 Topps Chrome Marvel - Human Torch Refractor (Red & Orange),partial,target_occupied,"#6 in ""2025 Topps Chrome Marvel - Human Torch Refractor (Red & Orange)"" is held by a different card — needs manual review"
2025 Topps Chrome Marvel,2025 Topps Chrome Marvel - Future Stars,6,SuperFractor,1,79250,2025 Topps Chrome Marvel - SuperFractor,exact,target_occupied,"#6 in ""2025 Topps Chrome Marvel - SuperFractor"" is held by a different card — needs manual review"
2025 Topps Chrome Marvel,2025 Topps Chrome Marvel - Future Stars,7,Orange Refractor,1,79218,2025 Topps Chrome Marvel - Human Torch Refractor (Red & Orange),partial,target_occupied,"#7 in ""2025 Topps Chrome Marvel - Human Torch Refractor (Red & Orange)"" is held by a different card — needs manual review"
2025 Topps Chrome Marvel,2025 Topps Chrome Marvel - Future Stars,7,SuperFractor,1,79246,2025 Topps Chrome Marvel - SuperFractor,exact,target_occupied,"#7 in ""2025 Topps Chrome Marvel - SuperFractor"" is held by a different card — needs manual review"
2025 Topps Chrome Marvel,2025 Topps Chrome Marvel - Future Stars,8,Orange Refractor,1,79225,2025 Topps Chrome Marvel - Human Torch Refractor (Red & Orange),partial,target_occupied,"#8 in ""2025 Topps Chrome Marvel - Human Torch Refractor (Red & Orange)"" is held by a different card — needs manual review"
2025 Topps Chrome Marvel,2025 Topps Chrome Marvel - Future Stars,8,SuperFractor,1,79253,2025 Topps Chrome Marvel - SuperFractor,exact,target_occupied,"#8 in ""2025 Topps Chrome Marvel - SuperFractor"" is held by a different card — needs manual review"
2025 Topps Chrome Marvel,2025 Topps Chrome Marvel - Galactic Legends,1,Black Refractor,1,79279,2025 Topps Chrome Marvel - 50 Years of Nightcrawler Black Refractor,partial,target_occupied,"#1 in ""2025 Topps Chrome Marvel - 50 Years of Nightcrawler Black Refractor"" is held by a different card — needs manual review"
2025 Topps Chrome Marvel,2025 Topps Chrome Marvel - Galactic Legends,1,Refractor,1,79283,2025 Topps Chrome Marvel - Refractor,exact,target_occupied,"#1 in ""2025 Topps Chrome Marvel - Refractor"" is held by a different card — needs manual review"
2025 Topps Chrome Marvel,2025 Topps Chrome Marvel - Galactic Legends,1,SuperFractor,1,79305,2025 Topps Chrome Marvel - SuperFractor,exact,target_occupied,"#1 in ""2025 Topps Chrome Marvel - SuperFractor"" is held by a different card — needs manual review"
2025 Topps Chrome Marvel,2025 Topps Chrome Marvel - Galactic Legends,1,Red Wave Refractor,1,79307,2025 Topps Chrome Marvel - 35 Years of Ghost Rider Red Wave Refractor,partial,target_occupied,"#1 in ""2025 Topps Chrome Marvel - 35 Years of Ghost Rider Red Wave Refractor"" is held by a different card — needs manual review"
2025 Topps Chrome Marvel,2025 Topps Chrome Marvel - Galactic Legends,2,Black Refractor,1,79269,2025 Topps Chrome Marvel - 50 Years of Nightcrawler Black Refractor,partial,target_occupied,"#2 in ""2025 Topps Chrome Marvel - 50 Years of Nightcrawler Black Refractor"" is held by a different card — needs manual review"
2025 Topps Chrome Marvel,2025 Topps Chrome Marvel - Galactic Legends,2,Refractor,1,79272,2025 Topps Chrome Marvel - Refractor,exact,target_occupied,"#2 in ""2025 Topps Chrome Marvel - Refractor"" is held by a different card — needs manual review"
2025 Topps Chrome Marvel,2025 Topps Chrome Marvel - Galactic Legends,2,Red Wave Refractor,1,79288,2025 Topps Chrome Marvel - 35 Years of Ghost Rider Red Wave Refractor,partial,target_occupied,"#2 in ""2025 Topps Chrome Marvel - 35 Years of Ghost Rider Red Wave Refractor"" is held by a different card — needs manual review"
2025 Topps Chrome Marvel,2025 Topps Chrome Marvel - Galactic Legends,2,SuperFractor,1,79301,2025 Topps Chrome Marvel - SuperFractor,exact,target_occupied,"#2 in ""2025 Topps Chrome Marvel - SuperFractor"" is held by a different card — needs manual review"
2025 Topps Chrome Marvel,2025 Topps Chrome Marvel - Galactic Legends,3,Refractor,1,79275,2025 Topps Chrome Marvel - Refractor,exact,target_occupied,"#3 in ""2025 Topps Chrome Marvel - Refractor"" is held by a different card — needs manual review"
2025 Topps Chrome Marvel,2025 Topps Chrome Marvel - Galactic Legends,3,Red Wave Refractor,1,79286,2025 Topps Chrome Marvel - 35 Years of Ghost Rider Red Wave Refractor,partial,target_occupied,"#3 in ""2025 Topps Chrome Marvel - 35 Years of Ghost Rider Red Wave Refractor"" is held by a different card — needs manual review"
2025 Topps Chrome Marvel,2025 Topps Chrome Marvel - Galactic Legends,3,SuperFractor,1,79308,2025 Topps Chrome Marvel - SuperFractor,exact,target_occupied,"#3 in ""2025 Topps Chrome Marvel - SuperFractor"" is held by a different card — needs manual review"
2025 Topps Chrome Marvel,2025 Topps Chrome Marvel - Galactic Legends,3,Black Refractor,1,79310,2025 Topps Chrome Marvel - 50 Years of Nightcrawler Black Refractor,partial,target_occupied,"#3 in ""2025 Topps Chrome Marvel - 50 Years of Nightcrawler Black Refractor"" is held by a different card — needs manual review"
2025 Topps Chrome Marvel,2025 Topps Chrome Marvel - Galactic Legends,4,Refractor,1,79280,2025 Topps Chrome Marvel - Refractor,exact,target_occupied,"#4 in ""2025 Topps Chrome Marvel - Refractor"" is held by a different card — needs manual review"
2025 Topps Chrome Marvel,2025 Topps Chrome Marvel - Galactic Legends,4,Black Refractor,1,79285,2025 Topps Chrome Marvel - 50 Years of Nightcrawler Black Refractor,partial,target_occupied,"#4 in ""2025 Topps Chrome Marvel - 50 Years of Nightcrawler Black Refractor"" is held by a different card — needs manual review"
2025 Topps Chrome Marvel,2025 Topps Chrome Marvel - Galactic Legends,4,SuperFractor,1,79290,2025 Topps Chrome Marvel - SuperFractor,exact,target_occupied,"#4 in ""2025 Topps Chrome Marvel - SuperFractor"" is held by a different card — needs manual review"
2025 Topps Chrome Marvel,2025 Topps Chrome Marvel - Galactic Legends,4,Red Wave Refractor,1,79293,2025 Topps Chrome Marvel - 35 Years of Ghost Rider Red Wave Refractor,partial,target_occupied,"#4 in ""2025 Topps Chrome Marvel - 35 Years of Ghost Rider Red Wave Refractor"" is held by a different card — needs manual review"
2025 Topps Chrome Marvel,2025 Topps Chrome Marvel - Galactic Legends,5,Refractor,1,79281,2025 Topps Chrome Marvel - Refractor,exact,target_occupied,"#5 in ""2025 Topps Chrome Marvel - Refractor"" is held by a different card — needs manual review"
2025 Topps Chrome Marvel,2025 Topps Chrome Marvel - Galactic Legends,5,SuperFractor,1,79289,2025 Topps Chrome Marvel - SuperFractor,exact,target_occupied,"#5 in ""2025 Topps Chrome Marvel - SuperFractor"" is held by a different card — needs manual review"
2025 Topps Chrome Marvel,2025 Topps Chrome Marvel - Galactic Legends,5,Red Wave Refractor,1,79291,2025 Topps Chrome Marvel - 35 Years of Ghost Rider Red Wave Refractor,partial,target_occupied,"#5 in ""2025 Topps Chrome Marvel - 35 Years of Ghost Rider Red Wave Refractor"" is held by a different card — needs manual review"
2025 Topps Chrome Marvel,2025 Topps Chrome Marvel - Galactic Legends,5,Black Refractor,1,79294,2025 Topps Chrome Marvel - 50 Years of Nightcrawler Black Refractor,partial,target_occupied,"#5 in ""2025 Topps Chrome Marvel - 50 Years of Nightcrawler Black Refractor"" is held by a different card — needs manual review"
2025 Topps Chrome Marvel,2025 Topps Chrome Marvel - Galactic Legends,6,SuperFractor,1,79302,2025 Topps Chrome Marvel - SuperFractor,exact,target_occupied,"#6 in ""2025 Topps Chrome Marvel - SuperFractor"" is held by a different card — needs manual review"
2025 Topps Chrome Marvel,2025 Topps Chrome Marvel - Galactic Legends,6,Red Wave Refractor,1,79314,2025 Topps Chrome Marvel - 35 Years of Ghost Rider Red Wave Refractor,partial,target_occupied,"#6 in ""2025 Topps Chrome Marvel - 35 Years of Ghost Rider Red Wave Refractor"" is held by a different card — needs manual review"
2025 Topps Chrome Marvel,2025 Topps Chrome Marvel - Galactic Legends,6,Refractor,1,79315,2025 Topps Chrome Marvel - Refractor,exact,target_occupied,"#6 in ""2025 Topps Chrome Marvel - Refractor"" is held by a different card — needs manual review"
2025 Topps Chrome Marvel,2025 Topps Chrome Marvel - Galactic Legends,7,Refractor,1,79256,2025 Topps Chrome Marvel - Refractor,exact,target_occupied,"#7 in ""2025 Topps Chrome Marvel - Refractor"" is held by a different card — needs manual review"
2025 Topps Chrome Marvel,2025 Topps Chrome Marvel - Galactic Legends,7,SuperFractor,1,79295,2025 Topps Chrome Marvel - SuperFractor,exact,target_occupied,"#7 in ""2025 Topps Chrome Marvel - SuperFractor"" is held by a different card — needs manual review"
2025 Topps Chrome Marvel,2025 Topps Chrome Marvel - Galactic Legends,7,Red Wave Refractor,1,79297,2025 Topps Chrome Marvel - 35 Years of Ghost Rider Red Wave Refractor,partial,target_occupied,"#7 in ""2025 Topps Chrome Marvel - 35 Years of Ghost Rider Red Wave Refractor"" is held by a different card — needs manual review"
2025 Topps Chrome Marvel,2025 Topps Chrome Marvel - Galactic Legends,8,Refractor,1,79262,2025 Topps Chrome Marvel - Refractor,exact,target_occupied,"#8 in ""2025 Topps Chrome Marvel - Refractor"" is held by a different card — needs manual review"
2025 Topps Chrome Marvel,2025 Topps Chrome Marvel - Galactic Legends,8,SuperFractor,1,79319,2025 Topps Chrome Marvel - SuperFractor,exact,target_occupied,"#8 in ""2025 Topps Chrome Marvel - SuperFractor"" is held by a different card — needs manual review"
2025 Topps Chrome Marvel,2025 Topps Chrome Marvel - Galactic Legends,8,Red Wave Refractor,1,79321,2025 Topps Chrome Marvel - 35 Years of Ghost Rider Red Wave Refractor,partial,target_occupied,"#8 in ""2025 Topps Chrome Marvel - 35 Years of Ghost Rider Red Wave Refractor"" is held by a different card — needs manual review"
2025 Topps Chrome Marvel,2025 Topps Chrome Marvel - Galactic Legends,10,Refractor,1,79282,2025 Topps Chrome Marvel - Refractor,exact,target_occupied,"#10 in ""2025 Topps Chrome Marvel - Refractor"" is held by a different card — needs manual review"
2025 Topps Chrome Marvel,2025 Topps Chrome Marvel - Galactic Legends,10,SuperFractor,1,79303,2025 Topps Chrome Marvel - SuperFractor,exact,target_occupied,"#10 in ""2025 Topps Chrome Marvel - SuperFractor"" is held by a different card — needs manual review"
2025 Topps Chrome Marvel,2025 Topps Chrome Marvel - Galactic Legends,9,Refractor,1,79273,2025 Topps Chrome Marvel - Refractor,exact,target_occupied,"#9 in ""2025 Topps Chrome Marvel - Refractor"" is held by a different card — needs manual review"
2025 Topps Chrome Marvel,2025 Topps Chrome Marvel - Galactic Legends,9,SuperFractor,1,79316,2025 Topps Chrome Marvel - SuperFractor,exact,target_occupied,"#9 in ""2025 Topps Chrome Marvel - SuperFractor"" is held by a different card — needs manual review"
2025 Topps Chrome Marvel,2025 Topps Chrome Marvel - Golden Anniversaries,1,SuperFractor,1,79328,2025 Topps Chrome Marvel - SuperFractor,exact,target_occupied,"#1 in ""2025 Topps Chrome Marvel - SuperFractor"" is held by a different card — needs manual review"
2025 Topps Chrome Marvel,2025 Topps Chrome Marvel - Golden Anniversaries,2,SuperFractor,1,79332,2025 Topps Chrome Marvel - SuperFractor,exact,target_occupied,"#2 in ""2025 Topps Chrome Marvel - SuperFractor"" is held by a different card — needs manual review"
2025 Topps Chrome Marvel,2025 Topps Chrome Marvel - Golden Anniversaries,3,SuperFractor,1,79335,2025 Topps Chrome Marvel - SuperFractor,exact,target_occupied,"#3 in ""2025 Topps Chrome Marvel - SuperFractor"" is held by a different card — needs manual review"
2025 Topps Chrome Marvel,2025 Topps Chrome Marvel - Golden Anniversaries,4,SuperFractor,1,79334,2025 Topps Chrome Marvel - SuperFractor,exact,target_occupied,"#4 in ""2025 Topps Chrome Marvel - SuperFractor"" is held by a different card — needs manual review"
2025 Topps Chrome Marvel,2025 Topps Chrome Marvel - Golden Anniversaries,5,SuperFractor,1,79333,2025 Topps Chrome Marvel - SuperFractor,exact,target_occupied,"#5 in ""2025 Topps Chrome Marvel - SuperFractor"" is held by a different card — needs manual review"
2025 Topps Chrome Marvel,2025 Topps Chrome Marvel - Indestructible Black Lazer Refractor,1,SuperFractor,1,79397,2025 Topps Chrome Marvel - SuperFractor,exact,target_occupied,"#1 in ""2025 Topps Chrome Marvel - SuperFractor"" is held by a different card — needs manual review"
2025 Topps Chrome Marvel,2025 Topps Chrome Marvel - Indestructible Black Lazer Refractor,10,SuperFractor,1,79423,2025 Topps Chrome Marvel - SuperFractor,exact,target_occupied,"#10 in ""2025 Topps Chrome Marvel - SuperFractor"" is held by a different card — needs manual review"
2025 Topps Chrome Marvel,2025 Topps Chrome Marvel - Indestructible Black Lazer Refractor,2,SuperFractor,1,79425,2025 Topps Chrome Marvel - SuperFractor,exact,target_occupied,"#2 in ""2025 Topps Chrome Marvel - SuperFractor"" is held by a different card — needs manual review"
2025 Topps Chrome Marvel,2025 Topps Chrome Marvel - Indestructible Black Lazer Refractor,3,SuperFractor,1,79399,2025 Topps Chrome Marvel - SuperFractor,exact,target_occupied,"#3 in ""2025 Topps Chrome Marvel - SuperFractor"" is held by a different card — needs manual review"
2025 Topps Chrome Marvel,2025 Topps Chrome Marvel - Indestructible Black Lazer Refractor,4,SuperFractor,1,79404,2025 Topps Chrome Marvel - SuperFractor,exact,target_occupied,"#4 in ""2025 Topps Chrome Marvel - SuperFractor"" is held by a different card — needs manual review"
2025 Topps Chrome Marvel,2025 Topps Chrome Marvel - Indestructible Black Lazer Refractor,5,SuperFractor,1,79405,2025 Topps Chrome Marvel - SuperFractor,exact,target_occupied,"#5 in ""2025 Topps Chrome Marvel - SuperFractor"" is held by a different card — needs manual review"
2025 Topps Chrome Marvel,2025 Topps Chrome Marvel - Indestructible Black Lazer Refractor,6,SuperFractor,1,79411,2025 Topps Chrome Marvel - SuperFractor,exact,target_occupied,"#6 in ""2025 Topps Chrome Marvel - SuperFractor"" is held by a different card — needs manual review"
2025 Topps Chrome Marvel,2025 Topps Chrome Marvel - Indestructible Black Lazer Refractor,7,SuperFractor,1,79412,2025 Topps Chrome Marvel - SuperFractor,exact,target_occupied,"#7 in ""2025 Topps Chrome Marvel - SuperFractor"" is held by a different card — needs manual review"
2025 Topps Chrome Marvel,2025 Topps Chrome Marvel - Indestructible Black Lazer Refractor,8,SuperFractor,1,79420,2025 Topps Chrome Marvel - SuperFractor,exact,target_occupied,"#8 in ""2025 Topps Chrome Marvel - SuperFractor"" is held by a different card — needs manual review"
2025 Topps Chrome Marvel,2025 Topps Chrome Marvel - Indestructible Black Lazer Refractor,9,SuperFractor,1,79421,2025 Topps Chrome Marvel - SuperFractor,exact,target_occupied,"#9 in ""2025 Topps Chrome Marvel - SuperFractor"" is held by a different card — needs manual review"
2025 Topps Chrome Marvel,2025 Topps Chrome Marvel - Marvel Anniversaries,2,Orange Refractor,1,78901,2025 Topps Chrome Marvel - Human Torch Refractor (Red & Orange),partial,target_occupied,"#2 in ""2025 Topps Chrome Marvel - Human Torch Refractor (Red & Orange)"" is held by a different card — needs manual review"
2025 Topps Chrome Marvel,2025 Topps Chrome Marvel - Marvel Anniversaries,2,Black Refractor,1,78902,2025 Topps Chrome Marvel - 50 Years of Nightcrawler Black Refractor,partial,target_occupied,"#2 in ""2025 Topps Chrome Marvel - 50 Years of Nightcrawler Black Refractor"" is held by a different card — needs manual review"
2025 Topps Chrome Marvel,2025 Topps Chrome Marvel - Marvel Anniversaries,2,Red Wave Refractor,1,78913,2025 Topps Chrome Marvel - 35 Years of Ghost Rider Red Wave Refractor,partial,target_occupied,"#2 in ""2025 Topps Chrome Marvel - 35 Years of Ghost Rider Red Wave Refractor"" is held by a different card — needs manual review"
2025 Topps Chrome Marvel,2025 Topps Chrome Marvel - Marvel Anniversaries,2,SuperFractor,1,78914,2025 Topps Chrome Marvel - SuperFractor,exact,target_occupied,"#2 in ""2025 Topps Chrome Marvel - SuperFractor"" is held by a different card — needs manual review"
2025 Topps Chrome Marvel,2025 Topps Chrome Marvel - Marvel Anniversaries,3,Red Wave Refractor,1,78909,2025 Topps Chrome Marvel - 35 Years of Ghost Rider Red Wave Refractor,partial,target_occupied,"#3 in ""2025 Topps Chrome Marvel - 35 Years of Ghost Rider Red Wave Refractor"" is held by a different card — needs manual review"
2025 Topps Chrome Marvel,2025 Topps Chrome Marvel - Marvel Anniversaries,3,Orange Refractor,1,78911,2025 Topps Chrome Marvel - Human Torch Refractor (Red & Orange),partial,target_occupied,"#3 in ""2025 Topps Chrome Marvel - Human Torch Refractor (Red & Orange)"" is held by a different card — needs manual review"
2025 Topps Chrome Marvel,2025 Topps Chrome Marvel - Marvel Anniversaries,3,Black Refractor,1,78912,2025 Topps Chrome Marvel - 50 Years of Nightcrawler Black Refractor,partial,target_occupied,"#3 in ""2025 Topps Chrome Marvel - 50 Years of Nightcrawler Black Refractor"" is held by a different card — needs manual review"
2025 Topps Chrome Marvel,2025 Topps Chrome Marvel - Marvel Anniversaries,3,SuperFractor,1,78920,2025 Topps Chrome Marvel - SuperFractor,exact,target_occupied,"#3 in ""2025 Topps Chrome Marvel - SuperFractor"" is held by a different card — needs manual review"
2025 Topps Chrome Marvel,2025 Topps Chrome Marvel - Marvel Anniversaries,4,Red Wave Refractor,1,78917,2025 Topps Chrome Marvel - 35 Years of Ghost Rider Red Wave Refractor,partial,target_occupied,"#4 in ""2025 Topps Chrome Marvel - 35 Years of Ghost Rider Red Wave Refractor"" is held by a different card — needs manual review"
2025 Topps Chrome Marvel,2025 Topps Chrome Marvel - Marvel Anniversaries,4,Black Refractor,1,78919,2025 Topps Chrome Marvel - 50 Years of Nightcrawler Black Refractor,partial,target_occupied,"#4 in ""2025 Topps Chrome Marvel - 50 Years of Nightcrawler Black Refractor"" is held by a different card — needs manual review"
2025 Topps Chrome Marvel,2025 Topps Chrome Marvel - Marvel Anniversaries,4,SuperFractor,1,78921,2025 Topps Chrome Marvel - SuperFractor,exact,target_occupied,"#4 in ""2025 Topps Chrome Marvel - SuperFractor"" is held by a different card — needs manual review"
2025 Topps Chrome Marvel,2025 Topps Chrome Marvel - Marvel Anniversaries,4,Orange Refractor,1,79039,2025 Topps Chrome Marvel - Human Torch Refractor (Red & Orange),partial,target_occupied,"#4 in ""2025 Topps Chrome Marvel - Human Torch Refractor (Red & Orange)"" is held by a different card — needs manual review"
2025 Topps Chrome Marvel,2025 Topps Chrome Marvel - Marvel Anniversaries,5,Red Wave Refractor,1,78924,2025 Topps Chrome Marvel - 35 Years of Ghost Rider Red Wave Refractor,partial,target_occupied,"#5 in ""2025 Topps Chrome Marvel - 35 Years of Ghost Rider Red Wave Refractor"" is held by a different card — needs manual review"
2025 Topps Chrome Marvel,2025 Topps Chrome Marvel - Marvel Anniversaries,5,Orange Refractor,1,78926,2025 Topps Chrome Marvel - Human Torch Refractor (Red & Orange),partial,target_occupied,"#5 in ""2025 Topps Chrome Marvel - Human Torch Refractor (Red & Orange)"" is held by a different card — needs manual review"
2025 Topps Chrome Marvel,2025 Topps Chrome Marvel - Marvel Anniversaries,5,Black Refractor,1,78927,2025 Topps Chrome Marvel - 50 Years of Nightcrawler Black Refractor,partial,target_occupied,"#5 in ""2025 Topps Chrome Marvel - 50 Years of Nightcrawler Black Refractor"" is held by a different card — needs manual review"
2025 Topps Chrome Marvel,2025 Topps Chrome Marvel - Marvel Anniversaries,5,SuperFractor,1,78929,2025 Topps Chrome Marvel - SuperFractor,exact,target_occupied,"#5 in ""2025 Topps Chrome Marvel - SuperFractor"" is held by a different card — needs manual review"
2025 Topps Chrome Marvel,2025 Topps Chrome Marvel - Marvel Anniversaries,6,Orange Refractor,1,78933,2025 Topps Chrome Marvel - Human Torch Refractor (Red & Orange),partial,target_occupied,"#6 in ""2025 Topps Chrome Marvel - Human Torch Refractor (Red & Orange)"" is held by a different card — needs manual review"
2025 Topps Chrome Marvel,2025 Topps Chrome Marvel - Marvel Anniversaries,6,Red Wave Refractor,1,78937,2025 Topps Chrome Marvel - 35 Years of Ghost Rider Red Wave Refractor,partial,target_occupied,"#6 in ""2025 Topps Chrome Marvel - 35 Years of Ghost Rider Red Wave Refractor"" is held by a different card — needs manual review"
2025 Topps Chrome Marvel,2025 Topps Chrome Marvel - Marvel Anniversaries,6,SuperFractor,1,78943,2025 Topps Chrome Marvel - SuperFractor,exact,target_occupied,"#6 in ""2025 Topps Chrome Marvel - SuperFractor"" is held by a different card — needs manual review"
2025 Topps Chrome Marvel,2025 Topps Chrome Marvel - Marvel Anniversaries,6,Black Refractor,1,79044,2025 Topps Chrome Marvel - 50 Years of Nightcrawler Black Refractor,partial,target_occupied,"#6 in ""2025 Topps Chrome Marvel - 50 Years of Nightcrawler Black Refractor"" is held by a different card — needs manual review"
2025 Topps Chrome Marvel,2025 Topps Chrome Marvel - Marvel Anniversaries,7,Orange Refractor,1,78941,2025 Topps Chrome Marvel - Human Torch Refractor (Red & Orange),partial,target_occupied,"#7 in ""2025 Topps Chrome Marvel - Human Torch Refractor (Red & Orange)"" is held by a different card — needs manual review"
2025 Topps Chrome Marvel,2025 Topps Chrome Marvel - Marvel Anniversaries,7,Red Wave Refractor,1,78945,2025 Topps Chrome Marvel - 35 Years of Ghost Rider Red Wave Refractor,partial,target_occupied,"#7 in ""2025 Topps Chrome Marvel - 35 Years of Ghost Rider Red Wave Refractor"" is held by a different card — needs manual review"
2025 Topps Chrome Marvel,2025 Topps Chrome Marvel - Marvel Anniversaries,7,Black Refractor,1,78948,2025 Topps Chrome Marvel - 50 Years of Nightcrawler Black Refractor,partial,target_occupied,"#7 in ""2025 Topps Chrome Marvel - 50 Years of Nightcrawler Black Refractor"" is held by a different card — needs manual review"
2025 Topps Chrome Marvel,2025 Topps Chrome Marvel - Marvel Anniversaries,7,SuperFractor,1,78950,2025 Topps Chrome Marvel - SuperFractor,exact,target_occupied,"#7 in ""2025 Topps Chrome Marvel - SuperFractor"" is held by a different card — needs manual review"
2025 Topps Chrome Marvel,2025 Topps Chrome Marvel - Marvel Anniversaries,8,Red Wave Refractor,1,78952,2025 Topps Chrome Marvel - 35 Years of Ghost Rider Red Wave Refractor,partial,target_occupied,"#8 in ""2025 Topps Chrome Marvel - 35 Years of Ghost Rider Red Wave Refractor"" is held by a different card — needs manual review"
2025 Topps Chrome Marvel,2025 Topps Chrome Marvel - Marvel Anniversaries,8,Orange Refractor,1,78954,2025 Topps Chrome Marvel - Human Torch Refractor (Red & Orange),partial,target_occupied,"#8 in ""2025 Topps Chrome Marvel - Human Torch Refractor (Red & Orange)"" is held by a different card — needs manual review"
2025 Topps Chrome Marvel,2025 Topps Chrome Marvel - Marvel Anniversaries,8,Black Refractor,1,78957,2025 Topps Chrome Marvel - 50 Years of Nightcrawler Black Refractor,partial,target_occupied,"#8 in ""2025 Topps Chrome Marvel - 50 Years of Nightcrawler Black Refractor"" is held by a different card — needs manual review"
2025 Topps Chrome Marvel,2025 Topps Chrome Marvel - Marvel Anniversaries,8,SuperFractor,1,78965,2025 Topps Chrome Marvel - SuperFractor,exact,target_occupied,"#8 in ""2025 Topps Chrome Marvel - SuperFractor"" is held by a different card — needs manual review"
2025 Topps Chrome Marvel,2025 Topps Chrome Marvel - Marvel Anniversaries,10,Orange Refractor,1,78968,2025 Topps Chrome Marvel - Human Torch Refractor (Red & Orange),partial,target_occupied,"#10 in ""2025 Topps Chrome Marvel - Human Torch Refractor (Red & Orange)"" is held by a different card — needs manual review"
2025 Topps Chrome Marvel,2025 Topps Chrome Marvel - Marvel Anniversaries,10,Red Wave Refractor,1,78978,2025 Topps Chrome Marvel - 35 Years of Ghost Rider Red Wave Refractor,partial,target_occupied,"#10 in ""2025 Topps Chrome Marvel - 35 Years of Ghost Rider Red Wave Refractor"" is held by a different card — needs manual review"
2025 Topps Chrome Marvel,2025 Topps Chrome Marvel - Marvel Anniversaries,10,SuperFractor,1,78979,2025 Topps Chrome Marvel - SuperFractor,exact,target_occupied,"#10 in ""2025 Topps Chrome Marvel - SuperFractor"" is held by a different card — needs manual review"
2025 Topps Chrome Marvel,2025 Topps Chrome Marvel - Marvel Anniversaries,9,Orange Refractor,1,78960,2025 Topps Chrome Marvel - Human Torch Refractor (Red & Orange),partial,target_occupied,"#9 in ""2025 Topps Chrome Marvel - Human Torch Refractor (Red & Orange)"" is held by a different card — needs manual review"
2025 Topps Chrome Marvel,2025 Topps Chrome Marvel - Marvel Anniversaries,9,Red Wave Refractor,1,78966,2025 Topps Chrome Marvel - 35 Years of Ghost Rider Red Wave Refractor,partial,target_occupied,"#9 in ""2025 Topps Chrome Marvel - 35 Years of Ghost Rider Red Wave Refractor"" is held by a different card — needs manual review"
2025 Topps Chrome Marvel,2025 Topps Chrome Marvel - Marvel Anniversaries,9,SuperFractor,1,78973,2025 Topps Chrome Marvel - SuperFractor,exact,target_occupied,"#9 in ""2025 Topps Chrome Marvel - SuperFractor"" is held by a different card — needs manual review"
2025 Topps Chrome Marvel,2025 Topps Chrome Marvel - Marvel Anniversaries,11,Orange Refractor,1,78976,2025 Topps Chrome Marvel - Human Torch Refractor (Red & Orange),partial,target_occupied,"#11 in ""2025 Topps Chrome Marvel - Human Torch Refractor (Red & Orange)"" is held by a different card — needs manual review"
2025 Topps Chrome Marvel,2025 Topps Chrome Marvel - Marvel Anniversaries,11,SuperFractor,1,78987,2025 Topps Chrome Marvel - SuperFractor,exact,target_occupied,"#11 in ""2025 Topps Chrome Marvel - SuperFractor"" is held by a different card — needs manual review"
2025 Topps Chrome Marvel,2025 Topps Chrome Marvel - Marvel Anniversaries,12,Orange Refractor,1,78983,2025 Topps Chrome Marvel - Human Torch Refractor (Red & Orange),partial,target_occupied,"#12 in ""2025 Topps Chrome Marvel - Human Torch Refractor (Red & Orange)"" is held by a different card — needs manual review"
2025 Topps Chrome Marvel,2025 Topps Chrome Marvel - Marvel Anniversaries,12,SuperFractor,1,78991,2025 Topps Chrome Marvel - SuperFractor,exact,target_occupied,"#12 in ""2025 Topps Chrome Marvel - SuperFractor"" is held by a different card — needs manual review"
2025 Topps Chrome Marvel,2025 Topps Chrome Marvel - Marvel Anniversaries,13,Orange Refractor,1,78989,2025 Topps Chrome Marvel - Human Torch Refractor (Red & Orange),partial,target_occupied,"#13 in ""2025 Topps Chrome Marvel - Human Torch Refractor (Red & Orange)"" is held by a different card — needs manual review"
2025 Topps Chrome Marvel,2025 Topps Chrome Marvel - Marvel Anniversaries,13,SuperFractor,1,78996,2025 Topps Chrome Marvel - SuperFractor,exact,target_occupied,"#13 in ""2025 Topps Chrome Marvel - SuperFractor"" is held by a different card — needs manual review"
2025 Topps Chrome Marvel,2025 Topps Chrome Marvel - Marvel Anniversaries,14,Orange Refractor,1,78993,2025 Topps Chrome Marvel - Human Torch Refractor (Red & Orange),partial,target_occupied,"#14 in ""2025 Topps Chrome Marvel - Human Torch Refractor (Red & Orange)"" is held by a different card — needs manual review"
2025 Topps Chrome Marvel,2025 Topps Chrome Marvel - Marvel Anniversaries,14,SuperFractor,1,79021,2025 Topps Chrome Marvel - SuperFractor,exact,target_occupied,"#14 in ""2025 Topps Chrome Marvel - SuperFractor"" is held by a different card — needs manual review"
2025 Topps Chrome Marvel,2025 Topps Chrome Marvel - Marvel Anniversaries,15,Orange Refractor,1,79000,2025 Topps Chrome Marvel - Human Torch Refractor (Red & Orange),partial,target_occupied,"#15 in ""2025 Topps Chrome Marvel - Human Torch Refractor (Red & Orange)"" is held by a different card — needs manual review"
2025 Topps Chrome Marvel,2025 Topps Chrome Marvel - Marvel Anniversaries,15,SuperFractor,1,79004,2025 Topps Chrome Marvel - SuperFractor,exact,target_occupied,"#15 in ""2025 Topps Chrome Marvel - SuperFractor"" is held by a different card — needs manual review"
2025 Topps Chrome Marvel,2025 Topps Chrome Marvel - Marvel Anniversaries,16,Orange Refractor,1,79006,2025 Topps Chrome Marvel - Human Torch Refractor (Red & Orange),partial,target_occupied,"#16 in ""2025 Topps Chrome Marvel - Human Torch Refractor (Red & Orange)"" is held by a different card — needs manual review"
2025 Topps Chrome Marvel,2025 Topps Chrome Marvel - Marvel Anniversaries,16,SuperFractor,1,79025,2025 Topps Chrome Marvel - SuperFractor,exact,target_occupied,"#16 in ""2025 Topps Chrome Marvel - SuperFractor"" is held by a different card — needs manual review"
2025 Topps Chrome Marvel,2025 Topps Chrome Marvel - Marvel Anniversaries,17,Orange Refractor,1,79009,2025 Topps Chrome Marvel - Human Torch Refractor (Red & Orange),partial,target_occupied,"#17 in ""2025 Topps Chrome Marvel - Human Torch Refractor (Red & Orange)"" is held by a different card — needs manual review"
2025 Topps Chrome Marvel,2025 Topps Chrome Marvel - Marvel Anniversaries,17,SuperFractor,1,79041,2025 Topps Chrome Marvel - SuperFractor,exact,target_occupied,"#17 in ""2025 Topps Chrome Marvel - SuperFractor"" is held by a different card — needs manual review"
2025 Topps Chrome Marvel,2025 Topps Chrome Marvel - Marvel Anniversaries,18,Orange Refractor,1,78916,2025 Topps Chrome Marvel - Human Torch Refractor (Red & Orange),partial,target_occupied,"#18 in ""2025 Topps Chrome Marvel - Human Torch Refractor (Red & Orange)"" is held by a different card — needs manual review"
2025 Topps Chrome Marvel,2025 Topps Chrome Marvel - Marvel Anniversaries,18,SuperFractor,1,78928,2025 Topps Chrome Marvel - SuperFractor,exact,target_occupied,"#18 in ""2025 Topps Chrome Marvel - SuperFractor"" is held by a different card — needs manual review"
2025 Topps Chrome Marvel,2025 Topps Chrome Marvel - Marvel Anniversaries,19,Orange Refractor,1,78934,2025 Topps Chrome Marvel - Human Torch Refractor (Red & Orange),partial,target_occupied,"#19 in ""2025 Topps Chrome Marvel - Human Torch Refractor (Red & Orange)"" is held by a different card — needs manual review"
2025 Topps Chrome Marvel,2025 Topps Chrome Marvel - Marvel Anniversaries,19,SuperFractor,1,78936,2025 Topps Chrome Marvel - SuperFractor,exact,target_occupied,"#19 in ""2025 Topps Chrome Marvel - SuperFractor"" is held by a different card — needs manual review"
2025 Topps Chrome Marvel,2025 Topps Chrome Marvel - Marvel Anniversaries,20,Orange Refractor,1,78940,2025 Topps Chrome Marvel - Human Torch Refractor (Red & Orange),partial,target_occupied,"#20 in ""2025 Topps Chrome Marvel - Human Torch Refractor (Red & Orange)"" is held by a different card — needs manual review"
2025 Topps Chrome Marvel,2025 Topps Chrome Marvel - Marvel Anniversaries,20,SuperFractor,1,78951,2025 Topps Chrome Marvel - SuperFractor,exact,target_occupied,"#20 in ""2025 Topps Chrome Marvel - SuperFractor"" is held by a different card — needs manual review"
2025 Topps Chrome Marvel,2025 Topps Chrome Marvel - Marvel Anniversaries,21,SuperFractor,1,78958,2025 Topps Chrome Marvel - SuperFractor,exact,target_occupied,"#21 in ""2025 Topps Chrome Marvel - SuperFractor"" is held by a different card — needs manual review"
2025 Topps Chrome Marvel,2025 Topps Chrome Marvel - Marvel Anniversaries,21,Orange Refractor,1,79038,2025 Topps Chrome Marvel - Human Torch Refractor (Red & Orange),partial,target_occupied,"#21 in ""2025 Topps Chrome Marvel - Human Torch Refractor (Red & Orange)"" is held by a different card — needs manual review"
2025 Topps Chrome Marvel,2025 Topps Chrome Marvel - Marvel Anniversaries,22,Orange Refractor,1,78956,2025 Topps Chrome Marvel - Human Torch Refractor (Red & Orange),partial,target_occupied,"#22 in ""2025 Topps Chrome Marvel - Human Torch Refractor (Red & Orange)"" is held by a different card — needs manual review"
2025 Topps Chrome Marvel,2025 Topps Chrome Marvel - Marvel Anniversaries,22,SuperFractor,1,79042,2025 Topps Chrome Marvel - SuperFractor,exact,target_occupied,"#22 in ""2025 Topps Chrome Marvel - SuperFractor"" is held by a different card — needs manual review"
2025 Topps Chrome Marvel,2025 Topps Chrome Marvel - Marvel Anniversaries,23,Orange Refractor,1,78963,2025 Topps Chrome Marvel - Human Torch Refractor (Red & Orange),partial,target_occupied,"#23 in ""2025 Topps Chrome Marvel - Human Torch Refractor (Red & Orange)"" is held by a different card — needs manual review"
2025 Topps Chrome Marvel,2025 Topps Chrome Marvel - Marvel Anniversaries,23,SuperFractor,1,78980,2025 Topps Chrome Marvel - SuperFractor,exact,target_occupied,"#23 in ""2025 Topps Chrome Marvel - SuperFractor"" is held by a different card — needs manual review"
2025 Topps Chrome Marvel,2025 Topps Chrome Marvel - Marvel Anniversaries,24,Orange Refractor,1,78986,2025 Topps Chrome Marvel - Human Torch Refractor (Red & Orange),partial,target_occupied,"#24 in ""2025 Topps Chrome Marvel - Human Torch Refractor (Red & Orange)"" is held by a different card — needs manual review"
2025 Topps Chrome Marvel,2025 Topps Chrome Marvel - Marvel Anniversaries,24,SuperFractor,1,78997,2025 Topps Chrome Marvel - SuperFractor,exact,target_occupied,"#24 in ""2025 Topps Chrome Marvel - SuperFractor"" is held by a different card — needs manual review"
2025 Topps Chrome Marvel,2025 Topps Chrome Marvel - Marvel Anniversaries,25,Orange Refractor,1,78872,2025 Topps Chrome Marvel - Human Torch Refractor (Red & Orange),partial,target_occupied,"#25 in ""2025 Topps Chrome Marvel - Human Torch Refractor (Red & Orange)"" is held by a different card — needs manual review"
2025 Topps Chrome Marvel,2025 Topps Chrome Marvel - Marvel Anniversaries,25,SuperFractor,1,78998,2025 Topps Chrome Marvel - SuperFractor,exact,target_occupied,"#25 in ""2025 Topps Chrome Marvel - SuperFractor"" is held by a different card — needs manual review"
2025 Topps Chrome Marvel,2025 Topps Chrome Marvel - Marvel Anniversaries,26,SuperFractor,1,79003,2025 Topps Chrome Marvel - SuperFractor,exact,target_occupied,"#26 in ""2025 Topps Chrome Marvel - SuperFractor"" is held by a different card — needs manual review"
2025 Topps Chrome Marvel,2025 Topps Chrome Marvel - Marvel Anniversaries,26,Orange Refractor,1,79020,2025 Topps Chrome Marvel - Human Torch Refractor (Red & Orange),partial,target_occupied,"#26 in ""2025 Topps Chrome Marvel - Human Torch Refractor (Red & Orange)"" is held by a different card — needs manual review"
2025 Topps Chrome Marvel,2025 Topps Chrome Marvel - Marvel Anniversaries,27,Orange Refractor,1,79024,2025 Topps Chrome Marvel - Human Torch Refractor (Red & Orange),partial,target_occupied,"#27 in ""2025 Topps Chrome Marvel - Human Torch Refractor (Red & Orange)"" is held by a different card — needs manual review"
2025 Topps Chrome Marvel,2025 Topps Chrome Marvel - Marvel Anniversaries,27,SuperFractor,1,79026,2025 Topps Chrome Marvel - SuperFractor,exact,target_occupied,"#27 in ""2025 Topps Chrome Marvel - SuperFractor"" is held by a different card — needs manual review"
2025 Topps Chrome Marvel,2025 Topps Chrome Marvel - Marvel Anniversaries,28,Orange Refractor,1,79012,2025 Topps Chrome Marvel - Human Torch Refractor (Red & Orange),partial,target_occupied,"#28 in ""2025 Topps Chrome Marvel - Human Torch Refractor (Red & Orange)"" is held by a different card — needs manual review"
2025 Topps Chrome Marvel,2025 Topps Chrome Marvel - Marvel Anniversaries,28,SuperFractor,1,79014,2025 Topps Chrome Marvel - SuperFractor,exact,target_occupied,"#28 in ""2025 Topps Chrome Marvel - SuperFractor"" is held by a different card — needs manual review"
2025 Topps Chrome Marvel,2025 Topps Chrome Marvel - Marvel Anniversaries,29,Orange Refractor,1,78868,2025 Topps Chrome Marvel - Human Torch Refractor (Red & Orange),partial,target_occupied,"#29 in ""2025 Topps Chrome Marvel - Human Torch Refractor (Red & Orange)"" is held by a different card — needs manual review"
2025 Topps Chrome Marvel,2025 Topps Chrome Marvel - Marvel Anniversaries,29,SuperFractor,1,79032,2025 Topps Chrome Marvel - SuperFractor,exact,target_occupied,"#29 in ""2025 Topps Chrome Marvel - SuperFractor"" is held by a different card — needs manual review"
2025 Topps Chrome Marvel,2025 Topps Chrome Marvel - Marvel Anniversaries,30,Orange Refractor,1,79031,2025 Topps Chrome Marvel - Human Torch Refractor (Red & Orange),partial,target_occupied,"#30 in ""2025 Topps Chrome Marvel - Human Torch Refractor (Red & Orange)"" is held by a different card — needs manual review"
2025 Topps Chrome Marvel,2025 Topps Chrome Marvel - Marvel Anniversaries,30,SuperFractor,1,79043,2025 Topps Chrome Marvel - SuperFractor,exact,target_occupied,"#30 in ""2025 Topps Chrome Marvel - SuperFractor"" is held by a different card — needs manual review"
2025 Topps Chrome Marvel,2025 Topps Chrome Marvel - Marvel Icons,1,Orange Refractor,1,79353,2025 Topps Chrome Marvel - Human Torch Refractor (Red & Orange),partial,target_occupied,"#1 in ""2025 Topps Chrome Marvel - Human Torch Refractor (Red & Orange)"" is held by a different card — needs manual review"
2025 Topps Chrome Marvel,2025 Topps Chrome Marvel - Marvel Icons,1,Black Refractor,1,79362,2025 Topps Chrome Marvel - 50 Years of Nightcrawler Black Refractor,partial,target_occupied,"#1 in ""2025 Topps Chrome Marvel - 50 Years of Nightcrawler Black Refractor"" is held by a different card — needs manual review"
2025 Topps Chrome Marvel,2025 Topps Chrome Marvel - Marvel Icons,1,SuperFractor,1,79369,2025 Topps Chrome Marvel - SuperFractor,exact,target_occupied,"#1 in ""2025 Topps Chrome Marvel - SuperFractor"" is held by a different card — needs manual review"
2025 Topps Chrome Marvel,2025 Topps Chrome Marvel - Marvel Icons,1,Red Wave Refractor,1,79370,2025 Topps Chrome Marvel - 35 Years of Ghost Rider Red Wave Refractor,partial,target_occupied,"#1 in ""2025 Topps Chrome Marvel - 35 Years of Ghost Rider Red Wave Refractor"" is held by a different card — needs manual review"
2025 Topps Chrome Marvel,2025 Topps Chrome Marvel - Marvel Icons,10,Black Refractor,1,79348,2025 Topps Chrome Marvel - 50 Years of Nightcrawler Black Refractor,partial,target_occupied,"#10 in ""2025 Topps Chrome Marvel - 50 Years of Nightcrawler Black Refractor"" is held by a different card — needs manual review"
2025 Topps Chrome Marvel,2025 Topps Chrome Marvel - Marvel Icons,10,Orange Refractor,1,79351,2025 Topps Chrome Marvel - Human Torch Refractor (Red & Orange),partial,target_occupied,"#10 in ""2025 Topps Chrome Marvel - Human Torch Refractor (Red & Orange)"" is held by a different card — needs manual review"
2025 Topps Chrome Marvel,2025 Topps Chrome Marvel - Marvel Icons,10,SuperFractor,1,79386,2025 Topps Chrome Marvel - SuperFractor,exact,target_occupied,"#10 in ""2025 Topps Chrome Marvel - SuperFractor"" is held by a different card — needs manual review"
2025 Topps Chrome Marvel,2025 Topps Chrome Marvel - Marvel Icons,10,Red Wave Refractor,1,79387,2025 Topps Chrome Marvel - 35 Years of Ghost Rider Red Wave Refractor,partial,target_occupied,"#10 in ""2025 Topps Chrome Marvel - 35 Years of Ghost Rider Red Wave Refractor"" is held by a different card — needs manual review"
2025 Topps Chrome Marvel,2025 Topps Chrome Marvel - Marvel Icons,2,Black Refractor,1,79357,2025 Topps Chrome Marvel - 50 Years of Nightcrawler Black Refractor,partial,target_occupied,"#2 in ""2025 Topps Chrome Marvel - 50 Years of Nightcrawler Black Refractor"" is held by a different card — needs manual review"
2025 Topps Chrome Marvel,2025 Topps Chrome Marvel - Marvel Icons,2,SuperFractor,1,79358,2025 Topps Chrome Marvel - SuperFractor,exact,target_occupied,"#2 in ""2025 Topps Chrome Marvel - SuperFractor"" is held by a different card — needs manual review"
2025 Topps Chrome Marvel,2025 Topps Chrome Marvel - Marvel Icons,2,Orange Refractor,1,79360,2025 Topps Chrome Marvel - Human Torch Refractor (Red & Orange),partial,target_occupied,"#2 in ""2025 Topps Chrome Marvel - Human Torch Refractor (Red & Orange)"" is held by a different card — needs manual review"
2025 Topps Chrome Marvel,2025 Topps Chrome Marvel - Marvel Icons,2,Red Wave Refractor,1,79363,2025 Topps Chrome Marvel - 35 Years of Ghost Rider Red Wave Refractor,partial,target_occupied,"#2 in ""2025 Topps Chrome Marvel - 35 Years of Ghost Rider Red Wave Refractor"" is held by a different card — needs manual review"
2025 Topps Chrome Marvel,2025 Topps Chrome Marvel - Marvel Icons,3,Red Wave Refractor,1,79343,2025 Topps Chrome Marvel - 35 Years of Ghost Rider Red Wave Refractor,partial,target_occupied,"#3 in ""2025 Topps Chrome Marvel - 35 Years of Ghost Rider Red Wave Refractor"" is held by a different card — needs manual review"
2025 Topps Chrome Marvel,2025 Topps Chrome Marvel - Marvel Icons,3,Orange Refractor,1,79349,2025 Topps Chrome Marvel - Human Torch Refractor (Red & Orange),partial,target_occupied,"#3 in ""2025 Topps Chrome Marvel - Human Torch Refractor (Red & Orange)"" is held by a different card — needs manual review"
2025 Topps Chrome Marvel,2025 Topps Chrome Marvel - Marvel Icons,3,SuperFractor,1,79371,2025 Topps Chrome Marvel - SuperFractor,exact,target_occupied,"#3 in ""2025 Topps Chrome Marvel - SuperFractor"" is held by a different card — needs manual review"
2025 Topps Chrome Marvel,2025 Topps Chrome Marvel - Marvel Icons,3,Black Refractor,1,79372,2025 Topps Chrome Marvel - 50 Years of Nightcrawler Black Refractor,partial,target_occupied,"#3 in ""2025 Topps Chrome Marvel - 50 Years of Nightcrawler Black Refractor"" is held by a different card — needs manual review"
2025 Topps Chrome Marvel,2025 Topps Chrome Marvel - Marvel Icons,4,Orange Refractor,1,79337,2025 Topps Chrome Marvel - Human Torch Refractor (Red & Orange),partial,target_occupied,"#4 in ""2025 Topps Chrome Marvel - Human Torch Refractor (Red & Orange)"" is held by a different card — needs manual review"
2025 Topps Chrome Marvel,2025 Topps Chrome Marvel - Marvel Icons,4,Black Refractor,1,79345,2025 Topps Chrome Marvel - 50 Years of Nightcrawler Black Refractor,partial,target_occupied,"#4 in ""2025 Topps Chrome Marvel - 50 Years of Nightcrawler Black Refractor"" is held by a different card — needs manual review"
2025 Topps Chrome Marvel,2025 Topps Chrome Marvel - Marvel Icons,4,SuperFractor,1,79380,2025 Topps Chrome Marvel - SuperFractor,exact,target_occupied,"#4 in ""2025 Topps Chrome Marvel - SuperFractor"" is held by a different card — needs manual review"
2025 Topps Chrome Marvel,2025 Topps Chrome Marvel - Marvel Icons,4,Red Wave Refractor,1,79381,2025 Topps Chrome Marvel - 35 Years of Ghost Rider Red Wave Refractor,partial,target_occupied,"#4 in ""2025 Topps Chrome Marvel - 35 Years of Ghost Rider Red Wave Refractor"" is held by a different card — needs manual review"
2025 Topps Chrome Marvel,2025 Topps Chrome Marvel - Marvel Icons,5,SuperFractor,1,79373,2025 Topps Chrome Marvel - SuperFractor,exact,target_occupied,"#5 in ""2025 Topps Chrome Marvel - SuperFractor"" is held by a different card — needs manual review"
2025 Topps Chrome Marvel,2025 Topps Chrome Marvel - Marvel Icons,5,Red Wave Refractor,1,79375,2025 Topps Chrome Marvel - 35 Years of Ghost Rider Red Wave Refractor,partial,target_occupied,"#5 in ""2025 Topps Chrome Marvel - 35 Years of Ghost Rider Red Wave Refractor"" is held by a different card — needs manual review"
2025 Topps Chrome Marvel,2025 Topps Chrome Marvel - Marvel Icons,5,Orange Refractor,1,79383,2025 Topps Chrome Marvel - Human Torch Refractor (Red & Orange),partial,target_occupied,"#5 in ""2025 Topps Chrome Marvel - Human Torch Refractor (Red & Orange)"" is held by a different card — needs manual review"
2025 Topps Chrome Marvel,2025 Topps Chrome Marvel - Marvel Icons,5,Black Refractor,1,79384,2025 Topps Chrome Marvel - 50 Years of Nightcrawler Black Refractor,partial,target_occupied,"#5 in ""2025 Topps Chrome Marvel - 50 Years of Nightcrawler Black Refractor"" is held by a different card — needs manual review"
2025 Topps Chrome Marvel,2025 Topps Chrome Marvel - Marvel Icons,6,SuperFractor,1,78746,2025 Topps Chrome Marvel - SuperFractor,exact,target_occupied,"#6 in ""2025 Topps Chrome Marvel - SuperFractor"" is held by a different card — needs manual review"
2025 Topps Chrome Marvel,2025 Topps Chrome Marvel - Marvel Icons,6,Orange Refractor,1,79359,2025 Topps Chrome Marvel - Human Torch Refractor (Red & Orange),partial,target_occupied,"#6 in ""2025 Topps Chrome Marvel - Human Torch Refractor (Red & Orange)"" is held by a different card — needs manual review"
2025 Topps Chrome Marvel,2025 Topps Chrome Marvel - Marvel Icons,6,Black Refractor,1,79367,2025 Topps Chrome Marvel - 50 Years of Nightcrawler Black Refractor,partial,target_occupied,"#6 in ""2025 Topps Chrome Marvel - 50 Years of Nightcrawler Black Refractor"" is held by a different card — needs manual review"
2025 Topps Chrome Marvel,2025 Topps Chrome Marvel - Marvel Icons,6,Red Wave Refractor,1,79374,2025 Topps Chrome Marvel - 35 Years of Ghost Rider Red Wave Refractor,partial,target_occupied,"#6 in ""2025 Topps Chrome Marvel - 35 Years of Ghost Rider Red Wave Refractor"" is held by a different card — needs manual review"
2025 Topps Chrome Marvel,2025 Topps Chrome Marvel - Marvel Icons,7,Black Refractor,1,79344,2025 Topps Chrome Marvel - 50 Years of Nightcrawler Black Refractor,partial,target_occupied,"#7 in ""2025 Topps Chrome Marvel - 50 Years of Nightcrawler Black Refractor"" is held by a different card — needs manual review"
2025 Topps Chrome Marvel,2025 Topps Chrome Marvel - Marvel Icons,7,Orange Refractor,1,79347,2025 Topps Chrome Marvel - Human Torch Refractor (Red & Orange),partial,target_occupied,"#7 in ""2025 Topps Chrome Marvel - Human Torch Refractor (Red & Orange)"" is held by a different card — needs manual review"
2025 Topps Chrome Marvel,2025 Topps Chrome Marvel - Marvel Icons,7,Red Wave Refractor,1,79355,2025 Topps Chrome Marvel - 35 Years of Ghost Rider Red Wave Refractor,partial,target_occupied,"#7 in ""2025 Topps Chrome Marvel - 35 Years of Ghost Rider Red Wave Refractor"" is held by a different card — needs manual review"
2025 Topps Chrome Marvel,2025 Topps Chrome Marvel - Marvel Icons,7,SuperFractor,1,79385,2025 Topps Chrome Marvel - SuperFractor,exact,target_occupied,"#7 in ""2025 Topps Chrome Marvel - SuperFractor"" is held by a different card — needs manual review"
2025 Topps Chrome Marvel,2025 Topps Chrome Marvel - Marvel Icons,8,Black Refractor,1,79339,2025 Topps Chrome Marvel - 50 Years of Nightcrawler Black Refractor,partial,target_occupied,"#8 in ""2025 Topps Chrome Marvel - 50 Years of Nightcrawler Black Refractor"" is held by a different card — needs manual review"
2025 Topps Chrome Marvel,2025 Topps Chrome Marvel - Marvel Icons,8,Orange Refractor,1,79341,2025 Topps Chrome Marvel - Human Torch Refractor (Red & Orange),partial,target_occupied,"#8 in ""2025 Topps Chrome Marvel - Human Torch Refractor (Red & Orange)"" is held by a different card — needs manual review"
2025 Topps Chrome Marvel,2025 Topps Chrome Marvel - Marvel Icons,8,SuperFractor,1,79376,2025 Topps Chrome Marvel - SuperFractor,exact,target_occupied,"#8 in ""2025 Topps Chrome Marvel - SuperFractor"" is held by a different card — needs manual review"
2025 Topps Chrome Marvel,2025 Topps Chrome Marvel - Marvel Icons,8,Red Wave Refractor,1,79377,2025 Topps Chrome Marvel - 35 Years of Ghost Rider Red Wave Refractor,partial,target_occupied,"#8 in ""2025 Topps Chrome Marvel - 35 Years of Ghost Rider Red Wave Refractor"" is held by a different card — needs manual review"
2025 Topps Chrome Marvel,2025 Topps Chrome Marvel - Marvel Icons,9,SuperFractor,1,79352,2025 Topps Chrome Marvel - SuperFractor,exact,target_occupied,"#9 in ""2025 Topps Chrome Marvel - SuperFractor"" is held by a different card — needs manual review"
2025 Topps Chrome Marvel,2025 Topps Chrome Marvel - Marvel Icons,9,Orange Refractor,1,79361,2025 Topps Chrome Marvel - Human Torch Refractor (Red & Orange),partial,target_occupied,"#9 in ""2025 Topps Chrome Marvel - Human Torch Refractor (Red & Orange)"" is held by a different card — needs manual review"
2025 Topps Chrome Marvel,2025 Topps Chrome Marvel - Marvel Icons,9,Red Wave Refractor,1,79378,2025 Topps Chrome Marvel - 35 Years of Ghost Rider Red Wave Refractor,partial,target_occupied,"#9 in ""2025 Topps Chrome Marvel - 35 Years of Ghost Rider Red Wave Refractor"" is held by a different card — needs manual review"
2025 Topps Chrome Marvel,2025 Topps Chrome Marvel - Marvel Icons,9,Black Refractor,1,79379,2025 Topps Chrome Marvel - 50 Years of Nightcrawler Black Refractor,partial,target_occupied,"#9 in ""2025 Topps Chrome Marvel - 50 Years of Nightcrawler Black Refractor"" is held by a different card — needs manual review"
2025 Topps Chrome Marvel,2025 Topps Chrome Marvel - Marvel Reflections,1,Refractor,1,79588,2025 Topps Chrome Marvel - Refractor,exact,target_occupied,"#1 in ""2025 Topps Chrome Marvel - Refractor"" is held by a different card — needs manual review"
2025 Topps Chrome Marvel,2025 Topps Chrome Marvel - Marvel Reflections,2,Refractor,1,79595,2025 Topps Chrome Marvel - Refractor,exact,target_occupied,"#2 in ""2025 Topps Chrome Marvel - Refractor"" is held by a different card — needs manual review"
2025 Topps Chrome Marvel,2025 Topps Chrome Marvel - Marvel Reflections,3,Refractor,1,78753,2025 Topps Chrome Marvel - Refractor,exact,target_occupied,"#3 in ""2025 Topps Chrome Marvel - Refractor"" is held by a different card — needs manual review"
2025 Topps Chrome Marvel,2025 Topps Chrome Marvel - Marvel Reflections,4,Refractor,1,79592,2025 Topps Chrome Marvel - Refractor,exact,target_occupied,"#4 in ""2025 Topps Chrome Marvel - Refractor"" is held by a different card — needs manual review"
2025 Topps Chrome Marvel,2025 Topps Chrome Marvel - Marvel Reflections,5,Refractor,1,79594,2025 Topps Chrome Marvel - Refractor,exact,target_occupied,"#5 in ""2025 Topps Chrome Marvel - Refractor"" is held by a different card — needs manual review"
2025 Topps Chrome Marvel,2025 Topps Chrome Marvel - The New Avengers 20th Anniversary,1,SuperFractor,1,79544,2025 Topps Chrome Marvel - SuperFractor,exact,target_occupied,"#1 in ""2025 Topps Chrome Marvel - SuperFractor"" is held by a different card — needs manual review"
2025 Topps Chrome Marvel,2025 Topps Chrome Marvel - The New Avengers 20th Anniversary,1,Orange,1,79545,2025 Topps Chrome Marvel - Orange,exact,target_occupied,"#1 in ""2025 Topps Chrome Marvel - Orange"" is held by a different card — needs manual review"
2025 Topps Chrome Marvel,2025 Topps Chrome Marvel - The New Avengers 20th Anniversary,1,Black,1,79546,2025 Topps Chrome Marvel - Black,exact,target_occupied,"#1 in ""2025 Topps Chrome Marvel - Black"" is held by a different card — needs manual review"
2025 Topps Chrome Marvel,2025 Topps Chrome Marvel - The New Avengers 20th Anniversary,10,Orange,1,79556,2025 Topps Chrome Marvel - Orange,exact,target_occupied,"#10 in ""2025 Topps Chrome Marvel - Orange"" is held by a different card — needs manual review"
2025 Topps Chrome Marvel,2025 Topps Chrome Marvel - The New Avengers 20th Anniversary,10,Black,1,79557,2025 Topps Chrome Marvel - Black,exact,target_occupied,"#10 in ""2025 Topps Chrome Marvel - Black"" is held by a different card — needs manual review"
2025 Topps Chrome Marvel,2025 Topps Chrome Marvel - The New Avengers 20th Anniversary,10,SuperFractor,1,79559,2025 Topps Chrome Marvel - SuperFractor,exact,target_occupied,"#10 in ""2025 Topps Chrome Marvel - SuperFractor"" is held by a different card — needs manual review"
2025 Topps Chrome Marvel,2025 Topps Chrome Marvel - The New Avengers 20th Anniversary,2,Black,1,79515,2025 Topps Chrome Marvel - Black,exact,target_occupied,"#2 in ""2025 Topps Chrome Marvel - Black"" is held by a different card — needs manual review"
2025 Topps Chrome Marvel,2025 Topps Chrome Marvel - The New Avengers 20th Anniversary,2,Orange,1,79521,2025 Topps Chrome Marvel - Orange,exact,target_occupied,"#2 in ""2025 Topps Chrome Marvel - Orange"" is held by a different card — needs manual review"
2025 Topps Chrome Marvel,2025 Topps Chrome Marvel - The New Avengers 20th Anniversary,2,SuperFractor,1,79540,2025 Topps Chrome Marvel - SuperFractor,exact,target_occupied,"#2 in ""2025 Topps Chrome Marvel - SuperFractor"" is held by a different card — needs manual review"
2025 Topps Chrome Marvel,2025 Topps Chrome Marvel - The New Avengers 20th Anniversary,3,SuperFractor,1,79525,2025 Topps Chrome Marvel - SuperFractor,exact,target_occupied,"#3 in ""2025 Topps Chrome Marvel - SuperFractor"" is held by a different card — needs manual review"
2025 Topps Chrome Marvel,2025 Topps Chrome Marvel - The New Avengers 20th Anniversary,3,Orange,1,79529,2025 Topps Chrome Marvel - Orange,exact,target_occupied,"#3 in ""2025 Topps Chrome Marvel - Orange"" is held by a different card — needs manual review"
2025 Topps Chrome Marvel,2025 Topps Chrome Marvel - The New Avengers 20th Anniversary,3,Black,1,79530,2025 Topps Chrome Marvel - Black,exact,target_occupied,"#3 in ""2025 Topps Chrome Marvel - Black"" is held by a different card — needs manual review"
2025 Topps Chrome Marvel,2025 Topps Chrome Marvel - The New Avengers 20th Anniversary,4,Orange,1,79513,2025 Topps Chrome Marvel - Orange,exact,target_occupied,"#4 in ""2025 Topps Chrome Marvel - Orange"" is held by a different card — needs manual review"
2025 Topps Chrome Marvel,2025 Topps Chrome Marvel - The New Avengers 20th Anniversary,4,SuperFractor,1,79558,2025 Topps Chrome Marvel - SuperFractor,exact,target_occupied,"#4 in ""2025 Topps Chrome Marvel - SuperFractor"" is held by a different card — needs manual review"
2025 Topps Chrome Marvel,2025 Topps Chrome Marvel - The New Avengers 20th Anniversary,4,Black,1,79560,2025 Topps Chrome Marvel - Black,exact,target_occupied,"#4 in ""2025 Topps Chrome Marvel - Black"" is held by a different card — needs manual review"
2025 Topps Chrome Marvel,2025 Topps Chrome Marvel - The New Avengers 20th Anniversary,5,SuperFractor,1,79534,2025 Topps Chrome Marvel - SuperFractor,exact,target_occupied,"#5 in ""2025 Topps Chrome Marvel - SuperFractor"" is held by a different card — needs manual review"
2025 Topps Chrome Marvel,2025 Topps Chrome Marvel - The New Avengers 20th Anniversary,5,Orange,1,79547,2025 Topps Chrome Marvel - Orange,exact,target_occupied,"#5 in ""2025 Topps Chrome Marvel - Orange"" is held by a different card — needs manual review"
2025 Topps Chrome Marvel,2025 Topps Chrome Marvel - The New Avengers 20th Anniversary,5,Black,1,79548,2025 Topps Chrome Marvel - Black,exact,target_occupied,"#5 in ""2025 Topps Chrome Marvel - Black"" is held by a different card — needs manual review"
2025 Topps Chrome Marvel,2025 Topps Chrome Marvel - The New Avengers 20th Anniversary,6,SuperFractor,1,79550,2025 Topps Chrome Marvel - SuperFractor,exact,target_occupied,"#6 in ""2025 Topps Chrome Marvel - SuperFractor"" is held by a different card — needs manual review"
2025 Topps Chrome Marvel,2025 Topps Chrome Marvel - The New Avengers 20th Anniversary,6,Orange,1,79551,2025 Topps Chrome Marvel - Orange,exact,target_occupied,"#6 in ""2025 Topps Chrome Marvel - Orange"" is held by a different card — needs manual review"
2025 Topps Chrome Marvel,2025 Topps Chrome Marvel - The New Avengers 20th Anniversary,6,Black,1,79552,2025 Topps Chrome Marvel - Black,exact,target_occupied,"#6 in ""2025 Topps Chrome Marvel - Black"" is held by a different card — needs manual review"
2025 Topps Chrome Marvel,2025 Topps Chrome Marvel - The New Avengers 20th Anniversary,7,SuperFractor,1,79533,2025 Topps Chrome Marvel - SuperFractor,exact,target_occupied,"#7 in ""2025 Topps Chrome Marvel - SuperFractor"" is held by a different card — needs manual review"
2025 Topps Chrome Marvel,2025 Topps Chrome Marvel - The New Avengers 20th Anniversary,7,Orange,1,79535,2025 Topps Chrome Marvel - Orange,exact,target_occupied,"#7 in ""2025 Topps Chrome Marvel - Orange"" is held by a different card — needs manual review"
2025 Topps Chrome Marvel,2025 Topps Chrome Marvel - The New Avengers 20th Anniversary,7,Black,1,79536,2025 Topps Chrome Marvel - Black,exact,target_occupied,"#7 in ""2025 Topps Chrome Marvel - Black"" is held by a different card — needs manual review"
2025 Topps Chrome Marvel,2025 Topps Chrome Marvel - The New Avengers 20th Anniversary,8,Orange,1,79509,2025 Topps Chrome Marvel - Orange,exact,target_occupied,"#8 in ""2025 Topps Chrome Marvel - Orange"" is held by a different card — needs manual review"
2025 Topps Chrome Marvel,2025 Topps Chrome Marvel - The New Avengers 20th Anniversary,8,SuperFractor,1,79553,2025 Topps Chrome Marvel - SuperFractor,exact,target_occupied,"#8 in ""2025 Topps Chrome Marvel - SuperFractor"" is held by a different card — needs manual review"
2025 Topps Chrome Marvel,2025 Topps Chrome Marvel - The New Avengers 20th Anniversary,8,Black,1,79554,2025 Topps Chrome Marvel - Black,exact,target_occupied,"#8 in ""2025 Topps Chrome Marvel - Black"" is held by a different card — needs manual review"
2025 Topps Chrome Marvel,2025 Topps Chrome Marvel - The New Avengers 20th Anniversary,9,Orange,1,78740,2025 Topps Chrome Marvel - Orange,exact,target_occupied,"#9 in ""2025 Topps Chrome Marvel - Orange"" is held by a different card — needs manual review"
2025 Topps Chrome Marvel,2025 Topps Chrome Marvel - The New Avengers 20th Anniversary,9,Black,1,79518,2025 Topps Chrome Marvel - Black,exact,target_occupied,"#9 in ""2025 Topps Chrome Marvel - Black"" is held by a different card — needs manual review"
2025 Topps Chrome Marvel,2025 Topps Chrome Marvel - The New Avengers 20th Anniversary,9,SuperFractor,1,79541,2025 Topps Chrome Marvel - SuperFractor,exact,target_occupied,"#9 in ""2025 Topps Chrome Marvel - SuperFractor"" is held by a different card — needs manual review"
2025 Topps Chrome Marvel,2025 Topps Chrome Marvel - Topps Patrimony,1,Red Wave Refractor,1,79564,2025 Topps Chrome Marvel - 35 Years of Ghost Rider Red Wave Refractor,partial,target_occupied,"#1 in ""2025 Topps Chrome Marvel - 35 Years of Ghost Rider Red Wave Refractor"" is held by a different card — needs manual review"
2025 Topps Chrome Marvel,2025 Topps Chrome Marvel - Topps Patrimony,1,SuperFractor,1,79572,2025 Topps Chrome Marvel - SuperFractor,exact,target_occupied,"#1 in ""2025 Topps Chrome Marvel - SuperFractor"" is held by a different card — needs manual review"
2025 Topps Chrome Marvel,2025 Topps Chrome Marvel - Topps Patrimony,1,Black Refractor,1,79576,2025 Topps Chrome Marvel - 50 Years of Nightcrawler Black Refractor,partial,target_occupied,"#1 in ""2025 Topps Chrome Marvel - 50 Years of Nightcrawler Black Refractor"" is held by a different card — needs manual review"
2025 Topps Chrome Marvel,2025 Topps Chrome Marvel - Topps Patrimony,1,Mini-Diamonds Refractor,1,79581,2025 Topps Chrome Marvel - 60 Years of S.H.I.E.L.D. Mini-Diamonds Refractor,partial,target_occupied,"#1 in ""2025 Topps Chrome Marvel - 60 Years of S.H.I.E.L.D. Mini-Diamonds Refractor"" is held by a different card — needs manual review"
2025 Topps Chrome Marvel,2025 Topps Chrome Marvel - Topps Patrimony,2,SuperFractor,1,78761,2025 Topps Chrome Marvel - SuperFractor,exact,target_occupied,"#2 in ""2025 Topps Chrome Marvel - SuperFractor"" is held by a different card — needs manual review"
2025 Topps Chrome Marvel,2025 Topps Chrome Marvel - Topps Patrimony,2,Black Refractor,1,79567,2025 Topps Chrome Marvel - 50 Years of Nightcrawler Black Refractor,partial,target_occupied,"#2 in ""2025 Topps Chrome Marvel - 50 Years of Nightcrawler Black Refractor"" is held by a different card — needs manual review"
2025 Topps Chrome Marvel,2025 Topps Chrome Marvel - Topps Patrimony,2,Mini-Diamonds Refractor,1,79570,2025 Topps Chrome Marvel - 60 Years of S.H.I.E.L.D. Mini-Diamonds Refractor,partial,target_occupied,"#2 in ""2025 Topps Chrome Marvel - 60 Years of S.H.I.E.L.D. Mini-Diamonds Refractor"" is held by a different card — needs manual review"
2025 Topps Chrome Marvel,2025 Topps Chrome Marvel - Topps Patrimony,2,Red Wave Refractor,1,79579,2025 Topps Chrome Marvel - 35 Years of Ghost Rider Red Wave Refractor,partial,target_occupied,"#2 in ""2025 Topps Chrome Marvel - 35 Years of Ghost Rider Red Wave Refractor"" is held by a different card — needs manual review"
2025 Topps Chrome Marvel,2025 Topps Chrome Marvel - Topps Patrimony,3,Mini-Diamonds Refractor,1,79565,2025 Topps Chrome Marvel - 60 Years of S.H.I.E.L.D. Mini-Diamonds Refractor,partial,target_occupied,"#3 in ""2025 Topps Chrome Marvel - 60 Years of S.H.I.E.L.D. Mini-Diamonds Refractor"" is held by a different card — needs manual review"
2025 Topps Chrome Marvel,2025 Topps Chrome Marvel - Topps Patrimony,3,SuperFractor,1,79573,2025 Topps Chrome Marvel - SuperFractor,exact,target_occupied,"#3 in ""2025 Topps Chrome Marvel - SuperFractor"" is held by a different card — needs manual review"
2025 Topps Chrome Marvel,2025 Topps Chrome Marvel - Topps Patrimony,3,Black Refractor,1,79574,2025 Topps Chrome Marvel - 50 Years of Nightcrawler Black Refractor,partial,target_occupied,"#3 in ""2025 Topps Chrome Marvel - 50 Years of Nightcrawler Black Refractor"" is held by a different card — needs manual review"
2025 Topps Chrome Marvel,2025 Topps Chrome Marvel - Topps Patrimony,3,Red Wave Refractor,1,79578,2025 Topps Chrome Marvel - 35 Years of Ghost Rider Red Wave Refractor,partial,target_occupied,"#3 in ""2025 Topps Chrome Marvel - 35 Years of Ghost Rider Red Wave Refractor"" is held by a different card — needs manual review"
2025 Topps Chrome Marvel,2025 Topps Chrome Marvel - Topps Patrimony,4,Mini-Diamonds Refractor,1,79577,2025 Topps Chrome Marvel - 60 Years of S.H.I.E.L.D. Mini-Diamonds Refractor,partial,target_occupied,"#4 in ""2025 Topps Chrome Marvel - 60 Years of S.H.I.E.L.D. Mini-Diamonds Refractor"" is held by a different card — needs manual review"
2025 Topps Chrome Marvel,2025 Topps Chrome Marvel - Topps Patrimony,4,Red Wave Refractor,1,79580,2025 Topps Chrome Marvel - 35 Years of Ghost Rider Red Wave Refractor,partial,target_occupied,"#4 in ""2025 Topps Chrome Marvel - 35 Years of Ghost Rider Red Wave Refractor"" is held by a different card — needs manual review"
2025 Topps Chrome Marvel,2025 Topps Chrome Marvel - Topps Patrimony,4,SuperFractor,1,79582,2025 Topps Chrome Marvel - SuperFractor,exact,target_occupied,"#4 in ""2025 Topps Chrome Marvel - SuperFractor"" is held by a different card — needs manual review"
2025 Topps Chrome Marvel,2025 Topps Chrome Marvel - Topps Patrimony,4,Black Refractor,1,79586,2025 Topps Chrome Marvel - 50 Years of Nightcrawler Black Refractor,partial,target_occupied,"#4 in ""2025 Topps Chrome Marvel - 50 Years of Nightcrawler Black Refractor"" is held by a different card — needs manual review"
2025 Topps Chrome Marvel,2025 Topps Chrome Marvel - Topps Patrimony,5,Black Refractor,1,79571,2025 Topps Chrome Marvel - 50 Years of Nightcrawler Black Refractor,partial,target_occupied,"#5 in ""2025 Topps Chrome Marvel - 50 Years of Nightcrawler Black Refractor"" is held by a different card — needs manual review"
2025 Topps Chrome Marvel,2025 Topps Chrome Marvel - Topps Patrimony,5,SuperFractor,1,79583,2025 Topps Chrome Marvel - SuperFractor,exact,target_occupied,"#5 in ""2025 Topps Chrome Marvel - SuperFractor"" is held by a different card — needs manual review"
2025 Topps Chrome Marvel,2025 Topps Chrome Marvel - Topps Patrimony,5,Mini-Diamonds Refractor,1,79584,2025 Topps Chrome Marvel - 60 Years of S.H.I.E.L.D. Mini-Diamonds Refractor,partial,target_occupied,"#5 in ""2025 Topps Chrome Marvel - 60 Years of S.H.I.E.L.D. Mini-Diamonds Refractor"" is held by a different card — needs manual review"
2025 Topps Chrome Marvel,2025 Topps Chrome Marvel - Topps Patrimony,5,Red Wave Refractor,1,79585,2025 Topps Chrome Marvel - 35 Years of Ghost Rider Red Wave Refractor,partial,target_occupied,"#5 in ""2025 Topps Chrome Marvel - 35 Years of Ghost Rider Red Wave Refractor"" is held by a different card — needs manual review"
2025 Topps Chrome Marvel,2025 Topps Chrome Marvel - X-Men Giant Size 50th Anniversary,1,SuperFractor,1,81348,2025 Topps Chrome Marvel - SuperFractor,exact,target_occupied,"#1 in ""2025 Topps Chrome Marvel - SuperFractor"" is held by a different card — needs manual review"
2025 Topps Chrome Marvel,2025 Topps Chrome Marvel - X-Men Giant Size 50th Anniversary,1,Red Wave Refractor,1,81349,2025 Topps Chrome Marvel - 35 Years of Ghost Rider Red Wave Refractor,partial,target_occupied,"#1 in ""2025 Topps Chrome Marvel - 35 Years of Ghost Rider Red Wave Refractor"" is held by a different card — needs manual review"
2025 Topps Chrome Marvel,2025 Topps Chrome Marvel - X-Men Giant Size 50th Anniversary,1,Orange Refractor,1,81351,2025 Topps Chrome Marvel - Human Torch Refractor (Red & Orange),partial,target_occupied,"#1 in ""2025 Topps Chrome Marvel - Human Torch Refractor (Red & Orange)"" is held by a different card — needs manual review"
2025 Topps Chrome Marvel,2025 Topps Chrome Marvel - X-Men Giant Size 50th Anniversary,1,Black Refractor,1,81352,2025 Topps Chrome Marvel - 50 Years of Nightcrawler Black Refractor,partial,target_occupied,"#1 in ""2025 Topps Chrome Marvel - 50 Years of Nightcrawler Black Refractor"" is held by a different card — needs manual review"
2025 Topps Chrome Marvel,2025 Topps Chrome Marvel - X-Men Giant Size 50th Anniversary,10,SuperFractor,1,81366,2025 Topps Chrome Marvel - SuperFractor,exact,target_occupied,"#10 in ""2025 Topps Chrome Marvel - SuperFractor"" is held by a different card — needs manual review"
2025 Topps Chrome Marvel,2025 Topps Chrome Marvel - X-Men Giant Size 50th Anniversary,10,Red Wave Refractor,1,81368,2025 Topps Chrome Marvel - 35 Years of Ghost Rider Red Wave Refractor,partial,target_occupied,"#10 in ""2025 Topps Chrome Marvel - 35 Years of Ghost Rider Red Wave Refractor"" is held by a different card — needs manual review"
2025 Topps Chrome Marvel,2025 Topps Chrome Marvel - X-Men Giant Size 50th Anniversary,10,Orange Refractor,1,81370,2025 Topps Chrome Marvel - Human Torch Refractor (Red & Orange),partial,target_occupied,"#10 in ""2025 Topps Chrome Marvel - Human Torch Refractor (Red & Orange)"" is held by a different card — needs manual review"
2025 Topps Chrome Marvel,2025 Topps Chrome Marvel - X-Men Giant Size 50th Anniversary,10,Black Refractor,1,81371,2025 Topps Chrome Marvel - 50 Years of Nightcrawler Black Refractor,partial,target_occupied,"#10 in ""2025 Topps Chrome Marvel - 50 Years of Nightcrawler Black Refractor"" is held by a different card — needs manual review"
2025 Topps Chrome Marvel,2025 Topps Chrome Marvel - X-Men Giant Size 50th Anniversary,2,SuperFractor,1,81373,2025 Topps Chrome Marvel - SuperFractor,exact,target_occupied,"#2 in ""2025 Topps Chrome Marvel - SuperFractor"" is held by a different card — needs manual review"
2025 Topps Chrome Marvel,2025 Topps Chrome Marvel - X-Men Giant Size 50th Anniversary,2,Red Wave Refractor,1,81377,2025 Topps Chrome Marvel - 35 Years of Ghost Rider Red Wave Refractor,partial,target_occupied,"#2 in ""2025 Topps Chrome Marvel - 35 Years of Ghost Rider Red Wave Refractor"" is held by a different card — needs manual review"
2025 Topps Chrome Marvel,2025 Topps Chrome Marvel - X-Men Giant Size 50th Anniversary,2,Orange Refractor,1,81379,2025 Topps Chrome Marvel - Human Torch Refractor (Red & Orange),partial,target_occupied,"#2 in ""2025 Topps Chrome Marvel - Human Torch Refractor (Red & Orange)"" is held by a different card — needs manual review"
2025 Topps Chrome Marvel,2025 Topps Chrome Marvel - X-Men Giant Size 50th Anniversary,2,Black Refractor,1,81380,2025 Topps Chrome Marvel - 50 Years of Nightcrawler Black Refractor,partial,target_occupied,"#2 in ""2025 Topps Chrome Marvel - 50 Years of Nightcrawler Black Refractor"" is held by a different card — needs manual review"
2025 Topps Chrome Marvel,2025 Topps Chrome Marvel - X-Men Giant Size 50th Anniversary,4,SuperFractor,1,81354,2025 Topps Chrome Marvel - SuperFractor,exact,target_occupied,"#4 in ""2025 Topps Chrome Marvel - SuperFractor"" is held by a different card — needs manual review"
2025 Topps Chrome Marvel,2025 Topps Chrome Marvel - X-Men Giant Size 50th Anniversary,4,Red Wave Refractor,1,81355,2025 Topps Chrome Marvel - 35 Years of Ghost Rider Red Wave Refractor,partial,target_occupied,"#4 in ""2025 Topps Chrome Marvel - 35 Years of Ghost Rider Red Wave Refractor"" is held by a different card — needs manual review"
2025 Topps Chrome Marvel,2025 Topps Chrome Marvel - X-Men Giant Size 50th Anniversary,4,Orange Refractor,1,81358,2025 Topps Chrome Marvel - Human Torch Refractor (Red & Orange),partial,target_occupied,"#4 in ""2025 Topps Chrome Marvel - Human Torch Refractor (Red & Orange)"" is held by a different card — needs manual review"
2025 Topps Chrome Marvel,2025 Topps Chrome Marvel - X-Men Giant Size 50th Anniversary,4,Black Refractor,1,81359,2025 Topps Chrome Marvel - 50 Years of Nightcrawler Black Refractor,partial,target_occupied,"#4 in ""2025 Topps Chrome Marvel - 50 Years of Nightcrawler Black Refractor"" is held by a different card — needs manual review"
2025 Topps Chrome Marvel,2025 Topps Chrome Marvel - X-Men Giant Size 50th Anniversary,5,Orange Refractor,1,81334,2025 Topps Chrome Marvel - Human Torch Refractor (Red & Orange),partial,target_occupied,"#5 in ""2025 Topps Chrome Marvel - Human Torch Refractor (Red & Orange)"" is held by a different card — needs manual review"
2025 Topps Chrome Marvel,2025 Topps Chrome Marvel - X-Men Giant Size 50th Anniversary,5,Black Refractor,1,81336,2025 Topps Chrome Marvel - 50 Years of Nightcrawler Black Refractor,partial,target_occupied,"#5 in ""2025 Topps Chrome Marvel - 50 Years of Nightcrawler Black Refractor"" is held by a different card — needs manual review"
2025 Topps Chrome Marvel,2025 Topps Chrome Marvel - X-Men Giant Size 50th Anniversary,5,Red Wave Refractor,1,81337,2025 Topps Chrome Marvel - 35 Years of Ghost Rider Red Wave Refractor,partial,target_occupied,"#5 in ""2025 Topps Chrome Marvel - 35 Years of Ghost Rider Red Wave Refractor"" is held by a different card — needs manual review"
2025 Topps Chrome Marvel,2025 Topps Chrome Marvel - X-Men Giant Size 50th Anniversary,5,SuperFractor,1,81381,2025 Topps Chrome Marvel - SuperFractor,exact,target_occupied,"#5 in ""2025 Topps Chrome Marvel - SuperFractor"" is held by a different card — needs manual review"
2025 Topps Chrome Marvel,2025 Topps Chrome Marvel - X-Men Giant Size 50th Anniversary,6,Orange Refractor,1,81339,2025 Topps Chrome Marvel - Human Torch Refractor (Red & Orange),partial,target_occupied,"#6 in ""2025 Topps Chrome Marvel - Human Torch Refractor (Red & Orange)"" is held by a different card — needs manual review"
2025 Topps Chrome Marvel,2025 Topps Chrome Marvel - X-Men Giant Size 50th Anniversary,6,SuperFractor,1,81360,2025 Topps Chrome Marvel - SuperFractor,exact,target_occupied,"#6 in ""2025 Topps Chrome Marvel - SuperFractor"" is held by a different card — needs manual review"
2025 Topps Chrome Marvel,2025 Topps Chrome Marvel - X-Men Giant Size 50th Anniversary,6,Red Wave Refractor,1,81363,2025 Topps Chrome Marvel - 35 Years of Ghost Rider Red Wave Refractor,partial,target_occupied,"#6 in ""2025 Topps Chrome Marvel - 35 Years of Ghost Rider Red Wave Refractor"" is held by a different card — needs manual review"
2025 Topps Chrome Marvel,2025 Topps Chrome Marvel - X-Men Giant Size 50th Anniversary,6,Black Refractor,1,81384,2025 Topps Chrome Marvel - 50 Years of Nightcrawler Black Refractor,partial,target_occupied,"#6 in ""2025 Topps Chrome Marvel - 50 Years of Nightcrawler Black Refractor"" is held by a different card — needs manual review"
2025 Topps Chrome Marvel,2025 Topps Chrome Marvel - X-Men Giant Size 50th Anniversary,7,Orange Refractor,1,81338,2025 Topps Chrome Marvel - Human Torch Refractor (Red & Orange),partial,target_occupied,"#7 in ""2025 Topps Chrome Marvel - Human Torch Refractor (Red & Orange)"" is held by a different card — needs manual review"
2025 Topps Chrome Marvel,2025 Topps Chrome Marvel - X-Men Giant Size 50th Anniversary,7,SuperFractor,1,81361,2025 Topps Chrome Marvel - SuperFractor,exact,target_occupied,"#7 in ""2025 Topps Chrome Marvel - SuperFractor"" is held by a different card — needs manual review"
2025 Topps Chrome Marvel,2025 Topps Chrome Marvel - X-Men Giant Size 50th Anniversary,7,Red Wave Refractor,1,81364,2025 Topps Chrome Marvel - 35 Years of Ghost Rider Red Wave Refractor,partial,target_occupied,"#7 in ""2025 Topps Chrome Marvel - 35 Years of Ghost Rider Red Wave Refractor"" is held by a different card — needs manual review"
2025 Topps Chrome Marvel,2025 Topps Chrome Marvel - X-Men Giant Size 50th Anniversary,7,Black Refractor,1,81365,2025 Topps Chrome Marvel - 50 Years of Nightcrawler Black Refractor,partial,target_occupied,"#7 in ""2025 Topps Chrome Marvel - 50 Years of Nightcrawler Black Refractor"" is held by a different card — needs manual review"
2025 Topps Chrome Marvel,2025 Topps Chrome Marvel - X-Men Giant Size 50th Anniversary,8,SuperFractor,1,81385,2025 Topps Chrome Marvel - SuperFractor,exact,target_occupied,"#8 in ""2025 Topps Chrome Marvel - SuperFractor"" is held by a different card — needs manual review"
2025 Topps Chrome Marvel,2025 Topps Chrome Marvel - X-Men Giant Size 50th Anniversary,8,Red Wave Refractor,1,81386,2025 Topps Chrome Marvel - 35 Years of Ghost Rider Red Wave Refractor,partial,target_occupied,"#8 in ""2025 Topps Chrome Marvel - 35 Years of Ghost Rider Red Wave Refractor"" is held by a different card — needs manual review"
2025 Topps Chrome Marvel,2025 Topps Chrome Marvel - X-Men Giant Size 50th Anniversary,8,Orange Refractor,1,81387,2025 Topps Chrome Marvel - Human Torch Refractor (Red & Orange),partial,target_occupied,"#8 in ""2025 Topps Chrome Marvel - Human Torch Refractor (Red & Orange)"" is held by a different card — needs manual review"
2025 Topps Chrome Marvel,2025 Topps Chrome Marvel - X-Men Giant Size 50th Anniversary,8,Black Refractor,1,81388,2025 Topps Chrome Marvel - 50 Years of Nightcrawler Black Refractor,partial,target_occupied,"#8 in ""2025 Topps Chrome Marvel - 50 Years of Nightcrawler Black Refractor"" is held by a different card — needs manual review"
2025 Topps Chrome Marvel,2025 Topps Chrome Marvel - X-Men Giant Size 50th Anniversary,9,SuperFractor,1,81367,2025 Topps Chrome Marvel - SuperFractor,exact,target_occupied,"#9 in ""2025 Topps Chrome Marvel - SuperFractor"" is held by a different card — needs manual review"
2025 Topps Chrome Marvel,2025 Topps Chrome Marvel - X-Men Giant Size 50th Anniversary,9,Red Wave Refractor,1,81372,2025 Topps Chrome Marvel - 35 Years of Ghost Rider Red Wave Refractor,partial,target_occupied,"#9 in ""2025 Topps Chrome Marvel - 35 Years of Ghost Rider Red Wave Refractor"" is held by a different card — needs manual review"
2025 Topps Chrome Marvel,2025 Topps Chrome Marvel - X-Men Giant Size 50th Anniversary,9,Orange Refractor,1,81390,2025 Topps Chrome Marvel - Human Torch Refractor (Red & Orange),partial,target_occupied,"#9 in ""2025 Topps Chrome Marvel - Human Torch Refractor (Red & Orange)"" is held by a different card — needs manual review"
2025 Topps Chrome Marvel,2025 Topps Chrome Marvel - X-Men Giant Size 50th Anniversary,9,Black Refractor,1,81391,2025 Topps Chrome Marvel - 50 Years of Nightcrawler Black Refractor,partial,target_occupied,"#9 in ""2025 Topps Chrome Marvel - 50 Years of Nightcrawler Black Refractor"" is held by a different card — needs manual review"
2025 Topps Chrome Marvel,2025 Topps Chrome Marvel - X-Men Giant Size 50th Anniversary,3,SuperFractor,1,81356,2025 Topps Chrome Marvel - SuperFractor,exact,target_occupied,"#3 in ""2025 Topps Chrome Marvel - SuperFractor"" is held by a different card — needs manual review"
2025 Topps Chrome Marvel,2025 Topps Chrome Marvel - X-Men Giant Size 50th Anniversary,3,Orange Refractor,1,81375,2025 Topps Chrome Marvel - Human Torch Refractor (Red & Orange),partial,target_occupied,"#3 in ""2025 Topps Chrome Marvel - Human Torch Refractor (Red & Orange)"" is held by a different card — needs manual review"
2025 Topps Chrome Marvel,2025 Topps Chrome Marvel - X-Men Giant Size 50th Anniversary,3,Black Refractor,1,81376,2025 Topps Chrome Marvel - 50 Years of Nightcrawler Black Refractor,partial,target_occupied,"#3 in ""2025 Topps Chrome Marvel - 50 Years of Nightcrawler Black Refractor"" is held by a different card — needs manual review"
2025 Topps Chrome Marvel Studios,2025 Topps Chrome Marvel Studios - Daredevil Born Again,23,Black,1,80495,2025 Topps Chrome Marvel Studios - Agatha All Along Tarot Cards Black Refractor,partial,target_occupied,"#23 in ""2025 Topps Chrome Marvel Studios - Agatha All Along Tarot Cards Black Refractor"" is held by a different card — needs manual review"
2025 Topps Chrome Marvel Studios,2025 Topps Chrome Marvel Studios - Daredevil Born Again,23,Red,1,80565,2025 Topps Chrome Marvel Studios - Autographs Red Refractor,partial,target_occupied,"#23 in ""2025 Topps Chrome Marvel Studios - Autographs Red Refractor"" is held by a different card — needs manual review"
2025 Topps Chrome Marvel Studios,2025 Topps Chrome Marvel Studios - TVA Pruning,23,Superfractor,1,81236,2025 Topps Chrome Marvel Studios - Agatha All Along Tarot Cards Superfractor,partial,target_occupied,"#23 in ""2025 Topps Chrome Marvel Studios - Agatha All Along Tarot Cards Superfractor"" is held by a different card — needs manual review"
2025 Topps Chrome Marvel Studios,2025 Topps Chrome Marvel Studios - TVA Pruning,23,Orange,1,81240,2025 Topps Chrome Marvel Studios - Captain America: Brave New World Orange Refractor,partial,target_occupied,"#23 in ""2025 Topps Chrome Marvel Studios - Captain America: Brave New World Orange Refractor"" is held by a different card — needs manual review"
2025 Topps Chrome Marvel Studios,2025 Topps Chrome Marvel Studios - TVA Pruning,23,Black,1,81241,2025 Topps Chrome Marvel Studios - Agatha All Along Tarot Cards Black Refractor,partial,target_occupied,"#23 in ""2025 Topps Chrome Marvel Studios - Agatha All Along Tarot Cards Black Refractor"" is held by a different card — needs manual review"
2025 Topps Chrome Marvel Studios,2025 Topps Chrome Marvel Studios - TVA Pruning,23,Gold,1,81242,2025 Topps Chrome Marvel Studios - Captain America: Brave New World Gold Refractor,partial,target_occupied,"#23 in ""2025 Topps Chrome Marvel Studios - Captain America: Brave New World Gold Refractor"" is held by a different card — needs manual review"
2025 Topps Chrome Marvel Studios,2025 Topps Chrome Marvel Studios - TVA Pruning,23,Red,1,81243,2025 Topps Chrome Marvel Studios - Autographs Red Refractor,partial,target_occupied,"#23 in ""2025 Topps Chrome Marvel Studios - Autographs Red Refractor"" is held by a different card — needs manual review"
2025 Topps Chrome Marvel Studios,2025 Topps Chrome Marvel Studios - TVA Pruning,17,Red,1,81202,2025 Topps Chrome Marvel Studios - Autographs Red Refractor,partial,target_occupied,"#17 in ""2025 Topps Chrome Marvel Studios - Autographs Red Refractor"" is held by a different card — needs manual review"
2025 Topps Chrome Marvel Studios,2025 Topps Chrome Marvel Studios - TVA Pruning,17,Orange,1,81300,2025 Topps Chrome Marvel Studios - Captain America: Brave New World Orange Refractor,partial,target_occupied,"#17 in ""2025 Topps Chrome Marvel Studios - Captain America: Brave New World Orange Refractor"" is held by a different card — needs manual review"
2025 Topps Chrome Marvel Studios,2025 Topps Chrome Marvel Studios - TVA Pruning,17,Black,1,81301,2025 Topps Chrome Marvel Studios - Agatha All Along Tarot Cards Black Refractor,partial,target_occupied,"#17 in ""2025 Topps Chrome Marvel Studios - Agatha All Along Tarot Cards Black Refractor"" is held by a different card — needs manual review"
2025 Topps Chrome Marvel Studios,2025 Topps Chrome Marvel Studios - TVA Pruning,17,Gold,1,81302,2025 Topps Chrome Marvel Studios - Captain America: Brave New World Gold Refractor,partial,target_occupied,"#17 in ""2025 Topps Chrome Marvel Studios - Captain America: Brave New World Gold Refractor"" is held by a different card — needs manual review"
2025 Topps Chrome Marvel Studios,2025 Topps Chrome Marvel Studios - TVA Pruning,9,Gold,1,79858,2025 Topps Chrome Marvel Studios - Captain America: Brave New World Gold Refractor,partial,target_occupied,"#9 in ""2025 Topps Chrome Marvel Studios - Captain America: Brave New World Gold Refractor"" is held by a different card — needs manual review"
2025 Topps Chrome Marvel Studios,2025 Topps Chrome Marvel Studios - TVA Pruning,9,Orange,1,81268,2025 Topps Chrome Marvel Studios - Captain America: Brave New World Orange Refractor,partial,target_occupied,"#9 in ""2025 Topps Chrome Marvel Studios - Captain America: Brave New World Orange Refractor"" is held by a different card — needs manual review"
2025 Topps Chrome Marvel Studios,2025 Topps Chrome Marvel Studios - TVA Pruning,9,Black,1,81269,2025 Topps Chrome Marvel Studios - Agatha All Along Tarot Cards Black Refractor,partial,target_occupied,"#9 in ""2025 Topps Chrome Marvel Studios - Agatha All Along Tarot Cards Black Refractor"" is held by a different card — needs manual review"
2025 Topps Chrome Marvel Studios,2025 Topps Chrome Marvel Studios - TVA Pruning,9,Red,1,81271,2025 Topps Chrome Marvel Studios - Autographs Red Refractor,partial,target_occupied,"#9 in ""2025 Topps Chrome Marvel Studios - Autographs Red Refractor"" is held by a different card — needs manual review"
2025 Topps Chrome Marvel Studios,2025 Topps Chrome Marvel Studios - TVA Pruning,10,Gold,1,81171,2025 Topps Chrome Marvel Studios - Captain America: Brave New World Gold Refractor,partial,target_occupied,"#10 in ""2025 Topps Chrome Marvel Studios - Captain America: Brave New World Gold Refractor"" is held by a different card — needs manual review"
2025 Topps Chrome Marvel Studios,2025 Topps Chrome Marvel Studios - TVA Pruning,10,Red,1,81272,2025 Topps Chrome Marvel Studios - Autographs Red Refractor,partial,target_occupied,"#10 in ""2025 Topps Chrome Marvel Studios - Autographs Red Refractor"" is held by a different card — needs manual review"
2025 Topps Chrome Marvel Studios,2025 Topps Chrome Marvel Studios - TVA Pruning,10,Black,1,81274,2025 Topps Chrome Marvel Studios - Agatha All Along Tarot Cards Black Refractor,partial,target_occupied,"#10 in ""2025 Topps Chrome Marvel Studios - Agatha All Along Tarot Cards Black Refractor"" is held by a different card — needs manual review"
2025 Topps Chrome Marvel Studios,2025 Topps Chrome Marvel Studios - TVA Pruning,11,Black,1,81277,2025 Topps Chrome Marvel Studios - Agatha All Along Tarot Cards Black Refractor,partial,target_occupied,"#11 in ""2025 Topps Chrome Marvel Studios - Agatha All Along Tarot Cards Black Refractor"" is held by a different card — needs manual review"
2025 Topps Chrome Marvel Studios,2025 Topps Chrome Marvel Studios - TVA Pruning,11,Gold,1,81278,2025 Topps Chrome Marvel Studios - Captain America: Brave New World Gold Refractor,partial,target_occupied,"#11 in ""2025 Topps Chrome Marvel Studios - Captain America: Brave New World Gold Refractor"" is held by a different card — needs manual review"
2025 Topps Chrome Marvel Studios,2025 Topps Chrome Marvel Studios - TVA Pruning,11,Red,1,81279,2025 Topps Chrome Marvel Studios - Autographs Red Refractor,partial,target_occupied,"#11 in ""2025 Topps Chrome Marvel Studios - Autographs Red Refractor"" is held by a different card — needs manual review"
2025 Topps Chrome Marvel Studios,2025 Topps Chrome Marvel Studios - TVA Pruning,16,Orange,1,81182,2025 Topps Chrome Marvel Studios - Captain America: Brave New World Orange Refractor,partial,target_occupied,"#16 in ""2025 Topps Chrome Marvel Studios - Captain America: Brave New World Orange Refractor"" is held by a different card — needs manual review"
2025 Topps Chrome Marvel Studios,2025 Topps Chrome Marvel Studios - TVA Pruning,16,Black,1,81296,2025 Topps Chrome Marvel Studios - Agatha All Along Tarot Cards Black Refractor,partial,target_occupied,"#16 in ""2025 Topps Chrome Marvel Studios - Agatha All Along Tarot Cards Black Refractor"" is held by a different card — needs manual review"
2025 Topps Chrome Marvel Studios,2025 Topps Chrome Marvel Studios - TVA Pruning,16,Red,1,81298,2025 Topps Chrome Marvel Studios - Autographs Red Refractor,partial,target_occupied,"#16 in ""2025 Topps Chrome Marvel Studios - Autographs Red Refractor"" is held by a different card — needs manual review"
2025 Topps Chrome Marvel Studios,2025 Topps Chrome Marvel Studios - TVA Pruning,2,Red,1,81188,2025 Topps Chrome Marvel Studios - Autographs Red Refractor,partial,target_occupied,"#2 in ""2025 Topps Chrome Marvel Studios - Autographs Red Refractor"" is held by a different card — needs manual review"
2025 Topps Chrome Marvel Studios,2025 Topps Chrome Marvel Studios - TVA Pruning,2,Black,1,81191,2025 Topps Chrome Marvel Studios - Agatha All Along Tarot Cards Black Refractor,partial,target_occupied,"#2 in ""2025 Topps Chrome Marvel Studios - Agatha All Along Tarot Cards Black Refractor"" is held by a different card — needs manual review"
2025 Topps Chrome Marvel Studios,2025 Topps Chrome Marvel Studios - TVA Pruning,2,Gold,1,81192,2025 Topps Chrome Marvel Studios - Captain America: Brave New World Gold Refractor,partial,target_occupied,"#2 in ""2025 Topps Chrome Marvel Studios - Captain America: Brave New World Gold Refractor"" is held by a different card — needs manual review"
2025 Topps Chrome Marvel Studios,2025 Topps Chrome Marvel Studios - TVA Pruning,8,Gold,1,81257,2025 Topps Chrome Marvel Studios - Captain America: Brave New World Gold Refractor,partial,target_occupied,"#8 in ""2025 Topps Chrome Marvel Studios - Captain America: Brave New World Gold Refractor"" is held by a different card — needs manual review"
2025 Topps Chrome Marvel Studios,2025 Topps Chrome Marvel Studios - TVA Pruning,8,Black,1,81263,2025 Topps Chrome Marvel Studios - Agatha All Along Tarot Cards Black Refractor,partial,target_occupied,"#8 in ""2025 Topps Chrome Marvel Studios - Agatha All Along Tarot Cards Black Refractor"" is held by a different card — needs manual review"
2025 Topps Chrome Marvel Studios,2025 Topps Chrome Marvel Studios - TVA Pruning,8,Red,1,81265,2025 Topps Chrome Marvel Studios - Autographs Red Refractor,partial,target_occupied,"#8 in ""2025 Topps Chrome Marvel Studios - Autographs Red Refractor"" is held by a different card — needs manual review"
2025 Topps Chrome Marvel Studios,2025 Topps Chrome Marvel Studios - TVA Pruning,1,Black,1,81195,2025 Topps Chrome Marvel Studios - Agatha All Along Tarot Cards Black Refractor,partial,target_occupied,"#1 in ""2025 Topps Chrome Marvel Studios - Agatha All Along Tarot Cards Black Refractor"" is held by a different card — needs manual review"
2025 Topps Chrome Marvel Studios,2025 Topps Chrome Marvel Studios - TVA Pruning,1,Red,1,81196,2025 Topps Chrome Marvel Studios - Autographs Red Refractor,partial,target_occupied,"#1 in ""2025 Topps Chrome Marvel Studios - Autographs Red Refractor"" is held by a different card — needs manual review"
2025 Topps Chrome Marvel Studios,2025 Topps Chrome Marvel Studios - TVA Pruning,12,Black,1,81287,2025 Topps Chrome Marvel Studios - Agatha All Along Tarot Cards Black Refractor,partial,target_occupied,"#12 in ""2025 Topps Chrome Marvel Studios - Agatha All Along Tarot Cards Black Refractor"" is held by a different card — needs manual review"
2025 Topps Chrome Marvel Studios,2025 Topps Chrome Marvel Studios - TVA Pruning,12,Red,1,81288,2025 Topps Chrome Marvel Studios - Autographs Red Refractor,partial,target_occupied,"#12 in ""2025 Topps Chrome Marvel Studios - Autographs Red Refractor"" is held by a different card — needs manual review"
2025 Topps Chrome Marvel Studios,2025 Topps Chrome Marvel Studios - TVA Pruning,13,Black,1,81282,2025 Topps Chrome Marvel Studios - Agatha All Along Tarot Cards Black Refractor,partial,target_occupied,"#13 in ""2025 Topps Chrome Marvel Studios - Agatha All Along Tarot Cards Black Refractor"" is held by a different card — needs manual review"
2025 Topps Chrome Marvel Studios,2025 Topps Chrome Marvel Studios - TVA Pruning,13,Red,1,81284,2025 Topps Chrome Marvel Studios - Autographs Red Refractor,partial,target_occupied,"#13 in ""2025 Topps Chrome Marvel Studios - Autographs Red Refractor"" is held by a different card — needs manual review"
2025 Topps Chrome Marvel Studios,2025 Topps Chrome Marvel Studios - TVA Pruning,14,Black,1,81292,2025 Topps Chrome Marvel Studios - Agatha All Along Tarot Cards Black Refractor,partial,target_occupied,"#14 in ""2025 Topps Chrome Marvel Studios - Agatha All Along Tarot Cards Black Refractor"" is held by a different card — needs manual review"
2025 Topps Chrome Marvel Studios,2025 Topps Chrome Marvel Studios - TVA Pruning,14,Red,1,81293,2025 Topps Chrome Marvel Studios - Autographs Red Refractor,partial,target_occupied,"#14 in ""2025 Topps Chrome Marvel Studios - Autographs Red Refractor"" is held by a different card — needs manual review"
2025 Topps Chrome Marvel Studios,2025 Topps Chrome Marvel Studios - TVA Pruning,18,Black,1,81205,2025 Topps Chrome Marvel Studios - Agatha All Along Tarot Cards Black Refractor,partial,target_occupied,"#18 in ""2025 Topps Chrome Marvel Studios - Agatha All Along Tarot Cards Black Refractor"" is held by a different card — needs manual review"
2025 Topps Chrome Marvel Studios,2025 Topps Chrome Marvel Studios - TVA Pruning,18,Red,1,81207,2025 Topps Chrome Marvel Studios - Autographs Red Refractor,partial,target_occupied,"#18 in ""2025 Topps Chrome Marvel Studios - Autographs Red Refractor"" is held by a different card — needs manual review"
2025 Topps Chrome Marvel Studios,2025 Topps Chrome Marvel Studios - TVA Pruning,19,Black,1,81214,2025 Topps Chrome Marvel Studios - Agatha All Along Tarot Cards Black Refractor,partial,target_occupied,"#19 in ""2025 Topps Chrome Marvel Studios - Agatha All Along Tarot Cards Black Refractor"" is held by a different card — needs manual review"
2025 Topps Chrome Marvel Studios,2025 Topps Chrome Marvel Studios - TVA Pruning,19,Red,1,81218,2025 Topps Chrome Marvel Studios - Autographs Red Refractor,partial,target_occupied,"#19 in ""2025 Topps Chrome Marvel Studios - Autographs Red Refractor"" is held by a different card — needs manual review"
2025 Topps Chrome Marvel Studios,2025 Topps Chrome Marvel Studios - TVA Pruning,20,Black,1,81221,2025 Topps Chrome Marvel Studios - Agatha All Along Tarot Cards Black Refractor,partial,target_occupied,"#20 in ""2025 Topps Chrome Marvel Studios - Agatha All Along Tarot Cards Black Refractor"" is held by a different card — needs manual review"
2025 Topps Chrome Marvel Studios,2025 Topps Chrome Marvel Studios - TVA Pruning,20,Red,1,81228,2025 Topps Chrome Marvel Studios - Autographs Red Refractor,partial,target_occupied,"#20 in ""2025 Topps Chrome Marvel Studios - Autographs Red Refractor"" is held by a different card — needs manual review"
2025 Topps Chrome Marvel Studios,2025 Topps Chrome Marvel Studios - TVA Pruning,21,Black,1,81234,2025 Topps Chrome Marvel Studios - Agatha All Along Tarot Cards Black Refractor,partial,target_occupied,"#21 in ""2025 Topps Chrome Marvel Studios - Agatha All Along Tarot Cards Black Refractor"" is held by a different card — needs manual review"
2025 Topps Chrome Marvel Studios,2025 Topps Chrome Marvel Studios - TVA Pruning,21,Red,1,81235,2025 Topps Chrome Marvel Studios - Autographs Red Refractor,partial,target_occupied,"#21 in ""2025 Topps Chrome Marvel Studios - Autographs Red Refractor"" is held by a different card — needs manual review"
2025 Topps Chrome Marvel Studios,2025 Topps Chrome Marvel Studios - TVA Pruning,22,Red,1,81179,2025 Topps Chrome Marvel Studios - Autographs Red Refractor,partial,target_occupied,"#22 in ""2025 Topps Chrome Marvel Studios - Autographs Red Refractor"" is held by a different card — needs manual review"
2025 Topps Chrome Marvel Studios,2025 Topps Chrome Marvel Studios - TVA Pruning,22,Black,1,81233,2025 Topps Chrome Marvel Studios - Agatha All Along Tarot Cards Black Refractor,partial,target_occupied,"#22 in ""2025 Topps Chrome Marvel Studios - Agatha All Along Tarot Cards Black Refractor"" is held by a different card — needs manual review"
2025 Topps Chrome Marvel Studios,2025 Topps Chrome Marvel Studios - TVA Pruning,24,Black,1,81248,2025 Topps Chrome Marvel Studios - Agatha All Along Tarot Cards Black Refractor,partial,target_occupied,"#24 in ""2025 Topps Chrome Marvel Studios - Agatha All Along Tarot Cards Black Refractor"" is held by a different card — needs manual review"
2025 Topps Chrome Marvel Studios,2025 Topps Chrome Marvel Studios - TVA Pruning,24,Red,1,81251,2025 Topps Chrome Marvel Studios - Autographs Red Refractor,partial,target_occupied,"#24 in ""2025 Topps Chrome Marvel Studios - Autographs Red Refractor"" is held by a different card — needs manual review"
2025 Topps Chrome Marvel Studios,2025 Topps Chrome Marvel Studios - TVA Pruning,25,Black,1,81261,2025 Topps Chrome Marvel Studios - Agatha All Along Tarot Cards Black Refractor,partial,target_occupied,"#25 in ""2025 Topps Chrome Marvel Studios - Agatha All Along Tarot Cards Black Refractor"" is held by a different card — needs manual review"
2025 Topps Chrome Marvel Studios,2025 Topps Chrome Marvel Studios - TVA Pruning,25,Red,1,81264,2025 Topps Chrome Marvel Studios - Autographs Red Refractor,partial,target_occupied,"#25 in ""2025 Topps Chrome Marvel Studios - Autographs Red Refractor"" is held by a different card — needs manual review"
2025 Topps Chrome Marvel Studios,2025 Topps Chrome Marvel Studios - TVA Pruning,4,Red,1,81170,2025 Topps Chrome Marvel Studios - Autographs Red Refractor,partial,target_occupied,"#4 in ""2025 Topps Chrome Marvel Studios - Autographs Red Refractor"" is held by a different card — needs manual review"
2025 Topps Chrome Marvel Studios,2025 Topps Chrome Marvel Studios - TVA Pruning,4,Black,1,81212,2025 Topps Chrome Marvel Studios - Agatha All Along Tarot Cards Black Refractor,partial,target_occupied,"#4 in ""2025 Topps Chrome Marvel Studios - Agatha All Along Tarot Cards Black Refractor"" is held by a different card — needs manual review"
2025 Topps Chrome Marvel Studios,2025 Topps Chrome Marvel Studios - TVA Pruning,5,Black,1,81219,2025 Topps Chrome Marvel Studios - Agatha All Along Tarot Cards Black Refractor,partial,target_occupied,"#5 in ""2025 Topps Chrome Marvel Studios - Agatha All Along Tarot Cards Black Refractor"" is held by a different card — needs manual review"
2025 Topps Chrome Marvel Studios,2025 Topps Chrome Marvel Studios - TVA Pruning,5,Red,1,81222,2025 Topps Chrome Marvel Studios - Autographs Red Refractor,partial,target_occupied,"#5 in ""2025 Topps Chrome Marvel Studios - Autographs Red Refractor"" is held by a different card — needs manual review"
2025 Topps Chrome Marvel Studios,2025 Topps Chrome Marvel Studios - TVA Pruning,6,Black,1,81238,2025 Topps Chrome Marvel Studios - Agatha All Along Tarot Cards Black Refractor,partial,target_occupied,"#6 in ""2025 Topps Chrome Marvel Studios - Agatha All Along Tarot Cards Black Refractor"" is held by a different card — needs manual review"
2025 Topps Chrome Marvel Studios,2025 Topps Chrome Marvel Studios - TVA Pruning,6,Red,1,81239,2025 Topps Chrome Marvel Studios - Autographs Red Refractor,partial,target_occupied,"#6 in ""2025 Topps Chrome Marvel Studios - Autographs Red Refractor"" is held by a different card — needs manual review"
2025 Topps Chrome Marvel Studios,2025 Topps Chrome Marvel Studios - TVA Pruning,7,Black,1,81256,2025 Topps Chrome Marvel Studios - Agatha All Along Tarot Cards Black Refractor,partial,target_occupied,"#7 in ""2025 Topps Chrome Marvel Studios - Agatha All Along Tarot Cards Black Refractor"" is held by a different card — needs manual review"
2025 Topps Chrome Marvel Studios,2025 Topps Chrome Marvel Studios - TVA Pruning,7,Red,1,81258,2025 Topps Chrome Marvel Studios - Autographs Red Refractor,partial,target_occupied,"#7 in ""2025 Topps Chrome Marvel Studios - Autographs Red Refractor"" is held by a different card — needs manual review"
2025 Topps Chrome Sapphire Edition Marvel,2025 Topps Chrome Sapphire Edition Marvel - Sapphire Selections,1,Black,1,79613,2025 Topps Chrome Sapphire Edition Marvel - Black Sapphire,partial,target_occupied,"#1 in ""2025 Topps Chrome Sapphire Edition Marvel - Black Sapphire"" is held by a different card — needs manual review"
2025 Topps Chrome Sapphire Edition Marvel,2025 Topps Chrome Sapphire Edition Marvel - Sapphire Selections,1,Red,1,79618,2025 Topps Chrome Sapphire Edition Marvel - Red Sapphire,partial,target_occupied,"#1 in ""2025 Topps Chrome Sapphire Edition Marvel - Red Sapphire"" is held by a different card — needs manual review"
2025 Topps Chrome Sapphire Edition Marvel,2025 Topps Chrome Sapphire Edition Marvel - Sapphire Selections,1,Padparadscha,1,79632,2025 Topps Chrome Sapphire Edition Marvel - Padparadscha Sapphire,partial,target_occupied,"#1 in ""2025 Topps Chrome Sapphire Edition Marvel - Padparadscha Sapphire"" is held by a different card — needs manual review"
2025 Topps Chrome Sapphire Edition Marvel,2025 Topps Chrome Sapphire Edition Marvel - Sapphire Selections,10,Black,1,79623,2025 Topps Chrome Sapphire Edition Marvel - Black Sapphire,partial,target_occupied,"#10 in ""2025 Topps Chrome Sapphire Edition Marvel - Black Sapphire"" is held by a different card — needs manual review"
2025 Topps Chrome Sapphire Edition Marvel,2025 Topps Chrome Sapphire Edition Marvel - Sapphire Selections,10,Padparadscha,1,79651,2025 Topps Chrome Sapphire Edition Marvel - Padparadscha Sapphire,partial,target_occupied,"#10 in ""2025 Topps Chrome Sapphire Edition Marvel - Padparadscha Sapphire"" is held by a different card — needs manual review"
2025 Topps Chrome Sapphire Edition Marvel,2025 Topps Chrome Sapphire Edition Marvel - Sapphire Selections,10,Red,1,79652,2025 Topps Chrome Sapphire Edition Marvel - Red Sapphire,partial,target_occupied,"#10 in ""2025 Topps Chrome Sapphire Edition Marvel - Red Sapphire"" is held by a different card — needs manual review"
2025 Topps Chrome Sapphire Edition Marvel,2025 Topps Chrome Sapphire Edition Marvel - Sapphire Selections,2,Red,1,79614,2025 Topps Chrome Sapphire Edition Marvel - Red Sapphire,partial,target_occupied,"#2 in ""2025 Topps Chrome Sapphire Edition Marvel - Red Sapphire"" is held by a different card — needs manual review"
2025 Topps Chrome Sapphire Edition Marvel,2025 Topps Chrome Sapphire Edition Marvel - Sapphire Selections,2,Padparadscha,1,79629,2025 Topps Chrome Sapphire Edition Marvel - Padparadscha Sapphire,partial,target_occupied,"#2 in ""2025 Topps Chrome Sapphire Edition Marvel - Padparadscha Sapphire"" is held by a different card — needs manual review"
2025 Topps Chrome Sapphire Edition Marvel,2025 Topps Chrome Sapphire Edition Marvel - Sapphire Selections,2,Black,1,79634,2025 Topps Chrome Sapphire Edition Marvel - Black Sapphire,partial,target_occupied,"#2 in ""2025 Topps Chrome Sapphire Edition Marvel - Black Sapphire"" is held by a different card — needs manual review"
2025 Topps Chrome Sapphire Edition Marvel,2025 Topps Chrome Sapphire Edition Marvel - Sapphire Selections,3,Black,1,79631,2025 Topps Chrome Sapphire Edition Marvel - Black Sapphire,partial,target_occupied,"#3 in ""2025 Topps Chrome Sapphire Edition Marvel - Black Sapphire"" is held by a different card — needs manual review"
2025 Topps Chrome Sapphire Edition Marvel,2025 Topps Chrome Sapphire Edition Marvel - Sapphire Selections,3,Red,1,79633,2025 Topps Chrome Sapphire Edition Marvel - Red Sapphire,partial,target_occupied,"#3 in ""2025 Topps Chrome Sapphire Edition Marvel - Red Sapphire"" is held by a different card — needs manual review"
2025 Topps Chrome Sapphire Edition Marvel,2025 Topps Chrome Sapphire Edition Marvel - Sapphire Selections,3,Padparadscha,1,79636,2025 Topps Chrome Sapphire Edition Marvel - Padparadscha Sapphire,partial,target_occupied,"#3 in ""2025 Topps Chrome Sapphire Edition Marvel - Padparadscha Sapphire"" is held by a different card — needs manual review"
2025 Topps Chrome Sapphire Edition Marvel,2025 Topps Chrome Sapphire Edition Marvel - Sapphire Selections,4,Padparadscha,1,79635,2025 Topps Chrome Sapphire Edition Marvel - Padparadscha Sapphire,partial,target_occupied,"#4 in ""2025 Topps Chrome Sapphire Edition Marvel - Padparadscha Sapphire"" is held by a different card — needs manual review"
2025 Topps Chrome Sapphire Edition Marvel,2025 Topps Chrome Sapphire Edition Marvel - Sapphire Selections,4,Black,1,79637,2025 Topps Chrome Sapphire Edition Marvel - Black Sapphire,partial,target_occupied,"#4 in ""2025 Topps Chrome Sapphire Edition Marvel - Black Sapphire"" is held by a different card — needs manual review"
2025 Topps Chrome Sapphire Edition Marvel,2025 Topps Chrome Sapphire Edition Marvel - Sapphire Selections,4,Red,1,79638,2025 Topps Chrome Sapphire Edition Marvel - Red Sapphire,partial,target_occupied,"#4 in ""2025 Topps Chrome Sapphire Edition Marvel - Red Sapphire"" is held by a different card — needs manual review"
2025 Topps Chrome Sapphire Edition Marvel,2025 Topps Chrome Sapphire Edition Marvel - Sapphire Selections,5,Black,1,79616,2025 Topps Chrome Sapphire Edition Marvel - Black Sapphire,partial,target_occupied,"#5 in ""2025 Topps Chrome Sapphire Edition Marvel - Black Sapphire"" is held by a different card — needs manual review"
2025 Topps Chrome Sapphire Edition Marvel,2025 Topps Chrome Sapphire Edition Marvel - Sapphire Selections,5,Red,1,79628,2025 Topps Chrome Sapphire Edition Marvel - Red Sapphire,partial,target_occupied,"#5 in ""2025 Topps Chrome Sapphire Edition Marvel - Red Sapphire"" is held by a different card — needs manual review"
2025 Topps Chrome Sapphire Edition Marvel,2025 Topps Chrome Sapphire Edition Marvel - Sapphire Selections,5,Padparadscha,1,79640,2025 Topps Chrome Sapphire Edition Marvel - Padparadscha Sapphire,partial,target_occupied,"#5 in ""2025 Topps Chrome Sapphire Edition Marvel - Padparadscha Sapphire"" is held by a different card — needs manual review"
2025 Topps Chrome Sapphire Edition Marvel,2025 Topps Chrome Sapphire Edition Marvel - Sapphire Selections,6,Padparadscha,1,79639,2025 Topps Chrome Sapphire Edition Marvel - Padparadscha Sapphire,partial,target_occupied,"#6 in ""2025 Topps Chrome Sapphire Edition Marvel - Padparadscha Sapphire"" is held by a different card — needs manual review"
2025 Topps Chrome Sapphire Edition Marvel,2025 Topps Chrome Sapphire Edition Marvel - Sapphire Selections,6,Black,1,79642,2025 Topps Chrome Sapphire Edition Marvel - Black Sapphire,partial,target_occupied,"#6 in ""2025 Topps Chrome Sapphire Edition Marvel - Black Sapphire"" is held by a different card — needs manual review"
2025 Topps Chrome Sapphire Edition Marvel,2025 Topps Chrome Sapphire Edition Marvel - Sapphire Selections,6,Red,1,79643,2025 Topps Chrome Sapphire Edition Marvel - Red Sapphire,partial,target_occupied,"#6 in ""2025 Topps Chrome Sapphire Edition Marvel - Red Sapphire"" is held by a different card — needs manual review"
2025 Topps Chrome Sapphire Edition Marvel,2025 Topps Chrome Sapphire Edition Marvel - Sapphire Selections,7,Padparadscha,1,79641,2025 Topps Chrome Sapphire Edition Marvel - Padparadscha Sapphire,partial,target_occupied,"#7 in ""2025 Topps Chrome Sapphire Edition Marvel - Padparadscha Sapphire"" is held by a different card — needs manual review"
2025 Topps Chrome Sapphire Edition Marvel,2025 Topps Chrome Sapphire Edition Marvel - Sapphire Selections,7,Black,1,79644,2025 Topps Chrome Sapphire Edition Marvel - Black Sapphire,partial,target_occupied,"#7 in ""2025 Topps Chrome Sapphire Edition Marvel - Black Sapphire"" is held by a different card — needs manual review"
2025 Topps Chrome Sapphire Edition Marvel,2025 Topps Chrome Sapphire Edition Marvel - Sapphire Selections,7,Red,1,79645,2025 Topps Chrome Sapphire Edition Marvel - Red Sapphire,partial,target_occupied,"#7 in ""2025 Topps Chrome Sapphire Edition Marvel - Red Sapphire"" is held by a different card — needs manual review"
2025 Topps Chrome Sapphire Edition Marvel,2025 Topps Chrome Sapphire Edition Marvel - Sapphire Selections,8,Black,1,79630,2025 Topps Chrome Sapphire Edition Marvel - Black Sapphire,partial,target_occupied,"#8 in ""2025 Topps Chrome Sapphire Edition Marvel - Black Sapphire"" is held by a different card — needs manual review"
2025 Topps Chrome Sapphire Edition Marvel,2025 Topps Chrome Sapphire Edition Marvel - Sapphire Selections,8,Padparadscha,1,79647,2025 Topps Chrome Sapphire Edition Marvel - Padparadscha Sapphire,partial,target_occupied,"#8 in ""2025 Topps Chrome Sapphire Edition Marvel - Padparadscha Sapphire"" is held by a different card — needs manual review"
2025 Topps Chrome Sapphire Edition Marvel,2025 Topps Chrome Sapphire Edition Marvel - Sapphire Selections,8,Red,1,79650,2025 Topps Chrome Sapphire Edition Marvel - Red Sapphire,partial,target_occupied,"#8 in ""2025 Topps Chrome Sapphire Edition Marvel - Red Sapphire"" is held by a different card — needs manual review"
2025 Topps Chrome Sapphire Edition Marvel,2025 Topps Chrome Sapphire Edition Marvel - Sapphire Selections,9,Padparadscha,1,79646,2025 Topps Chrome Sapphire Edition Marvel - Padparadscha Sapphire,partial,target_occupied,"#9 in ""2025 Topps Chrome Sapphire Edition Marvel - Padparadscha Sapphire"" is held by a different card — needs manual review"
2025 Topps Chrome Sapphire Edition Marvel,2025 Topps Chrome Sapphire Edition Marvel - Sapphire Selections,9,Black,1,79648,2025 Topps Chrome Sapphire Edition Marvel - Black Sapphire,partial,target_occupied,"#9 in ""2025 Topps Chrome Sapphire Edition Marvel - Black Sapphire"" is held by a different card — needs manual review"
2025 Topps Chrome Sapphire Edition Marvel,2025 Topps Chrome Sapphire Edition Marvel - Sapphire Selections,9,Red,1,79649,2025 Topps Chrome Sapphire Edition Marvel - Red Sapphire,partial,target_occupied,"#9 in ""2025 Topps Chrome Sapphire Edition Marvel - Red Sapphire"" is held by a different card — needs manual review"
2025 Topps Finest X-Men '97,2025 Topps Finest X-Men '97 - Children of the Atom,1,SuperFractor,1,81774,2025 Topps Finest X-Men '97 - SuperFractor,exact,target_occupied,"#1 in ""2025 Topps Finest X-Men '97 - SuperFractor"" is held by a different card — needs manual review"
2025 Topps Finest X-Men '97,2025 Topps Finest X-Men '97 - Children of the Atom,10,SuperFractor,1,81697,2025 Topps Finest X-Men '97 - SuperFractor,exact,target_occupied,"#10 in ""2025 Topps Finest X-Men '97 - SuperFractor"" is held by a different card — needs manual review"
2025 Topps Finest X-Men '97,2025 Topps Finest X-Men '97 - Children of the Atom,11,SuperFractor,1,81788,2025 Topps Finest X-Men '97 - SuperFractor,exact,target_occupied,"#11 in ""2025 Topps Finest X-Men '97 - SuperFractor"" is held by a different card — needs manual review"
2025 Topps Finest X-Men '97,2025 Topps Finest X-Men '97 - Children of the Atom,12,SuperFractor,1,81784,2025 Topps Finest X-Men '97 - SuperFractor,exact,target_occupied,"#12 in ""2025 Topps Finest X-Men '97 - SuperFractor"" is held by a different card — needs manual review"
2025 Topps Finest X-Men '97,2025 Topps Finest X-Men '97 - Children of the Atom,13,SuperFractor,1,81785,2025 Topps Finest X-Men '97 - SuperFractor,exact,target_occupied,"#13 in ""2025 Topps Finest X-Men '97 - SuperFractor"" is held by a different card — needs manual review"
2025 Topps Finest X-Men '97,2025 Topps Finest X-Men '97 - Children of the Atom,14,SuperFractor,1,81786,2025 Topps Finest X-Men '97 - SuperFractor,exact,target_occupied,"#14 in ""2025 Topps Finest X-Men '97 - SuperFractor"" is held by a different card — needs manual review"
2025 Topps Finest X-Men '97,2025 Topps Finest X-Men '97 - Children of the Atom,15,SuperFractor,1,81789,2025 Topps Finest X-Men '97 - SuperFractor,exact,target_occupied,"#15 in ""2025 Topps Finest X-Men '97 - SuperFractor"" is held by a different card — needs manual review"
2025 Topps Finest X-Men '97,2025 Topps Finest X-Men '97 - Children of the Atom,16,SuperFractor,1,81787,2025 Topps Finest X-Men '97 - SuperFractor,exact,target_occupied,"#16 in ""2025 Topps Finest X-Men '97 - SuperFractor"" is held by a different card — needs manual review"
2025 Topps Finest X-Men '97,2025 Topps Finest X-Men '97 - Children of the Atom,17,SuperFractor,1,81790,2025 Topps Finest X-Men '97 - SuperFractor,exact,target_occupied,"#17 in ""2025 Topps Finest X-Men '97 - SuperFractor"" is held by a different card — needs manual review"
2025 Topps Finest X-Men '97,2025 Topps Finest X-Men '97 - Children of the Atom,18,SuperFractor,1,81791,2025 Topps Finest X-Men '97 - SuperFractor,exact,target_occupied,"#18 in ""2025 Topps Finest X-Men '97 - SuperFractor"" is held by a different card — needs manual review"
2025 Topps Finest X-Men '97,2025 Topps Finest X-Men '97 - Children of the Atom,19,SuperFractor,1,81793,2025 Topps Finest X-Men '97 - SuperFractor,exact,target_occupied,"#19 in ""2025 Topps Finest X-Men '97 - SuperFractor"" is held by a different card — needs manual review"
2025 Topps Finest X-Men '97,2025 Topps Finest X-Men '97 - Children of the Atom,20,SuperFractor,1,81792,2025 Topps Finest X-Men '97 - SuperFractor,exact,target_occupied,"#20 in ""2025 Topps Finest X-Men '97 - SuperFractor"" is held by a different card — needs manual review"
2025 Topps Finest X-Men '97,2025 Topps Finest X-Men '97 - Children of the Atom,3,SuperFractor,1,81775,2025 Topps Finest X-Men '97 - SuperFractor,exact,target_occupied,"#3 in ""2025 Topps Finest X-Men '97 - SuperFractor"" is held by a different card — needs manual review"
2025 Topps Finest X-Men '97,2025 Topps Finest X-Men '97 - Children of the Atom,4,SuperFractor,1,81781,2025 Topps Finest X-Men '97 - SuperFractor,exact,target_occupied,"#4 in ""2025 Topps Finest X-Men '97 - SuperFractor"" is held by a different card — needs manual review"
2025 Topps Finest X-Men '97,2025 Topps Finest X-Men '97 - Children of the Atom,5,SuperFractor,1,81779,2025 Topps Finest X-Men '97 - SuperFractor,exact,target_occupied,"#5 in ""2025 Topps Finest X-Men '97 - SuperFractor"" is held by a different card — needs manual review"
2025 Topps Finest X-Men '97,2025 Topps Finest X-Men '97 - Children of the Atom,6,SuperFractor,1,81780,2025 Topps Finest X-Men '97 - SuperFractor,exact,target_occupied,"#6 in ""2025 Topps Finest X-Men '97 - SuperFractor"" is held by a different card — needs manual review"
2025 Topps Finest X-Men '97,2025 Topps Finest X-Men '97 - Children of the Atom,7,SuperFractor,1,81782,2025 Topps Finest X-Men '97 - SuperFractor,exact,target_occupied,"#7 in ""2025 Topps Finest X-Men '97 - SuperFractor"" is held by a different card — needs manual review"
2025 Topps Finest X-Men '97,2025 Topps Finest X-Men '97 - Children of the Atom,8,SuperFractor,1,81778,2025 Topps Finest X-Men '97 - SuperFractor,exact,target_occupied,"#8 in ""2025 Topps Finest X-Men '97 - SuperFractor"" is held by a different card — needs manual review"
2025 Topps Finest X-Men '97,2025 Topps Finest X-Men '97 - Children of the Atom,9,SuperFractor,1,81783,2025 Topps Finest X-Men '97 - SuperFractor,exact,target_occupied,"#9 in ""2025 Topps Finest X-Men '97 - SuperFractor"" is held by a different card — needs manual review"
2025 Topps Finest X-Men '97,2025 Topps Finest X-Men '97 - Greatest Hits,1,SuperFractor,1,81813,2025 Topps Finest X-Men '97 - SuperFractor,exact,target_occupied,"#1 in ""2025 Topps Finest X-Men '97 - SuperFractor"" is held by a different card — needs manual review"
2025 Topps Finest X-Men '97,2025 Topps Finest X-Men '97 - Greatest Hits,1,X-Fractor,1,81814,2025 Topps Finest X-Men '97 - X-Fractor,exact,target_occupied,"#1 in ""2025 Topps Finest X-Men '97 - X-Fractor"" is held by a different card — needs manual review"
2025 Topps Finest X-Men '97,2025 Topps Finest X-Men '97 - Greatest Hits,1,Orange Refractor,1,81815,2025 Topps Finest X-Men '97 - Orange Refractor,exact,target_occupied,"#1 in ""2025 Topps Finest X-Men '97 - Orange Refractor"" is held by a different card — needs manual review"
2025 Topps Finest X-Men '97,2025 Topps Finest X-Men '97 - Greatest Hits,1,Laser Refractor,1,81816,2025 Topps Finest X-Men '97 - Laser Refractor,exact,target_occupied,"#1 in ""2025 Topps Finest X-Men '97 - Laser Refractor"" is held by a different card — needs manual review"
2025 Topps Finest X-Men '97,2025 Topps Finest X-Men '97 - Greatest Hits,1,Gold Refractor,1,81817,2025 Topps Finest X-Men '97 - Gold Refractor,exact,target_occupied,"#1 in ""2025 Topps Finest X-Men '97 - Gold Refractor"" is held by a different card — needs manual review"
2025 Topps Finest X-Men '97,2025 Topps Finest X-Men '97 - Greatest Hits,1,Red Refractor,1,81818,2025 Topps Finest X-Men '97 - Red Refractor,exact,target_occupied,"#1 in ""2025 Topps Finest X-Men '97 - Red Refractor"" is held by a different card — needs manual review"
2025 Topps Finest X-Men '97,2025 Topps Finest X-Men '97 - Greatest Hits,10,X-Fractor,1,81877,2025 Topps Finest X-Men '97 - X-Fractor,exact,target_occupied,"#10 in ""2025 Topps Finest X-Men '97 - X-Fractor"" is held by a different card — needs manual review"
2025 Topps Finest X-Men '97,2025 Topps Finest X-Men '97 - Greatest Hits,10,Orange Refractor,1,81878,2025 Topps Finest X-Men '97 - Orange Refractor,exact,target_occupied,"#10 in ""2025 Topps Finest X-Men '97 - Orange Refractor"" is held by a different card — needs manual review"
2025 Topps Finest X-Men '97,2025 Topps Finest X-Men '97 - Greatest Hits,10,Laser Refractor,1,81879,2025 Topps Finest X-Men '97 - Laser Refractor,exact,target_occupied,"#10 in ""2025 Topps Finest X-Men '97 - Laser Refractor"" is held by a different card — needs manual review"
2025 Topps Finest X-Men '97,2025 Topps Finest X-Men '97 - Greatest Hits,10,Gold Refractor,1,81880,2025 Topps Finest X-Men '97 - Gold Refractor,exact,target_occupied,"#10 in ""2025 Topps Finest X-Men '97 - Gold Refractor"" is held by a different card — needs manual review"
2025 Topps Finest X-Men '97,2025 Topps Finest X-Men '97 - Greatest Hits,10,Red Refractor,1,81881,2025 Topps Finest X-Men '97 - Red Refractor,exact,target_occupied,"#10 in ""2025 Topps Finest X-Men '97 - Red Refractor"" is held by a different card — needs manual review"
2025 Topps Finest X-Men '97,2025 Topps Finest X-Men '97 - Greatest Hits,10,SuperFractor,1,81889,2025 Topps Finest X-Men '97 - SuperFractor,exact,target_occupied,"#10 in ""2025 Topps Finest X-Men '97 - SuperFractor"" is held by a different card — needs manual review"
2025 Topps Finest X-Men '97,2025 Topps Finest X-Men '97 - Greatest Hits,11,X-Fractor,1,81882,2025 Topps Finest X-Men '97 - X-Fractor,exact,target_occupied,"#11 in ""2025 Topps Finest X-Men '97 - X-Fractor"" is held by a different card — needs manual review"
2025 Topps Finest X-Men '97,2025 Topps Finest X-Men '97 - Greatest Hits,11,Orange Refractor,1,81883,2025 Topps Finest X-Men '97 - Orange Refractor,exact,target_occupied,"#11 in ""2025 Topps Finest X-Men '97 - Orange Refractor"" is held by a different card — needs manual review"
2025 Topps Finest X-Men '97,2025 Topps Finest X-Men '97 - Greatest Hits,11,Laser Refractor,1,81885,2025 Topps Finest X-Men '97 - Laser Refractor,exact,target_occupied,"#11 in ""2025 Topps Finest X-Men '97 - Laser Refractor"" is held by a different card — needs manual review"
2025 Topps Finest X-Men '97,2025 Topps Finest X-Men '97 - Greatest Hits,11,Gold Refractor,1,81886,2025 Topps Finest X-Men '97 - Gold Refractor,exact,target_occupied,"#11 in ""2025 Topps Finest X-Men '97 - Gold Refractor"" is held by a different card — needs manual review"
2025 Topps Finest X-Men '97,2025 Topps Finest X-Men '97 - Greatest Hits,11,Red Refractor,1,81887,2025 Topps Finest X-Men '97 - Red Refractor,exact,target_occupied,"#11 in ""2025 Topps Finest X-Men '97 - Red Refractor"" is held by a different card — needs manual review"
2025 Topps Finest X-Men '97,2025 Topps Finest X-Men '97 - Greatest Hits,11,SuperFractor,1,81894,2025 Topps Finest X-Men '97 - SuperFractor,exact,target_occupied,"#11 in ""2025 Topps Finest X-Men '97 - SuperFractor"" is held by a different card — needs manual review"
2025 Topps Finest X-Men '97,2025 Topps Finest X-Men '97 - Greatest Hits,12,Red Refractor,1,81724,2025 Topps Finest X-Men '97 - Red Refractor,exact,target_occupied,"#12 in ""2025 Topps Finest X-Men '97 - Red Refractor"" is held by a different card — needs manual review"
2025 Topps Finest X-Men '97,2025 Topps Finest X-Men '97 - Greatest Hits,12,Gold Refractor,1,81727,2025 Topps Finest X-Men '97 - Gold Refractor,exact,target_occupied,"#12 in ""2025 Topps Finest X-Men '97 - Gold Refractor"" is held by a different card — needs manual review"
2025 Topps Finest X-Men '97,2025 Topps Finest X-Men '97 - Greatest Hits,12,X-Fractor,1,81795,2025 Topps Finest X-Men '97 - X-Fractor,exact,target_occupied,"#12 in ""2025 Topps Finest X-Men '97 - X-Fractor"" is held by a different card — needs manual review"
2025 Topps Finest X-Men '97,2025 Topps Finest X-Men '97 - Greatest Hits,12,Orange Refractor,1,81890,2025 Topps Finest X-Men '97 - Orange Refractor,exact,target_occupied,"#12 in ""2025 Topps Finest X-Men '97 - Orange Refractor"" is held by a different card — needs manual review"
2025 Topps Finest X-Men '97,2025 Topps Finest X-Men '97 - Greatest Hits,12,Laser Refractor,1,81891,2025 Topps Finest X-Men '97 - Laser Refractor,exact,target_occupied,"#12 in ""2025 Topps Finest X-Men '97 - Laser Refractor"" is held by a different card — needs manual review"
2025 Topps Finest X-Men '97,2025 Topps Finest X-Men '97 - Greatest Hits,12,SuperFractor,1,81893,2025 Topps Finest X-Men '97 - SuperFractor,exact,target_occupied,"#12 in ""2025 Topps Finest X-Men '97 - SuperFractor"" is held by a different card — needs manual review"
2025 Topps Finest X-Men '97,2025 Topps Finest X-Men '97 - Greatest Hits,13,Red Refractor,1,81742,2025 Topps Finest X-Men '97 - Red Refractor,exact,target_occupied,"#13 in ""2025 Topps Finest X-Men '97 - Red Refractor"" is held by a different card — needs manual review"
2025 Topps Finest X-Men '97,2025 Topps Finest X-Men '97 - Greatest Hits,13,SuperFractor,1,81895,2025 Topps Finest X-Men '97 - SuperFractor,exact,target_occupied,"#13 in ""2025 Topps Finest X-Men '97 - SuperFractor"" is held by a different card — needs manual review"
2025 Topps Finest X-Men '97,2025 Topps Finest X-Men '97 - Greatest Hits,13,X-Fractor,1,81897,2025 Topps Finest X-Men '97 - X-Fractor,exact,target_occupied,"#13 in ""2025 Topps Finest X-Men '97 - X-Fractor"" is held by a different card — needs manual review"
2025 Topps Finest X-Men '97,2025 Topps Finest X-Men '97 - Greatest Hits,13,Orange Refractor,1,81898,2025 Topps Finest X-Men '97 - Orange Refractor,exact,target_occupied,"#13 in ""2025 Topps Finest X-Men '97 - Orange Refractor"" is held by a different card — needs manual review"
2025 Topps Finest X-Men '97,2025 Topps Finest X-Men '97 - Greatest Hits,13,Laser Refractor,1,81899,2025 Topps Finest X-Men '97 - Laser Refractor,exact,target_occupied,"#13 in ""2025 Topps Finest X-Men '97 - Laser Refractor"" is held by a different card — needs manual review"
2025 Topps Finest X-Men '97,2025 Topps Finest X-Men '97 - Greatest Hits,13,Gold Refractor,1,81900,2025 Topps Finest X-Men '97 - Gold Refractor,exact,target_occupied,"#13 in ""2025 Topps Finest X-Men '97 - Gold Refractor"" is held by a different card — needs manual review"
2025 Topps Finest X-Men '97,2025 Topps Finest X-Men '97 - Greatest Hits,14,Laser Refractor,1,81726,2025 Topps Finest X-Men '97 - Laser Refractor,exact,target_occupied,"#14 in ""2025 Topps Finest X-Men '97 - Laser Refractor"" is held by a different card — needs manual review"
2025 Topps Finest X-Men '97,2025 Topps Finest X-Men '97 - Greatest Hits,14,X-Fractor,1,81896,2025 Topps Finest X-Men '97 - X-Fractor,exact,target_occupied,"#14 in ""2025 Topps Finest X-Men '97 - X-Fractor"" is held by a different card — needs manual review"
2025 Topps Finest X-Men '97,2025 Topps Finest X-Men '97 - Greatest Hits,14,Orange Refractor,1,81901,2025 Topps Finest X-Men '97 - Orange Refractor,exact,target_occupied,"#14 in ""2025 Topps Finest X-Men '97 - Orange Refractor"" is held by a different card — needs manual review"
2025 Topps Finest X-Men '97,2025 Topps Finest X-Men '97 - Greatest Hits,14,SuperFractor,1,81902,2025 Topps Finest X-Men '97 - SuperFractor,exact,target_occupied,"#14 in ""2025 Topps Finest X-Men '97 - SuperFractor"" is held by a different card — needs manual review"
2025 Topps Finest X-Men '97,2025 Topps Finest X-Men '97 - Greatest Hits,14,Gold Refractor,1,81903,2025 Topps Finest X-Men '97 - Gold Refractor,exact,target_occupied,"#14 in ""2025 Topps Finest X-Men '97 - Gold Refractor"" is held by a different card — needs manual review"
2025 Topps Finest X-Men '97,2025 Topps Finest X-Men '97 - Greatest Hits,14,Red Refractor,1,81904,2025 Topps Finest X-Men '97 - Red Refractor,exact,target_occupied,"#14 in ""2025 Topps Finest X-Men '97 - Red Refractor"" is held by a different card — needs manual review"
2025 Topps Finest X-Men '97,2025 Topps Finest X-Men '97 - Greatest Hits,15,X-Fractor,1,81725,2025 Topps Finest X-Men '97 - X-Fractor,exact,target_occupied,"#15 in ""2025 Topps Finest X-Men '97 - X-Fractor"" is held by a different card — needs manual review"
2025 Topps Finest X-Men '97,2025 Topps Finest X-Men '97 - Greatest Hits,15,Laser Refractor,1,81743,2025 Topps Finest X-Men '97 - Laser Refractor,exact,target_occupied,"#15 in ""2025 Topps Finest X-Men '97 - Laser Refractor"" is held by a different card — needs manual review"
2025 Topps Finest X-Men '97,2025 Topps Finest X-Men '97 - Greatest Hits,15,Gold Refractor,1,81744,2025 Topps Finest X-Men '97 - Gold Refractor,exact,target_occupied,"#15 in ""2025 Topps Finest X-Men '97 - Gold Refractor"" is held by a different card — needs manual review"
2025 Topps Finest X-Men '97,2025 Topps Finest X-Men '97 - Greatest Hits,15,SuperFractor,1,81827,2025 Topps Finest X-Men '97 - SuperFractor,exact,target_occupied,"#15 in ""2025 Topps Finest X-Men '97 - SuperFractor"" is held by a different card — needs manual review"
2025 Topps Finest X-Men '97,2025 Topps Finest X-Men '97 - Greatest Hits,15,Orange Refractor,1,81829,2025 Topps Finest X-Men '97 - Orange Refractor,exact,target_occupied,"#15 in ""2025 Topps Finest X-Men '97 - Orange Refractor"" is held by a different card — needs manual review"
2025 Topps Finest X-Men '97,2025 Topps Finest X-Men '97 - Greatest Hits,15,Red Refractor,1,81830,2025 Topps Finest X-Men '97 - Red Refractor,exact,target_occupied,"#15 in ""2025 Topps Finest X-Men '97 - Red Refractor"" is held by a different card — needs manual review"
2025 Topps Finest X-Men '97,2025 Topps Finest X-Men '97 - Greatest Hits,16,Gold Refractor,1,81737,2025 Topps Finest X-Men '97 - Gold Refractor,exact,target_occupied,"#16 in ""2025 Topps Finest X-Men '97 - Gold Refractor"" is held by a different card — needs manual review"
2025 Topps Finest X-Men '97,2025 Topps Finest X-Men '97 - Greatest Hits,16,X-Fractor,1,81833,2025 Topps Finest X-Men '97 - X-Fractor,exact,target_occupied,"#16 in ""2025 Topps Finest X-Men '97 - X-Fractor"" is held by a different card — needs manual review"
2025 Topps Finest X-Men '97,2025 Topps Finest X-Men '97 - Greatest Hits,16,Laser Refractor,1,81834,2025 Topps Finest X-Men '97 - Laser Refractor,exact,target_occupied,"#16 in ""2025 Topps Finest X-Men '97 - Laser Refractor"" is held by a different card — needs manual review"
2025 Topps Finest X-Men '97,2025 Topps Finest X-Men '97 - Greatest Hits,16,SuperFractor,1,81842,2025 Topps Finest X-Men '97 - SuperFractor,exact,target_occupied,"#16 in ""2025 Topps Finest X-Men '97 - SuperFractor"" is held by a different card — needs manual review"
2025 Topps Finest X-Men '97,2025 Topps Finest X-Men '97 - Greatest Hits,16,Orange Refractor,1,81843,2025 Topps Finest X-Men '97 - Orange Refractor,exact,target_occupied,"#16 in ""2025 Topps Finest X-Men '97 - Orange Refractor"" is held by a different card — needs manual review"
2025 Topps Finest X-Men '97,2025 Topps Finest X-Men '97 - Greatest Hits,16,Red Refractor,1,81844,2025 Topps Finest X-Men '97 - Red Refractor,exact,target_occupied,"#16 in ""2025 Topps Finest X-Men '97 - Red Refractor"" is held by a different card — needs manual review"
2025 Topps Finest X-Men '97,2025 Topps Finest X-Men '97 - Greatest Hits,17,Laser Refractor,1,81728,2025 Topps Finest X-Men '97 - Laser Refractor,exact,target_occupied,"#17 in ""2025 Topps Finest X-Men '97 - Laser Refractor"" is held by a different card — needs manual review"
2025 Topps Finest X-Men '97,2025 Topps Finest X-Men '97 - Greatest Hits,17,X-Fractor,1,81739,2025 Topps Finest X-Men '97 - X-Fractor,exact,target_occupied,"#17 in ""2025 Topps Finest X-Men '97 - X-Fractor"" is held by a different card — needs manual review"
2025 Topps Finest X-Men '97,2025 Topps Finest X-Men '97 - Greatest Hits,17,Orange Refractor,1,81845,2025 Topps Finest X-Men '97 - Orange Refractor,exact,target_occupied,"#17 in ""2025 Topps Finest X-Men '97 - Orange Refractor"" is held by a different card — needs manual review"
2025 Topps Finest X-Men '97,2025 Topps Finest X-Men '97 - Greatest Hits,17,Gold Refractor,1,81848,2025 Topps Finest X-Men '97 - Gold Refractor,exact,target_occupied,"#17 in ""2025 Topps Finest X-Men '97 - Gold Refractor"" is held by a different card — needs manual review"
2025 Topps Finest X-Men '97,2025 Topps Finest X-Men '97 - Greatest Hits,17,SuperFractor,1,81851,2025 Topps Finest X-Men '97 - SuperFractor,exact,target_occupied,"#17 in ""2025 Topps Finest X-Men '97 - SuperFractor"" is held by a different card — needs manual review"
2025 Topps Finest X-Men '97,2025 Topps Finest X-Men '97 - Greatest Hits,17,Red Refractor,1,81855,2025 Topps Finest X-Men '97 - Red Refractor,exact,target_occupied,"#17 in ""2025 Topps Finest X-Men '97 - Red Refractor"" is held by a different card — needs manual review"
2025 Topps Finest X-Men '97,2025 Topps Finest X-Men '97 - Greatest Hits,18,X-Fractor,1,81722,2025 Topps Finest X-Men '97 - X-Fractor,exact,target_occupied,"#18 in ""2025 Topps Finest X-Men '97 - X-Fractor"" is held by a different card — needs manual review"
2025 Topps Finest X-Men '97,2025 Topps Finest X-Men '97 - Greatest Hits,18,Gold Refractor,1,81740,2025 Topps Finest X-Men '97 - Gold Refractor,exact,target_occupied,"#18 in ""2025 Topps Finest X-Men '97 - Gold Refractor"" is held by a different card — needs manual review"
2025 Topps Finest X-Men '97,2025 Topps Finest X-Men '97 - Greatest Hits,18,Laser Refractor,1,81853,2025 Topps Finest X-Men '97 - Laser Refractor,exact,target_occupied,"#18 in ""2025 Topps Finest X-Men '97 - Laser Refractor"" is held by a different card — needs manual review"
2025 Topps Finest X-Men '97,2025 Topps Finest X-Men '97 - Greatest Hits,18,SuperFractor,1,81856,2025 Topps Finest X-Men '97 - SuperFractor,exact,target_occupied,"#18 in ""2025 Topps Finest X-Men '97 - SuperFractor"" is held by a different card — needs manual review"
2025 Topps Finest X-Men '97,2025 Topps Finest X-Men '97 - Greatest Hits,18,Orange Refractor,1,81857,2025 Topps Finest X-Men '97 - Orange Refractor,exact,target_occupied,"#18 in ""2025 Topps Finest X-Men '97 - Orange Refractor"" is held by a different card — needs manual review"
2025 Topps Finest X-Men '97,2025 Topps Finest X-Men '97 - Greatest Hits,18,Red Refractor,1,81866,2025 Topps Finest X-Men '97 - Red Refractor,exact,target_occupied,"#18 in ""2025 Topps Finest X-Men '97 - Red Refractor"" is held by a different card — needs manual review"
2025 Topps Finest X-Men '97,2025 Topps Finest X-Men '97 - Greatest Hits,19,X-Fractor,1,81862,2025 Topps Finest X-Men '97 - X-Fractor,exact,target_occupied,"#19 in ""2025 Topps Finest X-Men '97 - X-Fractor"" is held by a different card — needs manual review"
2025 Topps Finest X-Men '97,2025 Topps Finest X-Men '97 - Greatest Hits,19,Laser Refractor,1,81864,2025 Topps Finest X-Men '97 - Laser Refractor,exact,target_occupied,"#19 in ""2025 Topps Finest X-Men '97 - Laser Refractor"" is held by a different card — needs manual review"
2025 Topps Finest X-Men '97,2025 Topps Finest X-Men '97 - Greatest Hits,19,Gold Refractor,1,81865,2025 Topps Finest X-Men '97 - Gold Refractor,exact,target_occupied,"#19 in ""2025 Topps Finest X-Men '97 - Gold Refractor"" is held by a different card — needs manual review"
2025 Topps Finest X-Men '97,2025 Topps Finest X-Men '97 - Greatest Hits,19,SuperFractor,1,81867,2025 Topps Finest X-Men '97 - SuperFractor,exact,target_occupied,"#19 in ""2025 Topps Finest X-Men '97 - SuperFractor"" is held by a different card — needs manual review"
2025 Topps Finest X-Men '97,2025 Topps Finest X-Men '97 - Greatest Hits,19,Orange Refractor,1,81870,2025 Topps Finest X-Men '97 - Orange Refractor,exact,target_occupied,"#19 in ""2025 Topps Finest X-Men '97 - Orange Refractor"" is held by a different card — needs manual review"
2025 Topps Finest X-Men '97,2025 Topps Finest X-Men '97 - Greatest Hits,19,Red Refractor,1,81871,2025 Topps Finest X-Men '97 - Red Refractor,exact,target_occupied,"#19 in ""2025 Topps Finest X-Men '97 - Red Refractor"" is held by a different card — needs manual review"
2025 Topps Finest X-Men '97,2025 Topps Finest X-Men '97 - Greatest Hits,2,Laser Refractor,1,81723,2025 Topps Finest X-Men '97 - Laser Refractor,exact,target_occupied,"#2 in ""2025 Topps Finest X-Men '97 - Laser Refractor"" is held by a different card — needs manual review"
2025 Topps Finest X-Men '97,2025 Topps Finest X-Men '97 - Greatest Hits,2,X-Fractor,1,81729,2025 Topps Finest X-Men '97 - X-Fractor,exact,target_occupied,"#2 in ""2025 Topps Finest X-Men '97 - X-Fractor"" is held by a different card — needs manual review"
2025 Topps Finest X-Men '97,2025 Topps Finest X-Men '97 - Greatest Hits,2,Gold Refractor,1,81746,2025 Topps Finest X-Men '97 - Gold Refractor,exact,target_occupied,"#2 in ""2025 Topps Finest X-Men '97 - Gold Refractor"" is held by a different card — needs manual review"
2025 Topps Finest X-Men '97,2025 Topps Finest X-Men '97 - Greatest Hits,2,Red Refractor,1,81819,2025 Topps Finest X-Men '97 - Red Refractor,exact,target_occupied,"#2 in ""2025 Topps Finest X-Men '97 - Red Refractor"" is held by a different card — needs manual review"
2025 Topps Finest X-Men '97,2025 Topps Finest X-Men '97 - Greatest Hits,2,Orange Refractor,1,81821,2025 Topps Finest X-Men '97 - Orange Refractor,exact,target_occupied,"#2 in ""2025 Topps Finest X-Men '97 - Orange Refractor"" is held by a different card — needs manual review"
2025 Topps Finest X-Men '97,2025 Topps Finest X-Men '97 - Greatest Hits,2,SuperFractor,1,81822,2025 Topps Finest X-Men '97 - SuperFractor,exact,target_occupied,"#2 in ""2025 Topps Finest X-Men '97 - SuperFractor"" is held by a different card — needs manual review"
2025 Topps Finest X-Men '97,2025 Topps Finest X-Men '97 - Greatest Hits,20,X-Fractor,1,81873,2025 Topps Finest X-Men '97 - X-Fractor,exact,target_occupied,"#20 in ""2025 Topps Finest X-Men '97 - X-Fractor"" is held by a different card — needs manual review"
2025 Topps Finest X-Men '97,2025 Topps Finest X-Men '97 - Greatest Hits,20,Orange Refractor,1,81874,2025 Topps Finest X-Men '97 - Orange Refractor,exact,target_occupied,"#20 in ""2025 Topps Finest X-Men '97 - Orange Refractor"" is held by a different card — needs manual review"
2025 Topps Finest X-Men '97,2025 Topps Finest X-Men '97 - Greatest Hits,20,Laser Refractor,1,81875,2025 Topps Finest X-Men '97 - Laser Refractor,exact,target_occupied,"#20 in ""2025 Topps Finest X-Men '97 - Laser Refractor"" is held by a different card — needs manual review"
2025 Topps Finest X-Men '97,2025 Topps Finest X-Men '97 - Greatest Hits,20,Gold Refractor,1,81876,2025 Topps Finest X-Men '97 - Gold Refractor,exact,target_occupied,"#20 in ""2025 Topps Finest X-Men '97 - Gold Refractor"" is held by a different card — needs manual review"
2025 Topps Finest X-Men '97,2025 Topps Finest X-Men '97 - Greatest Hits,20,Red Refractor,1,81884,2025 Topps Finest X-Men '97 - Red Refractor,exact,target_occupied,"#20 in ""2025 Topps Finest X-Men '97 - Red Refractor"" is held by a different card — needs manual review"
2025 Topps Finest X-Men '97,2025 Topps Finest X-Men '97 - Greatest Hits,20,SuperFractor,1,81888,2025 Topps Finest X-Men '97 - SuperFractor,exact,target_occupied,"#20 in ""2025 Topps Finest X-Men '97 - SuperFractor"" is held by a different card — needs manual review"
2025 Topps Finest X-Men '97,2025 Topps Finest X-Men '97 - Greatest Hits,3,Gold Refractor,1,81731,2025 Topps Finest X-Men '97 - Gold Refractor,exact,target_occupied,"#3 in ""2025 Topps Finest X-Men '97 - Gold Refractor"" is held by a different card — needs manual review"
2025 Topps Finest X-Men '97,2025 Topps Finest X-Men '97 - Greatest Hits,3,Laser Refractor,1,81738,2025 Topps Finest X-Men '97 - Laser Refractor,exact,target_occupied,"#3 in ""2025 Topps Finest X-Men '97 - Laser Refractor"" is held by a different card — needs manual review"
2025 Topps Finest X-Men '97,2025 Topps Finest X-Men '97 - Greatest Hits,3,X-Fractor,1,81820,2025 Topps Finest X-Men '97 - X-Fractor,exact,target_occupied,"#3 in ""2025 Topps Finest X-Men '97 - X-Fractor"" is held by a different card — needs manual review"
2025 Topps Finest X-Men '97,2025 Topps Finest X-Men '97 - Greatest Hits,3,Orange Refractor,1,81823,2025 Topps Finest X-Men '97 - Orange Refractor,exact,target_occupied,"#3 in ""2025 Topps Finest X-Men '97 - Orange Refractor"" is held by a different card — needs manual review"
2025 Topps Finest X-Men '97,2025 Topps Finest X-Men '97 - Greatest Hits,3,Red Refractor,1,81825,2025 Topps Finest X-Men '97 - Red Refractor,exact,target_occupied,"#3 in ""2025 Topps Finest X-Men '97 - Red Refractor"" is held by a different card — needs manual review"
2025 Topps Finest X-Men '97,2025 Topps Finest X-Men '97 - Greatest Hits,3,SuperFractor,1,81826,2025 Topps Finest X-Men '97 - SuperFractor,exact,target_occupied,"#3 in ""2025 Topps Finest X-Men '97 - SuperFractor"" is held by a different card — needs manual review"
2025 Topps Finest X-Men '97,2025 Topps Finest X-Men '97 - Greatest Hits,4,Gold Refractor,1,81735,2025 Topps Finest X-Men '97 - Gold Refractor,exact,target_occupied,"#4 in ""2025 Topps Finest X-Men '97 - Gold Refractor"" is held by a different card — needs manual review"
2025 Topps Finest X-Men '97,2025 Topps Finest X-Men '97 - Greatest Hits,4,Red Refractor,1,81745,2025 Topps Finest X-Men '97 - Red Refractor,exact,target_occupied,"#4 in ""2025 Topps Finest X-Men '97 - Red Refractor"" is held by a different card — needs manual review"
2025 Topps Finest X-Men '97,2025 Topps Finest X-Men '97 - Greatest Hits,4,Laser Refractor,1,81794,2025 Topps Finest X-Men '97 - Laser Refractor,exact,target_occupied,"#4 in ""2025 Topps Finest X-Men '97 - Laser Refractor"" is held by a different card — needs manual review"
2025 Topps Finest X-Men '97,2025 Topps Finest X-Men '97 - Greatest Hits,4,X-Fractor,1,81824,2025 Topps Finest X-Men '97 - X-Fractor,exact,target_occupied,"#4 in ""2025 Topps Finest X-Men '97 - X-Fractor"" is held by a different card — needs manual review"
2025 Topps Finest X-Men '97,2025 Topps Finest X-Men '97 - Greatest Hits,4,Orange Refractor,1,81828,2025 Topps Finest X-Men '97 - Orange Refractor,exact,target_occupied,"#4 in ""2025 Topps Finest X-Men '97 - Orange Refractor"" is held by a different card — needs manual review"
2025 Topps Finest X-Men '97,2025 Topps Finest X-Men '97 - Greatest Hits,4,SuperFractor,1,81831,2025 Topps Finest X-Men '97 - SuperFractor,exact,target_occupied,"#4 in ""2025 Topps Finest X-Men '97 - SuperFractor"" is held by a different card — needs manual review"
2025 Topps Finest X-Men '97,2025 Topps Finest X-Men '97 - Greatest Hits,5,X-Fractor,1,81809,2025 Topps Finest X-Men '97 - X-Fractor,exact,target_occupied,"#5 in ""2025 Topps Finest X-Men '97 - X-Fractor"" is held by a different card — needs manual review"
2025 Topps Finest X-Men '97,2025 Topps Finest X-Men '97 - Greatest Hits,5,SuperFractor,1,81832,2025 Topps Finest X-Men '97 - SuperFractor,exact,target_occupied,"#5 in ""2025 Topps Finest X-Men '97 - SuperFractor"" is held by a different card — needs manual review"
2025 Topps Finest X-Men '97,2025 Topps Finest X-Men '97 - Greatest Hits,5,Orange Refractor,1,81835,2025 Topps Finest X-Men '97 - Orange Refractor,exact,target_occupied,"#5 in ""2025 Topps Finest X-Men '97 - Orange Refractor"" is held by a different card — needs manual review"
2025 Topps Finest X-Men '97,2025 Topps Finest X-Men '97 - Greatest Hits,5,Laser Refractor,1,81836,2025 Topps Finest X-Men '97 - Laser Refractor,exact,target_occupied,"#5 in ""2025 Topps Finest X-Men '97 - Laser Refractor"" is held by a different card — needs manual review"
2025 Topps Finest X-Men '97,2025 Topps Finest X-Men '97 - Greatest Hits,5,Gold Refractor,1,81837,2025 Topps Finest X-Men '97 - Gold Refractor,exact,target_occupied,"#5 in ""2025 Topps Finest X-Men '97 - Gold Refractor"" is held by a different card — needs manual review"
2025 Topps Finest X-Men '97,2025 Topps Finest X-Men '97 - Greatest Hits,5,Red Refractor,1,81838,2025 Topps Finest X-Men '97 - Red Refractor,exact,target_occupied,"#5 in ""2025 Topps Finest X-Men '97 - Red Refractor"" is held by a different card — needs manual review"
2025 Topps Finest X-Men '97,2025 Topps Finest X-Men '97 - Greatest Hits,6,X-Fractor,1,81741,2025 Topps Finest X-Men '97 - X-Fractor,exact,target_occupied,"#6 in ""2025 Topps Finest X-Men '97 - X-Fractor"" is held by a different card — needs manual review"
2025 Topps Finest X-Men '97,2025 Topps Finest X-Men '97 - Greatest Hits,6,Orange Refractor,1,81839,2025 Topps Finest X-Men '97 - Orange Refractor,exact,target_occupied,"#6 in ""2025 Topps Finest X-Men '97 - Orange Refractor"" is held by a different card — needs manual review"
2025 Topps Finest X-Men '97,2025 Topps Finest X-Men '97 - Greatest Hits,6,Laser Refractor,1,81840,2025 Topps Finest X-Men '97 - Laser Refractor,exact,target_occupied,"#6 in ""2025 Topps Finest X-Men '97 - Laser Refractor"" is held by a different card — needs manual review"
2025 Topps Finest X-Men '97,2025 Topps Finest X-Men '97 - Greatest Hits,6,Gold Refractor,1,81841,2025 Topps Finest X-Men '97 - Gold Refractor,exact,target_occupied,"#6 in ""2025 Topps Finest X-Men '97 - Gold Refractor"" is held by a different card — needs manual review"
2025 Topps Finest X-Men '97,2025 Topps Finest X-Men '97 - Greatest Hits,6,Red Refractor,1,81846,2025 Topps Finest X-Men '97 - Red Refractor,exact,target_occupied,"#6 in ""2025 Topps Finest X-Men '97 - Red Refractor"" is held by a different card — needs manual review"
2025 Topps Finest X-Men '97,2025 Topps Finest X-Men '97 - Greatest Hits,6,SuperFractor,1,81849,2025 Topps Finest X-Men '97 - SuperFractor,exact,target_occupied,"#6 in ""2025 Topps Finest X-Men '97 - SuperFractor"" is held by a different card — needs manual review"
2025 Topps Finest X-Men '97,2025 Topps Finest X-Men '97 - Greatest Hits,7,X-Fractor,1,81732,2025 Topps Finest X-Men '97 - X-Fractor,exact,target_occupied,"#7 in ""2025 Topps Finest X-Men '97 - X-Fractor"" is held by a different card — needs manual review"
2025 Topps Finest X-Men '97,2025 Topps Finest X-Men '97 - Greatest Hits,7,Gold Refractor,1,81733,2025 Topps Finest X-Men '97 - Gold Refractor,exact,target_occupied,"#7 in ""2025 Topps Finest X-Men '97 - Gold Refractor"" is held by a different card — needs manual review"
2025 Topps Finest X-Men '97,2025 Topps Finest X-Men '97 - Greatest Hits,7,Laser Refractor,1,81847,2025 Topps Finest X-Men '97 - Laser Refractor,exact,target_occupied,"#7 in ""2025 Topps Finest X-Men '97 - Laser Refractor"" is held by a different card — needs manual review"
2025 Topps Finest X-Men '97,2025 Topps Finest X-Men '97 - Greatest Hits,7,SuperFractor,1,81850,2025 Topps Finest X-Men '97 - SuperFractor,exact,target_occupied,"#7 in ""2025 Topps Finest X-Men '97 - SuperFractor"" is held by a different card — needs manual review"
2025 Topps Finest X-Men '97,2025 Topps Finest X-Men '97 - Greatest Hits,7,Orange Refractor,1,81852,2025 Topps Finest X-Men '97 - Orange Refractor,exact,target_occupied,"#7 in ""2025 Topps Finest X-Men '97 - Orange Refractor"" is held by a different card — needs manual review"
2025 Topps Finest X-Men '97,2025 Topps Finest X-Men '97 - Greatest Hits,7,Red Refractor,1,81854,2025 Topps Finest X-Men '97 - Red Refractor,exact,target_occupied,"#7 in ""2025 Topps Finest X-Men '97 - Red Refractor"" is held by a different card — needs manual review"
2025 Topps Finest X-Men '97,2025 Topps Finest X-Men '97 - Greatest Hits,8,X-Fractor,1,81736,2025 Topps Finest X-Men '97 - X-Fractor,exact,target_occupied,"#8 in ""2025 Topps Finest X-Men '97 - X-Fractor"" is held by a different card — needs manual review"
2025 Topps Finest X-Men '97,2025 Topps Finest X-Men '97 - Greatest Hits,8,Laser Refractor,1,81811,2025 Topps Finest X-Men '97 - Laser Refractor,exact,target_occupied,"#8 in ""2025 Topps Finest X-Men '97 - Laser Refractor"" is held by a different card — needs manual review"
2025 Topps Finest X-Men '97,2025 Topps Finest X-Men '97 - Greatest Hits,8,Orange Refractor,1,81858,2025 Topps Finest X-Men '97 - Orange Refractor,exact,target_occupied,"#8 in ""2025 Topps Finest X-Men '97 - Orange Refractor"" is held by a different card — needs manual review"
2025 Topps Finest X-Men '97,2025 Topps Finest X-Men '97 - Greatest Hits,8,Gold Refractor,1,81859,2025 Topps Finest X-Men '97 - Gold Refractor,exact,target_occupied,"#8 in ""2025 Topps Finest X-Men '97 - Gold Refractor"" is held by a different card — needs manual review"
2025 Topps Finest X-Men '97,2025 Topps Finest X-Men '97 - Greatest Hits,8,Red Refractor,1,81860,2025 Topps Finest X-Men '97 - Red Refractor,exact,target_occupied,"#8 in ""2025 Topps Finest X-Men '97 - Red Refractor"" is held by a different card — needs manual review"
2025 Topps Finest X-Men '97,2025 Topps Finest X-Men '97 - Greatest Hits,8,SuperFractor,1,81861,2025 Topps Finest X-Men '97 - SuperFractor,exact,target_occupied,"#8 in ""2025 Topps Finest X-Men '97 - SuperFractor"" is held by a different card — needs manual review"
2025 Topps Finest X-Men '97,2025 Topps Finest X-Men '97 - Greatest Hits,9,Orange Refractor,1,81730,2025 Topps Finest X-Men '97 - Orange Refractor,exact,target_occupied,"#9 in ""2025 Topps Finest X-Men '97 - Orange Refractor"" is held by a different card — needs manual review"
2025 Topps Finest X-Men '97,2025 Topps Finest X-Men '97 - Greatest Hits,9,Gold Refractor,1,81734,2025 Topps Finest X-Men '97 - Gold Refractor,exact,target_occupied,"#9 in ""2025 Topps Finest X-Men '97 - Gold Refractor"" is held by a different card — needs manual review"
2025 Topps Finest X-Men '97,2025 Topps Finest X-Men '97 - Greatest Hits,9,Laser Refractor,1,81747,2025 Topps Finest X-Men '97 - Laser Refractor,exact,target_occupied,"#9 in ""2025 Topps Finest X-Men '97 - Laser Refractor"" is held by a different card — needs manual review"
2025 Topps Finest X-Men '97,2025 Topps Finest X-Men '97 - Greatest Hits,9,X-Fractor,1,81863,2025 Topps Finest X-Men '97 - X-Fractor,exact,target_occupied,"#9 in ""2025 Topps Finest X-Men '97 - X-Fractor"" is held by a different card — needs manual review"
2025 Topps Finest X-Men '97,2025 Topps Finest X-Men '97 - Greatest Hits,9,SuperFractor,1,81868,2025 Topps Finest X-Men '97 - SuperFractor,exact,target_occupied,"#9 in ""2025 Topps Finest X-Men '97 - SuperFractor"" is held by a different card — needs manual review"
2025 Topps Finest X-Men '97,2025 Topps Finest X-Men '97 - Greatest Hits,9,Red Refractor,1,81872,2025 Topps Finest X-Men '97 - Red Refractor,exact,target_occupied,"#9 in ""2025 Topps Finest X-Men '97 - Red Refractor"" is held by a different card — needs manual review"
2025 Topps Finest X-Men '97,2025 Topps Finest X-Men '97 - Omega Level,3,SuperFractor,1,81705,2025 Topps Finest X-Men '97 - SuperFractor,exact,target_occupied,"#3 in ""2025 Topps Finest X-Men '97 - SuperFractor"" is held by a different card — needs manual review"
2025 Topps Finest X-Men '97,2025 Topps Finest X-Men '97 - Previously on X-Men,1,SuperFractor,1,81919,2025 Topps Finest X-Men '97 - SuperFractor,exact,target_occupied,"#1 in ""2025 Topps Finest X-Men '97 - SuperFractor"" is held by a different card — needs manual review"
2025 Topps Finest X-Men '97,2025 Topps Finest X-Men '97 - Previously on X-Men,1,X-Fractor,1,81921,2025 Topps Finest X-Men '97 - X-Fractor,exact,target_occupied,"#1 in ""2025 Topps Finest X-Men '97 - X-Fractor"" is held by a different card — needs manual review"
2025 Topps Finest X-Men '97,2025 Topps Finest X-Men '97 - Previously on X-Men,1,Orange Refractor,1,81923,2025 Topps Finest X-Men '97 - Orange Refractor,exact,target_occupied,"#1 in ""2025 Topps Finest X-Men '97 - Orange Refractor"" is held by a different card — needs manual review"
2025 Topps Finest X-Men '97,2025 Topps Finest X-Men '97 - Previously on X-Men,1,Gold Refractor,1,81925,2025 Topps Finest X-Men '97 - Gold Refractor,exact,target_occupied,"#1 in ""2025 Topps Finest X-Men '97 - Gold Refractor"" is held by a different card — needs manual review"
2025 Topps Finest X-Men '97,2025 Topps Finest X-Men '97 - Previously on X-Men,1,Red Refractor,1,81926,2025 Topps Finest X-Men '97 - Red Refractor,exact,target_occupied,"#1 in ""2025 Topps Finest X-Men '97 - Red Refractor"" is held by a different card — needs manual review"
2025 Topps Finest X-Men '97,2025 Topps Finest X-Men '97 - Previously on X-Men,1,Laser Refractor,1,81966,2025 Topps Finest X-Men '97 - Laser Refractor,exact,target_occupied,"#1 in ""2025 Topps Finest X-Men '97 - Laser Refractor"" is held by a different card — needs manual review"
2025 Topps Finest X-Men '97,2025 Topps Finest X-Men '97 - Previously on X-Men,10,Red Refractor,1,81599,2025 Topps Finest X-Men '97 - Red Refractor,exact,target_occupied,"#10 in ""2025 Topps Finest X-Men '97 - Red Refractor"" is held by a different card — needs manual review"
2025 Topps Finest X-Men '97,2025 Topps Finest X-Men '97 - Previously on X-Men,10,X-Fractor,1,81609,2025 Topps Finest X-Men '97 - X-Fractor,exact,target_occupied,"#10 in ""2025 Topps Finest X-Men '97 - X-Fractor"" is held by a different card — needs manual review"
2025 Topps Finest X-Men '97,2025 Topps Finest X-Men '97 - Previously on X-Men,10,Orange Refractor,1,81957,2025 Topps Finest X-Men '97 - Orange Refractor,exact,target_occupied,"#10 in ""2025 Topps Finest X-Men '97 - Orange Refractor"" is held by a different card — needs manual review"
2025 Topps Finest X-Men '97,2025 Topps Finest X-Men '97 - Previously on X-Men,10,Laser Refractor,1,81958,2025 Topps Finest X-Men '97 - Laser Refractor,exact,target_occupied,"#10 in ""2025 Topps Finest X-Men '97 - Laser Refractor"" is held by a different card — needs manual review"
2025 Topps Finest X-Men '97,2025 Topps Finest X-Men '97 - Previously on X-Men,10,Gold Refractor,1,81959,2025 Topps Finest X-Men '97 - Gold Refractor,exact,target_occupied,"#10 in ""2025 Topps Finest X-Men '97 - Gold Refractor"" is held by a different card — needs manual review"
2025 Topps Finest X-Men '97,2025 Topps Finest X-Men '97 - Previously on X-Men,10,SuperFractor,1,82002,2025 Topps Finest X-Men '97 - SuperFractor,exact,target_occupied,"#10 in ""2025 Topps Finest X-Men '97 - SuperFractor"" is held by a different card — needs manual review"
2025 Topps Finest X-Men '97,2025 Topps Finest X-Men '97 - Previously on X-Men,11,SuperFractor,1,81961,2025 Topps Finest X-Men '97 - SuperFractor,exact,target_occupied,"#11 in ""2025 Topps Finest X-Men '97 - SuperFractor"" is held by a different card — needs manual review"
2025 Topps Finest X-Men '97,2025 Topps Finest X-Men '97 - Previously on X-Men,11,Orange Refractor,1,81963,2025 Topps Finest X-Men '97 - Orange Refractor,exact,target_occupied,"#11 in ""2025 Topps Finest X-Men '97 - Orange Refractor"" is held by a different card — needs manual review"
2025 Topps Finest X-Men '97,2025 Topps Finest X-Men '97 - Previously on X-Men,11,Red Refractor,1,81965,2025 Topps Finest X-Men '97 - Red Refractor,exact,target_occupied,"#11 in ""2025 Topps Finest X-Men '97 - Red Refractor"" is held by a different card — needs manual review"
2025 Topps Finest X-Men '97,2025 Topps Finest X-Men '97 - Previously on X-Men,11,Laser Refractor,1,82006,2025 Topps Finest X-Men '97 - Laser Refractor,exact,target_occupied,"#11 in ""2025 Topps Finest X-Men '97 - Laser Refractor"" is held by a different card — needs manual review"
2025 Topps Finest X-Men '97,2025 Topps Finest X-Men '97 - Previously on X-Men,11,Gold Refractor,1,82007,2025 Topps Finest X-Men '97 - Gold Refractor,exact,target_occupied,"#11 in ""2025 Topps Finest X-Men '97 - Gold Refractor"" is held by a different card — needs manual review"
2025 Topps Finest X-Men '97,2025 Topps Finest X-Men '97 - Previously on X-Men,11,X-Fractor,1,82024,2025 Topps Finest X-Men '97 - X-Fractor,exact,target_occupied,"#11 in ""2025 Topps Finest X-Men '97 - X-Fractor"" is held by a different card — needs manual review"
2025 Topps Finest X-Men '97,2025 Topps Finest X-Men '97 - Previously on X-Men,12,Gold Refractor,1,81601,2025 Topps Finest X-Men '97 - Gold Refractor,exact,target_occupied,"#12 in ""2025 Topps Finest X-Men '97 - Gold Refractor"" is held by a different card — needs manual review"
2025 Topps Finest X-Men '97,2025 Topps Finest X-Men '97 - Previously on X-Men,12,Laser Refractor,1,81914,2025 Topps Finest X-Men '97 - Laser Refractor,exact,target_occupied,"#12 in ""2025 Topps Finest X-Men '97 - Laser Refractor"" is held by a different card — needs manual review"
2025 Topps Finest X-Men '97,2025 Topps Finest X-Men '97 - Previously on X-Men,12,X-Fractor,1,81962,2025 Topps Finest X-Men '97 - X-Fractor,exact,target_occupied,"#12 in ""2025 Topps Finest X-Men '97 - X-Fractor"" is held by a different card — needs manual review"
2025 Topps Finest X-Men '97,2025 Topps Finest X-Men '97 - Previously on X-Men,12,SuperFractor,1,82008,2025 Topps Finest X-Men '97 - SuperFractor,exact,target_occupied,"#12 in ""2025 Topps Finest X-Men '97 - SuperFractor"" is held by a different card — needs manual review"
2025 Topps Finest X-Men '97,2025 Topps Finest X-Men '97 - Previously on X-Men,12,Orange Refractor,1,82013,2025 Topps Finest X-Men '97 - Orange Refractor,exact,target_occupied,"#12 in ""2025 Topps Finest X-Men '97 - Orange Refractor"" is held by a different card — needs manual review"
2025 Topps Finest X-Men '97,2025 Topps Finest X-Men '97 - Previously on X-Men,12,Red Refractor,1,82015,2025 Topps Finest X-Men '97 - Red Refractor,exact,target_occupied,"#12 in ""2025 Topps Finest X-Men '97 - Red Refractor"" is held by a different card — needs manual review"
2025 Topps Finest X-Men '97,2025 Topps Finest X-Men '97 - Previously on X-Men,13,X-Fractor,1,82009,2025 Topps Finest X-Men '97 - X-Fractor,exact,target_occupied,"#13 in ""2025 Topps Finest X-Men '97 - X-Fractor"" is held by a different card — needs manual review"
2025 Topps Finest X-Men '97,2025 Topps Finest X-Men '97 - Previously on X-Men,13,Orange Refractor,1,82010,2025 Topps Finest X-Men '97 - Orange Refractor,exact,target_occupied,"#13 in ""2025 Topps Finest X-Men '97 - Orange Refractor"" is held by a different card — needs manual review"
2025 Topps Finest X-Men '97,2025 Topps Finest X-Men '97 - Previously on X-Men,13,Laser Refractor,1,82011,2025 Topps Finest X-Men '97 - Laser Refractor,exact,target_occupied,"#13 in ""2025 Topps Finest X-Men '97 - Laser Refractor"" is held by a different card — needs manual review"
2025 Topps Finest X-Men '97,2025 Topps Finest X-Men '97 - Previously on X-Men,13,Gold Refractor,1,82012,2025 Topps Finest X-Men '97 - Gold Refractor,exact,target_occupied,"#13 in ""2025 Topps Finest X-Men '97 - Gold Refractor"" is held by a different card — needs manual review"
2025 Topps Finest X-Men '97,2025 Topps Finest X-Men '97 - Previously on X-Men,13,Red Refractor,1,82014,2025 Topps Finest X-Men '97 - Red Refractor,exact,target_occupied,"#13 in ""2025 Topps Finest X-Men '97 - Red Refractor"" is held by a different card — needs manual review"
2025 Topps Finest X-Men '97,2025 Topps Finest X-Men '97 - Previously on X-Men,13,SuperFractor,1,82017,2025 Topps Finest X-Men '97 - SuperFractor,exact,target_occupied,"#13 in ""2025 Topps Finest X-Men '97 - SuperFractor"" is held by a different card — needs manual review"
2025 Topps Finest X-Men '97,2025 Topps Finest X-Men '97 - Previously on X-Men,15,SuperFractor,1,82016,2025 Topps Finest X-Men '97 - SuperFractor,exact,target_occupied,"#15 in ""2025 Topps Finest X-Men '97 - SuperFractor"" is held by a different card — needs manual review"
2025 Topps Finest X-Men '97,2025 Topps Finest X-Men '97 - Previously on X-Men,15,X-Fractor,1,82018,2025 Topps Finest X-Men '97 - X-Fractor,exact,target_occupied,"#15 in ""2025 Topps Finest X-Men '97 - X-Fractor"" is held by a different card — needs manual review"
2025 Topps Finest X-Men '97,2025 Topps Finest X-Men '97 - Previously on X-Men,15,Orange Refractor,1,82019,2025 Topps Finest X-Men '97 - Orange Refractor,exact,target_occupied,"#15 in ""2025 Topps Finest X-Men '97 - Orange Refractor"" is held by a different card — needs manual review"
2025 Topps Finest X-Men '97,2025 Topps Finest X-Men '97 - Previously on X-Men,15,Laser Refractor,1,82020,2025 Topps Finest X-Men '97 - Laser Refractor,exact,target_occupied,"#15 in ""2025 Topps Finest X-Men '97 - Laser Refractor"" is held by a different card — needs manual review"
2025 Topps Finest X-Men '97,2025 Topps Finest X-Men '97 - Previously on X-Men,15,Gold Refractor,1,82021,2025 Topps Finest X-Men '97 - Gold Refractor,exact,target_occupied,"#15 in ""2025 Topps Finest X-Men '97 - Gold Refractor"" is held by a different card — needs manual review"
2025 Topps Finest X-Men '97,2025 Topps Finest X-Men '97 - Previously on X-Men,15,Red Refractor,1,82022,2025 Topps Finest X-Men '97 - Red Refractor,exact,target_occupied,"#15 in ""2025 Topps Finest X-Men '97 - Red Refractor"" is held by a different card — needs manual review"
2025 Topps Finest X-Men '97,2025 Topps Finest X-Men '97 - Previously on X-Men,16,SuperFractor,1,81927,2025 Topps Finest X-Men '97 - SuperFractor,exact,target_occupied,"#16 in ""2025 Topps Finest X-Men '97 - SuperFractor"" is held by a different card — needs manual review"
2025 Topps Finest X-Men '97,2025 Topps Finest X-Men '97 - Previously on X-Men,16,Red Refractor,1,81929,2025 Topps Finest X-Men '97 - Red Refractor,exact,target_occupied,"#16 in ""2025 Topps Finest X-Men '97 - Red Refractor"" is held by a different card — needs manual review"
2025 Topps Finest X-Men '97,2025 Topps Finest X-Men '97 - Previously on X-Men,16,X-Fractor,1,81967,2025 Topps Finest X-Men '97 - X-Fractor,exact,target_occupied,"#16 in ""2025 Topps Finest X-Men '97 - X-Fractor"" is held by a different card — needs manual review"
2025 Topps Finest X-Men '97,2025 Topps Finest X-Men '97 - Previously on X-Men,16,Orange Refractor,1,81968,2025 Topps Finest X-Men '97 - Orange Refractor,exact,target_occupied,"#16 in ""2025 Topps Finest X-Men '97 - Orange Refractor"" is held by a different card — needs manual review"
2025 Topps Finest X-Men '97,2025 Topps Finest X-Men '97 - Previously on X-Men,16,Gold Refractor,1,81969,2025 Topps Finest X-Men '97 - Gold Refractor,exact,target_occupied,"#16 in ""2025 Topps Finest X-Men '97 - Gold Refractor"" is held by a different card — needs manual review"
2025 Topps Finest X-Men '97,2025 Topps Finest X-Men '97 - Previously on X-Men,16,Laser Refractor,1,82023,2025 Topps Finest X-Men '97 - Laser Refractor,exact,target_occupied,"#16 in ""2025 Topps Finest X-Men '97 - Laser Refractor"" is held by a different card — needs manual review"
2025 Topps Finest X-Men '97,2025 Topps Finest X-Men '97 - Previously on X-Men,17,Laser Refractor,1,81931,2025 Topps Finest X-Men '97 - Laser Refractor,exact,target_occupied,"#17 in ""2025 Topps Finest X-Men '97 - Laser Refractor"" is held by a different card — needs manual review"
2025 Topps Finest X-Men '97,2025 Topps Finest X-Men '97 - Previously on X-Men,17,SuperFractor,1,81934,2025 Topps Finest X-Men '97 - SuperFractor,exact,target_occupied,"#17 in ""2025 Topps Finest X-Men '97 - SuperFractor"" is held by a different card — needs manual review"
2025 Topps Finest X-Men '97,2025 Topps Finest X-Men '97 - Previously on X-Men,17,X-Fractor,1,81974,2025 Topps Finest X-Men '97 - X-Fractor,exact,target_occupied,"#17 in ""2025 Topps Finest X-Men '97 - X-Fractor"" is held by a different card — needs manual review"
2025 Topps Finest X-Men '97,2025 Topps Finest X-Men '97 - Previously on X-Men,17,Orange Refractor,1,81975,2025 Topps Finest X-Men '97 - Orange Refractor,exact,target_occupied,"#17 in ""2025 Topps Finest X-Men '97 - Orange Refractor"" is held by a different card — needs manual review"
2025 Topps Finest X-Men '97,2025 Topps Finest X-Men '97 - Previously on X-Men,17,Gold Refractor,1,81976,2025 Topps Finest X-Men '97 - Gold Refractor,exact,target_occupied,"#17 in ""2025 Topps Finest X-Men '97 - Gold Refractor"" is held by a different card — needs manual review"
2025 Topps Finest X-Men '97,2025 Topps Finest X-Men '97 - Previously on X-Men,17,Red Refractor,1,81978,2025 Topps Finest X-Men '97 - Red Refractor,exact,target_occupied,"#17 in ""2025 Topps Finest X-Men '97 - Red Refractor"" is held by a different card — needs manual review"
2025 Topps Finest X-Men '97,2025 Topps Finest X-Men '97 - Previously on X-Men,18,Laser Refractor,1,81938,2025 Topps Finest X-Men '97 - Laser Refractor,exact,target_occupied,"#18 in ""2025 Topps Finest X-Men '97 - Laser Refractor"" is held by a different card — needs manual review"
2025 Topps Finest X-Men '97,2025 Topps Finest X-Men '97 - Previously on X-Men,18,SuperFractor,1,81941,2025 Topps Finest X-Men '97 - SuperFractor,exact,target_occupied,"#18 in ""2025 Topps Finest X-Men '97 - SuperFractor"" is held by a different card — needs manual review"
2025 Topps Finest X-Men '97,2025 Topps Finest X-Men '97 - Previously on X-Men,18,Red Refractor,1,81945,2025 Topps Finest X-Men '97 - Red Refractor,exact,target_occupied,"#18 in ""2025 Topps Finest X-Men '97 - Red Refractor"" is held by a different card — needs manual review"
2025 Topps Finest X-Men '97,2025 Topps Finest X-Men '97 - Previously on X-Men,18,X-Fractor,1,81983,2025 Topps Finest X-Men '97 - X-Fractor,exact,target_occupied,"#18 in ""2025 Topps Finest X-Men '97 - X-Fractor"" is held by a different card — needs manual review"
2025 Topps Finest X-Men '97,2025 Topps Finest X-Men '97 - Previously on X-Men,18,Orange Refractor,1,81985,2025 Topps Finest X-Men '97 - Orange Refractor,exact,target_occupied,"#18 in ""2025 Topps Finest X-Men '97 - Orange Refractor"" is held by a different card — needs manual review"
2025 Topps Finest X-Men '97,2025 Topps Finest X-Men '97 - Previously on X-Men,18,Gold Refractor,1,81988,2025 Topps Finest X-Men '97 - Gold Refractor,exact,target_occupied,"#18 in ""2025 Topps Finest X-Men '97 - Gold Refractor"" is held by a different card — needs manual review"
2025 Topps Finest X-Men '97,2025 Topps Finest X-Men '97 - Previously on X-Men,19,Orange Refractor,1,81947,2025 Topps Finest X-Men '97 - Orange Refractor,exact,target_occupied,"#19 in ""2025 Topps Finest X-Men '97 - Orange Refractor"" is held by a different card — needs manual review"
2025 Topps Finest X-Men '97,2025 Topps Finest X-Men '97 - Previously on X-Men,19,Red Refractor,1,81949,2025 Topps Finest X-Men '97 - Red Refractor,exact,target_occupied,"#19 in ""2025 Topps Finest X-Men '97 - Red Refractor"" is held by a different card — needs manual review"
2025 Topps Finest X-Men '97,2025 Topps Finest X-Men '97 - Previously on X-Men,19,SuperFractor,1,81951,2025 Topps Finest X-Men '97 - SuperFractor,exact,target_occupied,"#19 in ""2025 Topps Finest X-Men '97 - SuperFractor"" is held by a different card — needs manual review"
2025 Topps Finest X-Men '97,2025 Topps Finest X-Men '97 - Previously on X-Men,19,X-Fractor,1,81990,2025 Topps Finest X-Men '97 - X-Fractor,exact,target_occupied,"#19 in ""2025 Topps Finest X-Men '97 - X-Fractor"" is held by a different card — needs manual review"
2025 Topps Finest X-Men '97,2025 Topps Finest X-Men '97 - Previously on X-Men,19,Laser Refractor,1,81992,2025 Topps Finest X-Men '97 - Laser Refractor,exact,target_occupied,"#19 in ""2025 Topps Finest X-Men '97 - Laser Refractor"" is held by a different card — needs manual review"
2025 Topps Finest X-Men '97,2025 Topps Finest X-Men '97 - Previously on X-Men,19,Gold Refractor,1,81993,2025 Topps Finest X-Men '97 - Gold Refractor,exact,target_occupied,"#19 in ""2025 Topps Finest X-Men '97 - Gold Refractor"" is held by a different card — needs manual review"
2025 Topps Finest X-Men '97,2025 Topps Finest X-Men '97 - Previously on X-Men,2,X-Fractor,1,81920,2025 Topps Finest X-Men '97 - X-Fractor,exact,target_occupied,"#2 in ""2025 Topps Finest X-Men '97 - X-Fractor"" is held by a different card — needs manual review"
2025 Topps Finest X-Men '97,2025 Topps Finest X-Men '97 - Previously on X-Men,2,Laser Refractor,1,81922,2025 Topps Finest X-Men '97 - Laser Refractor,exact,target_occupied,"#2 in ""2025 Topps Finest X-Men '97 - Laser Refractor"" is held by a different card — needs manual review"
2025 Topps Finest X-Men '97,2025 Topps Finest X-Men '97 - Previously on X-Men,2,Gold Refractor,1,81924,2025 Topps Finest X-Men '97 - Gold Refractor,exact,target_occupied,"#2 in ""2025 Topps Finest X-Men '97 - Gold Refractor"" is held by a different card — needs manual review"
2025 Topps Finest X-Men '97,2025 Topps Finest X-Men '97 - Previously on X-Men,2,Orange Refractor,1,81972,2025 Topps Finest X-Men '97 - Orange Refractor,exact,target_occupied,"#2 in ""2025 Topps Finest X-Men '97 - Orange Refractor"" is held by a different card — needs manual review"
2025 Topps Finest X-Men '97,2025 Topps Finest X-Men '97 - Previously on X-Men,2,Red Refractor,1,81973,2025 Topps Finest X-Men '97 - Red Refractor,exact,target_occupied,"#2 in ""2025 Topps Finest X-Men '97 - Red Refractor"" is held by a different card — needs manual review"
2025 Topps Finest X-Men '97,2025 Topps Finest X-Men '97 - Previously on X-Men,2,SuperFractor,1,82025,2025 Topps Finest X-Men '97 - SuperFractor,exact,target_occupied,"#2 in ""2025 Topps Finest X-Men '97 - SuperFractor"" is held by a different card — needs manual review"
2025 Topps Finest X-Men '97,2025 Topps Finest X-Men '97 - Previously on X-Men,20,X-Fractor,1,81606,2025 Topps Finest X-Men '97 - X-Fractor,exact,target_occupied,"#20 in ""2025 Topps Finest X-Men '97 - X-Fractor"" is held by a different card — needs manual review"
2025 Topps Finest X-Men '97,2025 Topps Finest X-Men '97 - Previously on X-Men,20,SuperFractor,1,81954,2025 Topps Finest X-Men '97 - SuperFractor,exact,target_occupied,"#20 in ""2025 Topps Finest X-Men '97 - SuperFractor"" is held by a different card — needs manual review"
2025 Topps Finest X-Men '97,2025 Topps Finest X-Men '97 - Previously on X-Men,20,Orange Refractor,1,81955,2025 Topps Finest X-Men '97 - Orange Refractor,exact,target_occupied,"#20 in ""2025 Topps Finest X-Men '97 - Orange Refractor"" is held by a different card — needs manual review"
2025 Topps Finest X-Men '97,2025 Topps Finest X-Men '97 - Previously on X-Men,20,Red Refractor,1,81956,2025 Topps Finest X-Men '97 - Red Refractor,exact,target_occupied,"#20 in ""2025 Topps Finest X-Men '97 - Red Refractor"" is held by a different card — needs manual review"
2025 Topps Finest X-Men '97,2025 Topps Finest X-Men '97 - Previously on X-Men,20,Laser Refractor,1,81997,2025 Topps Finest X-Men '97 - Laser Refractor,exact,target_occupied,"#20 in ""2025 Topps Finest X-Men '97 - Laser Refractor"" is held by a different card — needs manual review"
2025 Topps Finest X-Men '97,2025 Topps Finest X-Men '97 - Previously on X-Men,20,Gold Refractor,1,81998,2025 Topps Finest X-Men '97 - Gold Refractor,exact,target_occupied,"#20 in ""2025 Topps Finest X-Men '97 - Gold Refractor"" is held by a different card — needs manual review"
2025 Topps Finest X-Men '97,2025 Topps Finest X-Men '97 - Previously on X-Men,25,Orange Refractor,1,81612,2025 Topps Finest X-Men '97 - Orange Refractor,exact,target_occupied,"#25 in ""2025 Topps Finest X-Men '97 - Orange Refractor"" is held by a different card — needs manual review"
2025 Topps Finest X-Men '97,2025 Topps Finest X-Men '97 - Previously on X-Men,25,SuperFractor,1,81960,2025 Topps Finest X-Men '97 - SuperFractor,exact,target_occupied,"#25 in ""2025 Topps Finest X-Men '97 - SuperFractor"" is held by a different card — needs manual review"
2025 Topps Finest X-Men '97,2025 Topps Finest X-Men '97 - Previously on X-Men,25,Red Refractor,1,81964,2025 Topps Finest X-Men '97 - Red Refractor,exact,target_occupied,"#25 in ""2025 Topps Finest X-Men '97 - Red Refractor"" is held by a different card — needs manual review"
2025 Topps Finest X-Men '97,2025 Topps Finest X-Men '97 - Previously on X-Men,25,X-Fractor,1,82003,2025 Topps Finest X-Men '97 - X-Fractor,exact,target_occupied,"#25 in ""2025 Topps Finest X-Men '97 - X-Fractor"" is held by a different card — needs manual review"
2025 Topps Finest X-Men '97,2025 Topps Finest X-Men '97 - Previously on X-Men,25,Laser Refractor,1,82004,2025 Topps Finest X-Men '97 - Laser Refractor,exact,target_occupied,"#25 in ""2025 Topps Finest X-Men '97 - Laser Refractor"" is held by a different card — needs manual review"
2025 Topps Finest X-Men '97,2025 Topps Finest X-Men '97 - Previously on X-Men,25,Gold Refractor,1,82005,2025 Topps Finest X-Men '97 - Gold Refractor,exact,target_occupied,"#25 in ""2025 Topps Finest X-Men '97 - Gold Refractor"" is held by a different card — needs manual review"
2025 Topps Finest X-Men '97,2025 Topps Finest X-Men '97 - Previously on X-Men,3,SuperFractor,1,81928,2025 Topps Finest X-Men '97 - SuperFractor,exact,target_occupied,"#3 in ""2025 Topps Finest X-Men '97 - SuperFractor"" is held by a different card — needs manual review"
2025 Topps Finest X-Men '97,2025 Topps Finest X-Men '97 - Previously on X-Men,3,Orange Refractor,1,81930,2025 Topps Finest X-Men '97 - Orange Refractor,exact,target_occupied,"#3 in ""2025 Topps Finest X-Men '97 - Orange Refractor"" is held by a different card — needs manual review"
2025 Topps Finest X-Men '97,2025 Topps Finest X-Men '97 - Previously on X-Men,3,Gold Refractor,1,81932,2025 Topps Finest X-Men '97 - Gold Refractor,exact,target_occupied,"#3 in ""2025 Topps Finest X-Men '97 - Gold Refractor"" is held by a different card — needs manual review"
2025 Topps Finest X-Men '97,2025 Topps Finest X-Men '97 - Previously on X-Men,3,Red Refractor,1,81933,2025 Topps Finest X-Men '97 - Red Refractor,exact,target_occupied,"#3 in ""2025 Topps Finest X-Men '97 - Red Refractor"" is held by a different card — needs manual review"
2025 Topps Finest X-Men '97,2025 Topps Finest X-Men '97 - Previously on X-Men,3,X-Fractor,1,81970,2025 Topps Finest X-Men '97 - X-Fractor,exact,target_occupied,"#3 in ""2025 Topps Finest X-Men '97 - X-Fractor"" is held by a different card — needs manual review"
2025 Topps Finest X-Men '97,2025 Topps Finest X-Men '97 - Previously on X-Men,3,Laser Refractor,1,81971,2025 Topps Finest X-Men '97 - Laser Refractor,exact,target_occupied,"#3 in ""2025 Topps Finest X-Men '97 - Laser Refractor"" is held by a different card — needs manual review"
2025 Topps Finest X-Men '97,2025 Topps Finest X-Men '97 - Previously on X-Men,5,X-Fractor,1,81936,2025 Topps Finest X-Men '97 - X-Fractor,exact,target_occupied,"#5 in ""2025 Topps Finest X-Men '97 - X-Fractor"" is held by a different card — needs manual review"
2025 Topps Finest X-Men '97,2025 Topps Finest X-Men '97 - Previously on X-Men,5,Orange Refractor,1,81937,2025 Topps Finest X-Men '97 - Orange Refractor,exact,target_occupied,"#5 in ""2025 Topps Finest X-Men '97 - Orange Refractor"" is held by a different card — needs manual review"
2025 Topps Finest X-Men '97,2025 Topps Finest X-Men '97 - Previously on X-Men,5,Laser Refractor,1,81939,2025 Topps Finest X-Men '97 - Laser Refractor,exact,target_occupied,"#5 in ""2025 Topps Finest X-Men '97 - Laser Refractor"" is held by a different card — needs manual review"
2025 Topps Finest X-Men '97,2025 Topps Finest X-Men '97 - Previously on X-Men,5,Gold Refractor,1,81940,2025 Topps Finest X-Men '97 - Gold Refractor,exact,target_occupied,"#5 in ""2025 Topps Finest X-Men '97 - Gold Refractor"" is held by a different card — needs manual review"
2025 Topps Finest X-Men '97,2025 Topps Finest X-Men '97 - Previously on X-Men,5,SuperFractor,1,81982,2025 Topps Finest X-Men '97 - SuperFractor,exact,target_occupied,"#5 in ""2025 Topps Finest X-Men '97 - SuperFractor"" is held by a different card — needs manual review"
2025 Topps Finest X-Men '97,2025 Topps Finest X-Men '97 - Previously on X-Men,5,Red Refractor,1,81989,2025 Topps Finest X-Men '97 - Red Refractor,exact,target_occupied,"#5 in ""2025 Topps Finest X-Men '97 - Red Refractor"" is held by a different card — needs manual review"
2025 Topps Finest X-Men '97,2025 Topps Finest X-Men '97 - Previously on X-Men,6,Gold Refractor,1,81605,2025 Topps Finest X-Men '97 - Gold Refractor,exact,target_occupied,"#6 in ""2025 Topps Finest X-Men '97 - Gold Refractor"" is held by a different card — needs manual review"
2025 Topps Finest X-Men '97,2025 Topps Finest X-Men '97 - Previously on X-Men,6,SuperFractor,1,81942,2025 Topps Finest X-Men '97 - SuperFractor,exact,target_occupied,"#6 in ""2025 Topps Finest X-Men '97 - SuperFractor"" is held by a different card — needs manual review"
2025 Topps Finest X-Men '97,2025 Topps Finest X-Men '97 - Previously on X-Men,6,Red Refractor,1,81946,2025 Topps Finest X-Men '97 - Red Refractor,exact,target_occupied,"#6 in ""2025 Topps Finest X-Men '97 - Red Refractor"" is held by a different card — needs manual review"
2025 Topps Finest X-Men '97,2025 Topps Finest X-Men '97 - Previously on X-Men,6,X-Fractor,1,81984,2025 Topps Finest X-Men '97 - X-Fractor,exact,target_occupied,"#6 in ""2025 Topps Finest X-Men '97 - X-Fractor"" is held by a different card — needs manual review"
2025 Topps Finest X-Men '97,2025 Topps Finest X-Men '97 - Previously on X-Men,6,Orange Refractor,1,81986,2025 Topps Finest X-Men '97 - Orange Refractor,exact,target_occupied,"#6 in ""2025 Topps Finest X-Men '97 - Orange Refractor"" is held by a different card — needs manual review"
2025 Topps Finest X-Men '97,2025 Topps Finest X-Men '97 - Previously on X-Men,6,Laser Refractor,1,81987,2025 Topps Finest X-Men '97 - Laser Refractor,exact,target_occupied,"#6 in ""2025 Topps Finest X-Men '97 - Laser Refractor"" is held by a different card — needs manual review"
2025 Topps Finest X-Men '97,2025 Topps Finest X-Men '97 - Previously on X-Men,7,X-Fractor,1,81600,2025 Topps Finest X-Men '97 - X-Fractor,exact,target_occupied,"#7 in ""2025 Topps Finest X-Men '97 - X-Fractor"" is held by a different card — needs manual review"
2025 Topps Finest X-Men '97,2025 Topps Finest X-Men '97 - Previously on X-Men,7,Laser Refractor,1,81943,2025 Topps Finest X-Men '97 - Laser Refractor,exact,target_occupied,"#7 in ""2025 Topps Finest X-Men '97 - Laser Refractor"" is held by a different card — needs manual review"
2025 Topps Finest X-Men '97,2025 Topps Finest X-Men '97 - Previously on X-Men,7,Gold Refractor,1,81944,2025 Topps Finest X-Men '97 - Gold Refractor,exact,target_occupied,"#7 in ""2025 Topps Finest X-Men '97 - Gold Refractor"" is held by a different card — needs manual review"
2025 Topps Finest X-Men '97,2025 Topps Finest X-Men '97 - Previously on X-Men,7,SuperFractor,1,81991,2025 Topps Finest X-Men '97 - SuperFractor,exact,target_occupied,"#7 in ""2025 Topps Finest X-Men '97 - SuperFractor"" is held by a different card — needs manual review"
2025 Topps Finest X-Men '97,2025 Topps Finest X-Men '97 - Previously on X-Men,7,Orange Refractor,1,81994,2025 Topps Finest X-Men '97 - Orange Refractor,exact,target_occupied,"#7 in ""2025 Topps Finest X-Men '97 - Orange Refractor"" is held by a different card — needs manual review"
2025 Topps Finest X-Men '97,2025 Topps Finest X-Men '97 - Previously on X-Men,7,Red Refractor,1,81996,2025 Topps Finest X-Men '97 - Red Refractor,exact,target_occupied,"#7 in ""2025 Topps Finest X-Men '97 - Red Refractor"" is held by a different card — needs manual review"
2025 Topps Finest X-Men '97,2025 Topps Finest X-Men '97 - Previously on X-Men,8,Laser Refractor,1,81611,2025 Topps Finest X-Men '97 - Laser Refractor,exact,target_occupied,"#8 in ""2025 Topps Finest X-Men '97 - Laser Refractor"" is held by a different card — needs manual review"
2025 Topps Finest X-Men '97,2025 Topps Finest X-Men '97 - Previously on X-Men,8,Orange Refractor,1,81613,2025 Topps Finest X-Men '97 - Orange Refractor,exact,target_occupied,"#8 in ""2025 Topps Finest X-Men '97 - Orange Refractor"" is held by a different card — needs manual review"
2025 Topps Finest X-Men '97,2025 Topps Finest X-Men '97 - Previously on X-Men,8,SuperFractor,1,81948,2025 Topps Finest X-Men '97 - SuperFractor,exact,target_occupied,"#8 in ""2025 Topps Finest X-Men '97 - SuperFractor"" is held by a different card — needs manual review"
2025 Topps Finest X-Men '97,2025 Topps Finest X-Men '97 - Previously on X-Men,8,Gold Refractor,1,81952,2025 Topps Finest X-Men '97 - Gold Refractor,exact,target_occupied,"#8 in ""2025 Topps Finest X-Men '97 - Gold Refractor"" is held by a different card — needs manual review"
2025 Topps Finest X-Men '97,2025 Topps Finest X-Men '97 - Previously on X-Men,8,Red Refractor,1,81953,2025 Topps Finest X-Men '97 - Red Refractor,exact,target_occupied,"#8 in ""2025 Topps Finest X-Men '97 - Red Refractor"" is held by a different card — needs manual review"
2025 Topps Finest X-Men '97,2025 Topps Finest X-Men '97 - Previously on X-Men,8,X-Fractor,1,81995,2025 Topps Finest X-Men '97 - X-Fractor,exact,target_occupied,"#8 in ""2025 Topps Finest X-Men '97 - X-Fractor"" is held by a different card — needs manual review"
2025 Topps Finest X-Men '97,2025 Topps Finest X-Men '97 - Previously on X-Men,9,SuperFractor,1,81607,2025 Topps Finest X-Men '97 - SuperFractor,exact,target_occupied,"#9 in ""2025 Topps Finest X-Men '97 - SuperFractor"" is held by a different card — needs manual review"
2025 Topps Finest X-Men '97,2025 Topps Finest X-Men '97 - Previously on X-Men,9,Gold Refractor,1,81610,2025 Topps Finest X-Men '97 - Gold Refractor,exact,target_occupied,"#9 in ""2025 Topps Finest X-Men '97 - Gold Refractor"" is held by a different card — needs manual review"
2025 Topps Finest X-Men '97,2025 Topps Finest X-Men '97 - Previously on X-Men,9,Laser Refractor,1,81950,2025 Topps Finest X-Men '97 - Laser Refractor,exact,target_occupied,"#9 in ""2025 Topps Finest X-Men '97 - Laser Refractor"" is held by a different card — needs manual review"
2025 Topps Finest X-Men '97,2025 Topps Finest X-Men '97 - Previously on X-Men,9,X-Fractor,1,81999,2025 Topps Finest X-Men '97 - X-Fractor,exact,target_occupied,"#9 in ""2025 Topps Finest X-Men '97 - X-Fractor"" is held by a different card — needs manual review"
2025 Topps Finest X-Men '97,2025 Topps Finest X-Men '97 - Previously on X-Men,9,Orange Refractor,1,82000,2025 Topps Finest X-Men '97 - Orange Refractor,exact,target_occupied,"#9 in ""2025 Topps Finest X-Men '97 - Orange Refractor"" is held by a different card — needs manual review"
2025 Topps Finest X-Men '97,2025 Topps Finest X-Men '97 - Previously on X-Men,9,Red Refractor,1,82001,2025 Topps Finest X-Men '97 - Red Refractor,exact,target_occupied,"#9 in ""2025 Topps Finest X-Men '97 - Red Refractor"" is held by a different card — needs manual review"
2025 Topps Finest X-Men '97,2025 Topps Finest X-Men '97 - Remember It,1,Laser Refractor,1,81708,2025 Topps Finest X-Men '97 - Laser Refractor,exact,target_occupied,"#1 in ""2025 Topps Finest X-Men '97 - Laser Refractor"" is held by a different card — needs manual review"
2025 Topps Finest X-Men '97,2025 Topps Finest X-Men '97 - Remember It,1,SuperFractor,1,82034,2025 Topps Finest X-Men '97 - SuperFractor,exact,target_occupied,"#1 in ""2025 Topps Finest X-Men '97 - SuperFractor"" is held by a different card — needs manual review"
2025 Topps Finest X-Men '97,2025 Topps Finest X-Men '97 - Remember It,1,X-Fractor,1,82035,2025 Topps Finest X-Men '97 - X-Fractor,exact,target_occupied,"#1 in ""2025 Topps Finest X-Men '97 - X-Fractor"" is held by a different card — needs manual review"
2025 Topps Finest X-Men '97,2025 Topps Finest X-Men '97 - Remember It,10,SuperFractor,1,82048,2025 Topps Finest X-Men '97 - SuperFractor,exact,target_occupied,"#10 in ""2025 Topps Finest X-Men '97 - SuperFractor"" is held by a different card — needs manual review"
2025 Topps Finest X-Men '97,2025 Topps Finest X-Men '97 - Remember It,10,X-Fractor,1,82051,2025 Topps Finest X-Men '97 - X-Fractor,exact,target_occupied,"#10 in ""2025 Topps Finest X-Men '97 - X-Fractor"" is held by a different card — needs manual review"
2025 Topps Finest X-Men '97,2025 Topps Finest X-Men '97 - Remember It,10,Laser Refractor,1,82052,2025 Topps Finest X-Men '97 - Laser Refractor,exact,target_occupied,"#10 in ""2025 Topps Finest X-Men '97 - Laser Refractor"" is held by a different card — needs manual review"
2025 Topps Finest X-Men '97,2025 Topps Finest X-Men '97 - Remember It,3,Laser Refractor,1,81711,2025 Topps Finest X-Men '97 - Laser Refractor,exact,target_occupied,"#3 in ""2025 Topps Finest X-Men '97 - Laser Refractor"" is held by a different card — needs manual review"
2025 Topps Finest X-Men '97,2025 Topps Finest X-Men '97 - Remember It,3,X-Fractor,1,81716,2025 Topps Finest X-Men '97 - X-Fractor,exact,target_occupied,"#3 in ""2025 Topps Finest X-Men '97 - X-Fractor"" is held by a different card — needs manual review"
2025 Topps Finest X-Men '97,2025 Topps Finest X-Men '97 - Remember It,3,SuperFractor,1,82036,2025 Topps Finest X-Men '97 - SuperFractor,exact,target_occupied,"#3 in ""2025 Topps Finest X-Men '97 - SuperFractor"" is held by a different card — needs manual review"
2025 Topps Finest X-Men '97,2025 Topps Finest X-Men '97 - Remember It,4,Laser Refractor,1,82037,2025 Topps Finest X-Men '97 - Laser Refractor,exact,target_occupied,"#4 in ""2025 Topps Finest X-Men '97 - Laser Refractor"" is held by a different card — needs manual review"
2025 Topps Finest X-Men '97,2025 Topps Finest X-Men '97 - Remember It,4,SuperFractor,1,82040,2025 Topps Finest X-Men '97 - SuperFractor,exact,target_occupied,"#4 in ""2025 Topps Finest X-Men '97 - SuperFractor"" is held by a different card — needs manual review"
2025 Topps Finest X-Men '97,2025 Topps Finest X-Men '97 - Remember It,4,X-Fractor,1,82042,2025 Topps Finest X-Men '97 - X-Fractor,exact,target_occupied,"#4 in ""2025 Topps Finest X-Men '97 - X-Fractor"" is held by a different card — needs manual review"
2025 Topps Finest X-Men '97,2025 Topps Finest X-Men '97 - Remember It,5,Laser Refractor,1,82033,2025 Topps Finest X-Men '97 - Laser Refractor,exact,target_occupied,"#5 in ""2025 Topps Finest X-Men '97 - Laser Refractor"" is held by a different card — needs manual review"
2025 Topps Finest X-Men '97,2025 Topps Finest X-Men '97 - Remember It,5,SuperFractor,1,82041,2025 Topps Finest X-Men '97 - SuperFractor,exact,target_occupied,"#5 in ""2025 Topps Finest X-Men '97 - SuperFractor"" is held by a different card — needs manual review"
2025 Topps Finest X-Men '97,2025 Topps Finest X-Men '97 - Remember It,5,X-Fractor,1,82043,2025 Topps Finest X-Men '97 - X-Fractor,exact,target_occupied,"#5 in ""2025 Topps Finest X-Men '97 - X-Fractor"" is held by a different card — needs manual review"
2025 Topps Finest X-Men '97,2025 Topps Finest X-Men '97 - Remember It,6,Laser Refractor,1,81710,2025 Topps Finest X-Men '97 - Laser Refractor,exact,target_occupied,"#6 in ""2025 Topps Finest X-Men '97 - Laser Refractor"" is held by a different card — needs manual review"
2025 Topps Finest X-Men '97,2025 Topps Finest X-Men '97 - Remember It,6,X-Fractor,1,81715,2025 Topps Finest X-Men '97 - X-Fractor,exact,target_occupied,"#6 in ""2025 Topps Finest X-Men '97 - X-Fractor"" is held by a different card — needs manual review"
2025 Topps Finest X-Men '97,2025 Topps Finest X-Men '97 - Remember It,6,SuperFractor,1,82045,2025 Topps Finest X-Men '97 - SuperFractor,exact,target_occupied,"#6 in ""2025 Topps Finest X-Men '97 - SuperFractor"" is held by a different card — needs manual review"
2025 Topps Finest X-Men '97,2025 Topps Finest X-Men '97 - Remember It,7,Laser Refractor,1,81706,2025 Topps Finest X-Men '97 - Laser Refractor,exact,target_occupied,"#7 in ""2025 Topps Finest X-Men '97 - Laser Refractor"" is held by a different card — needs manual review"
2025 Topps Finest X-Men '97,2025 Topps Finest X-Men '97 - Remember It,7,X-Fractor,1,81709,2025 Topps Finest X-Men '97 - X-Fractor,exact,target_occupied,"#7 in ""2025 Topps Finest X-Men '97 - X-Fractor"" is held by a different card — needs manual review"
2025 Topps Finest X-Men '97,2025 Topps Finest X-Men '97 - Remember It,7,SuperFractor,1,82044,2025 Topps Finest X-Men '97 - SuperFractor,exact,target_occupied,"#7 in ""2025 Topps Finest X-Men '97 - SuperFractor"" is held by a different card — needs manual review"
2025 Topps Finest X-Men '97,2025 Topps Finest X-Men '97 - Remember It,8,X-Fractor,1,81717,2025 Topps Finest X-Men '97 - X-Fractor,exact,target_occupied,"#8 in ""2025 Topps Finest X-Men '97 - X-Fractor"" is held by a different card — needs manual review"
2025 Topps Finest X-Men '97,2025 Topps Finest X-Men '97 - Remember It,8,Laser Refractor,1,82032,2025 Topps Finest X-Men '97 - Laser Refractor,exact,target_occupied,"#8 in ""2025 Topps Finest X-Men '97 - Laser Refractor"" is held by a different card — needs manual review"
2025 Topps Finest X-Men '97,2025 Topps Finest X-Men '97 - Remember It,8,SuperFractor,1,82050,2025 Topps Finest X-Men '97 - SuperFractor,exact,target_occupied,"#8 in ""2025 Topps Finest X-Men '97 - SuperFractor"" is held by a different card — needs manual review"
2025 Topps Finest X-Men '97,2025 Topps Finest X-Men '97 - Remember It,9,X-Fractor,1,82046,2025 Topps Finest X-Men '97 - X-Fractor,exact,target_occupied,"#9 in ""2025 Topps Finest X-Men '97 - X-Fractor"" is held by a different card — needs manual review"
2025 Topps Finest X-Men '97,2025 Topps Finest X-Men '97 - Remember It,9,Laser Refractor,1,82047,2025 Topps Finest X-Men '97 - Laser Refractor,exact,target_occupied,"#9 in ""2025 Topps Finest X-Men '97 - Laser Refractor"" is held by a different card — needs manual review"
2025 Topps Finest X-Men '97,2025 Topps Finest X-Men '97 - Remember It,9,SuperFractor,1,82049,2025 Topps Finest X-Men '97 - SuperFractor,exact,target_occupied,"#9 in ""2025 Topps Finest X-Men '97 - SuperFractor"" is held by a different card — needs manual review"
2025 Topps Finest X-Men '97,2025 Topps Finest X-Men '97 - Sentinels’ Scan,1,Orange Refractor,1,81629,2025 Topps Finest X-Men '97 - Orange Refractor,exact,target_occupied,"#1 in ""2025 Topps Finest X-Men '97 - Orange Refractor"" is held by a different card — needs manual review"
2025 Topps Finest X-Men '97,2025 Topps Finest X-Men '97 - Sentinels’ Scan,1,Gold Refractor,1,81640,2025 Topps Finest X-Men '97 - Gold Refractor,exact,target_occupied,"#1 in ""2025 Topps Finest X-Men '97 - Gold Refractor"" is held by a different card — needs manual review"
2025 Topps Finest X-Men '97,2025 Topps Finest X-Men '97 - Sentinels’ Scan,1,SuperFractor,1,82053,2025 Topps Finest X-Men '97 - SuperFractor,exact,target_occupied,"#1 in ""2025 Topps Finest X-Men '97 - SuperFractor"" is held by a different card — needs manual review"
2025 Topps Finest X-Men '97,2025 Topps Finest X-Men '97 - Sentinels’ Scan,1,X-Fractor,1,82054,2025 Topps Finest X-Men '97 - X-Fractor,exact,target_occupied,"#1 in ""2025 Topps Finest X-Men '97 - X-Fractor"" is held by a different card — needs manual review"
2025 Topps Finest X-Men '97,2025 Topps Finest X-Men '97 - Sentinels’ Scan,1,Red Refractor,1,82056,2025 Topps Finest X-Men '97 - Red Refractor,exact,target_occupied,"#1 in ""2025 Topps Finest X-Men '97 - Red Refractor"" is held by a different card — needs manual review"
2025 Topps Finest X-Men '97,2025 Topps Finest X-Men '97 - Sentinels’ Scan,10,X-Fractor,1,81631,2025 Topps Finest X-Men '97 - X-Fractor,exact,target_occupied,"#10 in ""2025 Topps Finest X-Men '97 - X-Fractor"" is held by a different card — needs manual review"
2025 Topps Finest X-Men '97,2025 Topps Finest X-Men '97 - Sentinels’ Scan,10,Gold Refractor,1,81635,2025 Topps Finest X-Men '97 - Gold Refractor,exact,target_occupied,"#10 in ""2025 Topps Finest X-Men '97 - Gold Refractor"" is held by a different card — needs manual review"
2025 Topps Finest X-Men '97,2025 Topps Finest X-Men '97 - Sentinels’ Scan,10,Orange Refractor,1,81646,2025 Topps Finest X-Men '97 - Orange Refractor,exact,target_occupied,"#10 in ""2025 Topps Finest X-Men '97 - Orange Refractor"" is held by a different card — needs manual review"
2025 Topps Finest X-Men '97,2025 Topps Finest X-Men '97 - Sentinels’ Scan,10,SuperFractor,1,82104,2025 Topps Finest X-Men '97 - SuperFractor,exact,target_occupied,"#10 in ""2025 Topps Finest X-Men '97 - SuperFractor"" is held by a different card — needs manual review"
2025 Topps Finest X-Men '97,2025 Topps Finest X-Men '97 - Sentinels’ Scan,10,Red Refractor,1,82107,2025 Topps Finest X-Men '97 - Red Refractor,exact,target_occupied,"#10 in ""2025 Topps Finest X-Men '97 - Red Refractor"" is held by a different card — needs manual review"
2025 Topps Finest X-Men '97,2025 Topps Finest X-Men '97 - Sentinels’ Scan,11,X-Fractor,1,82105,2025 Topps Finest X-Men '97 - X-Fractor,exact,target_occupied,"#11 in ""2025 Topps Finest X-Men '97 - X-Fractor"" is held by a different card — needs manual review"
2025 Topps Finest X-Men '97,2025 Topps Finest X-Men '97 - Sentinels’ Scan,11,Gold Refractor,1,82106,2025 Topps Finest X-Men '97 - Gold Refractor,exact,target_occupied,"#11 in ""2025 Topps Finest X-Men '97 - Gold Refractor"" is held by a different card — needs manual review"
2025 Topps Finest X-Men '97,2025 Topps Finest X-Men '97 - Sentinels’ Scan,11,SuperFractor,1,82108,2025 Topps Finest X-Men '97 - SuperFractor,exact,target_occupied,"#11 in ""2025 Topps Finest X-Men '97 - SuperFractor"" is held by a different card — needs manual review"
2025 Topps Finest X-Men '97,2025 Topps Finest X-Men '97 - Sentinels’ Scan,11,Orange Refractor,1,82110,2025 Topps Finest X-Men '97 - Orange Refractor,exact,target_occupied,"#11 in ""2025 Topps Finest X-Men '97 - Orange Refractor"" is held by a different card — needs manual review"
2025 Topps Finest X-Men '97,2025 Topps Finest X-Men '97 - Sentinels’ Scan,11,Red Refractor,1,82133,2025 Topps Finest X-Men '97 - Red Refractor,exact,target_occupied,"#11 in ""2025 Topps Finest X-Men '97 - Red Refractor"" is held by a different card — needs manual review"
2025 Topps Finest X-Men '97,2025 Topps Finest X-Men '97 - Sentinels’ Scan,12,Orange Refractor,1,81634,2025 Topps Finest X-Men '97 - Orange Refractor,exact,target_occupied,"#12 in ""2025 Topps Finest X-Men '97 - Orange Refractor"" is held by a different card — needs manual review"
2025 Topps Finest X-Men '97,2025 Topps Finest X-Men '97 - Sentinels’ Scan,12,SuperFractor,1,82109,2025 Topps Finest X-Men '97 - SuperFractor,exact,target_occupied,"#12 in ""2025 Topps Finest X-Men '97 - SuperFractor"" is held by a different card — needs manual review"
2025 Topps Finest X-Men '97,2025 Topps Finest X-Men '97 - Sentinels’ Scan,12,X-Fractor,1,82111,2025 Topps Finest X-Men '97 - X-Fractor,exact,target_occupied,"#12 in ""2025 Topps Finest X-Men '97 - X-Fractor"" is held by a different card — needs manual review"
2025 Topps Finest X-Men '97,2025 Topps Finest X-Men '97 - Sentinels’ Scan,12,Gold Refractor,1,82112,2025 Topps Finest X-Men '97 - Gold Refractor,exact,target_occupied,"#12 in ""2025 Topps Finest X-Men '97 - Gold Refractor"" is held by a different card — needs manual review"
2025 Topps Finest X-Men '97,2025 Topps Finest X-Men '97 - Sentinels’ Scan,12,Red Refractor,1,82113,2025 Topps Finest X-Men '97 - Red Refractor,exact,target_occupied,"#12 in ""2025 Topps Finest X-Men '97 - Red Refractor"" is held by a different card — needs manual review"
2025 Topps Finest X-Men '97,2025 Topps Finest X-Men '97 - Sentinels’ Scan,13,X-Fractor,1,81625,2025 Topps Finest X-Men '97 - X-Fractor,exact,target_occupied,"#13 in ""2025 Topps Finest X-Men '97 - X-Fractor"" is held by a different card — needs manual review"
2025 Topps Finest X-Men '97,2025 Topps Finest X-Men '97 - Sentinels’ Scan,13,Orange Refractor,1,82114,2025 Topps Finest X-Men '97 - Orange Refractor,exact,target_occupied,"#13 in ""2025 Topps Finest X-Men '97 - Orange Refractor"" is held by a different card — needs manual review"
2025 Topps Finest X-Men '97,2025 Topps Finest X-Men '97 - Sentinels’ Scan,13,Gold Refractor,1,82115,2025 Topps Finest X-Men '97 - Gold Refractor,exact,target_occupied,"#13 in ""2025 Topps Finest X-Men '97 - Gold Refractor"" is held by a different card — needs manual review"
2025 Topps Finest X-Men '97,2025 Topps Finest X-Men '97 - Sentinels’ Scan,13,Red Refractor,1,82116,2025 Topps Finest X-Men '97 - Red Refractor,exact,target_occupied,"#13 in ""2025 Topps Finest X-Men '97 - Red Refractor"" is held by a different card — needs manual review"
2025 Topps Finest X-Men '97,2025 Topps Finest X-Men '97 - Sentinels’ Scan,13,SuperFractor,1,82117,2025 Topps Finest X-Men '97 - SuperFractor,exact,target_occupied,"#13 in ""2025 Topps Finest X-Men '97 - SuperFractor"" is held by a different card — needs manual review"
2025 Topps Finest X-Men '97,2025 Topps Finest X-Men '97 - Sentinels’ Scan,14,X-Fractor,1,82118,2025 Topps Finest X-Men '97 - X-Fractor,exact,target_occupied,"#14 in ""2025 Topps Finest X-Men '97 - X-Fractor"" is held by a different card — needs manual review"
2025 Topps Finest X-Men '97,2025 Topps Finest X-Men '97 - Sentinels’ Scan,14,Gold Refractor,1,82119,2025 Topps Finest X-Men '97 - Gold Refractor,exact,target_occupied,"#14 in ""2025 Topps Finest X-Men '97 - Gold Refractor"" is held by a different card — needs manual review"
2025 Topps Finest X-Men '97,2025 Topps Finest X-Men '97 - Sentinels’ Scan,14,Red Refractor,1,82120,2025 Topps Finest X-Men '97 - Red Refractor,exact,target_occupied,"#14 in ""2025 Topps Finest X-Men '97 - Red Refractor"" is held by a different card — needs manual review"
2025 Topps Finest X-Men '97,2025 Topps Finest X-Men '97 - Sentinels’ Scan,14,SuperFractor,1,82122,2025 Topps Finest X-Men '97 - SuperFractor,exact,target_occupied,"#14 in ""2025 Topps Finest X-Men '97 - SuperFractor"" is held by a different card — needs manual review"
2025 Topps Finest X-Men '97,2025 Topps Finest X-Men '97 - Sentinels’ Scan,14,Orange Refractor,1,82126,2025 Topps Finest X-Men '97 - Orange Refractor,exact,target_occupied,"#14 in ""2025 Topps Finest X-Men '97 - Orange Refractor"" is held by a different card — needs manual review"
2025 Topps Finest X-Men '97,2025 Topps Finest X-Men '97 - Sentinels’ Scan,15,Gold Refractor,1,81619,2025 Topps Finest X-Men '97 - Gold Refractor,exact,target_occupied,"#15 in ""2025 Topps Finest X-Men '97 - Gold Refractor"" is held by a different card — needs manual review"
2025 Topps Finest X-Men '97,2025 Topps Finest X-Men '97 - Sentinels’ Scan,15,SuperFractor,1,82121,2025 Topps Finest X-Men '97 - SuperFractor,exact,target_occupied,"#15 in ""2025 Topps Finest X-Men '97 - SuperFractor"" is held by a different card — needs manual review"
2025 Topps Finest X-Men '97,2025 Topps Finest X-Men '97 - Sentinels’ Scan,15,X-Fractor,1,82123,2025 Topps Finest X-Men '97 - X-Fractor,exact,target_occupied,"#15 in ""2025 Topps Finest X-Men '97 - X-Fractor"" is held by a different card — needs manual review"
2025 Topps Finest X-Men '97,2025 Topps Finest X-Men '97 - Sentinels’ Scan,15,Orange Refractor,1,82124,2025 Topps Finest X-Men '97 - Orange Refractor,exact,target_occupied,"#15 in ""2025 Topps Finest X-Men '97 - Orange Refractor"" is held by a different card — needs manual review"
2025 Topps Finest X-Men '97,2025 Topps Finest X-Men '97 - Sentinels’ Scan,15,Red Refractor,1,82125,2025 Topps Finest X-Men '97 - Red Refractor,exact,target_occupied,"#15 in ""2025 Topps Finest X-Men '97 - Red Refractor"" is held by a different card — needs manual review"
2025 Topps Finest X-Men '97,2025 Topps Finest X-Men '97 - Sentinels’ Scan,16,SuperFractor,1,82127,2025 Topps Finest X-Men '97 - SuperFractor,exact,target_occupied,"#16 in ""2025 Topps Finest X-Men '97 - SuperFractor"" is held by a different card — needs manual review"
2025 Topps Finest X-Men '97,2025 Topps Finest X-Men '97 - Sentinels’ Scan,16,X-Fractor,1,82129,2025 Topps Finest X-Men '97 - X-Fractor,exact,target_occupied,"#16 in ""2025 Topps Finest X-Men '97 - X-Fractor"" is held by a different card — needs manual review"
2025 Topps Finest X-Men '97,2025 Topps Finest X-Men '97 - Sentinels’ Scan,16,Orange Refractor,1,82131,2025 Topps Finest X-Men '97 - Orange Refractor,exact,target_occupied,"#16 in ""2025 Topps Finest X-Men '97 - Orange Refractor"" is held by a different card — needs manual review"
2025 Topps Finest X-Men '97,2025 Topps Finest X-Men '97 - Sentinels’ Scan,16,Gold Refractor,1,82132,2025 Topps Finest X-Men '97 - Gold Refractor,exact,target_occupied,"#16 in ""2025 Topps Finest X-Men '97 - Gold Refractor"" is held by a different card — needs manual review"
2025 Topps Finest X-Men '97,2025 Topps Finest X-Men '97 - Sentinels’ Scan,16,Red Refractor,1,82134,2025 Topps Finest X-Men '97 - Red Refractor,exact,target_occupied,"#16 in ""2025 Topps Finest X-Men '97 - Red Refractor"" is held by a different card — needs manual review"
2025 Topps Finest X-Men '97,2025 Topps Finest X-Men '97 - Sentinels’ Scan,17,X-Fractor,1,81649,2025 Topps Finest X-Men '97 - X-Fractor,exact,target_occupied,"#17 in ""2025 Topps Finest X-Men '97 - X-Fractor"" is held by a different card — needs manual review"
2025 Topps Finest X-Men '97,2025 Topps Finest X-Men '97 - Sentinels’ Scan,17,Red Refractor,1,82070,2025 Topps Finest X-Men '97 - Red Refractor,exact,target_occupied,"#17 in ""2025 Topps Finest X-Men '97 - Red Refractor"" is held by a different card — needs manual review"
2025 Topps Finest X-Men '97,2025 Topps Finest X-Men '97 - Sentinels’ Scan,17,SuperFractor,1,82072,2025 Topps Finest X-Men '97 - SuperFractor,exact,target_occupied,"#17 in ""2025 Topps Finest X-Men '97 - SuperFractor"" is held by a different card — needs manual review"
2025 Topps Finest X-Men '97,2025 Topps Finest X-Men '97 - Sentinels’ Scan,17,Orange Refractor,1,82128,2025 Topps Finest X-Men '97 - Orange Refractor,exact,target_occupied,"#17 in ""2025 Topps Finest X-Men '97 - Orange Refractor"" is held by a different card — needs manual review"
2025 Topps Finest X-Men '97,2025 Topps Finest X-Men '97 - Sentinels’ Scan,17,Gold Refractor,1,82130,2025 Topps Finest X-Men '97 - Gold Refractor,exact,target_occupied,"#17 in ""2025 Topps Finest X-Men '97 - Gold Refractor"" is held by a different card — needs manual review"
2025 Topps Finest X-Men '97,2025 Topps Finest X-Men '97 - Sentinels’ Scan,18,X-Fractor,1,82074,2025 Topps Finest X-Men '97 - X-Fractor,exact,target_occupied,"#18 in ""2025 Topps Finest X-Men '97 - X-Fractor"" is held by a different card — needs manual review"
2025 Topps Finest X-Men '97,2025 Topps Finest X-Men '97 - Sentinels’ Scan,18,Gold Refractor,1,82075,2025 Topps Finest X-Men '97 - Gold Refractor,exact,target_occupied,"#18 in ""2025 Topps Finest X-Men '97 - Gold Refractor"" is held by a different card — needs manual review"
2025 Topps Finest X-Men '97,2025 Topps Finest X-Men '97 - Sentinels’ Scan,18,SuperFractor,1,82080,2025 Topps Finest X-Men '97 - SuperFractor,exact,target_occupied,"#18 in ""2025 Topps Finest X-Men '97 - SuperFractor"" is held by a different card — needs manual review"
2025 Topps Finest X-Men '97,2025 Topps Finest X-Men '97 - Sentinels’ Scan,18,Orange Refractor,1,82081,2025 Topps Finest X-Men '97 - Orange Refractor,exact,target_occupied,"#18 in ""2025 Topps Finest X-Men '97 - Orange Refractor"" is held by a different card — needs manual review"
2025 Topps Finest X-Men '97,2025 Topps Finest X-Men '97 - Sentinels’ Scan,18,Red Refractor,1,82083,2025 Topps Finest X-Men '97 - Red Refractor,exact,target_occupied,"#18 in ""2025 Topps Finest X-Men '97 - Red Refractor"" is held by a different card — needs manual review"
2025 Topps Finest X-Men '97,2025 Topps Finest X-Men '97 - Sentinels’ Scan,19,Gold Refractor,1,81623,2025 Topps Finest X-Men '97 - Gold Refractor,exact,target_occupied,"#19 in ""2025 Topps Finest X-Men '97 - Gold Refractor"" is held by a different card — needs manual review"
2025 Topps Finest X-Men '97,2025 Topps Finest X-Men '97 - Sentinels’ Scan,19,X-Fractor,1,81645,2025 Topps Finest X-Men '97 - X-Fractor,exact,target_occupied,"#19 in ""2025 Topps Finest X-Men '97 - X-Fractor"" is held by a different card — needs manual review"
2025 Topps Finest X-Men '97,2025 Topps Finest X-Men '97 - Sentinels’ Scan,19,SuperFractor,1,82091,2025 Topps Finest X-Men '97 - SuperFractor,exact,target_occupied,"#19 in ""2025 Topps Finest X-Men '97 - SuperFractor"" is held by a different card — needs manual review"
2025 Topps Finest X-Men '97,2025 Topps Finest X-Men '97 - Sentinels’ Scan,19,Orange Refractor,1,82094,2025 Topps Finest X-Men '97 - Orange Refractor,exact,target_occupied,"#19 in ""2025 Topps Finest X-Men '97 - Orange Refractor"" is held by a different card — needs manual review"
2025 Topps Finest X-Men '97,2025 Topps Finest X-Men '97 - Sentinels’ Scan,19,Red Refractor,1,82095,2025 Topps Finest X-Men '97 - Red Refractor,exact,target_occupied,"#19 in ""2025 Topps Finest X-Men '97 - Red Refractor"" is held by a different card — needs manual review"
2025 Topps Finest X-Men '97,2025 Topps Finest X-Men '97 - Sentinels’ Scan,2,Orange Refractor,1,81622,2025 Topps Finest X-Men '97 - Orange Refractor,exact,target_occupied,"#2 in ""2025 Topps Finest X-Men '97 - Orange Refractor"" is held by a different card — needs manual review"
2025 Topps Finest X-Men '97,2025 Topps Finest X-Men '97 - Sentinels’ Scan,2,X-Fractor,1,82055,2025 Topps Finest X-Men '97 - X-Fractor,exact,target_occupied,"#2 in ""2025 Topps Finest X-Men '97 - X-Fractor"" is held by a different card — needs manual review"
2025 Topps Finest X-Men '97,2025 Topps Finest X-Men '97 - Sentinels’ Scan,2,Gold Refractor,1,82057,2025 Topps Finest X-Men '97 - Gold Refractor,exact,target_occupied,"#2 in ""2025 Topps Finest X-Men '97 - Gold Refractor"" is held by a different card — needs manual review"
2025 Topps Finest X-Men '97,2025 Topps Finest X-Men '97 - Sentinels’ Scan,2,SuperFractor,1,82059,2025 Topps Finest X-Men '97 - SuperFractor,exact,target_occupied,"#2 in ""2025 Topps Finest X-Men '97 - SuperFractor"" is held by a different card — needs manual review"
2025 Topps Finest X-Men '97,2025 Topps Finest X-Men '97 - Sentinels’ Scan,2,Red Refractor,1,82064,2025 Topps Finest X-Men '97 - Red Refractor,exact,target_occupied,"#2 in ""2025 Topps Finest X-Men '97 - Red Refractor"" is held by a different card — needs manual review"
2025 Topps Finest X-Men '97,2025 Topps Finest X-Men '97 - Sentinels’ Scan,20,X-Fractor,1,81644,2025 Topps Finest X-Men '97 - X-Fractor,exact,target_occupied,"#20 in ""2025 Topps Finest X-Men '97 - X-Fractor"" is held by a different card — needs manual review"
2025 Topps Finest X-Men '97,2025 Topps Finest X-Men '97 - Sentinels’ Scan,20,SuperFractor,1,82097,2025 Topps Finest X-Men '97 - SuperFractor,exact,target_occupied,"#20 in ""2025 Topps Finest X-Men '97 - SuperFractor"" is held by a different card — needs manual review"
2025 Topps Finest X-Men '97,2025 Topps Finest X-Men '97 - Sentinels’ Scan,20,Orange Refractor,1,82100,2025 Topps Finest X-Men '97 - Orange Refractor,exact,target_occupied,"#20 in ""2025 Topps Finest X-Men '97 - Orange Refractor"" is held by a different card — needs manual review"
2025 Topps Finest X-Men '97,2025 Topps Finest X-Men '97 - Sentinels’ Scan,20,Gold Refractor,1,82102,2025 Topps Finest X-Men '97 - Gold Refractor,exact,target_occupied,"#20 in ""2025 Topps Finest X-Men '97 - Gold Refractor"" is held by a different card — needs manual review"
2025 Topps Finest X-Men '97,2025 Topps Finest X-Men '97 - Sentinels’ Scan,20,Red Refractor,1,82103,2025 Topps Finest X-Men '97 - Red Refractor,exact,target_occupied,"#20 in ""2025 Topps Finest X-Men '97 - Red Refractor"" is held by a different card — needs manual review"
2025 Topps Finest X-Men '97,2025 Topps Finest X-Men '97 - Sentinels’ Scan,3,SuperFractor,1,82058,2025 Topps Finest X-Men '97 - SuperFractor,exact,target_occupied,"#3 in ""2025 Topps Finest X-Men '97 - SuperFractor"" is held by a different card — needs manual review"
2025 Topps Finest X-Men '97,2025 Topps Finest X-Men '97 - Sentinels’ Scan,3,X-Fractor,1,82060,2025 Topps Finest X-Men '97 - X-Fractor,exact,target_occupied,"#3 in ""2025 Topps Finest X-Men '97 - X-Fractor"" is held by a different card — needs manual review"
2025 Topps Finest X-Men '97,2025 Topps Finest X-Men '97 - Sentinels’ Scan,3,Orange Refractor,1,82061,2025 Topps Finest X-Men '97 - Orange Refractor,exact,target_occupied,"#3 in ""2025 Topps Finest X-Men '97 - Orange Refractor"" is held by a different card — needs manual review"
2025 Topps Finest X-Men '97,2025 Topps Finest X-Men '97 - Sentinels’ Scan,3,Gold Refractor,1,82062,2025 Topps Finest X-Men '97 - Gold Refractor,exact,target_occupied,"#3 in ""2025 Topps Finest X-Men '97 - Gold Refractor"" is held by a different card — needs manual review"
2025 Topps Finest X-Men '97,2025 Topps Finest X-Men '97 - Sentinels’ Scan,3,Red Refractor,1,82063,2025 Topps Finest X-Men '97 - Red Refractor,exact,target_occupied,"#3 in ""2025 Topps Finest X-Men '97 - Red Refractor"" is held by a different card — needs manual review"
2025 Topps Finest X-Men '97,2025 Topps Finest X-Men '97 - Sentinels’ Scan,4,Gold Refractor,1,81641,2025 Topps Finest X-Men '97 - Gold Refractor,exact,target_occupied,"#4 in ""2025 Topps Finest X-Men '97 - Gold Refractor"" is held by a different card — needs manual review"
2025 Topps Finest X-Men '97,2025 Topps Finest X-Men '97 - Sentinels’ Scan,4,SuperFractor,1,82065,2025 Topps Finest X-Men '97 - SuperFractor,exact,target_occupied,"#4 in ""2025 Topps Finest X-Men '97 - SuperFractor"" is held by a different card — needs manual review"
2025 Topps Finest X-Men '97,2025 Topps Finest X-Men '97 - Sentinels’ Scan,4,X-Fractor,1,82067,2025 Topps Finest X-Men '97 - X-Fractor,exact,target_occupied,"#4 in ""2025 Topps Finest X-Men '97 - X-Fractor"" is held by a different card — needs manual review"
2025 Topps Finest X-Men '97,2025 Topps Finest X-Men '97 - Sentinels’ Scan,4,Orange Refractor,1,82068,2025 Topps Finest X-Men '97 - Orange Refractor,exact,target_occupied,"#4 in ""2025 Topps Finest X-Men '97 - Orange Refractor"" is held by a different card — needs manual review"
2025 Topps Finest X-Men '97,2025 Topps Finest X-Men '97 - Sentinels’ Scan,4,Red Refractor,1,82071,2025 Topps Finest X-Men '97 - Red Refractor,exact,target_occupied,"#4 in ""2025 Topps Finest X-Men '97 - Red Refractor"" is held by a different card — needs manual review"
2025 Topps Finest X-Men '97,2025 Topps Finest X-Men '97 - Sentinels’ Scan,5,X-Fractor,1,82066,2025 Topps Finest X-Men '97 - X-Fractor,exact,target_occupied,"#5 in ""2025 Topps Finest X-Men '97 - X-Fractor"" is held by a different card — needs manual review"
2025 Topps Finest X-Men '97,2025 Topps Finest X-Men '97 - Sentinels’ Scan,5,Gold Refractor,1,82069,2025 Topps Finest X-Men '97 - Gold Refractor,exact,target_occupied,"#5 in ""2025 Topps Finest X-Men '97 - Gold Refractor"" is held by a different card — needs manual review"
2025 Topps Finest X-Men '97,2025 Topps Finest X-Men '97 - Sentinels’ Scan,5,SuperFractor,1,82073,2025 Topps Finest X-Men '97 - SuperFractor,exact,target_occupied,"#5 in ""2025 Topps Finest X-Men '97 - SuperFractor"" is held by a different card — needs manual review"
2025 Topps Finest X-Men '97,2025 Topps Finest X-Men '97 - Sentinels’ Scan,5,Orange Refractor,1,82076,2025 Topps Finest X-Men '97 - Orange Refractor,exact,target_occupied,"#5 in ""2025 Topps Finest X-Men '97 - Orange Refractor"" is held by a different card — needs manual review"
2025 Topps Finest X-Men '97,2025 Topps Finest X-Men '97 - Sentinels’ Scan,5,Red Refractor,1,82078,2025 Topps Finest X-Men '97 - Red Refractor,exact,target_occupied,"#5 in ""2025 Topps Finest X-Men '97 - Red Refractor"" is held by a different card — needs manual review"
2025 Topps Finest X-Men '97,2025 Topps Finest X-Men '97 - Sentinels’ Scan,6,Orange Refractor,1,81621,2025 Topps Finest X-Men '97 - Orange Refractor,exact,target_occupied,"#6 in ""2025 Topps Finest X-Men '97 - Orange Refractor"" is held by a different card — needs manual review"
2025 Topps Finest X-Men '97,2025 Topps Finest X-Men '97 - Sentinels’ Scan,6,X-Fractor,1,82077,2025 Topps Finest X-Men '97 - X-Fractor,exact,target_occupied,"#6 in ""2025 Topps Finest X-Men '97 - X-Fractor"" is held by a different card — needs manual review"
2025 Topps Finest X-Men '97,2025 Topps Finest X-Men '97 - Sentinels’ Scan,6,Gold Refractor,1,82079,2025 Topps Finest X-Men '97 - Gold Refractor,exact,target_occupied,"#6 in ""2025 Topps Finest X-Men '97 - Gold Refractor"" is held by a different card — needs manual review"
2025 Topps Finest X-Men '97,2025 Topps Finest X-Men '97 - Sentinels’ Scan,6,SuperFractor,1,82082,2025 Topps Finest X-Men '97 - SuperFractor,exact,target_occupied,"#6 in ""2025 Topps Finest X-Men '97 - SuperFractor"" is held by a different card — needs manual review"
2025 Topps Finest X-Men '97,2025 Topps Finest X-Men '97 - Sentinels’ Scan,6,Red Refractor,1,82085,2025 Topps Finest X-Men '97 - Red Refractor,exact,target_occupied,"#6 in ""2025 Topps Finest X-Men '97 - Red Refractor"" is held by a different card — needs manual review"
2025 Topps Finest X-Men '97,2025 Topps Finest X-Men '97 - Sentinels’ Scan,7,Orange Refractor,1,81647,2025 Topps Finest X-Men '97 - Orange Refractor,exact,target_occupied,"#7 in ""2025 Topps Finest X-Men '97 - Orange Refractor"" is held by a different card — needs manual review"
2025 Topps Finest X-Men '97,2025 Topps Finest X-Men '97 - Sentinels’ Scan,7,X-Fractor,1,82084,2025 Topps Finest X-Men '97 - X-Fractor,exact,target_occupied,"#7 in ""2025 Topps Finest X-Men '97 - X-Fractor"" is held by a different card — needs manual review"
2025 Topps Finest X-Men '97,2025 Topps Finest X-Men '97 - Sentinels’ Scan,7,SuperFractor,1,82086,2025 Topps Finest X-Men '97 - SuperFractor,exact,target_occupied,"#7 in ""2025 Topps Finest X-Men '97 - SuperFractor"" is held by a different card — needs manual review"
2025 Topps Finest X-Men '97,2025 Topps Finest X-Men '97 - Sentinels’ Scan,7,Gold Refractor,1,82088,2025 Topps Finest X-Men '97 - Gold Refractor,exact,target_occupied,"#7 in ""2025 Topps Finest X-Men '97 - Gold Refractor"" is held by a different card — needs manual review"
2025 Topps Finest X-Men '97,2025 Topps Finest X-Men '97 - Sentinels’ Scan,7,Red Refractor,1,82089,2025 Topps Finest X-Men '97 - Red Refractor,exact,target_occupied,"#7 in ""2025 Topps Finest X-Men '97 - Red Refractor"" is held by a different card — needs manual review"
2025 Topps Finest X-Men '97,2025 Topps Finest X-Men '97 - Sentinels’ Scan,8,X-Fractor,1,81624,2025 Topps Finest X-Men '97 - X-Fractor,exact,target_occupied,"#8 in ""2025 Topps Finest X-Men '97 - X-Fractor"" is held by a different card — needs manual review"
2025 Topps Finest X-Men '97,2025 Topps Finest X-Men '97 - Sentinels’ Scan,8,Gold Refractor,1,82087,2025 Topps Finest X-Men '97 - Gold Refractor,exact,target_occupied,"#8 in ""2025 Topps Finest X-Men '97 - Gold Refractor"" is held by a different card — needs manual review"
2025 Topps Finest X-Men '97,2025 Topps Finest X-Men '97 - Sentinels’ Scan,8,SuperFractor,1,82090,2025 Topps Finest X-Men '97 - SuperFractor,exact,target_occupied,"#8 in ""2025 Topps Finest X-Men '97 - SuperFractor"" is held by a different card — needs manual review"
2025 Topps Finest X-Men '97,2025 Topps Finest X-Men '97 - Sentinels’ Scan,8,Orange Refractor,1,82092,2025 Topps Finest X-Men '97 - Orange Refractor,exact,target_occupied,"#8 in ""2025 Topps Finest X-Men '97 - Orange Refractor"" is held by a different card — needs manual review"
2025 Topps Finest X-Men '97,2025 Topps Finest X-Men '97 - Sentinels’ Scan,8,Red Refractor,1,82093,2025 Topps Finest X-Men '97 - Red Refractor,exact,target_occupied,"#8 in ""2025 Topps Finest X-Men '97 - Red Refractor"" is held by a different card — needs manual review"
2025 Topps Finest X-Men '97,2025 Topps Finest X-Men '97 - Sentinels’ Scan,9,X-Fractor,1,81642,2025 Topps Finest X-Men '97 - X-Fractor,exact,target_occupied,"#9 in ""2025 Topps Finest X-Men '97 - X-Fractor"" is held by a different card — needs manual review"
2025 Topps Finest X-Men '97,2025 Topps Finest X-Men '97 - Sentinels’ Scan,9,SuperFractor,1,82096,2025 Topps Finest X-Men '97 - SuperFractor,exact,target_occupied,"#9 in ""2025 Topps Finest X-Men '97 - SuperFractor"" is held by a different card — needs manual review"
2025 Topps Finest X-Men '97,2025 Topps Finest X-Men '97 - Sentinels’ Scan,9,Orange Refractor,1,82098,2025 Topps Finest X-Men '97 - Orange Refractor,exact,target_occupied,"#9 in ""2025 Topps Finest X-Men '97 - Orange Refractor"" is held by a different card — needs manual review"
2025 Topps Finest X-Men '97,2025 Topps Finest X-Men '97 - Sentinels’ Scan,9,Gold Refractor,1,82099,2025 Topps Finest X-Men '97 - Gold Refractor,exact,target_occupied,"#9 in ""2025 Topps Finest X-Men '97 - Gold Refractor"" is held by a different card — needs manual review"
2025 Topps Finest X-Men '97,2025 Topps Finest X-Men '97 - Sentinels’ Scan,9,Red Refractor,1,82101,2025 Topps Finest X-Men '97 - Red Refractor,exact,target_occupied,"#9 in ""2025 Topps Finest X-Men '97 - Red Refractor"" is held by a different card — needs manual review"
(unassigned),marvel 2023 eternals,13,Gold,1,76552,NONE,none,none,"No matching subset — create one or confirm these belong in ""marvel 2023 eternals"""
(unassigned),marvel 2023 eternals,13,Purple,1,76586,NONE,none,none,"No matching subset — create one or confirm these belong in ""marvel 2023 eternals"""
(unassigned),marvel 2023 eternals,13,Green,1,76699,NONE,none,none,"No matching subset — create one or confirm these belong in ""marvel 2023 eternals"""
(unassigned),marvel 2023 eternals,13,Blue,1,76808,NONE,none,none,"No matching subset — create one or confirm these belong in ""marvel 2023 eternals"""
(unassigned),marvel 2023 eternals,13,Printing Plate,1,76846,NONE,none,none,"No matching subset — create one or confirm these belong in ""marvel 2023 eternals"""
(unassigned),marvel 2023 eternals,13,Silver,1,76847,NONE,none,none,"No matching subset — create one or confirm these belong in ""marvel 2023 eternals"""
(unassigned),marvel 2023 eternals,13,Black,1,76849,NONE,none,none,"No matching subset — create one or confirm these belong in ""marvel 2023 eternals"""
(unassigned),marvel 2023 eternals,21,Purple,1,76592,NONE,none,none,"No matching subset — create one or confirm these belong in ""marvel 2023 eternals"""
(unassigned),marvel 2023 eternals,21,Gold,1,76670,NONE,none,none,"No matching subset — create one or confirm these belong in ""marvel 2023 eternals"""
(unassigned),marvel 2023 eternals,21,Silver,1,76784,NONE,none,none,"No matching subset — create one or confirm these belong in ""marvel 2023 eternals"""
(unassigned),marvel 2023 eternals,21,Printing Plate,1,76851,NONE,none,none,"No matching subset — create one or confirm these belong in ""marvel 2023 eternals"""
(unassigned),marvel 2023 eternals,21,Black,1,76852,NONE,none,none,"No matching subset — create one or confirm these belong in ""marvel 2023 eternals"""
(unassigned),marvel 2023 eternals,21,Green,1,76853,NONE,none,none,"No matching subset — create one or confirm these belong in ""marvel 2023 eternals"""
(unassigned),marvel 2023 eternals,21,Blue,1,76854,NONE,none,none,"No matching subset — create one or confirm these belong in ""marvel 2023 eternals"""
(unassigned),marvel 2023 eternals,45,Purple,1,76582,NONE,none,none,"No matching subset — create one or confirm these belong in ""marvel 2023 eternals"""
(unassigned),marvel 2023 eternals,45,Gold,1,76657,NONE,none,none,"No matching subset — create one or confirm these belong in ""marvel 2023 eternals"""
(unassigned),marvel 2023 eternals,45,Green,1,76765,NONE,none,none,"No matching subset — create one or confirm these belong in ""marvel 2023 eternals"""
(unassigned),marvel 2023 eternals,45,Silver,1,76863,NONE,none,none,"No matching subset — create one or confirm these belong in ""marvel 2023 eternals"""
(unassigned),marvel 2023 eternals,45,Black,1,76864,NONE,none,none,"No matching subset — create one or confirm these belong in ""marvel 2023 eternals"""
(unassigned),marvel 2023 eternals,45,Blue,1,76865,NONE,none,none,"No matching subset — create one or confirm these belong in ""marvel 2023 eternals"""
(unassigned),marvel 2023 eternals,56,Gold,1,76599,NONE,none,none,"No matching subset — create one or confirm these belong in ""marvel 2023 eternals"""
(unassigned),marvel 2023 eternals,56,Purple,1,76629,NONE,none,none,"No matching subset — create one or confirm these belong in ""marvel 2023 eternals"""
(unassigned),marvel 2023 eternals,56,Silver,1,76630,NONE,none,none,"No matching subset — create one or confirm these belong in ""marvel 2023 eternals"""
(unassigned),marvel 2023 eternals,56,Blue,1,76801,NONE,none,none,"No matching subset — create one or confirm these belong in ""marvel 2023 eternals"""
(unassigned),marvel 2023 eternals,56,Printing Plate,1,76866,NONE,none,none,"No matching subset — create one or confirm these belong in ""marvel 2023 eternals"""
(unassigned),marvel 2023 eternals,56,Black,1,76869,NONE,none,none,"No matching subset — create one or confirm these belong in ""marvel 2023 eternals"""
(unassigned),marvel 2023 eternals,18,Printing Plate,1,76572,NONE,none,none,"No matching subset — create one or confirm these belong in ""marvel 2023 eternals"""
(unassigned),marvel 2023 eternals,18,Purple,1,76588,NONE,none,none,"No matching subset — create one or confirm these belong in ""marvel 2023 eternals"""
(unassigned),marvel 2023 eternals,18,Gold,1,76758,NONE,none,none,"No matching subset — create one or confirm these belong in ""marvel 2023 eternals"""
(unassigned),marvel 2023 eternals,18,Silver,1,76779,NONE,none,none,"No matching subset — create one or confirm these belong in ""marvel 2023 eternals"""
(unassigned),marvel 2023 eternals,18,Blue,1,76817,NONE,none,none,"No matching subset — create one or confirm these belong in ""marvel 2023 eternals"""
(unassigned),marvel 2023 eternals,29,Gold,1,76609,NONE,none,none,"No matching subset — create one or confirm these belong in ""marvel 2023 eternals"""
(unassigned),marvel 2023 eternals,29,Green,1,76695,NONE,none,none,"No matching subset — create one or confirm these belong in ""marvel 2023 eternals"""
(unassigned),marvel 2023 eternals,29,Blue,1,76752,NONE,none,none,"No matching subset — create one or confirm these belong in ""marvel 2023 eternals"""
(unassigned),marvel 2023 eternals,29,Purple,1,76771,NONE,none,none,"No matching subset — create one or confirm these belong in ""marvel 2023 eternals"""
(unassigned),marvel 2023 eternals,29,Silver,1,76842,NONE,none,none,"No matching subset — create one or confirm these belong in ""marvel 2023 eternals"""
(unassigned),marvel 2023 eternals,31,Gold,1,76597,NONE,none,none,"No matching subset — create one or confirm these belong in ""marvel 2023 eternals"""
(unassigned),marvel 2023 eternals,31,Green,1,76700,NONE,none,none,"No matching subset — create one or confirm these belong in ""marvel 2023 eternals"""
(unassigned),marvel 2023 eternals,31,Printing Plate,1,76856,NONE,none,none,"No matching subset — create one or confirm these belong in ""marvel 2023 eternals"""
(unassigned),marvel 2023 eternals,31,Purple,1,76858,NONE,none,none,"No matching subset — create one or confirm these belong in ""marvel 2023 eternals"""
(unassigned),marvel 2023 eternals,31,Black,1,76859,NONE,none,none,"No matching subset — create one or confirm these belong in ""marvel 2023 eternals"""
(unassigned),marvel 2023 eternals,32,Purple,1,76619,NONE,none,none,"No matching subset — create one or confirm these belong in ""marvel 2023 eternals"""
(unassigned),marvel 2023 eternals,32,Green,1,76689,NONE,none,none,"No matching subset — create one or confirm these belong in ""marvel 2023 eternals"""
(unassigned),marvel 2023 eternals,32,Silver,1,76857,NONE,none,none,"No matching subset — create one or confirm these belong in ""marvel 2023 eternals"""
(unassigned),marvel 2023 eternals,32,Gold,1,76860,NONE,none,none,"No matching subset — create one or confirm these belong in ""marvel 2023 eternals"""
(unassigned),marvel 2023 eternals,32,Blue,1,76861,NONE,none,none,"No matching subset — create one or confirm these belong in ""marvel 2023 eternals"""
(unassigned),marvel 2023 eternals,83,Printing Plate,1,76591,NONE,none,none,"No matching subset — create one or confirm these belong in ""marvel 2023 eternals"""
(unassigned),marvel 2023 eternals,83,Blue,1,76674,NONE,none,none,"No matching subset — create one or confirm these belong in ""marvel 2023 eternals"""
(unassigned),marvel 2023 eternals,83,Gold,1,76719,NONE,none,none,"No matching subset — create one or confirm these belong in ""marvel 2023 eternals"""
(unassigned),marvel 2023 eternals,83,Green,1,76768,NONE,none,none,"No matching subset — create one or confirm these belong in ""marvel 2023 eternals"""
(unassigned),marvel 2023 eternals,83,Silver,1,76791,NONE,none,none,"No matching subset — create one or confirm these belong in ""marvel 2023 eternals"""
(unassigned),marvel 2023 eternals,91,Purple,1,76634,NONE,none,none,"No matching subset — create one or confirm these belong in ""marvel 2023 eternals"""
(unassigned),marvel 2023 eternals,91,Gold,1,76638,NONE,none,none,"No matching subset — create one or confirm these belong in ""marvel 2023 eternals"""
(unassigned),marvel 2023 eternals,91,Green,1,76708,NONE,none,none,"No matching subset — create one or confirm these belong in ""marvel 2023 eternals"""
(unassigned),marvel 2023 eternals,91,Blue,1,76722,NONE,none,none,"No matching subset — create one or confirm these belong in ""marvel 2023 eternals"""
(unassigned),marvel 2023 eternals,91,Silver,1,76831,NONE,none,none,"No matching subset — create one or confirm these belong in ""marvel 2023 eternals"""
(unassigned),marvel 2023 eternals,94,Silver,1,76623,NONE,none,none,"No matching subset — create one or confirm these belong in ""marvel 2023 eternals"""
(unassigned),marvel 2023 eternals,94,Purple,1,76641,NONE,none,none,"No matching subset — create one or confirm these belong in ""marvel 2023 eternals"""
(unassigned),marvel 2023 eternals,94,Gold,1,76680,NONE,none,none,"No matching subset — create one or confirm these belong in ""marvel 2023 eternals"""
(unassigned),marvel 2023 eternals,94,Green,1,76703,NONE,none,none,"No matching subset — create one or confirm these belong in ""marvel 2023 eternals"""
(unassigned),marvel 2023 eternals,94,Blue,1,76804,NONE,none,none,"No matching subset — create one or confirm these belong in ""marvel 2023 eternals"""
(unassigned),marvel 2023 eternals,100,Gold,1,76561,NONE,none,none,"No matching subset — create one or confirm these belong in ""marvel 2023 eternals"""
(unassigned),marvel 2023 eternals,100,Blue,1,76656,NONE,none,none,"No matching subset — create one or confirm these belong in ""marvel 2023 eternals"""
(unassigned),marvel 2023 eternals,100,Green,1,76697,NONE,none,none,"No matching subset — create one or confirm these belong in ""marvel 2023 eternals"""
(unassigned),marvel 2023 eternals,100,Silver,1,76788,NONE,none,none,"No matching subset — create one or confirm these belong in ""marvel 2023 eternals"""
(unassigned),marvel 2023 eternals,12,Gold,1,76570,NONE,none,none,"No matching subset — create one or confirm these belong in ""marvel 2023 eternals"""
(unassigned),marvel 2023 eternals,12,Blue,1,76665,NONE,none,none,"No matching subset — create one or confirm these belong in ""marvel 2023 eternals"""
(unassigned),marvel 2023 eternals,12,Green,1,76691,NONE,none,none,"No matching subset — create one or confirm these belong in ""marvel 2023 eternals"""
(unassigned),marvel 2023 eternals,12,Silver,1,76776,NONE,none,none,"No matching subset — create one or confirm these belong in ""marvel 2023 eternals"""
(unassigned),marvel 2023 eternals,19,Gold,1,76545,NONE,none,none,"No matching subset — create one or confirm these belong in ""marvel 2023 eternals"""
(unassigned),marvel 2023 eternals,19,Purple,1,76613,NONE,none,none,"No matching subset — create one or confirm these belong in ""marvel 2023 eternals"""
(unassigned),marvel 2023 eternals,19,Blue,1,76745,NONE,none,none,"No matching subset — create one or confirm these belong in ""marvel 2023 eternals"""
(unassigned),marvel 2023 eternals,19,Silver,1,76790,NONE,none,none,"No matching subset — create one or confirm these belong in ""marvel 2023 eternals"""
(unassigned),marvel 2023 eternals,36,Purple,1,76593,NONE,none,none,"No matching subset — create one or confirm these belong in ""marvel 2023 eternals"""
(unassigned),marvel 2023 eternals,36,Gold,1,76595,NONE,none,none,"No matching subset — create one or confirm these belong in ""marvel 2023 eternals"""
(unassigned),marvel 2023 eternals,36,Green,1,76710,NONE,none,none,"No matching subset — create one or confirm these belong in ""marvel 2023 eternals"""
(unassigned),marvel 2023 eternals,36,Blue,1,76746,NONE,none,none,"No matching subset — create one or confirm these belong in ""marvel 2023 eternals"""
(unassigned),marvel 2023 eternals,44,Blue,1,76628,NONE,none,none,"No matching subset — create one or confirm these belong in ""marvel 2023 eternals"""
(unassigned),marvel 2023 eternals,44,Green,1,76692,NONE,none,none,"No matching subset — create one or confirm these belong in ""marvel 2023 eternals"""
(unassigned),marvel 2023 eternals,44,Gold,1,76748,NONE,none,none,"No matching subset — create one or confirm these belong in ""marvel 2023 eternals"""
(unassigned),marvel 2023 eternals,44,Silver,1,76796,NONE,none,none,"No matching subset — create one or confirm these belong in ""marvel 2023 eternals"""
(unassigned),marvel 2023 eternals,5,Gold,1,76622,NONE,none,none,"No matching subset — create one or confirm these belong in ""marvel 2023 eternals"""
(unassigned),marvel 2023 eternals,5,Blue,1,76658,NONE,none,none,"No matching subset — create one or confirm these belong in ""marvel 2023 eternals"""
(unassigned),marvel 2023 eternals,5,Green,1,76701,NONE,none,none,"No matching subset — create one or confirm these belong in ""marvel 2023 eternals"""
(unassigned),marvel 2023 eternals,5,Silver,1,76840,NONE,none,none,"No matching subset — create one or confirm these belong in ""marvel 2023 eternals"""
(unassigned),marvel 2023 eternals,50,Gold,1,76673,NONE,none,none,"No matching subset — create one or confirm these belong in ""marvel 2023 eternals"""
(unassigned),marvel 2023 eternals,50,Blue,1,76750,NONE,none,none,"No matching subset — create one or confirm these belong in ""marvel 2023 eternals"""
(unassigned),marvel 2023 eternals,50,Green,1,76767,NONE,none,none,"No matching subset — create one or confirm these belong in ""marvel 2023 eternals"""
(unassigned),marvel 2023 eternals,50,Silver,1,76829,NONE,none,none,"No matching subset — create one or confirm these belong in ""marvel 2023 eternals"""
(unassigned),marvel 2023 eternals,53,Green,1,76712,NONE,none,none,"No matching subset — create one or confirm these belong in ""marvel 2023 eternals"""
(unassigned),marvel 2023 eternals,53,Gold,1,76715,NONE,none,none,"No matching subset — create one or confirm these belong in ""marvel 2023 eternals"""
(unassigned),marvel 2023 eternals,53,Silver,1,76799,NONE,none,none,"No matching subset — create one or confirm these belong in ""marvel 2023 eternals"""
(unassigned),marvel 2023 eternals,53,Blue,1,76810,NONE,none,none,"No matching subset — create one or confirm these belong in ""marvel 2023 eternals"""
(unassigned),marvel 2023 eternals,58,Purple,1,76567,NONE,none,none,"No matching subset — create one or confirm these belong in ""marvel 2023 eternals"""
(unassigned),marvel 2023 eternals,58,Gold,1,76669,NONE,none,none,"No matching subset — create one or confirm these belong in ""marvel 2023 eternals"""
(unassigned),marvel 2023 eternals,58,Blue,1,76749,NONE,none,none,"No matching subset — create one or confirm these belong in ""marvel 2023 eternals"""
(unassigned),marvel 2023 eternals,58,Silver,1,76782,NONE,none,none,"No matching subset — create one or confirm these belong in ""marvel 2023 eternals"""
(unassigned),marvel 2023 eternals,59,Purple,1,76568,NONE,none,none,"No matching subset — create one or confirm these belong in ""marvel 2023 eternals"""
(unassigned),marvel 2023 eternals,59,Gold,1,76574,NONE,none,none,"No matching subset — create one or confirm these belong in ""marvel 2023 eternals"""
(unassigned),marvel 2023 eternals,59,Blue,1,76775,NONE,none,none,"No matching subset — create one or confirm these belong in ""marvel 2023 eternals"""
(unassigned),marvel 2023 eternals,59,Silver,1,76792,NONE,none,none,"No matching subset — create one or confirm these belong in ""marvel 2023 eternals"""
(unassigned),marvel 2023 eternals,69,Gold,1,76548,NONE,none,none,"No matching subset — create one or confirm these belong in ""marvel 2023 eternals"""
(unassigned),marvel 2023 eternals,69,Silver,1,76870,NONE,none,none,"No matching subset — create one or confirm these belong in ""marvel 2023 eternals"""
(unassigned),marvel 2023 eternals,69,Black,1,76871,NONE,none,none,"No matching subset — create one or confirm these belong in ""marvel 2023 eternals"""
(unassigned),marvel 2023 eternals,69,Green,1,76872,NONE,none,none,"No matching subset — create one or confirm these belong in ""marvel 2023 eternals"""
(unassigned),marvel 2023 eternals,71,Gold,1,76601,NONE,none,none,"No matching subset — create one or confirm these belong in ""marvel 2023 eternals"""
(unassigned),marvel 2023 eternals,71,Purple,1,76648,NONE,none,none,"No matching subset — create one or confirm these belong in ""marvel 2023 eternals"""
(unassigned),marvel 2023 eternals,71,Blue,1,76822,NONE,none,none,"No matching subset — create one or confirm these belong in ""marvel 2023 eternals"""
(unassigned),marvel 2023 eternals,71,Silver,1,76839,NONE,none,none,"No matching subset — create one or confirm these belong in ""marvel 2023 eternals"""
(unassigned),marvel 2023 eternals,73,Purple,1,76566,NONE,none,none,"No matching subset — create one or confirm these belong in ""marvel 2023 eternals"""
(unassigned),marvel 2023 eternals,73,Gold,1,76709,NONE,none,none,"No matching subset — create one or confirm these belong in ""marvel 2023 eternals"""
(unassigned),marvel 2023 eternals,73,Blue,1,76730,NONE,none,none,"No matching subset — create one or confirm these belong in ""marvel 2023 eternals"""
(unassigned),marvel 2023 eternals,73,Silver,1,76797,NONE,none,none,"No matching subset — create one or confirm these belong in ""marvel 2023 eternals"""
(unassigned),marvel 2023 eternals,76,Gold,1,76594,NONE,none,none,"No matching subset — create one or confirm these belong in ""marvel 2023 eternals"""
(unassigned),marvel 2023 eternals,76,Silver,1,76605,NONE,none,none,"No matching subset — create one or confirm these belong in ""marvel 2023 eternals"""
(unassigned),marvel 2023 eternals,76,Green,1,76621,NONE,none,none,"No matching subset — create one or confirm these belong in ""marvel 2023 eternals"""
(unassigned),marvel 2023 eternals,76,Blue,1,76679,NONE,none,none,"No matching subset — create one or confirm these belong in ""marvel 2023 eternals"""
(unassigned),marvel 2023 eternals,77,Purple,1,76581,NONE,none,none,"No matching subset — create one or confirm these belong in ""marvel 2023 eternals"""
(unassigned),marvel 2023 eternals,77,Blue,1,76729,NONE,none,none,"No matching subset — create one or confirm these belong in ""marvel 2023 eternals"""
(unassigned),marvel 2023 eternals,77,Gold,1,76755,NONE,none,none,"No matching subset — create one or confirm these belong in ""marvel 2023 eternals"""
(unassigned),marvel 2023 eternals,77,Silver,1,76783,NONE,none,none,"No matching subset — create one or confirm these belong in ""marvel 2023 eternals"""
(unassigned),marvel 2023 eternals,78,Gold,1,76544,NONE,none,none,"No matching subset — create one or confirm these belong in ""marvel 2023 eternals"""
(unassigned),marvel 2023 eternals,78,Silver,1,76671,NONE,none,none,"No matching subset — create one or confirm these belong in ""marvel 2023 eternals"""
(unassigned),marvel 2023 eternals,78,Green,1,76753,NONE,none,none,"No matching subset — create one or confirm these belong in ""marvel 2023 eternals"""
(unassigned),marvel 2023 eternals,78,Blue,1,76825,NONE,none,none,"No matching subset — create one or confirm these belong in ""marvel 2023 eternals"""
(unassigned),marvel 2023 eternals,80,Gold,1,76564,NONE,none,none,"No matching subset — create one or confirm these belong in ""marvel 2023 eternals"""
(unassigned),marvel 2023 eternals,80,Purple,1,76636,NONE,none,none,"No matching subset — create one or confirm these belong in ""marvel 2023 eternals"""
(unassigned),marvel 2023 eternals,80,Blue,1,76726,NONE,none,none,"No matching subset — create one or confirm these belong in ""marvel 2023 eternals"""
(unassigned),marvel 2023 eternals,80,Silver,1,76832,NONE,none,none,"No matching subset — create one or confirm these belong in ""marvel 2023 eternals"""
(unassigned),marvel 2023 eternals,81,Gold,1,76635,NONE,none,none,"No matching subset — create one or confirm these belong in ""marvel 2023 eternals"""
(unassigned),marvel 2023 eternals,81,Purple,1,76711,NONE,none,none,"No matching subset — create one or confirm these belong in ""marvel 2023 eternals"""
(unassigned),marvel 2023 eternals,81,Green,1,76713,NONE,none,none,"No matching subset — create one or confirm these belong in ""marvel 2023 eternals"""
(unassigned),marvel 2023 eternals,81,Silver,1,76837,NONE,none,none,"No matching subset — create one or confirm these belong in ""marvel 2023 eternals"""
(unassigned),marvel 2023 eternals,84,Gold,1,76541,NONE,none,none,"No matching subset — create one or confirm these belong in ""marvel 2023 eternals"""
(unassigned),marvel 2023 eternals,84,Blue,1,76603,NONE,none,none,"No matching subset — create one or confirm these belong in ""marvel 2023 eternals"""
(unassigned),marvel 2023 eternals,84,Green,1,76706,NONE,none,none,"No matching subset — create one or confirm these belong in ""marvel 2023 eternals"""
(unassigned),marvel 2023 eternals,84,Silver,1,76798,NONE,none,none,"No matching subset — create one or confirm these belong in ""marvel 2023 eternals"""
(unassigned),marvel 2023 eternals,85,Purple,1,76565,NONE,none,none,"No matching subset — create one or confirm these belong in ""marvel 2023 eternals"""
(unassigned),marvel 2023 eternals,85,Blue,1,76610,NONE,none,none,"No matching subset — create one or confirm these belong in ""marvel 2023 eternals"""
(unassigned),marvel 2023 eternals,85,Gold,1,76757,NONE,none,none,"No matching subset — create one or confirm these belong in ""marvel 2023 eternals"""
(unassigned),marvel 2023 eternals,85,Green,1,76766,NONE,none,none,"No matching subset — create one or confirm these belong in ""marvel 2023 eternals"""
(unassigned),marvel 2023 eternals,87,Purple,1,76538,NONE,none,none,"No matching subset — create one or confirm these belong in ""marvel 2023 eternals"""
(unassigned),marvel 2023 eternals,87,Blue,1,76666,NONE,none,none,"No matching subset — create one or confirm these belong in ""marvel 2023 eternals"""
(unassigned),marvel 2023 eternals,87,Green,1,76704,NONE,none,none,"No matching subset — create one or confirm these belong in ""marvel 2023 eternals"""
(unassigned),marvel 2023 eternals,87,Gold,1,76806,NONE,none,none,"No matching subset — create one or confirm these belong in ""marvel 2023 eternals"""
(unassigned),marvel 2023 eternals,88,Gold,1,76598,NONE,none,none,"No matching subset — create one or confirm these belong in ""marvel 2023 eternals"""
(unassigned),marvel 2023 eternals,88,Silver,1,76681,NONE,none,none,"No matching subset — create one or confirm these belong in ""marvel 2023 eternals"""
(unassigned),marvel 2023 eternals,88,Green,1,76760,NONE,none,none,"No matching subset — create one or confirm these belong in ""marvel 2023 eternals"""
(unassigned),marvel 2023 eternals,88,Blue,1,76819,NONE,none,none,"No matching subset — create one or confirm these belong in ""marvel 2023 eternals"""
(unassigned),marvel 2023 eternals,89,Green,1,76546,NONE,none,none,"No matching subset — create one or confirm these belong in ""marvel 2023 eternals"""
(unassigned),marvel 2023 eternals,89,Gold,1,76554,NONE,none,none,"No matching subset — create one or confirm these belong in ""marvel 2023 eternals"""
(unassigned),marvel 2023 eternals,89,Blue,1,76678,NONE,none,none,"No matching subset — create one or confirm these belong in ""marvel 2023 eternals"""
(unassigned),marvel 2023 eternals,89,Silver,1,76785,NONE,none,none,"No matching subset — create one or confirm these belong in ""marvel 2023 eternals"""
(unassigned),marvel 2023 eternals,92,Gold,1,76606,NONE,none,none,"No matching subset — create one or confirm these belong in ""marvel 2023 eternals"""
(unassigned),marvel 2023 eternals,92,Silver,1,76675,NONE,none,none,"No matching subset — create one or confirm these belong in ""marvel 2023 eternals"""
(unassigned),marvel 2023 eternals,92,Green,1,76725,NONE,none,none,"No matching subset — create one or confirm these belong in ""marvel 2023 eternals"""
(unassigned),marvel 2023 eternals,92,Blue,1,76727,NONE,none,none,"No matching subset — create one or confirm these belong in ""marvel 2023 eternals"""
(unassigned),marvel 2023 eternals,93,Gold,1,76620,NONE,none,none,"No matching subset — create one or confirm these belong in ""marvel 2023 eternals"""
(unassigned),marvel 2023 eternals,93,Blue,1,76677,NONE,none,none,"No matching subset — create one or confirm these belong in ""marvel 2023 eternals"""
(unassigned),marvel 2023 eternals,93,Purple,1,76772,NONE,none,none,"No matching subset — create one or confirm these belong in ""marvel 2023 eternals"""
(unassigned),marvel 2023 eternals,93,Silver,1,76835,NONE,none,none,"No matching subset — create one or confirm these belong in ""marvel 2023 eternals"""
(unassigned),marvel 2023 eternals,96,Purple,1,76614,NONE,none,none,"No matching subset — create one or confirm these belong in ""marvel 2023 eternals"""
(unassigned),marvel 2023 eternals,96,Silver,1,76617,NONE,none,none,"No matching subset — create one or confirm these belong in ""marvel 2023 eternals"""
(unassigned),marvel 2023 eternals,96,Blue,1,76652,NONE,none,none,"No matching subset — create one or confirm these belong in ""marvel 2023 eternals"""
(unassigned),marvel 2023 eternals,96,Green,1,76732,NONE,none,none,"No matching subset — create one or confirm these belong in ""marvel 2023 eternals"""
(unassigned),marvel 2023 eternals,99,Purple,1,76583,NONE,none,none,"No matching subset — create one or confirm these belong in ""marvel 2023 eternals"""
(unassigned),marvel 2023 eternals,99,Blue,1,76650,NONE,none,none,"No matching subset — create one or confirm these belong in ""marvel 2023 eternals"""
(unassigned),marvel 2023 eternals,99,Green,1,76770,NONE,none,none,"No matching subset — create one or confirm these belong in ""marvel 2023 eternals"""
(unassigned),marvel 2023 eternals,99,Silver,1,76830,NONE,none,none,"No matching subset — create one or confirm these belong in ""marvel 2023 eternals"""
(unassigned),marvel 2023 eternals,10,Purple,1,76578,NONE,none,none,"No matching subset — create one or confirm these belong in ""marvel 2023 eternals"""
(unassigned),marvel 2023 eternals,10,Gold,1,76761,NONE,none,none,"No matching subset — create one or confirm these belong in ""marvel 2023 eternals"""
(unassigned),marvel 2023 eternals,10,Blue,1,76809,NONE,none,none,"No matching subset — create one or confirm these belong in ""marvel 2023 eternals"""
(unassigned),marvel 2023 eternals,14,Gold,1,76735,NONE,none,none,"No matching subset — create one or confirm these belong in ""marvel 2023 eternals"""
(unassigned),marvel 2023 eternals,14,Silver,1,76848,NONE,none,none,"No matching subset — create one or confirm these belong in ""marvel 2023 eternals"""
(unassigned),marvel 2023 eternals,14,Green,1,76850,NONE,none,none,"No matching subset — create one or confirm these belong in ""marvel 2023 eternals"""
(unassigned),marvel 2023 eternals,20,Gold,1,76728,NONE,none,none,"No matching subset — create one or confirm these belong in ""marvel 2023 eternals"""
(unassigned),marvel 2023 eternals,20,Blue,1,76751,NONE,none,none,"No matching subset — create one or confirm these belong in ""marvel 2023 eternals"""
(unassigned),marvel 2023 eternals,20,Silver,1,76786,NONE,none,none,"No matching subset — create one or confirm these belong in ""marvel 2023 eternals"""
(unassigned),marvel 2023 eternals,23,Purple,1,76540,NONE,none,none,"No matching subset — create one or confirm these belong in ""marvel 2023 eternals"""
(unassigned),marvel 2023 eternals,23,Gold,1,76811,NONE,none,none,"No matching subset — create one or confirm these belong in ""marvel 2023 eternals"""
(unassigned),marvel 2023 eternals,23,Silver,1,76841,NONE,none,none,"No matching subset — create one or confirm these belong in ""marvel 2023 eternals"""
(unassigned),marvel 2023 eternals,3,Purple,1,76542,NONE,none,none,"No matching subset — create one or confirm these belong in ""marvel 2023 eternals"""
(unassigned),marvel 2023 eternals,3,Gold,1,76717,NONE,none,none,"No matching subset — create one or confirm these belong in ""marvel 2023 eternals"""
(unassigned),marvel 2023 eternals,3,Blue,1,76812,NONE,none,none,"No matching subset — create one or confirm these belong in ""marvel 2023 eternals"""
(unassigned),marvel 2023 eternals,34,Gold,1,76616,NONE,none,none,"No matching subset — create one or confirm these belong in ""marvel 2023 eternals"""
(unassigned),marvel 2023 eternals,34,Purple,1,76659,NONE,none,none,"No matching subset — create one or confirm these belong in ""marvel 2023 eternals"""
(unassigned),marvel 2023 eternals,34,Blue,1,76685,NONE,none,none,"No matching subset — create one or confirm these belong in ""marvel 2023 eternals"""
(unassigned),marvel 2023 eternals,37,Gold,1,76560,NONE,none,none,"No matching subset — create one or confirm these belong in ""marvel 2023 eternals"""
(unassigned),marvel 2023 eternals,37,Green,1,76698,NONE,none,none,"No matching subset — create one or confirm these belong in ""marvel 2023 eternals"""
(unassigned),marvel 2023 eternals,37,Blue,1,76736,NONE,none,none,"No matching subset — create one or confirm these belong in ""marvel 2023 eternals"""
(unassigned),marvel 2023 eternals,4,Purple,1,76550,NONE,none,none,"No matching subset — create one or confirm these belong in ""marvel 2023 eternals"""
(unassigned),marvel 2023 eternals,4,Gold,1,76575,NONE,none,none,"No matching subset — create one or confirm these belong in ""marvel 2023 eternals"""
(unassigned),marvel 2023 eternals,4,Printing Plate,1,76590,NONE,none,none,"No matching subset — create one or confirm these belong in ""marvel 2023 eternals"""
(unassigned),marvel 2023 eternals,40,Gold,1,76543,NONE,none,none,"No matching subset — create one or confirm these belong in ""marvel 2023 eternals"""
(unassigned),marvel 2023 eternals,40,Purple,1,76556,NONE,none,none,"No matching subset — create one or confirm these belong in ""marvel 2023 eternals"""
(unassigned),marvel 2023 eternals,40,Blue,1,76739,NONE,none,none,"No matching subset — create one or confirm these belong in ""marvel 2023 eternals"""
(unassigned),marvel 2023 eternals,41,Purple,1,76596,NONE,none,none,"No matching subset — create one or confirm these belong in ""marvel 2023 eternals"""
(unassigned),marvel 2023 eternals,41,Gold,1,76604,NONE,none,none,"No matching subset — create one or confirm these belong in ""marvel 2023 eternals"""
(unassigned),marvel 2023 eternals,41,Blue,1,76747,NONE,none,none,"No matching subset — create one or confirm these belong in ""marvel 2023 eternals"""
(unassigned),marvel 2023 eternals,48,Purple,1,76577,NONE,none,none,"No matching subset — create one or confirm these belong in ""marvel 2023 eternals"""
(unassigned),marvel 2023 eternals,48,Green,1,76702,NONE,none,none,"No matching subset — create one or confirm these belong in ""marvel 2023 eternals"""
(unassigned),marvel 2023 eternals,48,Gold,1,76721,NONE,none,none,"No matching subset — create one or confirm these belong in ""marvel 2023 eternals"""
(unassigned),marvel 2023 eternals,49,Purple,1,76587,NONE,none,none,"No matching subset — create one or confirm these belong in ""marvel 2023 eternals"""
(unassigned),marvel 2023 eternals,49,Gold,1,76615,NONE,none,none,"No matching subset — create one or confirm these belong in ""marvel 2023 eternals"""
(unassigned),marvel 2023 eternals,49,Blue,1,76816,NONE,none,none,"No matching subset — create one or confirm these belong in ""marvel 2023 eternals"""
(unassigned),marvel 2023 eternals,51,Purple,1,76624,NONE,none,none,"No matching subset — create one or confirm these belong in ""marvel 2023 eternals"""
(unassigned),marvel 2023 eternals,51,Gold,1,76667,NONE,none,none,"No matching subset — create one or confirm these belong in ""marvel 2023 eternals"""
(unassigned),marvel 2023 eternals,51,Blue,1,76682,NONE,none,none,"No matching subset — create one or confirm these belong in ""marvel 2023 eternals"""
(unassigned),marvel 2023 eternals,52,Gold,1,76742,NONE,none,none,"No matching subset — create one or confirm these belong in ""marvel 2023 eternals"""
(unassigned),marvel 2023 eternals,52,Blue,1,76743,NONE,none,none,"No matching subset — create one or confirm these belong in ""marvel 2023 eternals"""
(unassigned),marvel 2023 eternals,52,Silver,1,76794,NONE,none,none,"No matching subset — create one or confirm these belong in ""marvel 2023 eternals"""
(unassigned),marvel 2023 eternals,54,Gold,1,76707,NONE,none,none,"No matching subset — create one or confirm these belong in ""marvel 2023 eternals"""
(unassigned),marvel 2023 eternals,54,Blue,1,76720,NONE,none,none,"No matching subset — create one or confirm these belong in ""marvel 2023 eternals"""
(unassigned),marvel 2023 eternals,54,Silver,1,76778,NONE,none,none,"No matching subset — create one or confirm these belong in ""marvel 2023 eternals"""
(unassigned),marvel 2023 eternals,55,Purple,1,76549,NONE,none,none,"No matching subset — create one or confirm these belong in ""marvel 2023 eternals"""
(unassigned),marvel 2023 eternals,55,Gold,1,76672,NONE,none,none,"No matching subset — create one or confirm these belong in ""marvel 2023 eternals"""
(unassigned),marvel 2023 eternals,55,Silver,1,76828,NONE,none,none,"No matching subset — create one or confirm these belong in ""marvel 2023 eternals"""
(unassigned),marvel 2023 eternals,57,Silver,1,76795,NONE,none,none,"No matching subset — create one or confirm these belong in ""marvel 2023 eternals"""
(unassigned),marvel 2023 eternals,57,Green,1,76867,NONE,none,none,"No matching subset — create one or confirm these belong in ""marvel 2023 eternals"""
(unassigned),marvel 2023 eternals,57,Blue,1,76868,NONE,none,none,"No matching subset — create one or confirm these belong in ""marvel 2023 eternals"""
(unassigned),marvel 2023 eternals,61,Gold,1,76627,NONE,none,none,"No matching subset — create one or confirm these belong in ""marvel 2023 eternals"""
(unassigned),marvel 2023 eternals,61,Blue,1,76734,NONE,none,none,"No matching subset — create one or confirm these belong in ""marvel 2023 eternals"""
(unassigned),marvel 2023 eternals,61,Silver,1,76833,NONE,none,none,"No matching subset — create one or confirm these belong in ""marvel 2023 eternals"""
(unassigned),marvel 2023 eternals,63,Silver,1,76631,NONE,none,none,"No matching subset — create one or confirm these belong in ""marvel 2023 eternals"""
(unassigned),marvel 2023 eternals,63,Gold,1,76714,NONE,none,none,"No matching subset — create one or confirm these belong in ""marvel 2023 eternals"""
(unassigned),marvel 2023 eternals,63,Blue,1,76843,NONE,none,none,"No matching subset — create one or confirm these belong in ""marvel 2023 eternals"""
(unassigned),marvel 2023 eternals,64,Purple,1,76626,NONE,none,none,"No matching subset — create one or confirm these belong in ""marvel 2023 eternals"""
(unassigned),marvel 2023 eternals,64,Gold,1,76773,NONE,none,none,"No matching subset — create one or confirm these belong in ""marvel 2023 eternals"""
(unassigned),marvel 2023 eternals,64,Silver,1,76781,NONE,none,none,"No matching subset — create one or confirm these belong in ""marvel 2023 eternals"""
(unassigned),marvel 2023 eternals,65,Purple,1,76555,NONE,none,none,"No matching subset — create one or confirm these belong in ""marvel 2023 eternals"""
(unassigned),marvel 2023 eternals,65,Gold,1,76716,NONE,none,none,"No matching subset — create one or confirm these belong in ""marvel 2023 eternals"""
(unassigned),marvel 2023 eternals,65,Blue,1,76821,NONE,none,none,"No matching subset — create one or confirm these belong in ""marvel 2023 eternals"""
(unassigned),marvel 2023 eternals,66,Purple,1,76633,NONE,none,none,"No matching subset — create one or confirm these belong in ""marvel 2023 eternals"""
(unassigned),marvel 2023 eternals,66,Gold,1,76644,NONE,none,none,"No matching subset — create one or confirm these belong in ""marvel 2023 eternals"""
(unassigned),marvel 2023 eternals,66,Blue,1,76814,NONE,none,none,"No matching subset — create one or confirm these belong in ""marvel 2023 eternals"""
(unassigned),marvel 2023 eternals,70,Purple,1,76584,NONE,none,none,"No matching subset — create one or confirm these belong in ""marvel 2023 eternals"""
(unassigned),marvel 2023 eternals,70,Blue,1,76607,NONE,none,none,"No matching subset — create one or confirm these belong in ""marvel 2023 eternals"""
(unassigned),marvel 2023 eternals,70,Green,1,76690,NONE,none,none,"No matching subset — create one or confirm these belong in ""marvel 2023 eternals"""
(unassigned),marvel 2023 eternals,72,Silver,1,76600,NONE,none,none,"No matching subset — create one or confirm these belong in ""marvel 2023 eternals"""
(unassigned),marvel 2023 eternals,72,Blue,1,76647,NONE,none,none,"No matching subset — create one or confirm these belong in ""marvel 2023 eternals"""
(unassigned),marvel 2023 eternals,72,Gold,1,76802,NONE,none,none,"No matching subset — create one or confirm these belong in ""marvel 2023 eternals"""
(unassigned),marvel 2023 eternals,74,Gold,1,76553,NONE,none,none,"No matching subset — create one or confirm these belong in ""marvel 2023 eternals"""
(unassigned),marvel 2023 eternals,74,Purple,1,76559,NONE,none,none,"No matching subset — create one or confirm these belong in ""marvel 2023 eternals"""
(unassigned),marvel 2023 eternals,74,Blue,1,76824,NONE,none,none,"No matching subset — create one or confirm these belong in ""marvel 2023 eternals"""
(unassigned),marvel 2023 eternals,79,Purple,1,76547,NONE,none,none,"No matching subset — create one or confirm these belong in ""marvel 2023 eternals"""
(unassigned),marvel 2023 eternals,79,Gold,1,76632,NONE,none,none,"No matching subset — create one or confirm these belong in ""marvel 2023 eternals"""
(unassigned),marvel 2023 eternals,79,Blue,1,76651,NONE,none,none,"No matching subset — create one or confirm these belong in ""marvel 2023 eternals"""
(unassigned),marvel 2023 eternals,8,Blue,1,76646,NONE,none,none,"No matching subset — create one or confirm these belong in ""marvel 2023 eternals"""
(unassigned),marvel 2023 eternals,8,Green,1,76705,NONE,none,none,"No matching subset — create one or confirm these belong in ""marvel 2023 eternals"""
(unassigned),marvel 2023 eternals,8,Gold,1,76807,NONE,none,none,"No matching subset — create one or confirm these belong in ""marvel 2023 eternals"""
(unassigned),marvel 2023 eternals,86,Purple,1,76557,NONE,none,none,"No matching subset — create one or confirm these belong in ""marvel 2023 eternals"""
(unassigned),marvel 2023 eternals,86,Gold,1,76733,NONE,none,none,"No matching subset — create one or confirm these belong in ""marvel 2023 eternals"""
(unassigned),marvel 2023 eternals,86,Silver,1,76836,NONE,none,none,"No matching subset — create one or confirm these belong in ""marvel 2023 eternals"""
(unassigned),marvel 2023 eternals,9,Gold,1,76558,NONE,none,none,"No matching subset — create one or confirm these belong in ""marvel 2023 eternals"""
(unassigned),marvel 2023 eternals,9,Purple,1,76576,NONE,none,none,"No matching subset — create one or confirm these belong in ""marvel 2023 eternals"""
(unassigned),marvel 2023 eternals,9,Silver,1,76800,NONE,none,none,"No matching subset — create one or confirm these belong in ""marvel 2023 eternals"""
(unassigned),marvel 2023 eternals,98,Purple,1,76571,NONE,none,none,"No matching subset — create one or confirm these belong in ""marvel 2023 eternals"""
(unassigned),marvel 2023 eternals,98,Green,1,76663,NONE,none,none,"No matching subset — create one or confirm these belong in ""marvel 2023 eternals"""
(unassigned),marvel 2023 eternals,98,Silver,1,76838,NONE,none,none,"No matching subset — create one or confirm these belong in ""marvel 2023 eternals"""
(unassigned),marvel 2023 eternals,103,Black,1,76563,NONE,none,none,"No matching subset — create one or confirm these belong in ""marvel 2023 eternals"""
(unassigned),marvel 2023 eternals,103,Gold,1,76654,NONE,none,none,"No matching subset — create one or confirm these belong in ""marvel 2023 eternals"""
(unassigned),marvel 2023 eternals,15,Gold,1,76731,NONE,none,none,"No matching subset — create one or confirm these belong in ""marvel 2023 eternals"""
(unassigned),marvel 2023 eternals,15,Blue,1,76738,NONE,none,none,"No matching subset — create one or confirm these belong in ""marvel 2023 eternals"""
(unassigned),marvel 2023 eternals,16,Gold,1,76608,NONE,none,none,"No matching subset — create one or confirm these belong in ""marvel 2023 eternals"""
(unassigned),marvel 2023 eternals,16,Blue,1,76774,NONE,none,none,"No matching subset — create one or confirm these belong in ""marvel 2023 eternals"""
(unassigned),marvel 2023 eternals,17,Gold,1,76655,NONE,none,none,"No matching subset — create one or confirm these belong in ""marvel 2023 eternals"""
(unassigned),marvel 2023 eternals,17,Blue,1,76661,NONE,none,none,"No matching subset — create one or confirm these belong in ""marvel 2023 eternals"""
(unassigned),marvel 2023 eternals,2,Gold,1,76602,NONE,none,none,"No matching subset — create one or confirm these belong in ""marvel 2023 eternals"""
(unassigned),marvel 2023 eternals,2,Silver,1,76787,NONE,none,none,"No matching subset — create one or confirm these belong in ""marvel 2023 eternals"""
(unassigned),marvel 2023 eternals,22,Gold,1,76724,NONE,none,none,"No matching subset — create one or confirm these belong in ""marvel 2023 eternals"""
(unassigned),marvel 2023 eternals,22,Silver,1,76855,NONE,none,none,"No matching subset — create one or confirm these belong in ""marvel 2023 eternals"""
(unassigned),marvel 2023 eternals,27,Blue,1,76676,NONE,none,none,"No matching subset — create one or confirm these belong in ""marvel 2023 eternals"""
(unassigned),marvel 2023 eternals,27,Gold,1,76827,NONE,none,none,"No matching subset — create one or confirm these belong in ""marvel 2023 eternals"""
(unassigned),marvel 2023 eternals,28,Purple,1,76643,NONE,none,none,"No matching subset — create one or confirm these belong in ""marvel 2023 eternals"""
(unassigned),marvel 2023 eternals,28,Gold,1,76696,NONE,none,none,"No matching subset — create one or confirm these belong in ""marvel 2023 eternals"""
(unassigned),marvel 2023 eternals,30,Purple,1,76562,NONE,none,none,"No matching subset — create one or confirm these belong in ""marvel 2023 eternals"""
(unassigned),marvel 2023 eternals,30,Gold,1,76664,NONE,none,none,"No matching subset — create one or confirm these belong in ""marvel 2023 eternals"""
(unassigned),marvel 2023 eternals,33,Purple,1,76579,NONE,none,none,"No matching subset — create one or confirm these belong in ""marvel 2023 eternals"""
(unassigned),marvel 2023 eternals,33,Gold,1,76668,NONE,none,none,"No matching subset — create one or confirm these belong in ""marvel 2023 eternals"""
(unassigned),marvel 2023 eternals,35,Purple,1,76589,NONE,none,none,"No matching subset — create one or confirm these belong in ""marvel 2023 eternals"""
(unassigned),marvel 2023 eternals,35,Gold,1,76649,NONE,none,none,"No matching subset — create one or confirm these belong in ""marvel 2023 eternals"""
(unassigned),marvel 2023 eternals,38,Gold,1,76737,NONE,none,none,"No matching subset — create one or confirm these belong in ""marvel 2023 eternals"""
(unassigned),marvel 2023 eternals,38,Silver,1,76789,NONE,none,none,"No matching subset — create one or confirm these belong in ""marvel 2023 eternals"""
(unassigned),marvel 2023 eternals,42,Gold,1,76754,NONE,none,none,"No matching subset — create one or confirm these belong in ""marvel 2023 eternals"""
(unassigned),marvel 2023 eternals,42,Blue,1,76756,NONE,none,none,"No matching subset — create one or confirm these belong in ""marvel 2023 eternals"""
(unassigned),marvel 2023 eternals,43,Blue,1,76740,NONE,none,none,"No matching subset — create one or confirm these belong in ""marvel 2023 eternals"""
(unassigned),marvel 2023 eternals,43,Gold,1,76803,NONE,none,none,"No matching subset — create one or confirm these belong in ""marvel 2023 eternals"""
(unassigned),marvel 2023 eternals,47,Gold,1,76625,NONE,none,none,"No matching subset — create one or confirm these belong in ""marvel 2023 eternals"""
(unassigned),marvel 2023 eternals,47,Blue,1,76645,NONE,none,none,"No matching subset — create one or confirm these belong in ""marvel 2023 eternals"""
(unassigned),marvel 2023 eternals,6,Purple,1,76580,NONE,none,none,"No matching subset — create one or confirm these belong in ""marvel 2023 eternals"""
(unassigned),marvel 2023 eternals,6,Gold,1,76723,NONE,none,none,"No matching subset — create one or confirm these belong in ""marvel 2023 eternals"""
(unassigned),marvel 2023 eternals,60,Gold,1,76660,NONE,none,none,"No matching subset — create one or confirm these belong in ""marvel 2023 eternals"""
(unassigned),marvel 2023 eternals,60,Blue,1,76815,NONE,none,none,"No matching subset — create one or confirm these belong in ""marvel 2023 eternals"""
(unassigned),marvel 2023 eternals,62,Purple,1,76637,NONE,none,none,"No matching subset — create one or confirm these belong in ""marvel 2023 eternals"""
(unassigned),marvel 2023 eternals,62,Blue,1,76813,NONE,none,none,"No matching subset — create one or confirm these belong in ""marvel 2023 eternals"""
(unassigned),marvel 2023 eternals,67,Gold,1,76611,NONE,none,none,"No matching subset — create one or confirm these belong in ""marvel 2023 eternals"""
(unassigned),marvel 2023 eternals,67,Purple,1,76639,NONE,none,none,"No matching subset — create one or confirm these belong in ""marvel 2023 eternals"""
(unassigned),marvel 2023 eternals,68,Blue,1,76653,NONE,none,none,"No matching subset — create one or confirm these belong in ""marvel 2023 eternals"""
(unassigned),marvel 2023 eternals,68,Green,1,76769,NONE,none,none,"No matching subset — create one or confirm these belong in ""marvel 2023 eternals"""
(unassigned),marvel 2023 eternals,7,Blue,1,76539,NONE,none,none,"No matching subset — create one or confirm these belong in ""marvel 2023 eternals"""
(unassigned),marvel 2023 eternals,7,Gold,1,76694,NONE,none,none,"No matching subset — create one or confirm these belong in ""marvel 2023 eternals"""
(unassigned),marvel 2023 eternals,82,Gold,1,76640,NONE,none,none,"No matching subset — create one or confirm these belong in ""marvel 2023 eternals"""
(unassigned),marvel 2023 eternals,82,Blue,1,76820,NONE,none,none,"No matching subset — create one or confirm these belong in ""marvel 2023 eternals"""
(unassigned),marvel 2023 eternals,90,Silver,1,76777,NONE,none,none,"No matching subset — create one or confirm these belong in ""marvel 2023 eternals"""
(unassigned),marvel 2023 eternals,90,Blue,1,76826,NONE,none,none,"No matching subset — create one or confirm these belong in ""marvel 2023 eternals"""
(unassigned),marvel 2023 eternals,95,Gold,1,76764,NONE,none,none,"No matching subset — create one or confirm these belong in ""marvel 2023 eternals"""
(unassigned),marvel 2023 eternals,95,Silver,1,76834,NONE,none,none,"No matching subset — create one or confirm these belong in ""marvel 2023 eternals"""
(unassigned),marvel 2023 eternals,97,Blue,1,76618,NONE,none,none,"No matching subset — create one or confirm these belong in ""marvel 2023 eternals"""
(unassigned),marvel 2023 eternals,97,Gold,1,76686,NONE,none,none,"No matching subset — create one or confirm these belong in ""marvel 2023 eternals"""
(unassigned),marvel 2023 eternals,104,Gold,1,76762,NONE,none,none,"No matching subset — create one or confirm these belong in ""marvel 2023 eternals"""
(unassigned),marvel 2023 eternals,106,Gold,1,76763,NONE,none,none,"No matching subset — create one or confirm these belong in ""marvel 2023 eternals"""
(unassigned),marvel 2023 eternals,107,Printing Plate,1,76569,NONE,none,none,"No matching subset — create one or confirm these belong in ""marvel 2023 eternals"""
(unassigned),marvel 2023 eternals,108,Gold,1,76805,NONE,none,none,"No matching subset — create one or confirm these belong in ""marvel 2023 eternals"""
(unassigned),marvel 2023 eternals,109,Gold,1,76687,NONE,none,none,"No matching subset — create one or confirm these belong in ""marvel 2023 eternals"""
(unassigned),marvel 2023 eternals,110,Gold,1,76741,NONE,none,none,"No matching subset — create one or confirm these belong in ""marvel 2023 eternals"""
(unassigned),marvel 2023 eternals,111,Gold,1,76662,NONE,none,none,"No matching subset — create one or confirm these belong in ""marvel 2023 eternals"""
(unassigned),marvel 2023 eternals,112,Gold,1,76718,NONE,none,none,"No matching subset — create one or confirm these belong in ""marvel 2023 eternals"""
(unassigned),marvel 2023 eternals,115,Gold,1,76684,NONE,none,none,"No matching subset — create one or confirm these belong in ""marvel 2023 eternals"""
(unassigned),marvel 2023 eternals,24,Gold,1,76573,NONE,none,none,"No matching subset — create one or confirm these belong in ""marvel 2023 eternals"""
(unassigned),marvel 2023 eternals,25,Green,1,76693,NONE,none,none,"No matching subset — create one or confirm these belong in ""marvel 2023 eternals"""
(unassigned),marvel 2023 eternals,26,Gold,1,76612,NONE,none,none,"No matching subset — create one or confirm these belong in ""marvel 2023 eternals"""
(unassigned),marvel 2023 eternals,39,Gold,1,76744,NONE,none,none,"No matching subset — create one or confirm these belong in ""marvel 2023 eternals"""
(unassigned),marvel 2023 eternals,46,Green,1,76862,NONE,none,none,"No matching subset — create one or confirm these belong in ""marvel 2023 eternals"""
(unassigned),marvel 2023 eternals,75,Green,1,76688,NONE,none,none,"No matching subset — create one or confirm these belong in ""marvel 2023 eternals"""
2000 Topps X-Men The Movie,2000 Topps X-Men The Movie - Clear Cling,CL1,Photo,1,337189,NONE,none,none,"No matching subset — create one or confirm these belong in ""2000 Topps X-Men The Movie - Clear Cling"""
2000 Topps X-Men The Movie,2000 Topps X-Men The Movie - Clear Cling,CL10,Photo,1,337198,NONE,none,none,"No matching subset — create one or confirm these belong in ""2000 Topps X-Men The Movie - Clear Cling"""
2000 Topps X-Men The Movie,2000 Topps X-Men The Movie - Clear Cling,CL11,Art,1,337199,NONE,none,none,"No matching subset — create one or confirm these belong in ""2000 Topps X-Men The Movie - Clear Cling"""
2000 Topps X-Men The Movie,2000 Topps X-Men The Movie - Clear Cling,CL12,Art,1,337200,NONE,none,none,"No matching subset — create one or confirm these belong in ""2000 Topps X-Men The Movie - Clear Cling"""
2000 Topps X-Men The Movie,2000 Topps X-Men The Movie - Clear Cling,CL2,Photo,1,337190,NONE,none,none,"No matching subset — create one or confirm these belong in ""2000 Topps X-Men The Movie - Clear Cling"""
2000 Topps X-Men The Movie,2000 Topps X-Men The Movie - Clear Cling,CL3,Photo,1,337191,NONE,none,none,"No matching subset — create one or confirm these belong in ""2000 Topps X-Men The Movie - Clear Cling"""
2000 Topps X-Men The Movie,2000 Topps X-Men The Movie - Clear Cling,CL4,Photo,1,337192,NONE,none,none,"No matching subset — create one or confirm these belong in ""2000 Topps X-Men The Movie - Clear Cling"""
2000 Topps X-Men The Movie,2000 Topps X-Men The Movie - Clear Cling,CL5,Art,1,337193,NONE,none,none,"No matching subset — create one or confirm these belong in ""2000 Topps X-Men The Movie - Clear Cling"""
2000 Topps X-Men The Movie,2000 Topps X-Men The Movie - Clear Cling,CL6,Art,1,337194,NONE,none,none,"No matching subset — create one or confirm these belong in ""2000 Topps X-Men The Movie - Clear Cling"""
2000 Topps X-Men The Movie,2000 Topps X-Men The Movie - Clear Cling,CL7,Photo,1,337195,NONE,none,none,"No matching subset — create one or confirm these belong in ""2000 Topps X-Men The Movie - Clear Cling"""
2000 Topps X-Men The Movie,2000 Topps X-Men The Movie - Clear Cling,CL8,Photo,1,337196,NONE,none,none,"No matching subset — create one or confirm these belong in ""2000 Topps X-Men The Movie - Clear Cling"""
2000 Topps X-Men The Movie,2000 Topps X-Men The Movie - Clear Cling,CL9,Photo,1,337197,NONE,none,none,"No matching subset — create one or confirm these belong in ""2000 Topps X-Men The Movie - Clear Cling"""
2020 Upper Deck Marvel Ages,2020 Upper Deck Marvel Ages - 2020 Upper Deck Marvel Ages,19,Premium Sticker,1,76958,NONE,none,none,"No matching subset — create one or confirm these belong in ""2020 Upper Deck Marvel Ages - 2020 Upper Deck Marvel Ages"""
2020 Upper Deck Marvel Ages,2020 Upper Deck Marvel Ages - 2020 Upper Deck Marvel Ages,44,Premium Sticker,1,76874,NONE,none,none,"No matching subset — create one or confirm these belong in ""2020 Upper Deck Marvel Ages - 2020 Upper Deck Marvel Ages"""
2020 Upper Deck Marvel Ages,2020 Upper Deck Marvel Ages - 2020 Upper Deck Marvel Ages,6,Premium Sticker,1,76949,NONE,none,none,"No matching subset — create one or confirm these belong in ""2020 Upper Deck Marvel Ages - 2020 Upper Deck Marvel Ages"""
2020 Upper Deck Marvel Ages,2020 Upper Deck Marvel Ages - 2020 Upper Deck Marvel Ages,72,Premium Sticker,1,76887,NONE,none,none,"No matching subset — create one or confirm these belong in ""2020 Upper Deck Marvel Ages - 2020 Upper Deck Marvel Ages"""
2020 Upper Deck Marvel Ages,2020 Upper Deck Marvel Ages - 2020 Upper Deck Marvel Ages,74,Premium Sticker,1,76883,NONE,none,none,"No matching subset — create one or confirm these belong in ""2020 Upper Deck Marvel Ages - 2020 Upper Deck Marvel Ages"""
2020 Upper Deck Marvel Ages,2020 Upper Deck Marvel Ages - 2020 Upper Deck Marvel Ages,93,Premium Sticker,1,76959,NONE,none,none,"No matching subset — create one or confirm these belong in ""2020 Upper Deck Marvel Ages - 2020 Upper Deck Marvel Ages"""
2020 Upper Deck Marvel Ages,2020 Upper Deck Marvel Ages - 2020 Upper Deck Marvel Ages,94,Premium Sticker,1,76968,NONE,none,none,"No matching subset — create one or confirm these belong in ""2020 Upper Deck Marvel Ages - 2020 Upper Deck Marvel Ages"""
2020-21 Upper Deck Marvel Annual,2020-21 Upper Deck Marvel Annual - Number 1 Spot,N1S-1,2019,2,26695 92963,NONE,none,none,"No matching subset — create one or confirm these belong in ""2020-21 Upper Deck Marvel Annual - Number 1 Spot"""
2020-21 Upper Deck Marvel Annual,2020-21 Upper Deck Marvel Annual - Number 1 Spot,N1S-12,2019,2,26698 92974,NONE,none,none,"No matching subset — create one or confirm these belong in ""2020-21 Upper Deck Marvel Annual - Number 1 Spot"""
2020-21 Upper Deck Marvel Annual,2020-21 Upper Deck Marvel Annual - Number 1 Spot,N1S-2,2019,2,26706 92964,NONE,none,none,"No matching subset — create one or confirm these belong in ""2020-21 Upper Deck Marvel Annual - Number 1 Spot"""
2020-21 Upper Deck Marvel Annual,2020-21 Upper Deck Marvel Annual - Number 1 Spot,N1S-3,2019,2,26713 92965,NONE,none,none,"No matching subset — create one or confirm these belong in ""2020-21 Upper Deck Marvel Annual - Number 1 Spot"""
2020-21 Upper Deck Marvel Annual,2020-21 Upper Deck Marvel Annual - Number 1 Spot,N1S-4,2019,2,26714 92966,NONE,none,none,"No matching subset — create one or confirm these belong in ""2020-21 Upper Deck Marvel Annual - Number 1 Spot"""
2020-21 Upper Deck Marvel Annual,2020-21 Upper Deck Marvel Annual - Number 1 Spot,N1S-7,2019,2,26717 92969,NONE,none,none,"No matching subset — create one or confirm these belong in ""2020-21 Upper Deck Marvel Annual - Number 1 Spot"""
2020-21 Upper Deck Marvel Annual,2020-21 Upper Deck Marvel Annual - Number 1 Spot,N1S-8,2019,2,26718 92970,NONE,none,none,"No matching subset — create one or confirm these belong in ""2020-21 Upper Deck Marvel Annual - Number 1 Spot"""
2020-21 Upper Deck Marvel Annual,2020-21 Upper Deck Marvel Annual - Splash-ticular 3D,25,2018,2,77303 77305,NONE,none,none,"No matching subset — create one or confirm these belong in ""2020-21 Upper Deck Marvel Annual - Splash-ticular 3D"""
2020-21 Upper Deck Marvel Annual,2020-21 Upper Deck Marvel Annual - Splash-ticular 3D,45,2018,2,77333 77334,NONE,none,none,"No matching subset — create one or confirm these belong in ""2020-21 Upper Deck Marvel Annual - Splash-ticular 3D"""
2022 Fleer Ultra Marvel Avengers,2022 Fleer Ultra Marvel Avengers - Comic Clippings,CC-AA10,1967,1,226021,NONE,none,none,"No matching subset — create one or confirm these belong in ""2022 Fleer Ultra Marvel Avengers - Comic Clippings"""
2022 Fleer Ultra Marvel Avengers,2022 Fleer Ultra Marvel Avengers - Comic Clippings,CC-AVG1,1963,1,225946,NONE,none,none,"No matching subset — create one or confirm these belong in ""2022 Fleer Ultra Marvel Avengers - Comic Clippings"""
2022 Fleer Ultra Marvel Avengers,2022 Fleer Ultra Marvel Avengers - Comic Clippings,CC-AVG102,1963,1,225991,NONE,none,none,"No matching subset — create one or confirm these belong in ""2022 Fleer Ultra Marvel Avengers - Comic Clippings"""
2022 Fleer Ultra Marvel Avengers,2022 Fleer Ultra Marvel Avengers - Comic Clippings,CC-AVG105,1963,1,225992,NONE,none,none,"No matching subset — create one or confirm these belong in ""2022 Fleer Ultra Marvel Avengers - Comic Clippings"""
2022 Fleer Ultra Marvel Avengers,2022 Fleer Ultra Marvel Avengers - Comic Clippings,CC-AVG106,1963,1,225993,NONE,none,none,"No matching subset — create one or confirm these belong in ""2022 Fleer Ultra Marvel Avengers - Comic Clippings"""
2022 Fleer Ultra Marvel Avengers,2022 Fleer Ultra Marvel Avengers - Comic Clippings,CC-AVG107,1963,1,225994,NONE,none,none,"No matching subset — create one or confirm these belong in ""2022 Fleer Ultra Marvel Avengers - Comic Clippings"""
2022 Fleer Ultra Marvel Avengers,2022 Fleer Ultra Marvel Avengers - Comic Clippings,CC-AVG108,1963,1,225995,NONE,none,none,"No matching subset — create one or confirm these belong in ""2022 Fleer Ultra Marvel Avengers - Comic Clippings"""
2022 Fleer Ultra Marvel Avengers,2022 Fleer Ultra Marvel Avengers - Comic Clippings,CC-AVG11,1963,1,225952,NONE,none,none,"No matching subset — create one or confirm these belong in ""2022 Fleer Ultra Marvel Avengers - Comic Clippings"""
2022 Fleer Ultra Marvel Avengers,2022 Fleer Ultra Marvel Avengers - Comic Clippings,CC-AVG115,1963,1,225996,NONE,none,none,"No matching subset — create one or confirm these belong in ""2022 Fleer Ultra Marvel Avengers - Comic Clippings"""
2022 Fleer Ultra Marvel Avengers,2022 Fleer Ultra Marvel Avengers - Comic Clippings,CC-AVG117,1963,1,225997,NONE,none,none,"No matching subset — create one or confirm these belong in ""2022 Fleer Ultra Marvel Avengers - Comic Clippings"""
2022 Fleer Ultra Marvel Avengers,2022 Fleer Ultra Marvel Avengers - Comic Clippings,CC-AVG118,1963,1,225998,NONE,none,none,"No matching subset — create one or confirm these belong in ""2022 Fleer Ultra Marvel Avengers - Comic Clippings"""
2022 Fleer Ultra Marvel Avengers,2022 Fleer Ultra Marvel Avengers - Comic Clippings,CC-AVG125,1963,1,225999,NONE,none,none,"No matching subset — create one or confirm these belong in ""2022 Fleer Ultra Marvel Avengers - Comic Clippings"""
2022 Fleer Ultra Marvel Avengers,2022 Fleer Ultra Marvel Avengers - Comic Clippings,CC-AVG128,1963,1,226000,NONE,none,none,"No matching subset — create one or confirm these belong in ""2022 Fleer Ultra Marvel Avengers - Comic Clippings"""
2022 Fleer Ultra Marvel Avengers,2022 Fleer Ultra Marvel Avengers - Comic Clippings,CC-AVG13,1963,1,225953,NONE,none,none,"No matching subset — create one or confirm these belong in ""2022 Fleer Ultra Marvel Avengers - Comic Clippings"""
2022 Fleer Ultra Marvel Avengers,2022 Fleer Ultra Marvel Avengers - Comic Clippings,CC-AVG144,1963,1,226001,NONE,none,none,"No matching subset — create one or confirm these belong in ""2022 Fleer Ultra Marvel Avengers - Comic Clippings"""
2022 Fleer Ultra Marvel Avengers,2022 Fleer Ultra Marvel Avengers - Comic Clippings,CC-AVG151,1963,1,226002,NONE,none,none,"No matching subset — create one or confirm these belong in ""2022 Fleer Ultra Marvel Avengers - Comic Clippings"""
2022 Fleer Ultra Marvel Avengers,2022 Fleer Ultra Marvel Avengers - Comic Clippings,CC-AVG16,1963,1,225954,NONE,none,none,"No matching subset — create one or confirm these belong in ""2022 Fleer Ultra Marvel Avengers - Comic Clippings"""
2022 Fleer Ultra Marvel Avengers,2022 Fleer Ultra Marvel Avengers - Comic Clippings,CC-AVG167,1963,1,226003,NONE,none,none,"No matching subset — create one or confirm these belong in ""2022 Fleer Ultra Marvel Avengers - Comic Clippings"""
2022 Fleer Ultra Marvel Avengers,2022 Fleer Ultra Marvel Avengers - Comic Clippings,CC-AVG168,1963,1,226004,NONE,none,none,"No matching subset — create one or confirm these belong in ""2022 Fleer Ultra Marvel Avengers - Comic Clippings"""
2022 Fleer Ultra Marvel Avengers,2022 Fleer Ultra Marvel Avengers - Comic Clippings,CC-AVG170,1963,1,226005,NONE,none,none,"No matching subset — create one or confirm these belong in ""2022 Fleer Ultra Marvel Avengers - Comic Clippings"""
2022 Fleer Ultra Marvel Avengers,2022 Fleer Ultra Marvel Avengers - Comic Clippings,CC-AVG171,1963,1,226006,NONE,none,none,"No matching subset — create one or confirm these belong in ""2022 Fleer Ultra Marvel Avengers - Comic Clippings"""
2022 Fleer Ultra Marvel Avengers,2022 Fleer Ultra Marvel Avengers - Comic Clippings,CC-AVG172,1963,1,226007,NONE,none,none,"No matching subset — create one or confirm these belong in ""2022 Fleer Ultra Marvel Avengers - Comic Clippings"""
2022 Fleer Ultra Marvel Avengers,2022 Fleer Ultra Marvel Avengers - Comic Clippings,CC-AVG173,1963,1,226008,NONE,none,none,"No matching subset — create one or confirm these belong in ""2022 Fleer Ultra Marvel Avengers - Comic Clippings"""
2022 Fleer Ultra Marvel Avengers,2022 Fleer Ultra Marvel Avengers - Comic Clippings,CC-AVG174,1963,1,226009,NONE,none,none,"No matching subset — create one or confirm these belong in ""2022 Fleer Ultra Marvel Avengers - Comic Clippings"""
2022 Fleer Ultra Marvel Avengers,2022 Fleer Ultra Marvel Avengers - Comic Clippings,CC-AVG175,1963,1,226010,NONE,none,none,"No matching subset — create one or confirm these belong in ""2022 Fleer Ultra Marvel Avengers - Comic Clippings"""
2022 Fleer Ultra Marvel Avengers,2022 Fleer Ultra Marvel Avengers - Comic Clippings,CC-AVG176,1963,1,226011,NONE,none,none,"No matching subset — create one or confirm these belong in ""2022 Fleer Ultra Marvel Avengers - Comic Clippings"""
2022 Fleer Ultra Marvel Avengers,2022 Fleer Ultra Marvel Avengers - Comic Clippings,CC-AVG177,1963,1,226012,NONE,none,none,"No matching subset — create one or confirm these belong in ""2022 Fleer Ultra Marvel Avengers - Comic Clippings"""
2022 Fleer Ultra Marvel Avengers,2022 Fleer Ultra Marvel Avengers - Comic Clippings,CC-AVG181,1963,1,226013,NONE,none,none,"No matching subset — create one or confirm these belong in ""2022 Fleer Ultra Marvel Avengers - Comic Clippings"""
2022 Fleer Ultra Marvel Avengers,2022 Fleer Ultra Marvel Avengers - Comic Clippings,CC-AVG185,1963,1,226014,NONE,none,none,"No matching subset — create one or confirm these belong in ""2022 Fleer Ultra Marvel Avengers - Comic Clippings"""
2022 Fleer Ultra Marvel Avengers,2022 Fleer Ultra Marvel Avengers - Comic Clippings,CC-AVG19,1963,1,225955,NONE,none,none,"No matching subset — create one or confirm these belong in ""2022 Fleer Ultra Marvel Avengers - Comic Clippings"""
2022 Fleer Ultra Marvel Avengers,2022 Fleer Ultra Marvel Avengers - Comic Clippings,CC-AVG195,1963,1,226015,NONE,none,none,"No matching subset — create one or confirm these belong in ""2022 Fleer Ultra Marvel Avengers - Comic Clippings"""
2022 Fleer Ultra Marvel Avengers,2022 Fleer Ultra Marvel Avengers - Comic Clippings,CC-AVG2,1963,1,225947,NONE,none,none,"No matching subset — create one or confirm these belong in ""2022 Fleer Ultra Marvel Avengers - Comic Clippings"""
2022 Fleer Ultra Marvel Avengers,2022 Fleer Ultra Marvel Avengers - Comic Clippings,CC-AVG200,1963,1,226016,NONE,none,none,"No matching subset — create one or confirm these belong in ""2022 Fleer Ultra Marvel Avengers - Comic Clippings"""
2022 Fleer Ultra Marvel Avengers,2022 Fleer Ultra Marvel Avengers - Comic Clippings,CC-AVG20181,2018,1,226022,NONE,none,none,"No matching subset — create one or confirm these belong in ""2022 Fleer Ultra Marvel Avengers - Comic Clippings"""
2022 Fleer Ultra Marvel Avengers,2022 Fleer Ultra Marvel Avengers - Comic Clippings,CC-AVG201833,2018,1,226027,NONE,none,none,"No matching subset — create one or confirm these belong in ""2022 Fleer Ultra Marvel Avengers - Comic Clippings"""
2022 Fleer Ultra Marvel Avengers,2022 Fleer Ultra Marvel Avengers - Comic Clippings,CC-AVG201839,2018,1,226028,NONE,none,none,"No matching subset — create one or confirm these belong in ""2022 Fleer Ultra Marvel Avengers - Comic Clippings"""
2022 Fleer Ultra Marvel Avengers,2022 Fleer Ultra Marvel Avengers - Comic Clippings,CC-AVG20184,2018,1,226023,NONE,none,none,"No matching subset — create one or confirm these belong in ""2022 Fleer Ultra Marvel Avengers - Comic Clippings"""
2022 Fleer Ultra Marvel Avengers,2022 Fleer Ultra Marvel Avengers - Comic Clippings,CC-AVG20185,2018,1,226024,NONE,none,none,"No matching subset — create one or confirm these belong in ""2022 Fleer Ultra Marvel Avengers - Comic Clippings"""
2022 Fleer Ultra Marvel Avengers,2022 Fleer Ultra Marvel Avengers - Comic Clippings,CC-AVG20186,2018,1,226025,NONE,none,none,"No matching subset — create one or confirm these belong in ""2022 Fleer Ultra Marvel Avengers - Comic Clippings"""
2022 Fleer Ultra Marvel Avengers,2022 Fleer Ultra Marvel Avengers - Comic Clippings,CC-AVG20187,2018,1,226026,NONE,none,none,"No matching subset — create one or confirm these belong in ""2022 Fleer Ultra Marvel Avengers - Comic Clippings"""
2022 Fleer Ultra Marvel Avengers,2022 Fleer Ultra Marvel Avengers - Comic Clippings,CC-AVG28,1963,1,225956,NONE,none,none,"No matching subset — create one or confirm these belong in ""2022 Fleer Ultra Marvel Avengers - Comic Clippings"""
2022 Fleer Ultra Marvel Avengers,2022 Fleer Ultra Marvel Avengers - Comic Clippings,CC-AVG3,1963,1,225948,NONE,none,none,"No matching subset — create one or confirm these belong in ""2022 Fleer Ultra Marvel Avengers - Comic Clippings"""
2022 Fleer Ultra Marvel Avengers,2022 Fleer Ultra Marvel Avengers - Comic Clippings,CC-AVG35,1963,1,225957,NONE,none,none,"No matching subset — create one or confirm these belong in ""2022 Fleer Ultra Marvel Avengers - Comic Clippings"""
2022 Fleer Ultra Marvel Avengers,2022 Fleer Ultra Marvel Avengers - Comic Clippings,CC-AVG37,1963,1,225958,NONE,none,none,"No matching subset — create one or confirm these belong in ""2022 Fleer Ultra Marvel Avengers - Comic Clippings"""
2022 Fleer Ultra Marvel Avengers,2022 Fleer Ultra Marvel Avengers - Comic Clippings,CC-AVG38,1963,1,225959,NONE,none,none,"No matching subset — create one or confirm these belong in ""2022 Fleer Ultra Marvel Avengers - Comic Clippings"""
2022 Fleer Ultra Marvel Avengers,2022 Fleer Ultra Marvel Avengers - Comic Clippings,CC-AVG4,1963,1,225949,NONE,none,none,"No matching subset — create one or confirm these belong in ""2022 Fleer Ultra Marvel Avengers - Comic Clippings"""
2022 Fleer Ultra Marvel Avengers,2022 Fleer Ultra Marvel Avengers - Comic Clippings,CC-AVG40,1963,1,225960,NONE,none,none,"No matching subset — create one or confirm these belong in ""2022 Fleer Ultra Marvel Avengers - Comic Clippings"""
2022 Fleer Ultra Marvel Avengers,2022 Fleer Ultra Marvel Avengers - Comic Clippings,CC-AVG43,1963,1,225961,NONE,none,none,"No matching subset — create one or confirm these belong in ""2022 Fleer Ultra Marvel Avengers - Comic Clippings"""
2022 Fleer Ultra Marvel Avengers,2022 Fleer Ultra Marvel Avengers - Comic Clippings,CC-AVG44,1963,1,225962,NONE,none,none,"No matching subset — create one or confirm these belong in ""2022 Fleer Ultra Marvel Avengers - Comic Clippings"""
2022 Fleer Ultra Marvel Avengers,2022 Fleer Ultra Marvel Avengers - Comic Clippings,CC-AVG47,1963,1,225963,NONE,none,none,"No matching subset — create one or confirm these belong in ""2022 Fleer Ultra Marvel Avengers - Comic Clippings"""
2022 Fleer Ultra Marvel Avengers,2022 Fleer Ultra Marvel Avengers - Comic Clippings,CC-AVG48,1963,1,225964,NONE,none,none,"No matching subset — create one or confirm these belong in ""2022 Fleer Ultra Marvel Avengers - Comic Clippings"""
2022 Fleer Ultra Marvel Avengers,2022 Fleer Ultra Marvel Avengers - Comic Clippings,CC-AVG49,1963,1,225965,NONE,none,none,"No matching subset — create one or confirm these belong in ""2022 Fleer Ultra Marvel Avengers - Comic Clippings"""
2022 Fleer Ultra Marvel Avengers,2022 Fleer Ultra Marvel Avengers - Comic Clippings,CC-AVG500,1998,1,226017,NONE,none,none,"No matching subset — create one or confirm these belong in ""2022 Fleer Ultra Marvel Avengers - Comic Clippings"""
2022 Fleer Ultra Marvel Avengers,2022 Fleer Ultra Marvel Avengers - Comic Clippings,CC-AVG501,1998,1,226018,NONE,none,none,"No matching subset — create one or confirm these belong in ""2022 Fleer Ultra Marvel Avengers - Comic Clippings"""
2022 Fleer Ultra Marvel Avengers,2022 Fleer Ultra Marvel Avengers - Comic Clippings,CC-AVG502,1998,1,226019,NONE,none,none,"No matching subset — create one or confirm these belong in ""2022 Fleer Ultra Marvel Avengers - Comic Clippings"""
2022 Fleer Ultra Marvel Avengers,2022 Fleer Ultra Marvel Avengers - Comic Clippings,CC-AVG503,1998,1,226020,NONE,none,none,"No matching subset — create one or confirm these belong in ""2022 Fleer Ultra Marvel Avengers - Comic Clippings"""
2022 Fleer Ultra Marvel Avengers,2022 Fleer Ultra Marvel Avengers - Comic Clippings,CC-AVG51,1963,1,225966,NONE,none,none,"No matching subset — create one or confirm these belong in ""2022 Fleer Ultra Marvel Avengers - Comic Clippings"""
2022 Fleer Ultra Marvel Avengers,2022 Fleer Ultra Marvel Avengers - Comic Clippings,CC-AVG52,1963,1,225967,NONE,none,none,"No matching subset — create one or confirm these belong in ""2022 Fleer Ultra Marvel Avengers - Comic Clippings"""
2022 Fleer Ultra Marvel Avengers,2022 Fleer Ultra Marvel Avengers - Comic Clippings,CC-AVG55,1963,1,225968,NONE,none,none,"No matching subset — create one or confirm these belong in ""2022 Fleer Ultra Marvel Avengers - Comic Clippings"""
2022 Fleer Ultra Marvel Avengers,2022 Fleer Ultra Marvel Avengers - Comic Clippings,CC-AVG56,1963,1,225969,NONE,none,none,"No matching subset — create one or confirm these belong in ""2022 Fleer Ultra Marvel Avengers - Comic Clippings"""
2022 Fleer Ultra Marvel Avengers,2022 Fleer Ultra Marvel Avengers - Comic Clippings,CC-AVG57,1963,1,225970,NONE,none,none,"No matching subset — create one or confirm these belong in ""2022 Fleer Ultra Marvel Avengers - Comic Clippings"""
2022 Fleer Ultra Marvel Avengers,2022 Fleer Ultra Marvel Avengers - Comic Clippings,CC-AVG58,1963,1,225971,NONE,none,none,"No matching subset — create one or confirm these belong in ""2022 Fleer Ultra Marvel Avengers - Comic Clippings"""
2022 Fleer Ultra Marvel Avengers,2022 Fleer Ultra Marvel Avengers - Comic Clippings,CC-AVG59,1963,1,225972,NONE,none,none,"No matching subset — create one or confirm these belong in ""2022 Fleer Ultra Marvel Avengers - Comic Clippings"""
2022 Fleer Ultra Marvel Avengers,2022 Fleer Ultra Marvel Avengers - Comic Clippings,CC-AVG6,1963,1,225950,NONE,none,none,"No matching subset — create one or confirm these belong in ""2022 Fleer Ultra Marvel Avengers - Comic Clippings"""
2022 Fleer Ultra Marvel Avengers,2022 Fleer Ultra Marvel Avengers - Comic Clippings,CC-AVG66,1963,1,225973,NONE,none,none,"No matching subset — create one or confirm these belong in ""2022 Fleer Ultra Marvel Avengers - Comic Clippings"""
2022 Fleer Ultra Marvel Avengers,2022 Fleer Ultra Marvel Avengers - Comic Clippings,CC-AVG67,1963,1,225974,NONE,none,none,"No matching subset — create one or confirm these belong in ""2022 Fleer Ultra Marvel Avengers - Comic Clippings"""
2022 Fleer Ultra Marvel Avengers,2022 Fleer Ultra Marvel Avengers - Comic Clippings,CC-AVG68,1963,1,225975,NONE,none,none,"No matching subset — create one or confirm these belong in ""2022 Fleer Ultra Marvel Avengers - Comic Clippings"""
2022 Fleer Ultra Marvel Avengers,2022 Fleer Ultra Marvel Avengers - Comic Clippings,CC-AVG69,1963,1,225976,NONE,none,none,"No matching subset — create one or confirm these belong in ""2022 Fleer Ultra Marvel Avengers - Comic Clippings"""
2022 Fleer Ultra Marvel Avengers,2022 Fleer Ultra Marvel Avengers - Comic Clippings,CC-AVG70,1963,1,225977,NONE,none,none,"No matching subset — create one or confirm these belong in ""2022 Fleer Ultra Marvel Avengers - Comic Clippings"""
2022 Fleer Ultra Marvel Avengers,2022 Fleer Ultra Marvel Avengers - Comic Clippings,CC-AVG71,1963,1,225978,NONE,none,none,"No matching subset — create one or confirm these belong in ""2022 Fleer Ultra Marvel Avengers - Comic Clippings"""
2022 Fleer Ultra Marvel Avengers,2022 Fleer Ultra Marvel Avengers - Comic Clippings,CC-AVG78,1963,1,225979,NONE,none,none,"No matching subset — create one or confirm these belong in ""2022 Fleer Ultra Marvel Avengers - Comic Clippings"""
2022 Fleer Ultra Marvel Avengers,2022 Fleer Ultra Marvel Avengers - Comic Clippings,CC-AVG83,1963,1,225980,NONE,none,none,"No matching subset — create one or confirm these belong in ""2022 Fleer Ultra Marvel Avengers - Comic Clippings"""
2022 Fleer Ultra Marvel Avengers,2022 Fleer Ultra Marvel Avengers - Comic Clippings,CC-AVG85,1963,1,225981,NONE,none,none,"No matching subset — create one or confirm these belong in ""2022 Fleer Ultra Marvel Avengers - Comic Clippings"""
2022 Fleer Ultra Marvel Avengers,2022 Fleer Ultra Marvel Avengers - Comic Clippings,CC-AVG87,1963,1,225982,NONE,none,none,"No matching subset — create one or confirm these belong in ""2022 Fleer Ultra Marvel Avengers - Comic Clippings"""
2022 Fleer Ultra Marvel Avengers,2022 Fleer Ultra Marvel Avengers - Comic Clippings,CC-AVG89,1963,1,225983,NONE,none,none,"No matching subset — create one or confirm these belong in ""2022 Fleer Ultra Marvel Avengers - Comic Clippings"""
2022 Fleer Ultra Marvel Avengers,2022 Fleer Ultra Marvel Avengers - Comic Clippings,CC-AVG9,1963,1,225951,NONE,none,none,"No matching subset — create one or confirm these belong in ""2022 Fleer Ultra Marvel Avengers - Comic Clippings"""
2022 Fleer Ultra Marvel Avengers,2022 Fleer Ultra Marvel Avengers - Comic Clippings,CC-AVG90,1963,1,225984,NONE,none,none,"No matching subset — create one or confirm these belong in ""2022 Fleer Ultra Marvel Avengers - Comic Clippings"""
2022 Fleer Ultra Marvel Avengers,2022 Fleer Ultra Marvel Avengers - Comic Clippings,CC-AVG91,1963,1,225985,NONE,none,none,"No matching subset — create one or confirm these belong in ""2022 Fleer Ultra Marvel Avengers - Comic Clippings"""
2022 Fleer Ultra Marvel Avengers,2022 Fleer Ultra Marvel Avengers - Comic Clippings,CC-AVG92,1963,1,225986,NONE,none,none,"No matching subset — create one or confirm these belong in ""2022 Fleer Ultra Marvel Avengers - Comic Clippings"""
2022 Fleer Ultra Marvel Avengers,2022 Fleer Ultra Marvel Avengers - Comic Clippings,CC-AVG93,1963,1,225987,NONE,none,none,"No matching subset — create one or confirm these belong in ""2022 Fleer Ultra Marvel Avengers - Comic Clippings"""
2022 Fleer Ultra Marvel Avengers,2022 Fleer Ultra Marvel Avengers - Comic Clippings,CC-AVG94,1963,1,225988,NONE,none,none,"No matching subset — create one or confirm these belong in ""2022 Fleer Ultra Marvel Avengers - Comic Clippings"""
2022 Fleer Ultra Marvel Avengers,2022 Fleer Ultra Marvel Avengers - Comic Clippings,CC-AVG95,1963,1,225989,NONE,none,none,"No matching subset — create one or confirm these belong in ""2022 Fleer Ultra Marvel Avengers - Comic Clippings"""
2022 Fleer Ultra Marvel Avengers,2022 Fleer Ultra Marvel Avengers - Comic Clippings,CC-AVG96,1963,1,225990,NONE,none,none,"No matching subset — create one or confirm these belong in ""2022 Fleer Ultra Marvel Avengers - Comic Clippings"""
2022 Fleer Ultra Marvel Avengers,2022 Fleer Ultra Marvel Avengers - Comic Clippings,CC-GSA4,1974,1,226029,NONE,none,none,"No matching subset — create one or confirm these belong in ""2022 Fleer Ultra Marvel Avengers - Comic Clippings"""
2022 Fleer Ultra Marvel Avengers,2022 Fleer Ultra Marvel Avengers - Comic Clippings,CC-HOM1,2005,1,226030,NONE,none,none,"No matching subset — create one or confirm these belong in ""2022 Fleer Ultra Marvel Avengers - Comic Clippings"""
2022 Fleer Ultra Marvel Avengers,2022 Fleer Ultra Marvel Avengers - Comic Clippings,CC-HOM2,2005,1,226031,NONE,none,none,"No matching subset — create one or confirm these belong in ""2022 Fleer Ultra Marvel Avengers - Comic Clippings"""
2022 Fleer Ultra Marvel Avengers,2022 Fleer Ultra Marvel Avengers - Comic Clippings,CC-HOM3,2005,1,226032,NONE,none,none,"No matching subset — create one or confirm these belong in ""2022 Fleer Ultra Marvel Avengers - Comic Clippings"""
2022 Fleer Ultra Marvel Avengers,2022 Fleer Ultra Marvel Avengers - Comic Clippings,CC-HOM4,2005,1,226033,NONE,none,none,"No matching subset — create one or confirm these belong in ""2022 Fleer Ultra Marvel Avengers - Comic Clippings"""
2022 Fleer Ultra Marvel Avengers,2022 Fleer Ultra Marvel Avengers - Comic Clippings,CC-HOM5,2005,1,226034,NONE,none,none,"No matching subset — create one or confirm these belong in ""2022 Fleer Ultra Marvel Avengers - Comic Clippings"""
2022 Fleer Ultra Marvel Avengers,2022 Fleer Ultra Marvel Avengers - Comic Clippings,CC-NA1,2004,1,226035,NONE,none,none,"No matching subset — create one or confirm these belong in ""2022 Fleer Ultra Marvel Avengers - Comic Clippings"""
2022 Fleer Ultra Marvel Avengers,2022 Fleer Ultra Marvel Avengers - Comic Clippings,CC-NA11,2004,1,226037,NONE,none,none,"No matching subset — create one or confirm these belong in ""2022 Fleer Ultra Marvel Avengers - Comic Clippings"""
2022 Fleer Ultra Marvel Avengers,2022 Fleer Ultra Marvel Avengers - Comic Clippings,CC-NA27,2004,1,226038,NONE,none,none,"No matching subset — create one or confirm these belong in ""2022 Fleer Ultra Marvel Avengers - Comic Clippings"""
2022 Fleer Ultra Marvel Avengers,2022 Fleer Ultra Marvel Avengers - Comic Clippings,CC-NA7,2004,1,226036,NONE,none,none,"No matching subset — create one or confirm these belong in ""2022 Fleer Ultra Marvel Avengers - Comic Clippings"""
2022 Fleer Ultra Marvel Avengers,2022 Fleer Ultra Marvel Avengers - Comic Clippings,CC-S2,2009,1,226041,NONE,none,none,"No matching subset — create one or confirm these belong in ""2022 Fleer Ultra Marvel Avengers - Comic Clippings"""
2022 Fleer Ultra Marvel Avengers,2022 Fleer Ultra Marvel Avengers - Comic Clippings,CC-SI1,2008,1,226039,NONE,none,none,"No matching subset — create one or confirm these belong in ""2022 Fleer Ultra Marvel Avengers - Comic Clippings"""
2022 Fleer Ultra Marvel Avengers,2022 Fleer Ultra Marvel Avengers - Comic Clippings,CC-SI8,2008,1,226040,NONE,none,none,"No matching subset — create one or confirm these belong in ""2022 Fleer Ultra Marvel Avengers - Comic Clippings"""
2022 Fleer Ultra Marvel Avengers,2022 Fleer Ultra Marvel Avengers - Comic Clippings,CC-WCA45,1985,1,226044,NONE,none,none,"No matching subset — create one or confirm these belong in ""2022 Fleer Ultra Marvel Avengers - Comic Clippings"""
2022 Fleer Ultra Marvel Avengers,2022 Fleer Ultra Marvel Avengers - Comic Clippings,CC-WOTR1,2019,1,226042,NONE,none,none,"No matching subset — create one or confirm these belong in ""2022 Fleer Ultra Marvel Avengers - Comic Clippings"""
2022 Fleer Ultra Marvel Avengers,2022 Fleer Ultra Marvel Avengers - Comic Clippings,CC-WOTR6,2019,1,226043,NONE,none,none,"No matching subset — create one or confirm these belong in ""2022 Fleer Ultra Marvel Avengers - Comic Clippings"""
2022 Fleer Ultra Marvel Avengers,2022 Fleer Ultra Marvel Avengers - Comic Clippings,CC-YA1,2005,1,226045,NONE,none,none,"No matching subset — create one or confirm these belong in ""2022 Fleer Ultra Marvel Avengers - Comic Clippings"""
2022 Fleer Ultra Marvel Avengers,2022 Fleer Ultra Marvel Avengers - Comic Covers,A-1,1963,1,226146,NONE,none,none,"No matching subset — create one or confirm these belong in ""2022 Fleer Ultra Marvel Avengers - Comic Covers"""
2022 Fleer Ultra Marvel Avengers,2022 Fleer Ultra Marvel Avengers - Comic Covers,A-100,1963,1,226234,NONE,none,none,"No matching subset — create one or confirm these belong in ""2022 Fleer Ultra Marvel Avengers - Comic Covers"""
2022 Fleer Ultra Marvel Avengers,2022 Fleer Ultra Marvel Avengers - Comic Covers,A-101,1963,1,226235,NONE,none,none,"No matching subset — create one or confirm these belong in ""2022 Fleer Ultra Marvel Avengers - Comic Covers"""
2022 Fleer Ultra Marvel Avengers,2022 Fleer Ultra Marvel Avengers - Comic Covers,A-102,1963,1,226236,NONE,none,none,"No matching subset — create one or confirm these belong in ""2022 Fleer Ultra Marvel Avengers - Comic Covers"""
2022 Fleer Ultra Marvel Avengers,2022 Fleer Ultra Marvel Avengers - Comic Covers,A-103,1963,1,226237,NONE,none,none,"No matching subset — create one or confirm these belong in ""2022 Fleer Ultra Marvel Avengers - Comic Covers"""
2022 Fleer Ultra Marvel Avengers,2022 Fleer Ultra Marvel Avengers - Comic Covers,A-104,1963,1,226238,NONE,none,none,"No matching subset — create one or confirm these belong in ""2022 Fleer Ultra Marvel Avengers - Comic Covers"""
2022 Fleer Ultra Marvel Avengers,2022 Fleer Ultra Marvel Avengers - Comic Covers,A-105,1963,1,226239,NONE,none,none,"No matching subset — create one or confirm these belong in ""2022 Fleer Ultra Marvel Avengers - Comic Covers"""
2022 Fleer Ultra Marvel Avengers,2022 Fleer Ultra Marvel Avengers - Comic Covers,A-106,1963,1,226240,NONE,none,none,"No matching subset — create one or confirm these belong in ""2022 Fleer Ultra Marvel Avengers - Comic Covers"""
2022 Fleer Ultra Marvel Avengers,2022 Fleer Ultra Marvel Avengers - Comic Covers,A-107,1963,1,226241,NONE,none,none,"No matching subset — create one or confirm these belong in ""2022 Fleer Ultra Marvel Avengers - Comic Covers"""
2022 Fleer Ultra Marvel Avengers,2022 Fleer Ultra Marvel Avengers - Comic Covers,A-108,1963,1,226242,NONE,none,none,"No matching subset — create one or confirm these belong in ""2022 Fleer Ultra Marvel Avengers - Comic Covers"""
2022 Fleer Ultra Marvel Avengers,2022 Fleer Ultra Marvel Avengers - Comic Covers,A-109,1963,1,226243,NONE,none,none,"No matching subset — create one or confirm these belong in ""2022 Fleer Ultra Marvel Avengers - Comic Covers"""
2022 Fleer Ultra Marvel Avengers,2022 Fleer Ultra Marvel Avengers - Comic Covers,A-11,1963,1,226154,NONE,none,none,"No matching subset — create one or confirm these belong in ""2022 Fleer Ultra Marvel Avengers - Comic Covers"""
2022 Fleer Ultra Marvel Avengers,2022 Fleer Ultra Marvel Avengers - Comic Covers,A-110,1963,1,226244,NONE,none,none,"No matching subset — create one or confirm these belong in ""2022 Fleer Ultra Marvel Avengers - Comic Covers"""
2022 Fleer Ultra Marvel Avengers,2022 Fleer Ultra Marvel Avengers - Comic Covers,A-111,1963,1,226245,NONE,none,none,"No matching subset — create one or confirm these belong in ""2022 Fleer Ultra Marvel Avengers - Comic Covers"""
2022 Fleer Ultra Marvel Avengers,2022 Fleer Ultra Marvel Avengers - Comic Covers,A-12,1963,1,226155,NONE,none,none,"No matching subset — create one or confirm these belong in ""2022 Fleer Ultra Marvel Avengers - Comic Covers"""
2022 Fleer Ultra Marvel Avengers,2022 Fleer Ultra Marvel Avengers - Comic Covers,A-13,1963,1,226156,NONE,none,none,"No matching subset — create one or confirm these belong in ""2022 Fleer Ultra Marvel Avengers - Comic Covers"""
2022 Fleer Ultra Marvel Avengers,2022 Fleer Ultra Marvel Avengers - Comic Covers,A-14,1963,1,226157,NONE,none,none,"No matching subset — create one or confirm these belong in ""2022 Fleer Ultra Marvel Avengers - Comic Covers"""
2022 Fleer Ultra Marvel Avengers,2022 Fleer Ultra Marvel Avengers - Comic Covers,A-15,1963,1,226158,NONE,none,none,"No matching subset — create one or confirm these belong in ""2022 Fleer Ultra Marvel Avengers - Comic Covers"""
2022 Fleer Ultra Marvel Avengers,2022 Fleer Ultra Marvel Avengers - Comic Covers,A-16,1963,1,226159,NONE,none,none,"No matching subset — create one or confirm these belong in ""2022 Fleer Ultra Marvel Avengers - Comic Covers"""
2022 Fleer Ultra Marvel Avengers,2022 Fleer Ultra Marvel Avengers - Comic Covers,A-17,1963,1,226160,NONE,none,none,"No matching subset — create one or confirm these belong in ""2022 Fleer Ultra Marvel Avengers - Comic Covers"""
2022 Fleer Ultra Marvel Avengers,2022 Fleer Ultra Marvel Avengers - Comic Covers,A-18,1963,1,226161,NONE,none,none,"No matching subset — create one or confirm these belong in ""2022 Fleer Ultra Marvel Avengers - Comic Covers"""
2022 Fleer Ultra Marvel Avengers,2022 Fleer Ultra Marvel Avengers - Comic Covers,A-19,1963,1,226162,NONE,none,none,"No matching subset — create one or confirm these belong in ""2022 Fleer Ultra Marvel Avengers - Comic Covers"""
2022 Fleer Ultra Marvel Avengers,2022 Fleer Ultra Marvel Avengers - Comic Covers,A-2,1963,1,226147,NONE,none,none,"No matching subset — create one or confirm these belong in ""2022 Fleer Ultra Marvel Avengers - Comic Covers"""
2022 Fleer Ultra Marvel Avengers,2022 Fleer Ultra Marvel Avengers - Comic Covers,A-20,1963,1,226163,NONE,none,none,"No matching subset — create one or confirm these belong in ""2022 Fleer Ultra Marvel Avengers - Comic Covers"""
2022 Fleer Ultra Marvel Avengers,2022 Fleer Ultra Marvel Avengers - Comic Covers,A-21,1963,1,226164,NONE,none,none,"No matching subset — create one or confirm these belong in ""2022 Fleer Ultra Marvel Avengers - Comic Covers"""
2022 Fleer Ultra Marvel Avengers,2022 Fleer Ultra Marvel Avengers - Comic Covers,A-22,1963,1,226165,NONE,none,none,"No matching subset — create one or confirm these belong in ""2022 Fleer Ultra Marvel Avengers - Comic Covers"""
2022 Fleer Ultra Marvel Avengers,2022 Fleer Ultra Marvel Avengers - Comic Covers,A-24,1963,1,226166,NONE,none,none,"No matching subset — create one or confirm these belong in ""2022 Fleer Ultra Marvel Avengers - Comic Covers"""
2022 Fleer Ultra Marvel Avengers,2022 Fleer Ultra Marvel Avengers - Comic Covers,A-26,1963,1,226167,NONE,none,none,"No matching subset — create one or confirm these belong in ""2022 Fleer Ultra Marvel Avengers - Comic Covers"""
2022 Fleer Ultra Marvel Avengers,2022 Fleer Ultra Marvel Avengers - Comic Covers,A-27,1963,1,226168,NONE,none,none,"No matching subset — create one or confirm these belong in ""2022 Fleer Ultra Marvel Avengers - Comic Covers"""
2022 Fleer Ultra Marvel Avengers,2022 Fleer Ultra Marvel Avengers - Comic Covers,A-28,1963,1,226169,NONE,none,none,"No matching subset — create one or confirm these belong in ""2022 Fleer Ultra Marvel Avengers - Comic Covers"""
2022 Fleer Ultra Marvel Avengers,2022 Fleer Ultra Marvel Avengers - Comic Covers,A-29,1963,1,226170,NONE,none,none,"No matching subset — create one or confirm these belong in ""2022 Fleer Ultra Marvel Avengers - Comic Covers"""
2022 Fleer Ultra Marvel Avengers,2022 Fleer Ultra Marvel Avengers - Comic Covers,A-3,1963,1,226148,NONE,none,none,"No matching subset — create one or confirm these belong in ""2022 Fleer Ultra Marvel Avengers - Comic Covers"""
2022 Fleer Ultra Marvel Avengers,2022 Fleer Ultra Marvel Avengers - Comic Covers,A-30,1963,1,226171,NONE,none,none,"No matching subset — create one or confirm these belong in ""2022 Fleer Ultra Marvel Avengers - Comic Covers"""
2022 Fleer Ultra Marvel Avengers,2022 Fleer Ultra Marvel Avengers - Comic Covers,A-31,1963,1,226172,NONE,none,none,"No matching subset — create one or confirm these belong in ""2022 Fleer Ultra Marvel Avengers - Comic Covers"""
2022 Fleer Ultra Marvel Avengers,2022 Fleer Ultra Marvel Avengers - Comic Covers,A-32,1963,1,226173,NONE,none,none,"No matching subset — create one or confirm these belong in ""2022 Fleer Ultra Marvel Avengers - Comic Covers"""
2022 Fleer Ultra Marvel Avengers,2022 Fleer Ultra Marvel Avengers - Comic Covers,A-33,1963,1,226174,NONE,none,none,"No matching subset — create one or confirm these belong in ""2022 Fleer Ultra Marvel Avengers - Comic Covers"""
2022 Fleer Ultra Marvel Avengers,2022 Fleer Ultra Marvel Avengers - Comic Covers,A-34,1963,1,226175,NONE,none,none,"No matching subset — create one or confirm these belong in ""2022 Fleer Ultra Marvel Avengers - Comic Covers"""
2022 Fleer Ultra Marvel Avengers,2022 Fleer Ultra Marvel Avengers - Comic Covers,A-35,1963,1,226176,NONE,none,none,"No matching subset — create one or confirm these belong in ""2022 Fleer Ultra Marvel Avengers - Comic Covers"""
2022 Fleer Ultra Marvel Avengers,2022 Fleer Ultra Marvel Avengers - Comic Covers,A-36,1963,1,226177,NONE,none,none,"No matching subset — create one or confirm these belong in ""2022 Fleer Ultra Marvel Avengers - Comic Covers"""
2022 Fleer Ultra Marvel Avengers,2022 Fleer Ultra Marvel Avengers - Comic Covers,A-37,1963,1,226178,NONE,none,none,"No matching subset — create one or confirm these belong in ""2022 Fleer Ultra Marvel Avengers - Comic Covers"""
2022 Fleer Ultra Marvel Avengers,2022 Fleer Ultra Marvel Avengers - Comic Covers,A-38,1963,1,226179,NONE,none,none,"No matching subset — create one or confirm these belong in ""2022 Fleer Ultra Marvel Avengers - Comic Covers"""
2022 Fleer Ultra Marvel Avengers,2022 Fleer Ultra Marvel Avengers - Comic Covers,A-39,1963,1,226180,NONE,none,none,"No matching subset — create one or confirm these belong in ""2022 Fleer Ultra Marvel Avengers - Comic Covers"""
2022 Fleer Ultra Marvel Avengers,2022 Fleer Ultra Marvel Avengers - Comic Covers,A-4,1963,1,226149,NONE,none,none,"No matching subset — create one or confirm these belong in ""2022 Fleer Ultra Marvel Avengers - Comic Covers"""
2022 Fleer Ultra Marvel Avengers,2022 Fleer Ultra Marvel Avengers - Comic Covers,A-40,1963,1,226181,NONE,none,none,"No matching subset — create one or confirm these belong in ""2022 Fleer Ultra Marvel Avengers - Comic Covers"""
2022 Fleer Ultra Marvel Avengers,2022 Fleer Ultra Marvel Avengers - Comic Covers,A-41,1963,1,226182,NONE,none,none,"No matching subset — create one or confirm these belong in ""2022 Fleer Ultra Marvel Avengers - Comic Covers"""
2022 Fleer Ultra Marvel Avengers,2022 Fleer Ultra Marvel Avengers - Comic Covers,A-42,1963,1,226183,NONE,none,none,"No matching subset — create one or confirm these belong in ""2022 Fleer Ultra Marvel Avengers - Comic Covers"""
2022 Fleer Ultra Marvel Avengers,2022 Fleer Ultra Marvel Avengers - Comic Covers,A-43,1963,1,226184,NONE,none,none,"No matching subset — create one or confirm these belong in ""2022 Fleer Ultra Marvel Avengers - Comic Covers"""
2022 Fleer Ultra Marvel Avengers,2022 Fleer Ultra Marvel Avengers - Comic Covers,A-44,1963,1,226185,NONE,none,none,"No matching subset — create one or confirm these belong in ""2022 Fleer Ultra Marvel Avengers - Comic Covers"""
2022 Fleer Ultra Marvel Avengers,2022 Fleer Ultra Marvel Avengers - Comic Covers,A-45,1963,1,226186,NONE,none,none,"No matching subset — create one or confirm these belong in ""2022 Fleer Ultra Marvel Avengers - Comic Covers"""
2022 Fleer Ultra Marvel Avengers,2022 Fleer Ultra Marvel Avengers - Comic Covers,A-46,1963,1,226187,NONE,none,none,"No matching subset — create one or confirm these belong in ""2022 Fleer Ultra Marvel Avengers - Comic Covers"""
2022 Fleer Ultra Marvel Avengers,2022 Fleer Ultra Marvel Avengers - Comic Covers,A-47,1963,1,226188,NONE,none,none,"No matching subset — create one or confirm these belong in ""2022 Fleer Ultra Marvel Avengers - Comic Covers"""
2022 Fleer Ultra Marvel Avengers,2022 Fleer Ultra Marvel Avengers - Comic Covers,A-49,1963,1,226189,NONE,none,none,"No matching subset — create one or confirm these belong in ""2022 Fleer Ultra Marvel Avengers - Comic Covers"""
2022 Fleer Ultra Marvel Avengers,2022 Fleer Ultra Marvel Avengers - Comic Covers,A-5,1963,1,226150,NONE,none,none,"No matching subset — create one or confirm these belong in ""2022 Fleer Ultra Marvel Avengers - Comic Covers"""
2022 Fleer Ultra Marvel Avengers,2022 Fleer Ultra Marvel Avengers - Comic Covers,A-50,1963,1,226190,NONE,none,none,"No matching subset — create one or confirm these belong in ""2022 Fleer Ultra Marvel Avengers - Comic Covers"""
2022 Fleer Ultra Marvel Avengers,2022 Fleer Ultra Marvel Avengers - Comic Covers,A-51,1963,1,226191,NONE,none,none,"No matching subset — create one or confirm these belong in ""2022 Fleer Ultra Marvel Avengers - Comic Covers"""
2022 Fleer Ultra Marvel Avengers,2022 Fleer Ultra Marvel Avengers - Comic Covers,A-52,1963,1,226192,NONE,none,none,"No matching subset — create one or confirm these belong in ""2022 Fleer Ultra Marvel Avengers - Comic Covers"""
2022 Fleer Ultra Marvel Avengers,2022 Fleer Ultra Marvel Avengers - Comic Covers,A-53,1963,1,226193,NONE,none,none,"No matching subset — create one or confirm these belong in ""2022 Fleer Ultra Marvel Avengers - Comic Covers"""
2022 Fleer Ultra Marvel Avengers,2022 Fleer Ultra Marvel Avengers - Comic Covers,A-55,1963,1,226194,NONE,none,none,"No matching subset — create one or confirm these belong in ""2022 Fleer Ultra Marvel Avengers - Comic Covers"""
2022 Fleer Ultra Marvel Avengers,2022 Fleer Ultra Marvel Avengers - Comic Covers,A-56,1963,1,226195,NONE,none,none,"No matching subset — create one or confirm these belong in ""2022 Fleer Ultra Marvel Avengers - Comic Covers"""
2022 Fleer Ultra Marvel Avengers,2022 Fleer Ultra Marvel Avengers - Comic Covers,A-57,1963,1,226196,NONE,none,none,"No matching subset — create one or confirm these belong in ""2022 Fleer Ultra Marvel Avengers - Comic Covers"""
2022 Fleer Ultra Marvel Avengers,2022 Fleer Ultra Marvel Avengers - Comic Covers,A-58,1963,1,226197,NONE,none,none,"No matching subset — create one or confirm these belong in ""2022 Fleer Ultra Marvel Avengers - Comic Covers"""
2022 Fleer Ultra Marvel Avengers,2022 Fleer Ultra Marvel Avengers - Comic Covers,A-59,1963,1,226198,NONE,none,none,"No matching subset — create one or confirm these belong in ""2022 Fleer Ultra Marvel Avengers - Comic Covers"""
2022 Fleer Ultra Marvel Avengers,2022 Fleer Ultra Marvel Avengers - Comic Covers,A-6,1963,1,226151,NONE,none,none,"No matching subset — create one or confirm these belong in ""2022 Fleer Ultra Marvel Avengers - Comic Covers"""
2022 Fleer Ultra Marvel Avengers,2022 Fleer Ultra Marvel Avengers - Comic Covers,A-60,1963,1,226199,NONE,none,none,"No matching subset — create one or confirm these belong in ""2022 Fleer Ultra Marvel Avengers - Comic Covers"""
2022 Fleer Ultra Marvel Avengers,2022 Fleer Ultra Marvel Avengers - Comic Covers,A-61,1963,1,226200,NONE,none,none,"No matching subset — create one or confirm these belong in ""2022 Fleer Ultra Marvel Avengers - Comic Covers"""
2022 Fleer Ultra Marvel Avengers,2022 Fleer Ultra Marvel Avengers - Comic Covers,A-62,1963,1,226201,NONE,none,none,"No matching subset — create one or confirm these belong in ""2022 Fleer Ultra Marvel Avengers - Comic Covers"""
2022 Fleer Ultra Marvel Avengers,2022 Fleer Ultra Marvel Avengers - Comic Covers,A-63,1963,1,226202,NONE,none,none,"No matching subset — create one or confirm these belong in ""2022 Fleer Ultra Marvel Avengers - Comic Covers"""
2022 Fleer Ultra Marvel Avengers,2022 Fleer Ultra Marvel Avengers - Comic Covers,A-64,1963,1,226203,NONE,none,none,"No matching subset — create one or confirm these belong in ""2022 Fleer Ultra Marvel Avengers - Comic Covers"""
2022 Fleer Ultra Marvel Avengers,2022 Fleer Ultra Marvel Avengers - Comic Covers,A-65,1963,1,226204,NONE,none,none,"No matching subset — create one or confirm these belong in ""2022 Fleer Ultra Marvel Avengers - Comic Covers"""
2022 Fleer Ultra Marvel Avengers,2022 Fleer Ultra Marvel Avengers - Comic Covers,A-66,1963,1,226205,NONE,none,none,"No matching subset — create one or confirm these belong in ""2022 Fleer Ultra Marvel Avengers - Comic Covers"""
2022 Fleer Ultra Marvel Avengers,2022 Fleer Ultra Marvel Avengers - Comic Covers,A-67,1963,1,226206,NONE,none,none,"No matching subset — create one or confirm these belong in ""2022 Fleer Ultra Marvel Avengers - Comic Covers"""
2022 Fleer Ultra Marvel Avengers,2022 Fleer Ultra Marvel Avengers - Comic Covers,A-68,1963,1,226207,NONE,none,none,"No matching subset — create one or confirm these belong in ""2022 Fleer Ultra Marvel Avengers - Comic Covers"""
2022 Fleer Ultra Marvel Avengers,2022 Fleer Ultra Marvel Avengers - Comic Covers,A-7,1963,1,226152,NONE,none,none,"No matching subset — create one or confirm these belong in ""2022 Fleer Ultra Marvel Avengers - Comic Covers"""
2022 Fleer Ultra Marvel Avengers,2022 Fleer Ultra Marvel Avengers - Comic Covers,A-70,1963,1,226208,NONE,none,none,"No matching subset — create one or confirm these belong in ""2022 Fleer Ultra Marvel Avengers - Comic Covers"""
2022 Fleer Ultra Marvel Avengers,2022 Fleer Ultra Marvel Avengers - Comic Covers,A-72,1963,1,226209,NONE,none,none,"No matching subset — create one or confirm these belong in ""2022 Fleer Ultra Marvel Avengers - Comic Covers"""
2022 Fleer Ultra Marvel Avengers,2022 Fleer Ultra Marvel Avengers - Comic Covers,A-73,1963,1,226210,NONE,none,none,"No matching subset — create one or confirm these belong in ""2022 Fleer Ultra Marvel Avengers - Comic Covers"""
2022 Fleer Ultra Marvel Avengers,2022 Fleer Ultra Marvel Avengers - Comic Covers,A-74,1963,1,226211,NONE,none,none,"No matching subset — create one or confirm these belong in ""2022 Fleer Ultra Marvel Avengers - Comic Covers"""
2022 Fleer Ultra Marvel Avengers,2022 Fleer Ultra Marvel Avengers - Comic Covers,A-75,1963,1,226212,NONE,none,none,"No matching subset — create one or confirm these belong in ""2022 Fleer Ultra Marvel Avengers - Comic Covers"""
2022 Fleer Ultra Marvel Avengers,2022 Fleer Ultra Marvel Avengers - Comic Covers,A-76,1963,1,226213,NONE,none,none,"No matching subset — create one or confirm these belong in ""2022 Fleer Ultra Marvel Avengers - Comic Covers"""
2022 Fleer Ultra Marvel Avengers,2022 Fleer Ultra Marvel Avengers - Comic Covers,A-77,1963,1,226214,NONE,none,none,"No matching subset — create one or confirm these belong in ""2022 Fleer Ultra Marvel Avengers - Comic Covers"""
2022 Fleer Ultra Marvel Avengers,2022 Fleer Ultra Marvel Avengers - Comic Covers,A-79,1963,1,226215,NONE,none,none,"No matching subset — create one or confirm these belong in ""2022 Fleer Ultra Marvel Avengers - Comic Covers"""
2022 Fleer Ultra Marvel Avengers,2022 Fleer Ultra Marvel Avengers - Comic Covers,A-80,1963,1,226216,NONE,none,none,"No matching subset — create one or confirm these belong in ""2022 Fleer Ultra Marvel Avengers - Comic Covers"""
2022 Fleer Ultra Marvel Avengers,2022 Fleer Ultra Marvel Avengers - Comic Covers,A-82,1963,1,226218,NONE,none,none,"No matching subset — create one or confirm these belong in ""2022 Fleer Ultra Marvel Avengers - Comic Covers"""
2022 Fleer Ultra Marvel Avengers,2022 Fleer Ultra Marvel Avengers - Comic Covers,A-83,1963,1,226219,NONE,none,none,"No matching subset — create one or confirm these belong in ""2022 Fleer Ultra Marvel Avengers - Comic Covers"""
2022 Fleer Ultra Marvel Avengers,2022 Fleer Ultra Marvel Avengers - Comic Covers,A-84,1963,1,226220,NONE,none,none,"No matching subset — create one or confirm these belong in ""2022 Fleer Ultra Marvel Avengers - Comic Covers"""
2022 Fleer Ultra Marvel Avengers,2022 Fleer Ultra Marvel Avengers - Comic Covers,A-85,1963,1,226221,NONE,none,none,"No matching subset — create one or confirm these belong in ""2022 Fleer Ultra Marvel Avengers - Comic Covers"""
2022 Fleer Ultra Marvel Avengers,2022 Fleer Ultra Marvel Avengers - Comic Covers,A-86,1963,1,226222,NONE,none,none,"No matching subset — create one or confirm these belong in ""2022 Fleer Ultra Marvel Avengers - Comic Covers"""
2022 Fleer Ultra Marvel Avengers,2022 Fleer Ultra Marvel Avengers - Comic Covers,A-87,1963,1,226223,NONE,none,none,"No matching subset — create one or confirm these belong in ""2022 Fleer Ultra Marvel Avengers - Comic Covers"""
2022 Fleer Ultra Marvel Avengers,2022 Fleer Ultra Marvel Avengers - Comic Covers,A-88,1963,1,226224,NONE,none,none,"No matching subset — create one or confirm these belong in ""2022 Fleer Ultra Marvel Avengers - Comic Covers"""
2022 Fleer Ultra Marvel Avengers,2022 Fleer Ultra Marvel Avengers - Comic Covers,A-89,1963,1,226225,NONE,none,none,"No matching subset — create one or confirm these belong in ""2022 Fleer Ultra Marvel Avengers - Comic Covers"""
2022 Fleer Ultra Marvel Avengers,2022 Fleer Ultra Marvel Avengers - Comic Covers,A-9,1963,1,226153,NONE,none,none,"No matching subset — create one or confirm these belong in ""2022 Fleer Ultra Marvel Avengers - Comic Covers"""
2022 Fleer Ultra Marvel Avengers,2022 Fleer Ultra Marvel Avengers - Comic Covers,A-90,1963,1,226226,NONE,none,none,"No matching subset — create one or confirm these belong in ""2022 Fleer Ultra Marvel Avengers - Comic Covers"""
2022 Fleer Ultra Marvel Avengers,2022 Fleer Ultra Marvel Avengers - Comic Covers,A-91,1963,1,226227,NONE,none,none,"No matching subset — create one or confirm these belong in ""2022 Fleer Ultra Marvel Avengers - Comic Covers"""
2022 Fleer Ultra Marvel Avengers,2022 Fleer Ultra Marvel Avengers - Comic Covers,A-92,1963,1,226228,NONE,none,none,"No matching subset — create one or confirm these belong in ""2022 Fleer Ultra Marvel Avengers - Comic Covers"""
2022 Fleer Ultra Marvel Avengers,2022 Fleer Ultra Marvel Avengers - Comic Covers,A-94,1963,1,226229,NONE,none,none,"No matching subset — create one or confirm these belong in ""2022 Fleer Ultra Marvel Avengers - Comic Covers"""
2022 Fleer Ultra Marvel Avengers,2022 Fleer Ultra Marvel Avengers - Comic Covers,A-95,1963,1,226230,NONE,none,none,"No matching subset — create one or confirm these belong in ""2022 Fleer Ultra Marvel Avengers - Comic Covers"""
2022 Fleer Ultra Marvel Avengers,2022 Fleer Ultra Marvel Avengers - Comic Covers,A-96,1963,1,226231,NONE,none,none,"No matching subset — create one or confirm these belong in ""2022 Fleer Ultra Marvel Avengers - Comic Covers"""
2022 Fleer Ultra Marvel Avengers,2022 Fleer Ultra Marvel Avengers - Comic Covers,A-97,1963,1,226217,NONE,none,none,"No matching subset — create one or confirm these belong in ""2022 Fleer Ultra Marvel Avengers - Comic Covers"""
2022 Fleer Ultra Marvel Avengers,2022 Fleer Ultra Marvel Avengers - Comic Covers,A-98,1963,1,226232,NONE,none,none,"No matching subset — create one or confirm these belong in ""2022 Fleer Ultra Marvel Avengers - Comic Covers"""
2022 Fleer Ultra Marvel Avengers,2022 Fleer Ultra Marvel Avengers - Comic Covers,A-99,1963,1,226233,NONE,none,none,"No matching subset — create one or confirm these belong in ""2022 Fleer Ultra Marvel Avengers - Comic Covers"""
2023 Fleer Ultra Marvel Wolverine,2023 Fleer Ultra Marvel Wolverine - Claw Cut Covers,CCC-1,1983,1,244247,NONE,none,none,"No matching subset — create one or confirm these belong in ""2023 Fleer Ultra Marvel Wolverine - Claw Cut Covers"""
2023 Fleer Ultra Marvel Wolverine,2023 Fleer Ultra Marvel Wolverine - Claw Cut Covers,CCC-10,1988,1,244256,NONE,none,none,"No matching subset — create one or confirm these belong in ""2023 Fleer Ultra Marvel Wolverine - Claw Cut Covers"""
2023 Fleer Ultra Marvel Wolverine,2023 Fleer Ultra Marvel Wolverine - Claw Cut Covers,CCC-11,1988,1,244257,NONE,none,none,"No matching subset — create one or confirm these belong in ""2023 Fleer Ultra Marvel Wolverine - Claw Cut Covers"""
2023 Fleer Ultra Marvel Wolverine,2023 Fleer Ultra Marvel Wolverine - Claw Cut Covers,CCC-12,1988,1,244258,NONE,none,none,"No matching subset — create one or confirm these belong in ""2023 Fleer Ultra Marvel Wolverine - Claw Cut Covers"""
2023 Fleer Ultra Marvel Wolverine,2023 Fleer Ultra Marvel Wolverine - Claw Cut Covers,CCC-13,1988,1,244259,NONE,none,none,"No matching subset — create one or confirm these belong in ""2023 Fleer Ultra Marvel Wolverine - Claw Cut Covers"""
2023 Fleer Ultra Marvel Wolverine,2023 Fleer Ultra Marvel Wolverine - Claw Cut Covers,CCC-14,1988,1,244260,NONE,none,none,"No matching subset — create one or confirm these belong in ""2023 Fleer Ultra Marvel Wolverine - Claw Cut Covers"""
2023 Fleer Ultra Marvel Wolverine,2023 Fleer Ultra Marvel Wolverine - Claw Cut Covers,CCC-15,2018,1,244261,NONE,none,none,"No matching subset — create one or confirm these belong in ""2023 Fleer Ultra Marvel Wolverine - Claw Cut Covers"""
2023 Fleer Ultra Marvel Wolverine,2023 Fleer Ultra Marvel Wolverine - Claw Cut Covers,CCC-16,1963,1,244262,NONE,none,none,"No matching subset — create one or confirm these belong in ""2023 Fleer Ultra Marvel Wolverine - Claw Cut Covers"""
2023 Fleer Ultra Marvel Wolverine,2023 Fleer Ultra Marvel Wolverine - Claw Cut Covers,CCC-17,1963,1,244263,NONE,none,none,"No matching subset — create one or confirm these belong in ""2023 Fleer Ultra Marvel Wolverine - Claw Cut Covers"""
2023 Fleer Ultra Marvel Wolverine,2023 Fleer Ultra Marvel Wolverine - Claw Cut Covers,CCC-18,1963,1,244264,NONE,none,none,"No matching subset — create one or confirm these belong in ""2023 Fleer Ultra Marvel Wolverine - Claw Cut Covers"""
2023 Fleer Ultra Marvel Wolverine,2023 Fleer Ultra Marvel Wolverine - Claw Cut Covers,CCC-19,1963,1,244265,NONE,none,none,"No matching subset — create one or confirm these belong in ""2023 Fleer Ultra Marvel Wolverine - Claw Cut Covers"""
2023 Fleer Ultra Marvel Wolverine,2023 Fleer Ultra Marvel Wolverine - Claw Cut Covers,CCC-2,1971,1,244248,NONE,none,none,"No matching subset — create one or confirm these belong in ""2023 Fleer Ultra Marvel Wolverine - Claw Cut Covers"""
2023 Fleer Ultra Marvel Wolverine,2023 Fleer Ultra Marvel Wolverine - Claw Cut Covers,CCC-20,1982,1,244266,NONE,none,none,"No matching subset — create one or confirm these belong in ""2023 Fleer Ultra Marvel Wolverine - Claw Cut Covers"""
2023 Fleer Ultra Marvel Wolverine,2023 Fleer Ultra Marvel Wolverine - Claw Cut Covers,CCC-21,1982,1,244267,NONE,none,none,"No matching subset — create one or confirm these belong in ""2023 Fleer Ultra Marvel Wolverine - Claw Cut Covers"""
2023 Fleer Ultra Marvel Wolverine,2023 Fleer Ultra Marvel Wolverine - Claw Cut Covers,CCC-22,1982,1,244268,NONE,none,none,"No matching subset — create one or confirm these belong in ""2023 Fleer Ultra Marvel Wolverine - Claw Cut Covers"""
2023 Fleer Ultra Marvel Wolverine,2023 Fleer Ultra Marvel Wolverine - Claw Cut Covers,CCC-23,1963,1,244269,NONE,none,none,"No matching subset — create one or confirm these belong in ""2023 Fleer Ultra Marvel Wolverine - Claw Cut Covers"""
2023 Fleer Ultra Marvel Wolverine,2023 Fleer Ultra Marvel Wolverine - Claw Cut Covers,CCC-24,1988,1,244270,NONE,none,none,"No matching subset — create one or confirm these belong in ""2023 Fleer Ultra Marvel Wolverine - Claw Cut Covers"""
2023 Fleer Ultra Marvel Wolverine,2023 Fleer Ultra Marvel Wolverine - Claw Cut Covers,CCC-25,1988,1,244271,NONE,none,none,"No matching subset — create one or confirm these belong in ""2023 Fleer Ultra Marvel Wolverine - Claw Cut Covers"""
2023 Fleer Ultra Marvel Wolverine,2023 Fleer Ultra Marvel Wolverine - Claw Cut Covers,CCC-26,1988,1,244272,NONE,none,none,"No matching subset — create one or confirm these belong in ""2023 Fleer Ultra Marvel Wolverine - Claw Cut Covers"""
2023 Fleer Ultra Marvel Wolverine,2023 Fleer Ultra Marvel Wolverine - Claw Cut Covers,CCC-27,1988,1,244273,NONE,none,none,"No matching subset — create one or confirm these belong in ""2023 Fleer Ultra Marvel Wolverine - Claw Cut Covers"""
2023 Fleer Ultra Marvel Wolverine,2023 Fleer Ultra Marvel Wolverine - Claw Cut Covers,CCC-28,1988,1,244274,NONE,none,none,"No matching subset — create one or confirm these belong in ""2023 Fleer Ultra Marvel Wolverine - Claw Cut Covers"""
2023 Fleer Ultra Marvel Wolverine,2023 Fleer Ultra Marvel Wolverine - Claw Cut Covers,CCC-29,2003,1,244275,NONE,none,none,"No matching subset — create one or confirm these belong in ""2023 Fleer Ultra Marvel Wolverine - Claw Cut Covers"""
2023 Fleer Ultra Marvel Wolverine,2023 Fleer Ultra Marvel Wolverine - Claw Cut Covers,CCC-3,1964,1,244249,NONE,none,none,"No matching subset — create one or confirm these belong in ""2023 Fleer Ultra Marvel Wolverine - Claw Cut Covers"""
2023 Fleer Ultra Marvel Wolverine,2023 Fleer Ultra Marvel Wolverine - Claw Cut Covers,CCC-30,2003,1,244276,NONE,none,none,"No matching subset — create one or confirm these belong in ""2023 Fleer Ultra Marvel Wolverine - Claw Cut Covers"""
2023 Fleer Ultra Marvel Wolverine,2023 Fleer Ultra Marvel Wolverine - Claw Cut Covers,CCC-31,2003,1,244277,NONE,none,none,"No matching subset — create one or confirm these belong in ""2023 Fleer Ultra Marvel Wolverine - Claw Cut Covers"""
2023 Fleer Ultra Marvel Wolverine,2023 Fleer Ultra Marvel Wolverine - Claw Cut Covers,CCC-32,2003,1,244278,NONE,none,none,"No matching subset — create one or confirm these belong in ""2023 Fleer Ultra Marvel Wolverine - Claw Cut Covers"""
2023 Fleer Ultra Marvel Wolverine,2023 Fleer Ultra Marvel Wolverine - Claw Cut Covers,CCC-33,2003,1,244279,NONE,none,none,"No matching subset — create one or confirm these belong in ""2023 Fleer Ultra Marvel Wolverine - Claw Cut Covers"""
2023 Fleer Ultra Marvel Wolverine,2023 Fleer Ultra Marvel Wolverine - Claw Cut Covers,CCC-34,2003,1,244280,NONE,none,none,"No matching subset — create one or confirm these belong in ""2023 Fleer Ultra Marvel Wolverine - Claw Cut Covers"""
2023 Fleer Ultra Marvel Wolverine,2023 Fleer Ultra Marvel Wolverine - Claw Cut Covers,CCC-35,2020,1,244281,NONE,none,none,"No matching subset — create one or confirm these belong in ""2023 Fleer Ultra Marvel Wolverine - Claw Cut Covers"""
2023 Fleer Ultra Marvel Wolverine,2023 Fleer Ultra Marvel Wolverine - Claw Cut Covers,CCC-36,1991,1,244282,NONE,none,none,"No matching subset — create one or confirm these belong in ""2023 Fleer Ultra Marvel Wolverine - Claw Cut Covers"""
2023 Fleer Ultra Marvel Wolverine,2023 Fleer Ultra Marvel Wolverine - Claw Cut Covers,CCC-4,2005,1,244250,NONE,none,none,"No matching subset — create one or confirm these belong in ""2023 Fleer Ultra Marvel Wolverine - Claw Cut Covers"""
2023 Fleer Ultra Marvel Wolverine,2023 Fleer Ultra Marvel Wolverine - Claw Cut Covers,CCC-5,1962,1,244251,NONE,none,none,"No matching subset — create one or confirm these belong in ""2023 Fleer Ultra Marvel Wolverine - Claw Cut Covers"""
2023 Fleer Ultra Marvel Wolverine,2023 Fleer Ultra Marvel Wolverine - Claw Cut Covers,CCC-6,1988,1,244252,NONE,none,none,"No matching subset — create one or confirm these belong in ""2023 Fleer Ultra Marvel Wolverine - Claw Cut Covers"""
2023 Fleer Ultra Marvel Wolverine,2023 Fleer Ultra Marvel Wolverine - Claw Cut Covers,CCC-7,1988,1,244253,NONE,none,none,"No matching subset — create one or confirm these belong in ""2023 Fleer Ultra Marvel Wolverine - Claw Cut Covers"""
2023 Fleer Ultra Marvel Wolverine,2023 Fleer Ultra Marvel Wolverine - Claw Cut Covers,CCC-8,1988,1,244254,NONE,none,none,"No matching subset — create one or confirm these belong in ""2023 Fleer Ultra Marvel Wolverine - Claw Cut Covers"""
2023 Fleer Ultra Marvel Wolverine,2023 Fleer Ultra Marvel Wolverine - Claw Cut Covers,CCC-9,1988,1,244255,NONE,none,none,"No matching subset — create one or confirm these belong in ""2023 Fleer Ultra Marvel Wolverine - Claw Cut Covers"""
2023 Fleer Ultra Marvel Wolverine,2023 Fleer Ultra Marvel Wolverine - Comic Cuts,CC-CAA8,1971,1,244283,NONE,none,none,"No matching subset — create one or confirm these belong in ""2023 Fleer Ultra Marvel Wolverine - Comic Cuts"""
2023 Fleer Ultra Marvel Wolverine,2023 Fleer Ultra Marvel Wolverine - Comic Cuts,CC-DOW2,2014,1,244284,NONE,none,none,"No matching subset — create one or confirm these belong in ""2023 Fleer Ultra Marvel Wolverine - Comic Cuts"""
2023 Fleer Ultra Marvel Wolverine,2023 Fleer Ultra Marvel Wolverine - Comic Cuts,CC-DOW3,2014,1,244285,NONE,none,none,"No matching subset — create one or confirm these belong in ""2023 Fleer Ultra Marvel Wolverine - Comic Cuts"""
2023 Fleer Ultra Marvel Wolverine,2023 Fleer Ultra Marvel Wolverine - Comic Cuts,CC-DOW4,2014,1,244286,NONE,none,none,"No matching subset — create one or confirm these belong in ""2023 Fleer Ultra Marvel Wolverine - Comic Cuts"""
2023 Fleer Ultra Marvel Wolverine,2023 Fleer Ultra Marvel Wolverine - Comic Cuts,CC-GSW1,2006,1,244287,NONE,none,none,"No matching subset — create one or confirm these belong in ""2023 Fleer Ultra Marvel Wolverine - Comic Cuts"""
2023 Fleer Ultra Marvel Wolverine,2023 Fleer Ultra Marvel Wolverine - Comic Cuts,CC-H340,1962,1,244289,NONE,none,none,"No matching subset — create one or confirm these belong in ""2023 Fleer Ultra Marvel Wolverine - Comic Cuts"""
2023 Fleer Ultra Marvel Wolverine,2023 Fleer Ultra Marvel Wolverine - Comic Cuts,CC-IF15,1975,1,244288,NONE,none,none,"No matching subset — create one or confirm these belong in ""2023 Fleer Ultra Marvel Wolverine - Comic Cuts"""
2023 Fleer Ultra Marvel Wolverine,2023 Fleer Ultra Marvel Wolverine - Comic Cuts,CC-KPW1,1984,1,244290,NONE,none,none,"No matching subset — create one or confirm these belong in ""2023 Fleer Ultra Marvel Wolverine - Comic Cuts"""
2023 Fleer Ultra Marvel Wolverine,2023 Fleer Ultra Marvel Wolverine - Comic Cuts,CC-KPW2,1984,1,244291,NONE,none,none,"No matching subset — create one or confirm these belong in ""2023 Fleer Ultra Marvel Wolverine - Comic Cuts"""
2023 Fleer Ultra Marvel Wolverine,2023 Fleer Ultra Marvel Wolverine - Comic Cuts,CC-KPW3,1984,1,244292,NONE,none,none,"No matching subset — create one or confirm these belong in ""2023 Fleer Ultra Marvel Wolverine - Comic Cuts"""
2023 Fleer Ultra Marvel Wolverine,2023 Fleer Ultra Marvel Wolverine - Comic Cuts,CC-KPW4,1984,1,244293,NONE,none,none,"No matching subset — create one or confirm these belong in ""2023 Fleer Ultra Marvel Wolverine - Comic Cuts"""
2023 Fleer Ultra Marvel Wolverine,2023 Fleer Ultra Marvel Wolverine - Comic Cuts,CC-L1,2008,1,244294,NONE,none,none,"No matching subset — create one or confirm these belong in ""2023 Fleer Ultra Marvel Wolverine - Comic Cuts"""
2023 Fleer Ultra Marvel Wolverine,2023 Fleer Ultra Marvel Wolverine - Comic Cuts,CC-MCP72,1988,1,244295,NONE,none,none,"No matching subset — create one or confirm these belong in ""2023 Fleer Ultra Marvel Wolverine - Comic Cuts"""
2023 Fleer Ultra Marvel Wolverine,2023 Fleer Ultra Marvel Wolverine - Comic Cuts,CC-MCP75,1988,1,244296,NONE,none,none,"No matching subset — create one or confirm these belong in ""2023 Fleer Ultra Marvel Wolverine - Comic Cuts"""
2023 Fleer Ultra Marvel Wolverine,2023 Fleer Ultra Marvel Wolverine - Comic Cuts,CC-MCP76,1988,1,244297,NONE,none,none,"No matching subset — create one or confirm these belong in ""2023 Fleer Ultra Marvel Wolverine - Comic Cuts"""
2023 Fleer Ultra Marvel Wolverine,2023 Fleer Ultra Marvel Wolverine - Comic Cuts,CC-MCP79,1988,1,244298,NONE,none,none,"No matching subset — create one or confirm these belong in ""2023 Fleer Ultra Marvel Wolverine - Comic Cuts"""
2023 Fleer Ultra Marvel Wolverine,2023 Fleer Ultra Marvel Wolverine - Comic Cuts,CC-OML1,2015,1,244299,NONE,none,none,"No matching subset — create one or confirm these belong in ""2023 Fleer Ultra Marvel Wolverine - Comic Cuts"""
2023 Fleer Ultra Marvel Wolverine,2023 Fleer Ultra Marvel Wolverine - Comic Cuts,CC-OML16,2016,1,244300,NONE,none,none,"No matching subset — create one or confirm these belong in ""2023 Fleer Ultra Marvel Wolverine - Comic Cuts"""
2023 Fleer Ultra Marvel Wolverine,2023 Fleer Ultra Marvel Wolverine - Comic Cuts,CC-OML3,2016,1,244301,NONE,none,none,"No matching subset — create one or confirm these belong in ""2023 Fleer Ultra Marvel Wolverine - Comic Cuts"""
2023 Fleer Ultra Marvel Wolverine,2023 Fleer Ultra Marvel Wolverine - Comic Cuts,CC-ROW1,2018,1,244302,NONE,none,none,"No matching subset — create one or confirm these belong in ""2023 Fleer Ultra Marvel Wolverine - Comic Cuts"""
2023 Fleer Ultra Marvel Wolverine,2023 Fleer Ultra Marvel Wolverine - Comic Cuts,CC-UXM134,1963,1,244310,NONE,none,none,"No matching subset — create one or confirm these belong in ""2023 Fleer Ultra Marvel Wolverine - Comic Cuts"""
2023 Fleer Ultra Marvel Wolverine,2023 Fleer Ultra Marvel Wolverine - Comic Cuts,CC-UXM41,2001,1,244303,NONE,none,none,"No matching subset — create one or confirm these belong in ""2023 Fleer Ultra Marvel Wolverine - Comic Cuts"""
2023 Fleer Ultra Marvel Wolverine,2023 Fleer Ultra Marvel Wolverine - Comic Cuts,CC-W1,1982,1,244323,NONE,none,none,"No matching subset — create one or confirm these belong in ""2023 Fleer Ultra Marvel Wolverine - Comic Cuts"""
2023 Fleer Ultra Marvel Wolverine,2023 Fleer Ultra Marvel Wolverine - Comic Cuts,CC-WO2,2003,1,244332,NONE,none,none,"No matching subset — create one or confirm these belong in ""2023 Fleer Ultra Marvel Wolverine - Comic Cuts"""
2023 Fleer Ultra Marvel Wolverine,2023 Fleer Ultra Marvel Wolverine - Comic Cuts,CC-WO21,2003,1,244333,NONE,none,none,"No matching subset — create one or confirm these belong in ""2023 Fleer Ultra Marvel Wolverine - Comic Cuts"""
2023 Fleer Ultra Marvel Wolverine,2023 Fleer Ultra Marvel Wolverine - Comic Cuts,CC-WO23,2003,1,244334,NONE,none,none,"No matching subset — create one or confirm these belong in ""2023 Fleer Ultra Marvel Wolverine - Comic Cuts"""
2023 Fleer Ultra Marvel Wolverine,2023 Fleer Ultra Marvel Wolverine - Comic Cuts,CC-WO65,2003,1,244335,NONE,none,none,"No matching subset — create one or confirm these belong in ""2023 Fleer Ultra Marvel Wolverine - Comic Cuts"""
2023 Fleer Ultra Marvel Wolverine,2023 Fleer Ultra Marvel Wolverine - Comic Cuts,CC-WO66,2003,1,244336,NONE,none,none,"No matching subset — create one or confirm these belong in ""2023 Fleer Ultra Marvel Wolverine - Comic Cuts"""
2023 Fleer Ultra Marvel Wolverine,2023 Fleer Ultra Marvel Wolverine - Comic Cuts,CC-WO67,2003,1,244337,NONE,none,none,"No matching subset — create one or confirm these belong in ""2023 Fleer Ultra Marvel Wolverine - Comic Cuts"""
2023 Fleer Ultra Marvel Wolverine,2023 Fleer Ultra Marvel Wolverine - Comic Cuts,CC-WO68,2003,1,244338,NONE,none,none,"No matching subset — create one or confirm these belong in ""2023 Fleer Ultra Marvel Wolverine - Comic Cuts"""
2023 Fleer Ultra Marvel Wolverine,2023 Fleer Ultra Marvel Wolverine - Comic Cuts,CC-WO69,2003,1,244339,NONE,none,none,"No matching subset — create one or confirm these belong in ""2023 Fleer Ultra Marvel Wolverine - Comic Cuts"""
2023 Fleer Ultra Marvel Wolverine,2023 Fleer Ultra Marvel Wolverine - Comic Cuts,CC-WO72,2003,1,244340,NONE,none,none,"No matching subset — create one or confirm these belong in ""2023 Fleer Ultra Marvel Wolverine - Comic Cuts"""
2023 Fleer Ultra Marvel Wolverine,2023 Fleer Ultra Marvel Wolverine - Comic Cuts,CC-WOL1,2020,1,244341,NONE,none,none,"No matching subset — create one or confirm these belong in ""2023 Fleer Ultra Marvel Wolverine - Comic Cuts"""
2023 Fleer Ultra Marvel Wolverine,2023 Fleer Ultra Marvel Wolverine - Comic Cuts,CC-WOM1,2009,1,244343,NONE,none,none,"No matching subset — create one or confirm these belong in ""2023 Fleer Ultra Marvel Wolverine - Comic Cuts"""
2023 Fleer Ultra Marvel Wolverine,2023 Fleer Ultra Marvel Wolverine - Comic Cuts,CC-WOO1,2006,1,244342,NONE,none,none,"No matching subset — create one or confirm these belong in ""2023 Fleer Ultra Marvel Wolverine - Comic Cuts"""
2023 Fleer Ultra Marvel Wolverine,2023 Fleer Ultra Marvel Wolverine - Comic Cuts,CC-WTO1,2001,1,244344,NONE,none,none,"No matching subset — create one or confirm these belong in ""2023 Fleer Ultra Marvel Wolverine - Comic Cuts"""
2023 Fleer Ultra Marvel Wolverine,2023 Fleer Ultra Marvel Wolverine - Comic Cuts,CC-WTO2,2001,1,244345,NONE,none,none,"No matching subset — create one or confirm these belong in ""2023 Fleer Ultra Marvel Wolverine - Comic Cuts"""
2023 Fleer Ultra Marvel Wolverine,2023 Fleer Ultra Marvel Wolverine - Comic Cuts,CC-WTO3,2001,1,244346,NONE,none,none,"No matching subset — create one or confirm these belong in ""2023 Fleer Ultra Marvel Wolverine - Comic Cuts"""
2023 Fleer Ultra Marvel Wolverine,2023 Fleer Ultra Marvel Wolverine - Comic Cuts,CC-WW1,1988,1,244324,NONE,none,none,"No matching subset — create one or confirm these belong in ""2023 Fleer Ultra Marvel Wolverine - Comic Cuts"""
2023 Fleer Ultra Marvel Wolverine,2023 Fleer Ultra Marvel Wolverine - Comic Cuts,CC-WW10,1988,1,244328,NONE,none,none,"No matching subset — create one or confirm these belong in ""2023 Fleer Ultra Marvel Wolverine - Comic Cuts"""
2023 Fleer Ultra Marvel Wolverine,2023 Fleer Ultra Marvel Wolverine - Comic Cuts,CC-WW17,1988,1,244329,NONE,none,none,"No matching subset — create one or confirm these belong in ""2023 Fleer Ultra Marvel Wolverine - Comic Cuts"""
2023 Fleer Ultra Marvel Wolverine,2023 Fleer Ultra Marvel Wolverine - Comic Cuts,CC-WW2,1988,1,244325,NONE,none,none,"No matching subset — create one or confirm these belong in ""2023 Fleer Ultra Marvel Wolverine - Comic Cuts"""
2023 Fleer Ultra Marvel Wolverine,2023 Fleer Ultra Marvel Wolverine - Comic Cuts,CC-WW27,1988,1,244330,NONE,none,none,"No matching subset — create one or confirm these belong in ""2023 Fleer Ultra Marvel Wolverine - Comic Cuts"""
2023 Fleer Ultra Marvel Wolverine,2023 Fleer Ultra Marvel Wolverine - Comic Cuts,CC-WW3,1988,1,244326,NONE,none,none,"No matching subset — create one or confirm these belong in ""2023 Fleer Ultra Marvel Wolverine - Comic Cuts"""
2023 Fleer Ultra Marvel Wolverine,2023 Fleer Ultra Marvel Wolverine - Comic Cuts,CC-WW75,1988,1,244331,NONE,none,none,"No matching subset — create one or confirm these belong in ""2023 Fleer Ultra Marvel Wolverine - Comic Cuts"""
2023 Fleer Ultra Marvel Wolverine,2023 Fleer Ultra Marvel Wolverine - Comic Cuts,CC-WW8,1988,1,244327,NONE,none,none,"No matching subset — create one or confirm these belong in ""2023 Fleer Ultra Marvel Wolverine - Comic Cuts"""
2023 Fleer Ultra Marvel Wolverine,2023 Fleer Ultra Marvel Wolverine - Comic Cuts,CC-XM100,1963,1,244305,NONE,none,none,"No matching subset — create one or confirm these belong in ""2023 Fleer Ultra Marvel Wolverine - Comic Cuts"""
2023 Fleer Ultra Marvel Wolverine,2023 Fleer Ultra Marvel Wolverine - Comic Cuts,CC-XM120,1963,1,244306,NONE,none,none,"No matching subset — create one or confirm these belong in ""2023 Fleer Ultra Marvel Wolverine - Comic Cuts"""
2023 Fleer Ultra Marvel Wolverine,2023 Fleer Ultra Marvel Wolverine - Comic Cuts,CC-XM121,1963,1,244307,NONE,none,none,"No matching subset — create one or confirm these belong in ""2023 Fleer Ultra Marvel Wolverine - Comic Cuts"""
2023 Fleer Ultra Marvel Wolverine,2023 Fleer Ultra Marvel Wolverine - Comic Cuts,CC-XM132,1963,1,244308,NONE,none,none,"No matching subset — create one or confirm these belong in ""2023 Fleer Ultra Marvel Wolverine - Comic Cuts"""
2023 Fleer Ultra Marvel Wolverine,2023 Fleer Ultra Marvel Wolverine - Comic Cuts,CC-XM133,1963,1,244309,NONE,none,none,"No matching subset — create one or confirm these belong in ""2023 Fleer Ultra Marvel Wolverine - Comic Cuts"""
2023 Fleer Ultra Marvel Wolverine,2023 Fleer Ultra Marvel Wolverine - Comic Cuts,CC-XM135,1963,1,244311,NONE,none,none,"No matching subset — create one or confirm these belong in ""2023 Fleer Ultra Marvel Wolverine - Comic Cuts"""
2023 Fleer Ultra Marvel Wolverine,2023 Fleer Ultra Marvel Wolverine - Comic Cuts,CC-XM136,1963,1,244312,NONE,none,none,"No matching subset — create one or confirm these belong in ""2023 Fleer Ultra Marvel Wolverine - Comic Cuts"""
2023 Fleer Ultra Marvel Wolverine,2023 Fleer Ultra Marvel Wolverine - Comic Cuts,CC-XM137,1963,1,244313,NONE,none,none,"No matching subset — create one or confirm these belong in ""2023 Fleer Ultra Marvel Wolverine - Comic Cuts"""
2023 Fleer Ultra Marvel Wolverine,2023 Fleer Ultra Marvel Wolverine - Comic Cuts,CC-XM140,1963,1,244314,NONE,none,none,"No matching subset — create one or confirm these belong in ""2023 Fleer Ultra Marvel Wolverine - Comic Cuts"""
2023 Fleer Ultra Marvel Wolverine,2023 Fleer Ultra Marvel Wolverine - Comic Cuts,CC-XM142,1963,1,244316,NONE,none,none,"No matching subset — create one or confirm these belong in ""2023 Fleer Ultra Marvel Wolverine - Comic Cuts"""
2023 Fleer Ultra Marvel Wolverine,2023 Fleer Ultra Marvel Wolverine - Comic Cuts,CC-XM205,1963,1,244317,NONE,none,none,"No matching subset — create one or confirm these belong in ""2023 Fleer Ultra Marvel Wolverine - Comic Cuts"""
2023 Fleer Ultra Marvel Wolverine,2023 Fleer Ultra Marvel Wolverine - Comic Cuts,CC-XM212,1963,1,244318,NONE,none,none,"No matching subset — create one or confirm these belong in ""2023 Fleer Ultra Marvel Wolverine - Comic Cuts"""
2023 Fleer Ultra Marvel Wolverine,2023 Fleer Ultra Marvel Wolverine - Comic Cuts,CC-XM213,1963,1,244319,NONE,none,none,"No matching subset — create one or confirm these belong in ""2023 Fleer Ultra Marvel Wolverine - Comic Cuts"""
2023 Fleer Ultra Marvel Wolverine,2023 Fleer Ultra Marvel Wolverine - Comic Cuts,CC-XM222,1963,1,244320,NONE,none,none,"No matching subset — create one or confirm these belong in ""2023 Fleer Ultra Marvel Wolverine - Comic Cuts"""
2023 Fleer Ultra Marvel Wolverine,2023 Fleer Ultra Marvel Wolverine - Comic Cuts,CC-XM251,1963,1,244321,NONE,none,none,"No matching subset — create one or confirm these belong in ""2023 Fleer Ultra Marvel Wolverine - Comic Cuts"""
2023 Fleer Ultra Marvel Wolverine,2023 Fleer Ultra Marvel Wolverine - Comic Cuts,CC-XM268,1963,1,244322,NONE,none,none,"No matching subset — create one or confirm these belong in ""2023 Fleer Ultra Marvel Wolverine - Comic Cuts"""
2023 Fleer Ultra Marvel Wolverine,2023 Fleer Ultra Marvel Wolverine - Comic Cuts,CC-XM94,1963,1,244304,NONE,none,none,"No matching subset — create one or confirm these belong in ""2023 Fleer Ultra Marvel Wolverine - Comic Cuts"""
2023 Fleer Ultra Marvel Wolverine,2023 Fleer Ultra Marvel Wolverine - eX Century,EX76,X-Force,1,96936,NONE,none,none,"No matching subset — create one or confirm these belong in ""2023 Fleer Ultra Marvel Wolverine - eX Century"""
2023 Fleer Ultra Marvel Wolverine,2023 Fleer Ultra Marvel Wolverine - eX Century Essential Credentials Future,EX76,X-Force,1,244523,NONE,none,none,"No matching subset — create one or confirm these belong in ""2023 Fleer Ultra Marvel Wolverine - eX Century Essential Credentials Future"""
2023 Fleer Ultra Marvel Wolverine,2023 Fleer Ultra Marvel Wolverine - eX Century Essential Credentials Now,EX76,X-Force,1,244623,NONE,none,none,"No matching subset — create one or confirm these belong in ""2023 Fleer Ultra Marvel Wolverine - eX Century Essential Credentials Now"""
2023 Upper Deck Marvel Platinum ,2023 Upper Deck Marvel Platinum - Blue Rainbow,135,Jane Foster,1,48579,NONE,none,none,"No matching subset — create one or confirm these belong in ""2023 Upper Deck Marvel Platinum - Blue Rainbow"""
2023 Upper Deck Marvel Platinum ,2023 Upper Deck Marvel Platinum - Iconic Covers,IC03,1963,1,278035,NONE,none,none,"No matching subset — create one or confirm these belong in ""2023 Upper Deck Marvel Platinum - Iconic Covers"""
2023 Upper Deck Marvel Platinum ,2023 Upper Deck Marvel Platinum - Iconic Covers,IC04,1952,1,278036,NONE,none,none,"No matching subset — create one or confirm these belong in ""2023 Upper Deck Marvel Platinum - Iconic Covers"""
2023 Upper Deck Marvel Platinum ,2023 Upper Deck Marvel Platinum - Iconic Covers,IC05,1984,1,278037,NONE,none,none,"No matching subset — create one or confirm these belong in ""2023 Upper Deck Marvel Platinum - Iconic Covers"""
2023 Upper Deck Marvel Platinum ,2023 Upper Deck Marvel Platinum - Iconic Covers,IC06,1964,1,278038,NONE,none,none,"No matching subset — create one or confirm these belong in ""2023 Upper Deck Marvel Platinum - Iconic Covers"""
2023 Upper Deck Marvel Platinum ,2023 Upper Deck Marvel Platinum - Iconic Covers,IC07,1962,1,278039,NONE,none,none,"No matching subset — create one or confirm these belong in ""2023 Upper Deck Marvel Platinum - Iconic Covers"""
2023 Upper Deck Marvel Platinum ,2023 Upper Deck Marvel Platinum - Iconic Covers,IC10,1962,1,278042,NONE,none,none,"No matching subset — create one or confirm these belong in ""2023 Upper Deck Marvel Platinum - Iconic Covers"""
2023 Upper Deck Marvel Platinum ,2023 Upper Deck Marvel Platinum - Iconic Covers,IC11,1991,1,278043,NONE,none,none,"No matching subset — create one or confirm these belong in ""2023 Upper Deck Marvel Platinum - Iconic Covers"""
2023 Upper Deck Marvel Platinum ,2023 Upper Deck Marvel Platinum - Iconic Covers,IC12,1962,1,278044,NONE,none,none,"No matching subset — create one or confirm these belong in ""2023 Upper Deck Marvel Platinum - Iconic Covers"""
2023 Upper Deck Marvel Platinum ,2023 Upper Deck Marvel Platinum - Iconic Covers,IC13,1963,1,278045,NONE,none,none,"No matching subset — create one or confirm these belong in ""2023 Upper Deck Marvel Platinum - Iconic Covers"""
2023 Upper Deck Marvel Platinum ,2023 Upper Deck Marvel Platinum - Iconic Covers,IC14,1962,1,278046,NONE,none,none,"No matching subset — create one or confirm these belong in ""2023 Upper Deck Marvel Platinum - Iconic Covers"""
2023 Upper Deck Marvel Platinum ,2023 Upper Deck Marvel Platinum - Iconic Covers,IC15,2005,1,278047,NONE,none,none,"No matching subset — create one or confirm these belong in ""2023 Upper Deck Marvel Platinum - Iconic Covers"""
2023 Upper Deck Marvel Platinum ,2023 Upper Deck Marvel Platinum - Iconic Covers,IC16,1963,1,278048,NONE,none,none,"No matching subset — create one or confirm these belong in ""2023 Upper Deck Marvel Platinum - Iconic Covers"""
2023 Upper Deck Marvel Platinum ,2023 Upper Deck Marvel Platinum - Iconic Covers,IC17,1966,1,278049,NONE,none,none,"No matching subset — create one or confirm these belong in ""2023 Upper Deck Marvel Platinum - Iconic Covers"""
2023 Upper Deck Marvel Platinum ,2023 Upper Deck Marvel Platinum - Iconic Covers,IC19,1968,1,278051,NONE,none,none,"No matching subset — create one or confirm these belong in ""2023 Upper Deck Marvel Platinum - Iconic Covers"""
2023 Upper Deck Marvel Platinum ,2023 Upper Deck Marvel Platinum - Iconic Covers,IC20,2012,1,278052,NONE,none,none,"No matching subset — create one or confirm these belong in ""2023 Upper Deck Marvel Platinum - Iconic Covers"""
2023 Upper Deck Marvel Platinum ,2023 Upper Deck Marvel Platinum - Iconic Covers,IC21,2018,1,278053,NONE,none,none,"No matching subset — create one or confirm these belong in ""2023 Upper Deck Marvel Platinum - Iconic Covers"""
2023 Upper Deck Marvel Platinum ,2023 Upper Deck Marvel Platinum - Iconic Covers,IC22,1963,1,278054,NONE,none,none,"No matching subset — create one or confirm these belong in ""2023 Upper Deck Marvel Platinum - Iconic Covers"""
2023 Upper Deck Marvel Platinum ,2023 Upper Deck Marvel Platinum - Iconic Covers,IC23,2003,1,278055,NONE,none,none,"No matching subset — create one or confirm these belong in ""2023 Upper Deck Marvel Platinum - Iconic Covers"""
2023 Upper Deck Marvel Platinum ,2023 Upper Deck Marvel Platinum - Iconic Covers,IC24,1959,1,278056,NONE,none,none,"No matching subset — create one or confirm these belong in ""2023 Upper Deck Marvel Platinum - Iconic Covers"""
2023 Upper Deck Marvel Platinum ,2023 Upper Deck Marvel Platinum - Iconic Covers,IC25,1993,1,278057,NONE,none,none,"No matching subset — create one or confirm these belong in ""2023 Upper Deck Marvel Platinum - Iconic Covers"""
2023 Upper Deck Marvel Platinum ,2023 Upper Deck Marvel Platinum - Iconic Covers Rainbow,IC03,1963,1,278085,NONE,none,none,"No matching subset — create one or confirm these belong in ""2023 Upper Deck Marvel Platinum - Iconic Covers Rainbow"""
2023 Upper Deck Marvel Platinum ,2023 Upper Deck Marvel Platinum - Iconic Covers Rainbow,IC04,1952,1,278086,NONE,none,none,"No matching subset — create one or confirm these belong in ""2023 Upper Deck Marvel Platinum - Iconic Covers Rainbow"""
2023 Upper Deck Marvel Platinum ,2023 Upper Deck Marvel Platinum - Iconic Covers Rainbow,IC05,1984,1,278087,NONE,none,none,"No matching subset — create one or confirm these belong in ""2023 Upper Deck Marvel Platinum - Iconic Covers Rainbow"""
2023 Upper Deck Marvel Platinum ,2023 Upper Deck Marvel Platinum - Iconic Covers Rainbow,IC06,1964,1,278088,NONE,none,none,"No matching subset — create one or confirm these belong in ""2023 Upper Deck Marvel Platinum - Iconic Covers Rainbow"""
2023 Upper Deck Marvel Platinum ,2023 Upper Deck Marvel Platinum - Iconic Covers Rainbow,IC07,1962,1,278089,NONE,none,none,"No matching subset — create one or confirm these belong in ""2023 Upper Deck Marvel Platinum - Iconic Covers Rainbow"""
2023 Upper Deck Marvel Platinum ,2023 Upper Deck Marvel Platinum - Iconic Covers Rainbow,IC10,1962,1,278092,NONE,none,none,"No matching subset — create one or confirm these belong in ""2023 Upper Deck Marvel Platinum - Iconic Covers Rainbow"""
2023 Upper Deck Marvel Platinum ,2023 Upper Deck Marvel Platinum - Iconic Covers Rainbow,IC11,1991,1,278093,NONE,none,none,"No matching subset — create one or confirm these belong in ""2023 Upper Deck Marvel Platinum - Iconic Covers Rainbow"""
2023 Upper Deck Marvel Platinum ,2023 Upper Deck Marvel Platinum - Iconic Covers Rainbow,IC12,1962,1,278094,NONE,none,none,"No matching subset — create one or confirm these belong in ""2023 Upper Deck Marvel Platinum - Iconic Covers Rainbow"""
2023 Upper Deck Marvel Platinum ,2023 Upper Deck Marvel Platinum - Iconic Covers Rainbow,IC13,1963,1,278095,NONE,none,none,"No matching subset — create one or confirm these belong in ""2023 Upper Deck Marvel Platinum - Iconic Covers Rainbow"""
2023 Upper Deck Marvel Platinum ,2023 Upper Deck Marvel Platinum - Iconic Covers Rainbow,IC14,1962,1,278096,NONE,none,none,"No matching subset — create one or confirm these belong in ""2023 Upper Deck Marvel Platinum - Iconic Covers Rainbow"""
2023 Upper Deck Marvel Platinum ,2023 Upper Deck Marvel Platinum - Iconic Covers Rainbow,IC15,2005,1,278097,NONE,none,none,"No matching subset — create one or confirm these belong in ""2023 Upper Deck Marvel Platinum - Iconic Covers Rainbow"""
2023 Upper Deck Marvel Platinum ,2023 Upper Deck Marvel Platinum - Iconic Covers Rainbow,IC16,1963,1,278098,NONE,none,none,"No matching subset — create one or confirm these belong in ""2023 Upper Deck Marvel Platinum - Iconic Covers Rainbow"""
2023 Upper Deck Marvel Platinum ,2023 Upper Deck Marvel Platinum - Iconic Covers Rainbow,IC17,1966,1,278099,NONE,none,none,"No matching subset — create one or confirm these belong in ""2023 Upper Deck Marvel Platinum - Iconic Covers Rainbow"""
2023 Upper Deck Marvel Platinum ,2023 Upper Deck Marvel Platinum - Iconic Covers Rainbow,IC19,1968,1,278101,NONE,none,none,"No matching subset — create one or confirm these belong in ""2023 Upper Deck Marvel Platinum - Iconic Covers Rainbow"""
2023 Upper Deck Marvel Platinum ,2023 Upper Deck Marvel Platinum - Iconic Covers Rainbow,IC20,2012,1,278102,NONE,none,none,"No matching subset — create one or confirm these belong in ""2023 Upper Deck Marvel Platinum - Iconic Covers Rainbow"""
2023 Upper Deck Marvel Platinum ,2023 Upper Deck Marvel Platinum - Iconic Covers Rainbow,IC21,2018,1,278103,NONE,none,none,"No matching subset — create one or confirm these belong in ""2023 Upper Deck Marvel Platinum - Iconic Covers Rainbow"""
2023 Upper Deck Marvel Platinum ,2023 Upper Deck Marvel Platinum - Iconic Covers Rainbow,IC22,1963,1,278104,NONE,none,none,"No matching subset — create one or confirm these belong in ""2023 Upper Deck Marvel Platinum - Iconic Covers Rainbow"""
2023 Upper Deck Marvel Platinum ,2023 Upper Deck Marvel Platinum - Iconic Covers Rainbow,IC23,2003,1,278105,NONE,none,none,"No matching subset — create one or confirm these belong in ""2023 Upper Deck Marvel Platinum - Iconic Covers Rainbow"""
2023 Upper Deck Marvel Platinum ,2023 Upper Deck Marvel Platinum - Iconic Covers Rainbow,IC24,1959,1,278106,NONE,none,none,"No matching subset — create one or confirm these belong in ""2023 Upper Deck Marvel Platinum - Iconic Covers Rainbow"""
2023 Upper Deck Marvel Platinum ,2023 Upper Deck Marvel Platinum - Iconic Covers Rainbow,IC25,1993,1,278107,NONE,none,none,"No matching subset — create one or confirm these belong in ""2023 Upper Deck Marvel Platinum - Iconic Covers Rainbow"""
2023 Upper Deck Marvel Wandavision,2023 Upper Deck Marvel Wandavision - 2023 Upper Deck Marvel Wandavision,12,Printing Plate,1,76433,NONE,none,none,"No matching subset — create one or confirm these belong in ""2023 Upper Deck Marvel Wandavision - 2023 Upper Deck Marvel Wandavision"""
2023 Upper Deck Marvel Wandavision,2023 Upper Deck Marvel Wandavision - 2023 Upper Deck Marvel Wandavision,15,Printing Plate,1,76440,NONE,none,none,"No matching subset — create one or confirm these belong in ""2023 Upper Deck Marvel Wandavision - 2023 Upper Deck Marvel Wandavision"""
2023 Upper Deck Marvel Wandavision,2023 Upper Deck Marvel Wandavision - 2023 Upper Deck Marvel Wandavision,18,Printing Plate,1,76445,NONE,none,none,"No matching subset — create one or confirm these belong in ""2023 Upper Deck Marvel Wandavision - 2023 Upper Deck Marvel Wandavision"""
2023 Upper Deck Marvel Wandavision,2023 Upper Deck Marvel Wandavision - 2023 Upper Deck Marvel Wandavision,2,Printing Plate,1,76407,NONE,none,none,"No matching subset — create one or confirm these belong in ""2023 Upper Deck Marvel Wandavision - 2023 Upper Deck Marvel Wandavision"""
2023 Upper Deck Marvel Wandavision,2023 Upper Deck Marvel Wandavision - 2023 Upper Deck Marvel Wandavision,22,Printing Plate,1,76449,NONE,none,none,"No matching subset — create one or confirm these belong in ""2023 Upper Deck Marvel Wandavision - 2023 Upper Deck Marvel Wandavision"""
2023 Upper Deck Marvel Wandavision,2023 Upper Deck Marvel Wandavision - 2023 Upper Deck Marvel Wandavision,25,Printing Plate,1,76456,NONE,none,none,"No matching subset — create one or confirm these belong in ""2023 Upper Deck Marvel Wandavision - 2023 Upper Deck Marvel Wandavision"""
2023 Upper Deck Marvel Wandavision,2023 Upper Deck Marvel Wandavision - 2023 Upper Deck Marvel Wandavision,27,Printing Plate,1,76465,NONE,none,none,"No matching subset — create one or confirm these belong in ""2023 Upper Deck Marvel Wandavision - 2023 Upper Deck Marvel Wandavision"""
2023 Upper Deck Marvel Wandavision,2023 Upper Deck Marvel Wandavision - 2023 Upper Deck Marvel Wandavision,3,Printing Plate,1,76413,NONE,none,none,"No matching subset — create one or confirm these belong in ""2023 Upper Deck Marvel Wandavision - 2023 Upper Deck Marvel Wandavision"""
2023 Upper Deck Marvel Wandavision,2023 Upper Deck Marvel Wandavision - 2023 Upper Deck Marvel Wandavision,31,Printing Plate,1,76469,NONE,none,none,"No matching subset — create one or confirm these belong in ""2023 Upper Deck Marvel Wandavision - 2023 Upper Deck Marvel Wandavision"""
2023 Upper Deck Marvel Wandavision,2023 Upper Deck Marvel Wandavision - 2023 Upper Deck Marvel Wandavision,34,Printing Plate,1,76474,NONE,none,none,"No matching subset — create one or confirm these belong in ""2023 Upper Deck Marvel Wandavision - 2023 Upper Deck Marvel Wandavision"""
2023 Upper Deck Marvel Wandavision,2023 Upper Deck Marvel Wandavision - 2023 Upper Deck Marvel Wandavision,35,Printing Plate,1,76212,NONE,none,none,"No matching subset — create one or confirm these belong in ""2023 Upper Deck Marvel Wandavision - 2023 Upper Deck Marvel Wandavision"""
2023 Upper Deck Marvel Wandavision,2023 Upper Deck Marvel Wandavision - 2023 Upper Deck Marvel Wandavision,36,Printing Plate,1,76475,NONE,none,none,"No matching subset — create one or confirm these belong in ""2023 Upper Deck Marvel Wandavision - 2023 Upper Deck Marvel Wandavision"""
2023 Upper Deck Marvel Wandavision,2023 Upper Deck Marvel Wandavision - 2023 Upper Deck Marvel Wandavision,37,Printing Plate,1,76307,NONE,none,none,"No matching subset — create one or confirm these belong in ""2023 Upper Deck Marvel Wandavision - 2023 Upper Deck Marvel Wandavision"""
2023 Upper Deck Marvel Wandavision,2023 Upper Deck Marvel Wandavision - 2023 Upper Deck Marvel Wandavision,4,Printing Plate,1,76420,NONE,none,none,"No matching subset — create one or confirm these belong in ""2023 Upper Deck Marvel Wandavision - 2023 Upper Deck Marvel Wandavision"""
2023 Upper Deck Marvel Wandavision,2023 Upper Deck Marvel Wandavision - 2023 Upper Deck Marvel Wandavision,40,Printing Plate,1,76194,NONE,none,none,"No matching subset — create one or confirm these belong in ""2023 Upper Deck Marvel Wandavision - 2023 Upper Deck Marvel Wandavision"""
2023 Upper Deck Marvel Wandavision,2023 Upper Deck Marvel Wandavision - 2023 Upper Deck Marvel Wandavision,41,Printing Plate,1,76480,NONE,none,none,"No matching subset — create one or confirm these belong in ""2023 Upper Deck Marvel Wandavision - 2023 Upper Deck Marvel Wandavision"""
2023 Upper Deck Marvel Wandavision,2023 Upper Deck Marvel Wandavision - 2023 Upper Deck Marvel Wandavision,44,Printing Plate,1,76487,NONE,none,none,"No matching subset — create one or confirm these belong in ""2023 Upper Deck Marvel Wandavision - 2023 Upper Deck Marvel Wandavision"""
2023 Upper Deck Marvel Wandavision,2023 Upper Deck Marvel Wandavision - 2023 Upper Deck Marvel Wandavision,46,Printing Plate,1,76220,NONE,none,none,"No matching subset — create one or confirm these belong in ""2023 Upper Deck Marvel Wandavision - 2023 Upper Deck Marvel Wandavision"""
2023 Upper Deck Marvel Wandavision,2023 Upper Deck Marvel Wandavision - 2023 Upper Deck Marvel Wandavision,49,Printing Plate,1,76497,NONE,none,none,"No matching subset — create one or confirm these belong in ""2023 Upper Deck Marvel Wandavision - 2023 Upper Deck Marvel Wandavision"""
2023 Upper Deck Marvel Wandavision,2023 Upper Deck Marvel Wandavision - 2023 Upper Deck Marvel Wandavision,5,Printing Plate,1,76426,NONE,none,none,"No matching subset — create one or confirm these belong in ""2023 Upper Deck Marvel Wandavision - 2023 Upper Deck Marvel Wandavision"""
2023 Upper Deck Marvel Wandavision,2023 Upper Deck Marvel Wandavision - 2023 Upper Deck Marvel Wandavision,52,Printing Plate,1,76503,NONE,none,none,"No matching subset — create one or confirm these belong in ""2023 Upper Deck Marvel Wandavision - 2023 Upper Deck Marvel Wandavision"""
2023 Upper Deck Marvel Wandavision,2023 Upper Deck Marvel Wandavision - 2023 Upper Deck Marvel Wandavision,55,Printing Plate,1,76509,NONE,none,none,"No matching subset — create one or confirm these belong in ""2023 Upper Deck Marvel Wandavision - 2023 Upper Deck Marvel Wandavision"""
2023 Upper Deck Marvel Wandavision,2023 Upper Deck Marvel Wandavision - 2023 Upper Deck Marvel Wandavision,58,Printing Plate,1,76513,NONE,none,none,"No matching subset — create one or confirm these belong in ""2023 Upper Deck Marvel Wandavision - 2023 Upper Deck Marvel Wandavision"""
2023 Upper Deck Marvel Wandavision,2023 Upper Deck Marvel Wandavision - 2023 Upper Deck Marvel Wandavision,63,Printing Plate,1,76524,NONE,none,none,"No matching subset — create one or confirm these belong in ""2023 Upper Deck Marvel Wandavision - 2023 Upper Deck Marvel Wandavision"""
2023 Upper Deck Marvel Wandavision,2023 Upper Deck Marvel Wandavision - 2023 Upper Deck Marvel Wandavision,66,Printing Plate,1,76528,NONE,none,none,"No matching subset — create one or confirm these belong in ""2023 Upper Deck Marvel Wandavision - 2023 Upper Deck Marvel Wandavision"""
2023 Upper Deck Marvel Wandavision,2023 Upper Deck Marvel Wandavision - 2023 Upper Deck Marvel Wandavision,68,Printing Plate,1,76535,NONE,none,none,"No matching subset — create one or confirm these belong in ""2023 Upper Deck Marvel Wandavision - 2023 Upper Deck Marvel Wandavision"""
2023 Upper Deck Marvel Wandavision,2023 Upper Deck Marvel Wandavision - 2023 Upper Deck Marvel Wandavision,80,Printing Plate,1,76227,NONE,none,none,"No matching subset — create one or confirm these belong in ""2023 Upper Deck Marvel Wandavision - 2023 Upper Deck Marvel Wandavision"""
2024 Upper Deck Marvel Studios Series 1,2024 Upper Deck Marvel Studios Series 1 - 2024 Upper Deck Marvel Studios Series 1,107,Exclusive,1,80214,NONE,none,none,"No matching subset — create one or confirm these belong in ""2024 Upper Deck Marvel Studios Series 1 - 2024 Upper Deck Marvel Studios Series 1"""
2024 Upper Deck Marvel Studios Series 1,2024 Upper Deck Marvel Studios Series 1 - 2024 Upper Deck Marvel Studios Series 1,107,Printing Plate,1,80215,NONE,none,none,"No matching subset — create one or confirm these belong in ""2024 Upper Deck Marvel Studios Series 1 - 2024 Upper Deck Marvel Studios Series 1"""
2024 Upper Deck Marvel Studios Series 1,2024 Upper Deck Marvel Studios Series 1 - 2024 Upper Deck Marvel Studios Series 1,114,Exclusive,1,80223,NONE,none,none,"No matching subset — create one or confirm these belong in ""2024 Upper Deck Marvel Studios Series 1 - 2024 Upper Deck Marvel Studios Series 1"""
2024 Upper Deck Marvel Studios Series 1,2024 Upper Deck Marvel Studios Series 1 - 2024 Upper Deck Marvel Studios Series 1,114,Printing Plate,1,80224,NONE,none,none,"No matching subset — create one or confirm these belong in ""2024 Upper Deck Marvel Studios Series 1 - 2024 Upper Deck Marvel Studios Series 1"""
2024 Upper Deck Marvel Studios Series 1,2024 Upper Deck Marvel Studios Series 1 - 2024 Upper Deck Marvel Studios Series 1,101,Printing Plate,1,80204,NONE,none,none,"No matching subset — create one or confirm these belong in ""2024 Upper Deck Marvel Studios Series 1 - 2024 Upper Deck Marvel Studios Series 1"""
2024 Upper Deck Marvel Studios Series 1,2024 Upper Deck Marvel Studios Series 1 - 2024 Upper Deck Marvel Studios Series 1,101,Exclusive,1,80211,NONE,none,none,"No matching subset — create one or confirm these belong in ""2024 Upper Deck Marvel Studios Series 1 - 2024 Upper Deck Marvel Studios Series 1"""
2024 Upper Deck Marvel Studios Series 1,2024 Upper Deck Marvel Studios Series 1 - 2024 Upper Deck Marvel Studios Series 1,108,Exclusive,1,80218,NONE,none,none,"No matching subset — create one or confirm these belong in ""2024 Upper Deck Marvel Studios Series 1 - 2024 Upper Deck Marvel Studios Series 1"""
2024 Upper Deck Marvel Studios Series 1,2024 Upper Deck Marvel Studios Series 1 - 2024 Upper Deck Marvel Studios Series 1,12,Printing Plate,1,77372,NONE,none,none,"No matching subset — create one or confirm these belong in ""2024 Upper Deck Marvel Studios Series 1 - 2024 Upper Deck Marvel Studios Series 1"""
2024 Upper Deck Marvel Studios Series 1,2024 Upper Deck Marvel Studios Series 1 - 2024 Upper Deck Marvel Studios Series 1,12,Exclusive,1,77379,NONE,none,none,"No matching subset — create one or confirm these belong in ""2024 Upper Deck Marvel Studios Series 1 - 2024 Upper Deck Marvel Studios Series 1"""
2024 Upper Deck Marvel Studios Series 1,2024 Upper Deck Marvel Studios Series 1 - 2024 Upper Deck Marvel Studios Series 1,18,Exclusive,1,77382,NONE,none,none,"No matching subset — create one or confirm these belong in ""2024 Upper Deck Marvel Studios Series 1 - 2024 Upper Deck Marvel Studios Series 1"""
2024 Upper Deck Marvel Studios Series 1,2024 Upper Deck Marvel Studios Series 1 - 2024 Upper Deck Marvel Studios Series 1,18,Printing Plate,1,77383,NONE,none,none,"No matching subset — create one or confirm these belong in ""2024 Upper Deck Marvel Studios Series 1 - 2024 Upper Deck Marvel Studios Series 1"""
2024 Upper Deck Marvel Studios Series 1,2024 Upper Deck Marvel Studios Series 1 - 2024 Upper Deck Marvel Studios Series 1,25,Printing Plate,1,77391,NONE,none,none,"No matching subset — create one or confirm these belong in ""2024 Upper Deck Marvel Studios Series 1 - 2024 Upper Deck Marvel Studios Series 1"""
2024 Upper Deck Marvel Studios Series 1,2024 Upper Deck Marvel Studios Series 1 - 2024 Upper Deck Marvel Studios Series 1,25,Exclusive,1,77392,NONE,none,none,"No matching subset — create one or confirm these belong in ""2024 Upper Deck Marvel Studios Series 1 - 2024 Upper Deck Marvel Studios Series 1"""
2024 Upper Deck Marvel Studios Series 1,2024 Upper Deck Marvel Studios Series 1 - 2024 Upper Deck Marvel Studios Series 1,34,Exclusive,1,77398,NONE,none,none,"No matching subset — create one or confirm these belong in ""2024 Upper Deck Marvel Studios Series 1 - 2024 Upper Deck Marvel Studios Series 1"""
2024 Upper Deck Marvel Studios Series 1,2024 Upper Deck Marvel Studios Series 1 - 2024 Upper Deck Marvel Studios Series 1,34,Printing Plate,1,77399,NONE,none,none,"No matching subset — create one or confirm these belong in ""2024 Upper Deck Marvel Studios Series 1 - 2024 Upper Deck Marvel Studios Series 1"""
2024 Upper Deck Marvel Studios Series 1,2024 Upper Deck Marvel Studios Series 1 - 2024 Upper Deck Marvel Studios Series 1,39,Exclusive,1,77407,NONE,none,none,"No matching subset — create one or confirm these belong in ""2024 Upper Deck Marvel Studios Series 1 - 2024 Upper Deck Marvel Studios Series 1"""
2024 Upper Deck Marvel Studios Series 1,2024 Upper Deck Marvel Studios Series 1 - 2024 Upper Deck Marvel Studios Series 1,39,Printing Plate,1,77408,NONE,none,none,"No matching subset — create one or confirm these belong in ""2024 Upper Deck Marvel Studios Series 1 - 2024 Upper Deck Marvel Studios Series 1"""
2024 Upper Deck Marvel Studios Series 1,2024 Upper Deck Marvel Studios Series 1 - 2024 Upper Deck Marvel Studios Series 1,4,Exclusive,1,77366,NONE,none,none,"No matching subset — create one or confirm these belong in ""2024 Upper Deck Marvel Studios Series 1 - 2024 Upper Deck Marvel Studios Series 1"""
2024 Upper Deck Marvel Studios Series 1,2024 Upper Deck Marvel Studios Series 1 - 2024 Upper Deck Marvel Studios Series 1,4,Printing Plate,1,77367,NONE,none,none,"No matching subset — create one or confirm these belong in ""2024 Upper Deck Marvel Studios Series 1 - 2024 Upper Deck Marvel Studios Series 1"""
2024 Upper Deck Marvel Studios Series 1,2024 Upper Deck Marvel Studios Series 1 - 2024 Upper Deck Marvel Studios Series 1,47,Exclusive,1,77413,NONE,none,none,"No matching subset — create one or confirm these belong in ""2024 Upper Deck Marvel Studios Series 1 - 2024 Upper Deck Marvel Studios Series 1"""
2024 Upper Deck Marvel Studios Series 1,2024 Upper Deck Marvel Studios Series 1 - 2024 Upper Deck Marvel Studios Series 1,47,Printing Plate,1,77414,NONE,none,none,"No matching subset — create one or confirm these belong in ""2024 Upper Deck Marvel Studios Series 1 - 2024 Upper Deck Marvel Studios Series 1"""
2024 Upper Deck Marvel Studios Series 1,2024 Upper Deck Marvel Studios Series 1 - 2024 Upper Deck Marvel Studios Series 1,50,Exclusive,1,77421,NONE,none,none,"No matching subset — create one or confirm these belong in ""2024 Upper Deck Marvel Studios Series 1 - 2024 Upper Deck Marvel Studios Series 1"""
2024 Upper Deck Marvel Studios Series 1,2024 Upper Deck Marvel Studios Series 1 - 2024 Upper Deck Marvel Studios Series 1,50,Printing Plate,1,77423,NONE,none,none,"No matching subset — create one or confirm these belong in ""2024 Upper Deck Marvel Studios Series 1 - 2024 Upper Deck Marvel Studios Series 1"""
2024 Upper Deck Marvel Studios Series 1,2024 Upper Deck Marvel Studios Series 1 - 2024 Upper Deck Marvel Studios Series 1,65,Exclusive,1,77436,NONE,none,none,"No matching subset — create one or confirm these belong in ""2024 Upper Deck Marvel Studios Series 1 - 2024 Upper Deck Marvel Studios Series 1"""
2024 Upper Deck Marvel Studios Series 1,2024 Upper Deck Marvel Studios Series 1 - 2024 Upper Deck Marvel Studios Series 1,65,Printing Plate,1,77437,NONE,none,none,"No matching subset — create one or confirm these belong in ""2024 Upper Deck Marvel Studios Series 1 - 2024 Upper Deck Marvel Studios Series 1"""
2024 Upper Deck Marvel Studios Series 1,2024 Upper Deck Marvel Studios Series 1 - 2024 Upper Deck Marvel Studios Series 1,72,Exclusive,1,77445,NONE,none,none,"No matching subset — create one or confirm these belong in ""2024 Upper Deck Marvel Studios Series 1 - 2024 Upper Deck Marvel Studios Series 1"""
2024 Upper Deck Marvel Studios Series 1,2024 Upper Deck Marvel Studios Series 1 - 2024 Upper Deck Marvel Studios Series 1,72,Printing Plate,1,77446,NONE,none,none,"No matching subset — create one or confirm these belong in ""2024 Upper Deck Marvel Studios Series 1 - 2024 Upper Deck Marvel Studios Series 1"""
2024 Upper Deck Marvel Studios Series 1,2024 Upper Deck Marvel Studios Series 1 - 2024 Upper Deck Marvel Studios Series 1,77,Exclusive,1,77453,NONE,none,none,"No matching subset — create one or confirm these belong in ""2024 Upper Deck Marvel Studios Series 1 - 2024 Upper Deck Marvel Studios Series 1"""
2024 Upper Deck Marvel Studios Series 1,2024 Upper Deck Marvel Studios Series 1 - 2024 Upper Deck Marvel Studios Series 1,77,Printing Plate,1,77454,NONE,none,none,"No matching subset — create one or confirm these belong in ""2024 Upper Deck Marvel Studios Series 1 - 2024 Upper Deck Marvel Studios Series 1"""
2024 Upper Deck Marvel Studios Series 1,2024 Upper Deck Marvel Studios Series 1 - 2024 Upper Deck Marvel Studios Series 1,81,Printing Plate,1,77457,NONE,none,none,"No matching subset — create one or confirm these belong in ""2024 Upper Deck Marvel Studios Series 1 - 2024 Upper Deck Marvel Studios Series 1"""
2024 Upper Deck Marvel Studios Series 1,2024 Upper Deck Marvel Studios Series 1 - 2024 Upper Deck Marvel Studios Series 1,81,Exclusive,1,77463,NONE,none,none,"No matching subset — create one or confirm these belong in ""2024 Upper Deck Marvel Studios Series 1 - 2024 Upper Deck Marvel Studios Series 1"""
2024 Upper Deck Marvel Studios Series 1,2024 Upper Deck Marvel Studios Series 1 - 2024 Upper Deck Marvel Studios Series 1,94,Exclusive,1,77474,NONE,none,none,"No matching subset — create one or confirm these belong in ""2024 Upper Deck Marvel Studios Series 1 - 2024 Upper Deck Marvel Studios Series 1"""
2024 Upper Deck Marvel Studios Series 1,2024 Upper Deck Marvel Studios Series 1 - 2024 Upper Deck Marvel Studios Series 1,94,Printing Plate,1,77475,NONE,none,none,"No matching subset — create one or confirm these belong in ""2024 Upper Deck Marvel Studios Series 1 - 2024 Upper Deck Marvel Studios Series 1"""
2024 Upper Deck Marvel Studios Series 1,2024 Upper Deck Marvel Studios Series 1 - 2024 Upper Deck Marvel Studios Series 1,100,Printing Plate,1,80209,NONE,none,none,"No matching subset — create one or confirm these belong in ""2024 Upper Deck Marvel Studios Series 1 - 2024 Upper Deck Marvel Studios Series 1"""
2024 Upper Deck Marvel Studios Series 1,2024 Upper Deck Marvel Studios Series 1 - 2024 Upper Deck Marvel Studios Series 1,11,Printing Plate,1,77375,NONE,none,none,"No matching subset — create one or confirm these belong in ""2024 Upper Deck Marvel Studios Series 1 - 2024 Upper Deck Marvel Studios Series 1"""
2024 Upper Deck Marvel Studios Series 1,2024 Upper Deck Marvel Studios Series 1 - 2024 Upper Deck Marvel Studios Series 1,113,Printing Plate,1,80221,NONE,none,none,"No matching subset — create one or confirm these belong in ""2024 Upper Deck Marvel Studios Series 1 - 2024 Upper Deck Marvel Studios Series 1"""
2024 Upper Deck Marvel Studios Series 1,2024 Upper Deck Marvel Studios Series 1 - 2024 Upper Deck Marvel Studios Series 1,19,Exclusive,1,77386,NONE,none,none,"No matching subset — create one or confirm these belong in ""2024 Upper Deck Marvel Studios Series 1 - 2024 Upper Deck Marvel Studios Series 1"""
2024 Upper Deck Marvel Studios Series 1,2024 Upper Deck Marvel Studios Series 1 - 2024 Upper Deck Marvel Studios Series 1,3,Printing Plate,1,77371,NONE,none,none,"No matching subset — create one or confirm these belong in ""2024 Upper Deck Marvel Studios Series 1 - 2024 Upper Deck Marvel Studios Series 1"""
2024 Upper Deck Marvel Studios Series 1,2024 Upper Deck Marvel Studios Series 1 - 2024 Upper Deck Marvel Studios Series 1,40,Exclusive,1,77403,NONE,none,none,"No matching subset — create one or confirm these belong in ""2024 Upper Deck Marvel Studios Series 1 - 2024 Upper Deck Marvel Studios Series 1"""
2024 Upper Deck Marvel Studios Series 1,2024 Upper Deck Marvel Studios Series 1 - 2024 Upper Deck Marvel Studios Series 1,49,Printing Plate,1,77419,NONE,none,none,"No matching subset — create one or confirm these belong in ""2024 Upper Deck Marvel Studios Series 1 - 2024 Upper Deck Marvel Studios Series 1"""
2024 Upper Deck Marvel Studios Series 1,2024 Upper Deck Marvel Studios Series 1 - 2024 Upper Deck Marvel Studios Series 1,57,Printing Plate,1,77428,NONE,none,none,"No matching subset — create one or confirm these belong in ""2024 Upper Deck Marvel Studios Series 1 - 2024 Upper Deck Marvel Studios Series 1"""
2024 Upper Deck Marvel Studios Series 1,2024 Upper Deck Marvel Studios Series 1 - 2024 Upper Deck Marvel Studios Series 1,58,Exclusive,1,77432,NONE,none,none,"No matching subset — create one or confirm these belong in ""2024 Upper Deck Marvel Studios Series 1 - 2024 Upper Deck Marvel Studios Series 1"""
2024 Upper Deck Marvel Studios Series 1,2024 Upper Deck Marvel Studios Series 1 - 2024 Upper Deck Marvel Studios Series 1,71,Printing Plate,1,77442,NONE,none,none,"No matching subset — create one or confirm these belong in ""2024 Upper Deck Marvel Studios Series 1 - 2024 Upper Deck Marvel Studios Series 1"""
2024 Upper Deck Marvel Studios Series 1,2024 Upper Deck Marvel Studios Series 1 - 2024 Upper Deck Marvel Studios Series 1,78,Exclusive,1,77449,NONE,none,none,"No matching subset — create one or confirm these belong in ""2024 Upper Deck Marvel Studios Series 1 - 2024 Upper Deck Marvel Studios Series 1"""
2024 Upper Deck Marvel Studios Series 1,2024 Upper Deck Marvel Studios Series 1 - 2024 Upper Deck Marvel Studios Series 1,87,Printing Plate,1,77465,NONE,none,none,"No matching subset — create one or confirm these belong in ""2024 Upper Deck Marvel Studios Series 1 - 2024 Upper Deck Marvel Studios Series 1"""
2024 Upper Deck Marvel Studios Series 1,2024 Upper Deck Marvel Studios Series 1 - 2024 Upper Deck Marvel Studios Series 1,88,Exclusive,1,77469,NONE,none,none,"No matching subset — create one or confirm these belong in ""2024 Upper Deck Marvel Studios Series 1 - 2024 Upper Deck Marvel Studios Series 1"""
2024 Upper Deck Marvel Studios Series 1,2024 Upper Deck Marvel Studios Series 1 - Marquees,1,Printing Plate,1,77762,NONE,none,none,"No matching subset — create one or confirm these belong in ""2024 Upper Deck Marvel Studios Series 1 - Marquees"""
2024 Upper Deck Marvel Studios Series 1,2024 Upper Deck Marvel Studios Series 1 - Marquees,10,Printing Plate,1,77765,NONE,none,none,"No matching subset — create one or confirm these belong in ""2024 Upper Deck Marvel Studios Series 1 - Marquees"""
2024 Upper Deck Marvel Studios Series 1,2024 Upper Deck Marvel Studios Series 1 - Marquees,11,Printing Plate,1,77763,NONE,none,none,"No matching subset — create one or confirm these belong in ""2024 Upper Deck Marvel Studios Series 1 - Marquees"""
2024 Upper Deck Marvel Studios Series 1,2024 Upper Deck Marvel Studios Series 1 - Marquees,12,Printing Plate,1,77764,NONE,none,none,"No matching subset — create one or confirm these belong in ""2024 Upper Deck Marvel Studios Series 1 - Marquees"""
2024 Upper Deck Marvel Studios Series 1,2024 Upper Deck Marvel Studios Series 1 - Marquees,13,Printing Plate,1,77771,NONE,none,none,"No matching subset — create one or confirm these belong in ""2024 Upper Deck Marvel Studios Series 1 - Marquees"""
2024 Upper Deck Marvel Studios Series 1,2024 Upper Deck Marvel Studios Series 1 - Marquees,2,Printing Plate,1,77761,NONE,none,none,"No matching subset — create one or confirm these belong in ""2024 Upper Deck Marvel Studios Series 1 - Marquees"""
2024 Upper Deck Marvel Studios Series 1,2024 Upper Deck Marvel Studios Series 1 - Marquees,3,Printing Plate,1,77767,NONE,none,none,"No matching subset — create one or confirm these belong in ""2024 Upper Deck Marvel Studios Series 1 - Marquees"""
2024 Upper Deck Marvel Studios Series 1,2024 Upper Deck Marvel Studios Series 1 - Marquees,4,Printing Plate,1,77769,NONE,none,none,"No matching subset — create one or confirm these belong in ""2024 Upper Deck Marvel Studios Series 1 - Marquees"""
2024 Upper Deck Marvel Studios Series 1,2024 Upper Deck Marvel Studios Series 1 - Marquees,5,Printing Plate,1,77768,NONE,none,none,"No matching subset — create one or confirm these belong in ""2024 Upper Deck Marvel Studios Series 1 - Marquees"""
2024 Upper Deck Marvel Studios Series 1,2024 Upper Deck Marvel Studios Series 1 - Marquees,6,Printing Plate,1,77770,NONE,none,none,"No matching subset — create one or confirm these belong in ""2024 Upper Deck Marvel Studios Series 1 - Marquees"""
2024 Upper Deck Marvel Studios Series 1,2024 Upper Deck Marvel Studios Series 1 - Marquees,7,Printing Plate,1,77774,NONE,none,none,"No matching subset — create one or confirm these belong in ""2024 Upper Deck Marvel Studios Series 1 - Marquees"""
2024 Upper Deck Marvel Studios Series 1,2024 Upper Deck Marvel Studios Series 1 - Marquees,8,Printing Plate,1,77776,NONE,none,none,"No matching subset — create one or confirm these belong in ""2024 Upper Deck Marvel Studios Series 1 - Marquees"""
2024 Upper Deck Marvel Studios Series 1,2024 Upper Deck Marvel Studios Series 1 - Marquees,9,Printing Plate,1,77775,NONE,none,none,"No matching subset — create one or confirm these belong in ""2024 Upper Deck Marvel Studios Series 1 - Marquees"""
2024 Upper Deck Marvel Studios Series 1,2024 Upper Deck Marvel Studios Series 1 - UD Canvas,15,Printing Plate,1,77812,NONE,none,none,"No matching subset — create one or confirm these belong in ""2024 Upper Deck Marvel Studios Series 1 - UD Canvas"""
2025 Kakawow Aura Marvel,2025 Kakawow Aura Marvel - The Legend of Iron Man Gold,1,Gold Wave Refractor,1,78717,NONE,none,none,"No matching subset — create one or confirm these belong in ""2025 Kakawow Aura Marvel - The Legend of Iron Man Gold"""
2025 Kakawow Aura Marvel,2025 Kakawow Aura Marvel - The Legend of Iron Man Gold,1,Refractor,1,79429,NONE,none,none,"No matching subset — create one or confirm these belong in ""2025 Kakawow Aura Marvel - The Legend of Iron Man Gold"""
2025 Kakawow Aura Marvel,2025 Kakawow Aura Marvel - The Legend of Iron Man Gold,1,Black Refractor,1,79442,NONE,none,none,"No matching subset — create one or confirm these belong in ""2025 Kakawow Aura Marvel - The Legend of Iron Man Gold"""
2025 Kakawow Aura Marvel,2025 Kakawow Aura Marvel - The Legend of Iron Man Gold,1,Red Wave Refractor,1,79452,NONE,none,none,"No matching subset — create one or confirm these belong in ""2025 Kakawow Aura Marvel - The Legend of Iron Man Gold"""
2025 Kakawow Aura Marvel,2025 Kakawow Aura Marvel - The Legend of Iron Man Gold,1,SuperFractor,1,79462,NONE,none,none,"No matching subset — create one or confirm these belong in ""2025 Kakawow Aura Marvel - The Legend of Iron Man Gold"""
2025 Kakawow Aura Marvel,2025 Kakawow Aura Marvel - The Legend of Iron Man Gold,1,Orange Lava Refractor,1,79481,NONE,none,none,"No matching subset — create one or confirm these belong in ""2025 Kakawow Aura Marvel - The Legend of Iron Man Gold"""
2025 Kakawow Aura Marvel,2025 Kakawow Aura Marvel - The Legend of Iron Man Gold,10,Gold Wave Refractor,1,78718,NONE,none,none,"No matching subset — create one or confirm these belong in ""2025 Kakawow Aura Marvel - The Legend of Iron Man Gold"""
2025 Kakawow Aura Marvel,2025 Kakawow Aura Marvel - The Legend of Iron Man Gold,10,Refractor,1,79437,NONE,none,none,"No matching subset — create one or confirm these belong in ""2025 Kakawow Aura Marvel - The Legend of Iron Man Gold"""
2025 Kakawow Aura Marvel,2025 Kakawow Aura Marvel - The Legend of Iron Man Gold,10,Black Refractor,1,79447,NONE,none,none,"No matching subset — create one or confirm these belong in ""2025 Kakawow Aura Marvel - The Legend of Iron Man Gold"""
2025 Kakawow Aura Marvel,2025 Kakawow Aura Marvel - The Legend of Iron Man Gold,10,Red Wave Refractor,1,79460,NONE,none,none,"No matching subset — create one or confirm these belong in ""2025 Kakawow Aura Marvel - The Legend of Iron Man Gold"""
2025 Kakawow Aura Marvel,2025 Kakawow Aura Marvel - The Legend of Iron Man Gold,10,SuperFractor,1,79470,NONE,none,none,"No matching subset — create one or confirm these belong in ""2025 Kakawow Aura Marvel - The Legend of Iron Man Gold"""
2025 Kakawow Aura Marvel,2025 Kakawow Aura Marvel - The Legend of Iron Man Gold,10,Orange Lava Refractor,1,79474,NONE,none,none,"No matching subset — create one or confirm these belong in ""2025 Kakawow Aura Marvel - The Legend of Iron Man Gold"""
2025 Kakawow Aura Marvel,2025 Kakawow Aura Marvel - The Legend of Iron Man Gold,2,Refractor,1,79436,NONE,none,none,"No matching subset — create one or confirm these belong in ""2025 Kakawow Aura Marvel - The Legend of Iron Man Gold"""
2025 Kakawow Aura Marvel,2025 Kakawow Aura Marvel - The Legend of Iron Man Gold,2,Gold Wave Refractor,1,79438,NONE,none,none,"No matching subset — create one or confirm these belong in ""2025 Kakawow Aura Marvel - The Legend of Iron Man Gold"""
2025 Kakawow Aura Marvel,2025 Kakawow Aura Marvel - The Legend of Iron Man Gold,2,Black Refractor,1,79443,NONE,none,none,"No matching subset — create one or confirm these belong in ""2025 Kakawow Aura Marvel - The Legend of Iron Man Gold"""
2025 Kakawow Aura Marvel,2025 Kakawow Aura Marvel - The Legend of Iron Man Gold,2,Red Wave Refractor,1,79453,NONE,none,none,"No matching subset — create one or confirm these belong in ""2025 Kakawow Aura Marvel - The Legend of Iron Man Gold"""
2025 Kakawow Aura Marvel,2025 Kakawow Aura Marvel - The Legend of Iron Man Gold,2,SuperFractor,1,79463,NONE,none,none,"No matching subset — create one or confirm these belong in ""2025 Kakawow Aura Marvel - The Legend of Iron Man Gold"""
2025 Kakawow Aura Marvel,2025 Kakawow Aura Marvel - The Legend of Iron Man Gold,2,Orange Lava Refractor,1,79479,NONE,none,none,"No matching subset — create one or confirm these belong in ""2025 Kakawow Aura Marvel - The Legend of Iron Man Gold"""
2025 Kakawow Aura Marvel,2025 Kakawow Aura Marvel - The Legend of Iron Man Gold,3,Gold Wave Refractor,1,78722,NONE,none,none,"No matching subset — create one or confirm these belong in ""2025 Kakawow Aura Marvel - The Legend of Iron Man Gold"""
2025 Kakawow Aura Marvel,2025 Kakawow Aura Marvel - The Legend of Iron Man Gold,3,Refractor,1,78726,NONE,none,none,"No matching subset — create one or confirm these belong in ""2025 Kakawow Aura Marvel - The Legend of Iron Man Gold"""
2025 Kakawow Aura Marvel,2025 Kakawow Aura Marvel - The Legend of Iron Man Gold,3,Black Refractor,1,79444,NONE,none,none,"No matching subset — create one or confirm these belong in ""2025 Kakawow Aura Marvel - The Legend of Iron Man Gold"""
2025 Kakawow Aura Marvel,2025 Kakawow Aura Marvel - The Legend of Iron Man Gold,3,Red Wave Refractor,1,79454,NONE,none,none,"No matching subset — create one or confirm these belong in ""2025 Kakawow Aura Marvel - The Legend of Iron Man Gold"""
2025 Kakawow Aura Marvel,2025 Kakawow Aura Marvel - The Legend of Iron Man Gold,3,SuperFractor,1,79464,NONE,none,none,"No matching subset — create one or confirm these belong in ""2025 Kakawow Aura Marvel - The Legend of Iron Man Gold"""
2025 Kakawow Aura Marvel,2025 Kakawow Aura Marvel - The Legend of Iron Man Gold,3,Orange Lava Refractor,1,79472,NONE,none,none,"No matching subset — create one or confirm these belong in ""2025 Kakawow Aura Marvel - The Legend of Iron Man Gold"""
2025 Kakawow Aura Marvel,2025 Kakawow Aura Marvel - The Legend of Iron Man Gold,4,Gold Wave Refractor,1,78723,NONE,none,none,"No matching subset — create one or confirm these belong in ""2025 Kakawow Aura Marvel - The Legend of Iron Man Gold"""
2025 Kakawow Aura Marvel,2025 Kakawow Aura Marvel - The Legend of Iron Man Gold,4,Refractor,1,79431,NONE,none,none,"No matching subset — create one or confirm these belong in ""2025 Kakawow Aura Marvel - The Legend of Iron Man Gold"""
2025 Kakawow Aura Marvel,2025 Kakawow Aura Marvel - The Legend of Iron Man Gold,4,Black Refractor,1,79445,NONE,none,none,"No matching subset — create one or confirm these belong in ""2025 Kakawow Aura Marvel - The Legend of Iron Man Gold"""
2025 Kakawow Aura Marvel,2025 Kakawow Aura Marvel - The Legend of Iron Man Gold,4,Red Wave Refractor,1,79455,NONE,none,none,"No matching subset — create one or confirm these belong in ""2025 Kakawow Aura Marvel - The Legend of Iron Man Gold"""
2025 Kakawow Aura Marvel,2025 Kakawow Aura Marvel - The Legend of Iron Man Gold,4,SuperFractor,1,79465,NONE,none,none,"No matching subset — create one or confirm these belong in ""2025 Kakawow Aura Marvel - The Legend of Iron Man Gold"""
2025 Kakawow Aura Marvel,2025 Kakawow Aura Marvel - The Legend of Iron Man Gold,4,Orange Lava Refractor,1,79473,NONE,none,none,"No matching subset — create one or confirm these belong in ""2025 Kakawow Aura Marvel - The Legend of Iron Man Gold"""
2025 Kakawow Aura Marvel,2025 Kakawow Aura Marvel - The Legend of Iron Man Gold,5,Gold Wave Refractor,1,78725,NONE,none,none,"No matching subset — create one or confirm these belong in ""2025 Kakawow Aura Marvel - The Legend of Iron Man Gold"""
2025 Kakawow Aura Marvel,2025 Kakawow Aura Marvel - The Legend of Iron Man Gold,5,Refractor,1,79432,NONE,none,none,"No matching subset — create one or confirm these belong in ""2025 Kakawow Aura Marvel - The Legend of Iron Man Gold"""
2025 Kakawow Aura Marvel,2025 Kakawow Aura Marvel - The Legend of Iron Man Gold,5,Black Refractor,1,79446,NONE,none,none,"No matching subset — create one or confirm these belong in ""2025 Kakawow Aura Marvel - The Legend of Iron Man Gold"""
2025 Kakawow Aura Marvel,2025 Kakawow Aura Marvel - The Legend of Iron Man Gold,5,Red Wave Refractor,1,79461,NONE,none,none,"No matching subset — create one or confirm these belong in ""2025 Kakawow Aura Marvel - The Legend of Iron Man Gold"""
2025 Kakawow Aura Marvel,2025 Kakawow Aura Marvel - The Legend of Iron Man Gold,5,SuperFractor,1,79466,NONE,none,none,"No matching subset — create one or confirm these belong in ""2025 Kakawow Aura Marvel - The Legend of Iron Man Gold"""
2025 Kakawow Aura Marvel,2025 Kakawow Aura Marvel - The Legend of Iron Man Gold,5,Orange Lava Refractor,1,79480,NONE,none,none,"No matching subset — create one or confirm these belong in ""2025 Kakawow Aura Marvel - The Legend of Iron Man Gold"""
2025 Kakawow Aura Marvel,2025 Kakawow Aura Marvel - The Legend of Iron Man Gold,6,Refractor,1,79433,NONE,none,none,"No matching subset — create one or confirm these belong in ""2025 Kakawow Aura Marvel - The Legend of Iron Man Gold"""
2025 Kakawow Aura Marvel,2025 Kakawow Aura Marvel - The Legend of Iron Man Gold,6,Gold Wave Refractor,1,79439,NONE,none,none,"No matching subset — create one or confirm these belong in ""2025 Kakawow Aura Marvel - The Legend of Iron Man Gold"""
2025 Kakawow Aura Marvel,2025 Kakawow Aura Marvel - The Legend of Iron Man Gold,6,Black Refractor,1,79449,NONE,none,none,"No matching subset — create one or confirm these belong in ""2025 Kakawow Aura Marvel - The Legend of Iron Man Gold"""
2025 Kakawow Aura Marvel,2025 Kakawow Aura Marvel - The Legend of Iron Man Gold,6,Red Wave Refractor,1,79456,NONE,none,none,"No matching subset — create one or confirm these belong in ""2025 Kakawow Aura Marvel - The Legend of Iron Man Gold"""
2025 Kakawow Aura Marvel,2025 Kakawow Aura Marvel - The Legend of Iron Man Gold,6,SuperFractor,1,79467,NONE,none,none,"No matching subset — create one or confirm these belong in ""2025 Kakawow Aura Marvel - The Legend of Iron Man Gold"""
2025 Kakawow Aura Marvel,2025 Kakawow Aura Marvel - The Legend of Iron Man Gold,6,Orange Lava Refractor,1,79475,NONE,none,none,"No matching subset — create one or confirm these belong in ""2025 Kakawow Aura Marvel - The Legend of Iron Man Gold"""
2025 Kakawow Aura Marvel,2025 Kakawow Aura Marvel - The Legend of Iron Man Gold,7,Refractor,1,79430,NONE,none,none,"No matching subset — create one or confirm these belong in ""2025 Kakawow Aura Marvel - The Legend of Iron Man Gold"""
2025 Kakawow Aura Marvel,2025 Kakawow Aura Marvel - The Legend of Iron Man Gold,7,Gold Wave Refractor,1,79440,NONE,none,none,"No matching subset — create one or confirm these belong in ""2025 Kakawow Aura Marvel - The Legend of Iron Man Gold"""
2025 Kakawow Aura Marvel,2025 Kakawow Aura Marvel - The Legend of Iron Man Gold,7,Black Refractor,1,79450,NONE,none,none,"No matching subset — create one or confirm these belong in ""2025 Kakawow Aura Marvel - The Legend of Iron Man Gold"""
2025 Kakawow Aura Marvel,2025 Kakawow Aura Marvel - The Legend of Iron Man Gold,7,Red Wave Refractor,1,79457,NONE,none,none,"No matching subset — create one or confirm these belong in ""2025 Kakawow Aura Marvel - The Legend of Iron Man Gold"""
2025 Kakawow Aura Marvel,2025 Kakawow Aura Marvel - The Legend of Iron Man Gold,7,SuperFractor,1,79469,NONE,none,none,"No matching subset — create one or confirm these belong in ""2025 Kakawow Aura Marvel - The Legend of Iron Man Gold"""
2025 Kakawow Aura Marvel,2025 Kakawow Aura Marvel - The Legend of Iron Man Gold,7,Orange Lava Refractor,1,79476,NONE,none,none,"No matching subset — create one or confirm these belong in ""2025 Kakawow Aura Marvel - The Legend of Iron Man Gold"""
2025 Kakawow Aura Marvel,2025 Kakawow Aura Marvel - The Legend of Iron Man Gold,8,Refractor,1,79434,NONE,none,none,"No matching subset — create one or confirm these belong in ""2025 Kakawow Aura Marvel - The Legend of Iron Man Gold"""
2025 Kakawow Aura Marvel,2025 Kakawow Aura Marvel - The Legend of Iron Man Gold,8,Gold Wave Refractor,1,79441,NONE,none,none,"No matching subset — create one or confirm these belong in ""2025 Kakawow Aura Marvel - The Legend of Iron Man Gold"""
2025 Kakawow Aura Marvel,2025 Kakawow Aura Marvel - The Legend of Iron Man Gold,8,Black Refractor,1,79448,NONE,none,none,"No matching subset — create one or confirm these belong in ""2025 Kakawow Aura Marvel - The Legend of Iron Man Gold"""
2025 Kakawow Aura Marvel,2025 Kakawow Aura Marvel - The Legend of Iron Man Gold,8,Red Wave Refractor,1,79459,NONE,none,none,"No matching subset — create one or confirm these belong in ""2025 Kakawow Aura Marvel - The Legend of Iron Man Gold"""
2025 Kakawow Aura Marvel,2025 Kakawow Aura Marvel - The Legend of Iron Man Gold,8,SuperFractor,1,79468,NONE,none,none,"No matching subset — create one or confirm these belong in ""2025 Kakawow Aura Marvel - The Legend of Iron Man Gold"""
2025 Kakawow Aura Marvel,2025 Kakawow Aura Marvel - The Legend of Iron Man Gold,8,Orange Lava Refractor,1,79477,NONE,none,none,"No matching subset — create one or confirm these belong in ""2025 Kakawow Aura Marvel - The Legend of Iron Man Gold"""
2025 Kakawow Aura Marvel,2025 Kakawow Aura Marvel - The Legend of Iron Man Gold,9,Gold Wave Refractor,1,78720,NONE,none,none,"No matching subset — create one or confirm these belong in ""2025 Kakawow Aura Marvel - The Legend of Iron Man Gold"""
2025 Kakawow Aura Marvel,2025 Kakawow Aura Marvel - The Legend of Iron Man Gold,9,Refractor,1,79435,NONE,none,none,"No matching subset — create one or confirm these belong in ""2025 Kakawow Aura Marvel - The Legend of Iron Man Gold"""
2025 Kakawow Aura Marvel,2025 Kakawow Aura Marvel - The Legend of Iron Man Gold,9,Black Refractor,1,79451,NONE,none,none,"No matching subset — create one or confirm these belong in ""2025 Kakawow Aura Marvel - The Legend of Iron Man Gold"""
2025 Kakawow Aura Marvel,2025 Kakawow Aura Marvel - The Legend of Iron Man Gold,9,Red Wave Refractor,1,79458,NONE,none,none,"No matching subset — create one or confirm these belong in ""2025 Kakawow Aura Marvel - The Legend of Iron Man Gold"""
2025 Kakawow Aura Marvel,2025 Kakawow Aura Marvel - The Legend of Iron Man Gold,9,SuperFractor,1,79471,NONE,none,none,"No matching subset — create one or confirm these belong in ""2025 Kakawow Aura Marvel - The Legend of Iron Man Gold"""
2025 Kakawow Aura Marvel,2025 Kakawow Aura Marvel - The Legend of Iron Man Gold,9,Orange Lava Refractor,1,79478,NONE,none,none,"No matching subset — create one or confirm these belong in ""2025 Kakawow Aura Marvel - The Legend of Iron Man Gold"""
2025 Topps Chrome Marvel,2025 Topps Chrome Marvel - Future Stars,1,Gold Wave Refractor,1,79228,NONE,none,none,"No matching subset — create one or confirm these belong in ""2025 Topps Chrome Marvel - Future Stars"""
2025 Topps Chrome Marvel,2025 Topps Chrome Marvel - Future Stars,2,Gold Wave Refractor,1,79222,NONE,none,none,"No matching subset — create one or confirm these belong in ""2025 Topps Chrome Marvel - Future Stars"""
2025 Topps Chrome Marvel,2025 Topps Chrome Marvel - Future Stars,3,Gold Wave Refractor,1,79224,NONE,none,none,"No matching subset — create one or confirm these belong in ""2025 Topps Chrome Marvel - Future Stars"""
2025 Topps Chrome Marvel,2025 Topps Chrome Marvel - Future Stars,4,Gold Wave Refractor,1,79214,NONE,none,none,"No matching subset — create one or confirm these belong in ""2025 Topps Chrome Marvel - Future Stars"""
2025 Topps Chrome Marvel,2025 Topps Chrome Marvel - Future Stars,5,Gold Wave Refractor,1,79213,NONE,none,none,"No matching subset — create one or confirm these belong in ""2025 Topps Chrome Marvel - Future Stars"""
2025 Topps Chrome Marvel,2025 Topps Chrome Marvel - Future Stars,6,Gold Wave Refractor,1,79252,NONE,none,none,"No matching subset — create one or confirm these belong in ""2025 Topps Chrome Marvel - Future Stars"""
2025 Topps Chrome Marvel,2025 Topps Chrome Marvel - Future Stars,7,Gold Wave Refractor,1,79216,NONE,none,none,"No matching subset — create one or confirm these belong in ""2025 Topps Chrome Marvel - Future Stars"""
2025 Topps Chrome Marvel,2025 Topps Chrome Marvel - Future Stars,8,Gold Wave Refractor,1,79235,NONE,none,none,"No matching subset — create one or confirm these belong in ""2025 Topps Chrome Marvel - Future Stars"""
2025 Topps Chrome Marvel,2025 Topps Chrome Marvel - Galactic Legends,1,Gold Wave Refractor,1,79259,NONE,none,none,"No matching subset — create one or confirm these belong in ""2025 Topps Chrome Marvel - Galactic Legends"""
2025 Topps Chrome Marvel,2025 Topps Chrome Marvel - Galactic Legends,1,Orange Lava Refractor,1,79306,NONE,none,none,"No matching subset — create one or confirm these belong in ""2025 Topps Chrome Marvel - Galactic Legends"""
2025 Topps Chrome Marvel,2025 Topps Chrome Marvel - Galactic Legends,2,Orange Lava Refractor,1,79263,NONE,none,none,"No matching subset — create one or confirm these belong in ""2025 Topps Chrome Marvel - Galactic Legends"""
2025 Topps Chrome Marvel,2025 Topps Chrome Marvel - Galactic Legends,2,Gold Wave Refractor,1,79265,NONE,none,none,"No matching subset — create one or confirm these belong in ""2025 Topps Chrome Marvel - Galactic Legends"""
2025 Topps Chrome Marvel,2025 Topps Chrome Marvel - Galactic Legends,3,Gold Wave Refractor,1,79287,NONE,none,none,"No matching subset — create one or confirm these belong in ""2025 Topps Chrome Marvel - Galactic Legends"""
2025 Topps Chrome Marvel,2025 Topps Chrome Marvel - Galactic Legends,3,Orange Lava Refractor,1,79309,NONE,none,none,"No matching subset — create one or confirm these belong in ""2025 Topps Chrome Marvel - Galactic Legends"""
2025 Topps Chrome Marvel,2025 Topps Chrome Marvel - Galactic Legends,4,Orange Lava Refractor,1,79311,NONE,none,none,"No matching subset — create one or confirm these belong in ""2025 Topps Chrome Marvel - Galactic Legends"""
2025 Topps Chrome Marvel,2025 Topps Chrome Marvel - Galactic Legends,4,Gold Wave Refractor,1,79312,NONE,none,none,"No matching subset — create one or confirm these belong in ""2025 Topps Chrome Marvel - Galactic Legends"""
2025 Topps Chrome Marvel,2025 Topps Chrome Marvel - Galactic Legends,5,Orange Lava Refractor,1,79264,NONE,none,none,"No matching subset — create one or confirm these belong in ""2025 Topps Chrome Marvel - Galactic Legends"""
2025 Topps Chrome Marvel,2025 Topps Chrome Marvel - Galactic Legends,5,Gold Wave Refractor,1,79292,NONE,none,none,"No matching subset — create one or confirm these belong in ""2025 Topps Chrome Marvel - Galactic Legends"""
2025 Topps Chrome Marvel,2025 Topps Chrome Marvel - Galactic Legends,6,Gold Wave Refractor,1,79258,NONE,none,none,"No matching subset — create one or confirm these belong in ""2025 Topps Chrome Marvel - Galactic Legends"""
2025 Topps Chrome Marvel,2025 Topps Chrome Marvel - Galactic Legends,6,Orange Lava Refractor,1,79284,NONE,none,none,"No matching subset — create one or confirm these belong in ""2025 Topps Chrome Marvel - Galactic Legends"""
2025 Topps Chrome Marvel,2025 Topps Chrome Marvel - Galactic Legends,7,Orange Lava Refractor,1,79296,NONE,none,none,"No matching subset — create one or confirm these belong in ""2025 Topps Chrome Marvel - Galactic Legends"""
2025 Topps Chrome Marvel,2025 Topps Chrome Marvel - Galactic Legends,7,Gold Wave Refractor,1,79313,NONE,none,none,"No matching subset — create one or confirm these belong in ""2025 Topps Chrome Marvel - Galactic Legends"""
2025 Topps Chrome Marvel,2025 Topps Chrome Marvel - Galactic Legends,8,Orange Lava Refractor,1,79298,NONE,none,none,"No matching subset — create one or confirm these belong in ""2025 Topps Chrome Marvel - Galactic Legends"""
2025 Topps Chrome Marvel,2025 Topps Chrome Marvel - Galactic Legends,8,Gold Wave Refractor,1,79299,NONE,none,none,"No matching subset — create one or confirm these belong in ""2025 Topps Chrome Marvel - Galactic Legends"""
2025 Topps Chrome Marvel,2025 Topps Chrome Marvel - Galactic Legends,10,Gold Wave Refractor,1,79267,NONE,none,none,"No matching subset — create one or confirm these belong in ""2025 Topps Chrome Marvel - Galactic Legends"""
2025 Topps Chrome Marvel,2025 Topps Chrome Marvel - Galactic Legends,10,Orange Lava Refractor,1,79304,NONE,none,none,"No matching subset — create one or confirm these belong in ""2025 Topps Chrome Marvel - Galactic Legends"""
2025 Topps Chrome Marvel,2025 Topps Chrome Marvel - Galactic Legends,9,Gold Wave Refractor,1,79260,NONE,none,none,"No matching subset — create one or confirm these belong in ""2025 Topps Chrome Marvel - Galactic Legends"""
2025 Topps Chrome Marvel,2025 Topps Chrome Marvel - Galactic Legends,9,Orange Lava Refractor,1,79317,NONE,none,none,"No matching subset — create one or confirm these belong in ""2025 Topps Chrome Marvel - Galactic Legends"""
2025 Topps Chrome Marvel,2025 Topps Chrome Marvel - Golden Anniversaries,1,Gold Wave Refractor,1,79322,NONE,none,none,"No matching subset — create one or confirm these belong in ""2025 Topps Chrome Marvel - Golden Anniversaries"""
2025 Topps Chrome Marvel,2025 Topps Chrome Marvel - Golden Anniversaries,2,Gold Wave Refractor,1,79331,NONE,none,none,"No matching subset — create one or confirm these belong in ""2025 Topps Chrome Marvel - Golden Anniversaries"""
2025 Topps Chrome Marvel,2025 Topps Chrome Marvel - Golden Anniversaries,3,Gold Wave Refractor,1,79323,NONE,none,none,"No matching subset — create one or confirm these belong in ""2025 Topps Chrome Marvel - Golden Anniversaries"""
2025 Topps Chrome Marvel,2025 Topps Chrome Marvel - Golden Anniversaries,4,Gold Wave Refractor,1,79330,NONE,none,none,"No matching subset — create one or confirm these belong in ""2025 Topps Chrome Marvel - Golden Anniversaries"""
2025 Topps Chrome Marvel,2025 Topps Chrome Marvel - Golden Anniversaries,5,Gold Wave Refractor,1,79336,NONE,none,none,"No matching subset — create one or confirm these belong in ""2025 Topps Chrome Marvel - Golden Anniversaries"""
2025 Topps Chrome Marvel,2025 Topps Chrome Marvel - Indestructible Black Lazer Refractor,1,Black Lazer Refractor,1,79398,NONE,none,none,"No matching subset — create one or confirm these belong in ""2025 Topps Chrome Marvel - Indestructible Black Lazer Refractor"""
2025 Topps Chrome Marvel,2025 Topps Chrome Marvel - Indestructible Black Lazer Refractor,10,Black Lazer Refractor,1,79418,NONE,none,none,"No matching subset — create one or confirm these belong in ""2025 Topps Chrome Marvel - Indestructible Black Lazer Refractor"""
2025 Topps Chrome Marvel,2025 Topps Chrome Marvel - Indestructible Black Lazer Refractor,2,Black Lazer Refractor,1,79401,NONE,none,none,"No matching subset — create one or confirm these belong in ""2025 Topps Chrome Marvel - Indestructible Black Lazer Refractor"""
2025 Topps Chrome Marvel,2025 Topps Chrome Marvel - Indestructible Black Lazer Refractor,3,Black Lazer Refractor,1,79400,NONE,none,none,"No matching subset — create one or confirm these belong in ""2025 Topps Chrome Marvel - Indestructible Black Lazer Refractor"""
2025 Topps Chrome Marvel,2025 Topps Chrome Marvel - Indestructible Black Lazer Refractor,4,Black Lazer Refractor,1,79407,NONE,none,none,"No matching subset — create one or confirm these belong in ""2025 Topps Chrome Marvel - Indestructible Black Lazer Refractor"""
2025 Topps Chrome Marvel,2025 Topps Chrome Marvel - Indestructible Black Lazer Refractor,5,Black Lazer Refractor,1,79408,NONE,none,none,"No matching subset — create one or confirm these belong in ""2025 Topps Chrome Marvel - Indestructible Black Lazer Refractor"""
2025 Topps Chrome Marvel,2025 Topps Chrome Marvel - Indestructible Black Lazer Refractor,6,Black Lazer Refractor,1,79406,NONE,none,none,"No matching subset — create one or confirm these belong in ""2025 Topps Chrome Marvel - Indestructible Black Lazer Refractor"""
2025 Topps Chrome Marvel,2025 Topps Chrome Marvel - Indestructible Black Lazer Refractor,7,Black Lazer Refractor,1,79415,NONE,none,none,"No matching subset — create one or confirm these belong in ""2025 Topps Chrome Marvel - Indestructible Black Lazer Refractor"""
2025 Topps Chrome Marvel,2025 Topps Chrome Marvel - Indestructible Black Lazer Refractor,8,Black Lazer Refractor,1,79414,NONE,none,none,"No matching subset — create one or confirm these belong in ""2025 Topps Chrome Marvel - Indestructible Black Lazer Refractor"""
2025 Topps Chrome Marvel,2025 Topps Chrome Marvel - Indestructible Black Lazer Refractor,9,Black Lazer Refractor,1,79422,NONE,none,none,"No matching subset — create one or confirm these belong in ""2025 Topps Chrome Marvel - Indestructible Black Lazer Refractor"""
2025 Topps Chrome Marvel,2025 Topps Chrome Marvel - Marvel Anniversaries,1,Golden Age,1,78897,NONE,none,none,"No matching subset — create one or confirm these belong in ""2025 Topps Chrome Marvel - Marvel Anniversaries"""
2025 Topps Chrome Marvel,2025 Topps Chrome Marvel - Marvel Anniversaries,1,Golden Age SuperFractor,1,78903,NONE,none,none,"No matching subset — create one or confirm these belong in ""2025 Topps Chrome Marvel - Marvel Anniversaries"""
2025 Topps Chrome Marvel,2025 Topps Chrome Marvel - Marvel Anniversaries,1,Golden Age Red Wave Refractor,1,78904,NONE,none,none,"No matching subset — create one or confirm these belong in ""2025 Topps Chrome Marvel - Marvel Anniversaries"""
2025 Topps Chrome Marvel,2025 Topps Chrome Marvel - Marvel Anniversaries,1,Golden Age Gold Wave Refractor,1,78905,NONE,none,none,"No matching subset — create one or confirm these belong in ""2025 Topps Chrome Marvel - Marvel Anniversaries"""
2025 Topps Chrome Marvel,2025 Topps Chrome Marvel - Marvel Anniversaries,1,Golden Age Orange Refractor,1,78906,NONE,none,none,"No matching subset — create one or confirm these belong in ""2025 Topps Chrome Marvel - Marvel Anniversaries"""
2025 Topps Chrome Marvel,2025 Topps Chrome Marvel - Marvel Anniversaries,1,Golden Age Black Refractor,1,78907,NONE,none,none,"No matching subset — create one or confirm these belong in ""2025 Topps Chrome Marvel - Marvel Anniversaries"""
2025 Topps Chrome Marvel,2025 Topps Chrome Marvel - Marvel Anniversaries,2,Gold Wave Refractor,1,78900,NONE,none,none,"No matching subset — create one or confirm these belong in ""2025 Topps Chrome Marvel - Marvel Anniversaries"""
2025 Topps Chrome Marvel,2025 Topps Chrome Marvel - Marvel Anniversaries,3,Gold Wave Refractor,1,78910,NONE,none,none,"No matching subset — create one or confirm these belong in ""2025 Topps Chrome Marvel - Marvel Anniversaries"""
2025 Topps Chrome Marvel,2025 Topps Chrome Marvel - Marvel Anniversaries,4,Gold Wave Refractor,1,78918,NONE,none,none,"No matching subset — create one or confirm these belong in ""2025 Topps Chrome Marvel - Marvel Anniversaries"""
2025 Topps Chrome Marvel,2025 Topps Chrome Marvel - Marvel Anniversaries,5,Gold Wave Refractor,1,78925,NONE,none,none,"No matching subset — create one or confirm these belong in ""2025 Topps Chrome Marvel - Marvel Anniversaries"""
2025 Topps Chrome Marvel,2025 Topps Chrome Marvel - Marvel Anniversaries,6,Gold Wave Refractor,1,78931,NONE,none,none,"No matching subset — create one or confirm these belong in ""2025 Topps Chrome Marvel - Marvel Anniversaries"""
2025 Topps Chrome Marvel,2025 Topps Chrome Marvel - Marvel Anniversaries,7,Gold Wave Refractor,1,78939,NONE,none,none,"No matching subset — create one or confirm these belong in ""2025 Topps Chrome Marvel - Marvel Anniversaries"""
2025 Topps Chrome Marvel,2025 Topps Chrome Marvel - Marvel Anniversaries,8,Gold Wave Refractor,1,78953,NONE,none,none,"No matching subset — create one or confirm these belong in ""2025 Topps Chrome Marvel - Marvel Anniversaries"""
2025 Topps Chrome Marvel,2025 Topps Chrome Marvel - Marvel Anniversaries,10,Gold Wave Refractor,1,78967,NONE,none,none,"No matching subset — create one or confirm these belong in ""2025 Topps Chrome Marvel - Marvel Anniversaries"""
2025 Topps Chrome Marvel,2025 Topps Chrome Marvel - Marvel Anniversaries,9,Gold Wave Refractor,1,78959,NONE,none,none,"No matching subset — create one or confirm these belong in ""2025 Topps Chrome Marvel - Marvel Anniversaries"""
2025 Topps Chrome Marvel,2025 Topps Chrome Marvel - Marvel Anniversaries,11,Gold Wave Refractor,1,78975,NONE,none,none,"No matching subset — create one or confirm these belong in ""2025 Topps Chrome Marvel - Marvel Anniversaries"""
2025 Topps Chrome Marvel,2025 Topps Chrome Marvel - Marvel Anniversaries,12,Gold Wave Refractor,1,78982,NONE,none,none,"No matching subset — create one or confirm these belong in ""2025 Topps Chrome Marvel - Marvel Anniversaries"""
2025 Topps Chrome Marvel,2025 Topps Chrome Marvel - Marvel Anniversaries,13,Gold Wave Refractor,1,78988,NONE,none,none,"No matching subset — create one or confirm these belong in ""2025 Topps Chrome Marvel - Marvel Anniversaries"""
2025 Topps Chrome Marvel,2025 Topps Chrome Marvel - Marvel Anniversaries,14,Gold Wave Refractor,1,78992,NONE,none,none,"No matching subset — create one or confirm these belong in ""2025 Topps Chrome Marvel - Marvel Anniversaries"""
2025 Topps Chrome Marvel,2025 Topps Chrome Marvel - Marvel Anniversaries,15,Gold Wave Refractor,1,79017,NONE,none,none,"No matching subset — create one or confirm these belong in ""2025 Topps Chrome Marvel - Marvel Anniversaries"""
2025 Topps Chrome Marvel,2025 Topps Chrome Marvel - Marvel Anniversaries,16,Gold Wave Refractor,1,79005,NONE,none,none,"No matching subset — create one or confirm these belong in ""2025 Topps Chrome Marvel - Marvel Anniversaries"""
2025 Topps Chrome Marvel,2025 Topps Chrome Marvel - Marvel Anniversaries,17,Gold Wave Refractor,1,79008,NONE,none,none,"No matching subset — create one or confirm these belong in ""2025 Topps Chrome Marvel - Marvel Anniversaries"""
2025 Topps Chrome Marvel,2025 Topps Chrome Marvel - Marvel Anniversaries,18,Gold Wave Refractor,1,78915,NONE,none,none,"No matching subset — create one or confirm these belong in ""2025 Topps Chrome Marvel - Marvel Anniversaries"""
2025 Topps Chrome Marvel,2025 Topps Chrome Marvel - Marvel Anniversaries,19,Gold Wave Refractor,1,78932,NONE,none,none,"No matching subset — create one or confirm these belong in ""2025 Topps Chrome Marvel - Marvel Anniversaries"""
2025 Topps Chrome Marvel,2025 Topps Chrome Marvel - Marvel Anniversaries,20,Gold Wave Refractor,1,78938,NONE,none,none,"No matching subset — create one or confirm these belong in ""2025 Topps Chrome Marvel - Marvel Anniversaries"""
2025 Topps Chrome Marvel,2025 Topps Chrome Marvel - Marvel Anniversaries,21,Gold Wave Refractor,1,78947,NONE,none,none,"No matching subset — create one or confirm these belong in ""2025 Topps Chrome Marvel - Marvel Anniversaries"""
2025 Topps Chrome Marvel,2025 Topps Chrome Marvel - Marvel Anniversaries,22,Gold Wave Refractor,1,78955,NONE,none,none,"No matching subset — create one or confirm these belong in ""2025 Topps Chrome Marvel - Marvel Anniversaries"""
2025 Topps Chrome Marvel,2025 Topps Chrome Marvel - Marvel Anniversaries,23,Gold Wave Refractor,1,78961,NONE,none,none,"No matching subset — create one or confirm these belong in ""2025 Topps Chrome Marvel - Marvel Anniversaries"""
2025 Topps Chrome Marvel,2025 Topps Chrome Marvel - Marvel Anniversaries,24,Gold Wave Refractor,1,78869,NONE,none,none,"No matching subset — create one or confirm these belong in ""2025 Topps Chrome Marvel - Marvel Anniversaries"""
2025 Topps Chrome Marvel,2025 Topps Chrome Marvel - Marvel Anniversaries,25,Gold Wave Refractor,1,78870,NONE,none,none,"No matching subset — create one or confirm these belong in ""2025 Topps Chrome Marvel - Marvel Anniversaries"""
2025 Topps Chrome Marvel,2025 Topps Chrome Marvel - Marvel Anniversaries,26,Gold Wave Refractor,1,79015,NONE,none,none,"No matching subset — create one or confirm these belong in ""2025 Topps Chrome Marvel - Marvel Anniversaries"""
2025 Topps Chrome Marvel,2025 Topps Chrome Marvel - Marvel Anniversaries,27,Gold Wave Refractor,1,79023,NONE,none,none,"No matching subset — create one or confirm these belong in ""2025 Topps Chrome Marvel - Marvel Anniversaries"""
2025 Topps Chrome Marvel,2025 Topps Chrome Marvel - Marvel Anniversaries,28,Gold Wave Refractor,1,79036,NONE,none,none,"No matching subset — create one or confirm these belong in ""2025 Topps Chrome Marvel - Marvel Anniversaries"""
2025 Topps Chrome Marvel,2025 Topps Chrome Marvel - Marvel Anniversaries,29,Gold Wave Refractor,1,79033,NONE,none,none,"No matching subset — create one or confirm these belong in ""2025 Topps Chrome Marvel - Marvel Anniversaries"""
2025 Topps Chrome Marvel,2025 Topps Chrome Marvel - Marvel Anniversaries,30,Gold Wave Refractor,1,79030,NONE,none,none,"No matching subset — create one or confirm these belong in ""2025 Topps Chrome Marvel - Marvel Anniversaries"""
2025 Topps Chrome Marvel,2025 Topps Chrome Marvel - Marvel Icons,1,Gold Wave Refractor,1,79338,NONE,none,none,"No matching subset — create one or confirm these belong in ""2025 Topps Chrome Marvel - Marvel Icons"""
2025 Topps Chrome Marvel,2025 Topps Chrome Marvel - Marvel Icons,10,Gold Wave Refractor,1,79356,NONE,none,none,"No matching subset — create one or confirm these belong in ""2025 Topps Chrome Marvel - Marvel Icons"""
2025 Topps Chrome Marvel,2025 Topps Chrome Marvel - Marvel Icons,2,Gold Wave Refractor,1,78749,NONE,none,none,"No matching subset — create one or confirm these belong in ""2025 Topps Chrome Marvel - Marvel Icons"""
2025 Topps Chrome Marvel,2025 Topps Chrome Marvel - Marvel Icons,3,Gold Wave Refractor,1,79350,NONE,none,none,"No matching subset — create one or confirm these belong in ""2025 Topps Chrome Marvel - Marvel Icons"""
2025 Topps Chrome Marvel,2025 Topps Chrome Marvel - Marvel Icons,4,Gold Wave Refractor,1,79382,NONE,none,none,"No matching subset — create one or confirm these belong in ""2025 Topps Chrome Marvel - Marvel Icons"""
2025 Topps Chrome Marvel,2025 Topps Chrome Marvel - Marvel Icons,5,Gold Wave Refractor,1,78748,NONE,none,none,"No matching subset — create one or confirm these belong in ""2025 Topps Chrome Marvel - Marvel Icons"""
2025 Topps Chrome Marvel,2025 Topps Chrome Marvel - Marvel Icons,6,Gold Wave Refractor,1,79354,NONE,none,none,"No matching subset — create one or confirm these belong in ""2025 Topps Chrome Marvel - Marvel Icons"""
2025 Topps Chrome Marvel,2025 Topps Chrome Marvel - Marvel Icons,7,Gold Wave Refractor,1,79340,NONE,none,none,"No matching subset — create one or confirm these belong in ""2025 Topps Chrome Marvel - Marvel Icons"""
2025 Topps Chrome Marvel,2025 Topps Chrome Marvel - Marvel Icons,8,Gold Wave Refractor,1,78747,NONE,none,none,"No matching subset — create one or confirm these belong in ""2025 Topps Chrome Marvel - Marvel Icons"""
2025 Topps Chrome Marvel,2025 Topps Chrome Marvel - Marvel Icons,9,Gold Wave Refractor,1,79342,NONE,none,none,"No matching subset — create one or confirm these belong in ""2025 Topps Chrome Marvel - Marvel Icons"""
2025 Topps Chrome Marvel,2025 Topps Chrome Marvel - Marvel Reflections,1,Kaleidoscope Refractor,1,79596,NONE,none,none,"No matching subset — create one or confirm these belong in ""2025 Topps Chrome Marvel - Marvel Reflections"""
2025 Topps Chrome Marvel,2025 Topps Chrome Marvel - Marvel Reflections,1,SuperFractor Scodix,1,79599,NONE,none,none,"No matching subset — create one or confirm these belong in ""2025 Topps Chrome Marvel - Marvel Reflections"""
2025 Topps Chrome Marvel,2025 Topps Chrome Marvel - Marvel Reflections,1,RayWave Refractor,1,79600,NONE,none,none,"No matching subset — create one or confirm these belong in ""2025 Topps Chrome Marvel - Marvel Reflections"""
2025 Topps Chrome Marvel,2025 Topps Chrome Marvel - Marvel Reflections,1,Shimmer Refractor,1,79601,NONE,none,none,"No matching subset — create one or confirm these belong in ""2025 Topps Chrome Marvel - Marvel Reflections"""
2025 Topps Chrome Marvel,2025 Topps Chrome Marvel - Marvel Reflections,2,Kaleidoscope Refractor,1,79607,NONE,none,none,"No matching subset — create one or confirm these belong in ""2025 Topps Chrome Marvel - Marvel Reflections"""
2025 Topps Chrome Marvel,2025 Topps Chrome Marvel - Marvel Reflections,2,RayWave Refractor,1,79610,NONE,none,none,"No matching subset — create one or confirm these belong in ""2025 Topps Chrome Marvel - Marvel Reflections"""
2025 Topps Chrome Marvel,2025 Topps Chrome Marvel - Marvel Reflections,2,Shimmer Refractor,1,79611,NONE,none,none,"No matching subset — create one or confirm these belong in ""2025 Topps Chrome Marvel - Marvel Reflections"""
2025 Topps Chrome Marvel,2025 Topps Chrome Marvel - Marvel Reflections,2,SuperFractor Scodix,1,79612,NONE,none,none,"No matching subset — create one or confirm these belong in ""2025 Topps Chrome Marvel - Marvel Reflections"""
2025 Topps Chrome Marvel,2025 Topps Chrome Marvel - Marvel Reflections,3,SuperFractor Scodix,1,79603,NONE,none,none,"No matching subset — create one or confirm these belong in ""2025 Topps Chrome Marvel - Marvel Reflections"""
2025 Topps Chrome Marvel,2025 Topps Chrome Marvel - Marvel Reflections,3,Kaleidoscope Refractor,1,79606,NONE,none,none,"No matching subset — create one or confirm these belong in ""2025 Topps Chrome Marvel - Marvel Reflections"""
2025 Topps Chrome Marvel,2025 Topps Chrome Marvel - Marvel Reflections,3,RayWave Refractor,1,79608,NONE,none,none,"No matching subset — create one or confirm these belong in ""2025 Topps Chrome Marvel - Marvel Reflections"""
2025 Topps Chrome Marvel,2025 Topps Chrome Marvel - Marvel Reflections,3,Shimmer Refractor,1,79609,NONE,none,none,"No matching subset — create one or confirm these belong in ""2025 Topps Chrome Marvel - Marvel Reflections"""
2025 Topps Chrome Marvel,2025 Topps Chrome Marvel - Marvel Reflections,4,Shimmer Refractor,1,79590,NONE,none,none,"No matching subset — create one or confirm these belong in ""2025 Topps Chrome Marvel - Marvel Reflections"""
2025 Topps Chrome Marvel,2025 Topps Chrome Marvel - Marvel Reflections,4,Kaleidoscope Refractor,1,79597,NONE,none,none,"No matching subset — create one or confirm these belong in ""2025 Topps Chrome Marvel - Marvel Reflections"""
2025 Topps Chrome Marvel,2025 Topps Chrome Marvel - Marvel Reflections,4,RayWave Refractor,1,79598,NONE,none,none,"No matching subset — create one or confirm these belong in ""2025 Topps Chrome Marvel - Marvel Reflections"""
2025 Topps Chrome Marvel,2025 Topps Chrome Marvel - Marvel Reflections,4,SuperFractor Scodix,1,79602,NONE,none,none,"No matching subset — create one or confirm these belong in ""2025 Topps Chrome Marvel - Marvel Reflections"""
2025 Topps Chrome Marvel,2025 Topps Chrome Marvel - Marvel Reflections,5,RayWave Refractor,1,79589,NONE,none,none,"No matching subset — create one or confirm these belong in ""2025 Topps Chrome Marvel - Marvel Reflections"""
2025 Topps Chrome Marvel,2025 Topps Chrome Marvel - Marvel Reflections,5,Kaleidoscope Refractor,1,79591,NONE,none,none,"No matching subset — create one or confirm these belong in ""2025 Topps Chrome Marvel - Marvel Reflections"""
2025 Topps Chrome Marvel,2025 Topps Chrome Marvel - Marvel Reflections,5,SuperFractor Scodix,1,79604,NONE,none,none,"No matching subset — create one or confirm these belong in ""2025 Topps Chrome Marvel - Marvel Reflections"""
2025 Topps Chrome Marvel,2025 Topps Chrome Marvel - Marvel Reflections,5,Shimmer Refractor,1,79605,NONE,none,none,"No matching subset — create one or confirm these belong in ""2025 Topps Chrome Marvel - Marvel Reflections"""
2025 Topps Chrome Marvel,2025 Topps Chrome Marvel - X-Men Giant Size 50th Anniversary,1,Gold Wave Refractor,1,81350,NONE,none,none,"No matching subset — create one or confirm these belong in ""2025 Topps Chrome Marvel - X-Men Giant Size 50th Anniversary"""
2025 Topps Chrome Marvel,2025 Topps Chrome Marvel - X-Men Giant Size 50th Anniversary,10,Gold Wave Refractor,1,81369,NONE,none,none,"No matching subset — create one or confirm these belong in ""2025 Topps Chrome Marvel - X-Men Giant Size 50th Anniversary"""
2025 Topps Chrome Marvel,2025 Topps Chrome Marvel - X-Men Giant Size 50th Anniversary,2,Gold Wave Refractor,1,81378,NONE,none,none,"No matching subset — create one or confirm these belong in ""2025 Topps Chrome Marvel - X-Men Giant Size 50th Anniversary"""
2025 Topps Chrome Marvel,2025 Topps Chrome Marvel - X-Men Giant Size 50th Anniversary,4,Gold Wave Refractor,1,81357,NONE,none,none,"No matching subset — create one or confirm these belong in ""2025 Topps Chrome Marvel - X-Men Giant Size 50th Anniversary"""
2025 Topps Chrome Marvel,2025 Topps Chrome Marvel - X-Men Giant Size 50th Anniversary,5,Gold Wave Refractor,1,81383,NONE,none,none,"No matching subset — create one or confirm these belong in ""2025 Topps Chrome Marvel - X-Men Giant Size 50th Anniversary"""
2025 Topps Chrome Marvel,2025 Topps Chrome Marvel - X-Men Giant Size 50th Anniversary,6,Gold Wave Refractor,1,81382,NONE,none,none,"No matching subset — create one or confirm these belong in ""2025 Topps Chrome Marvel - X-Men Giant Size 50th Anniversary"""
2025 Topps Chrome Marvel,2025 Topps Chrome Marvel - X-Men Giant Size 50th Anniversary,7,Gold Wave Refractor,1,78755,NONE,none,none,"No matching subset — create one or confirm these belong in ""2025 Topps Chrome Marvel - X-Men Giant Size 50th Anniversary"""
2025 Topps Chrome Marvel,2025 Topps Chrome Marvel - X-Men Giant Size 50th Anniversary,8,Gold Wave Refractor,1,81362,NONE,none,none,"No matching subset — create one or confirm these belong in ""2025 Topps Chrome Marvel - X-Men Giant Size 50th Anniversary"""
2025 Topps Chrome Marvel,2025 Topps Chrome Marvel - X-Men Giant Size 50th Anniversary,9,Gold Wave Refractor,1,81389,NONE,none,none,"No matching subset — create one or confirm these belong in ""2025 Topps Chrome Marvel - X-Men Giant Size 50th Anniversary"""
2025 Topps Chrome Marvel,2025 Topps Chrome Marvel - X-Men Giant Size 50th Anniversary,3,Gold Wave Refractor,1,81374,NONE,none,none,"No matching subset — create one or confirm these belong in ""2025 Topps Chrome Marvel - X-Men Giant Size 50th Anniversary"""
Marvel 2025 Topps Chrome,Marvel 2025 Topps Chrome,32,Blue Green Shimmer,1,78690,NONE,none,none,"No matching subset — create one or confirm these belong in ""Marvel 2025 Topps Chrome"""
Marvel 2025 Topps Chrome,Marvel 2025 Topps Chrome,32,Blue Red Web,1,78691,NONE,none,none,"No matching subset — create one or confirm these belong in ""Marvel 2025 Topps Chrome"""
Marvel 2025 Topps Chrome,Marvel 2025 Topps Chrome,32,Blue,1,78693,NONE,none,none,"No matching subset — create one or confirm these belong in ""Marvel 2025 Topps Chrome"""
Marvel 2025 Topps Chrome,Marvel 2025 Topps Chrome,32,Red Shimmer,1,78696,NONE,none,none,"No matching subset — create one or confirm these belong in ""Marvel 2025 Topps Chrome"""
Marvel 2025 Topps Chrome,Marvel 2025 Topps Chrome,32,Orange Lava,1,78697,NONE,none,none,"No matching subset — create one or confirm these belong in ""Marvel 2025 Topps Chrome"""
Marvel 2025 Topps Chrome,Marvel 2025 Topps Chrome,32,Green Lazer,1,78698,NONE,none,none,"No matching subset — create one or confirm these belong in ""Marvel 2025 Topps Chrome"""
Marvel 2025 Topps Chrome,Marvel 2025 Topps Chrome,32,Human Torch,1,78699,NONE,none,none,"No matching subset — create one or confirm these belong in ""Marvel 2025 Topps Chrome"""
Marvel 2025 Topps Chrome,Marvel 2025 Topps Chrome,32,Gold Wave,1,78700,NONE,none,none,"No matching subset — create one or confirm these belong in ""Marvel 2025 Topps Chrome"""
Marvel 2025 Topps Chrome,Marvel 2025 Topps Chrome,32,Clawed,1,78701,NONE,none,none,"No matching subset — create one or confirm these belong in ""Marvel 2025 Topps Chrome"""
Marvel 2025 Topps Chrome,Marvel 2025 Topps Chrome,32,Orange,1,78702,NONE,none,none,"No matching subset — create one or confirm these belong in ""Marvel 2025 Topps Chrome"""
Marvel 2025 Topps Chrome,Marvel 2025 Topps Chrome,32,Rose Gold Mini Diamonds,1,78703,NONE,none,none,"No matching subset — create one or confirm these belong in ""Marvel 2025 Topps Chrome"""
Marvel 2025 Topps Chrome,Marvel 2025 Topps Chrome,32,Web,1,78704,NONE,none,none,"No matching subset — create one or confirm these belong in ""Marvel 2025 Topps Chrome"""
Marvel 2025 Topps Chrome,Marvel 2025 Topps Chrome,32,Purple Shimmer,1,78713,NONE,none,none,"No matching subset — create one or confirm these belong in ""Marvel 2025 Topps Chrome"""
Marvel 2025 Topps Chrome,Marvel 2025 Topps Chrome,1,Orange,1,78377,NONE,none,none,"No matching subset — create one or confirm these belong in ""Marvel 2025 Topps Chrome"""
Marvel 2025 Topps Chrome,Marvel 2025 Topps Chrome,1,Blue Red Web,1,78378,NONE,none,none,"No matching subset — create one or confirm these belong in ""Marvel 2025 Topps Chrome"""
Marvel 2025 Topps Chrome,Marvel 2025 Topps Chrome,1,Blue Green Shimmer,1,78387,NONE,none,none,"No matching subset — create one or confirm these belong in ""Marvel 2025 Topps Chrome"""
Marvel 2025 Topps Chrome,Marvel 2025 Topps Chrome,1,Yellow Lava,1,78398,NONE,none,none,"No matching subset — create one or confirm these belong in ""Marvel 2025 Topps Chrome"""
Marvel 2025 Topps Chrome,Marvel 2025 Topps Chrome,1,Purple Shimmer,1,78410,NONE,none,none,"No matching subset — create one or confirm these belong in ""Marvel 2025 Topps Chrome"""
Marvel 2025 Topps Chrome,Marvel 2025 Topps Chrome,1,Blue,1,78412,NONE,none,none,"No matching subset — create one or confirm these belong in ""Marvel 2025 Topps Chrome"""
Marvel 2025 Topps Chrome,Marvel 2025 Topps Chrome,1,Human Torch,1,78424,NONE,none,none,"No matching subset — create one or confirm these belong in ""Marvel 2025 Topps Chrome"""
Marvel 2025 Topps Chrome,Marvel 2025 Topps Chrome,1,Orange Lava,1,78425,NONE,none,none,"No matching subset — create one or confirm these belong in ""Marvel 2025 Topps Chrome"""
Marvel 2025 Topps Chrome,Marvel 2025 Topps Chrome,1,Green Lazer,1,78435,NONE,none,none,"No matching subset — create one or confirm these belong in ""Marvel 2025 Topps Chrome"""
Marvel 2025 Topps Chrome,Marvel 2025 Topps Chrome,1,Web,1,78454,NONE,none,none,"No matching subset — create one or confirm these belong in ""Marvel 2025 Topps Chrome"""
Marvel 2025 Topps Chrome,Marvel 2025 Topps Chrome,101,Black,1,78369,NONE,none,none,"No matching subset — create one or confirm these belong in ""Marvel 2025 Topps Chrome"""
Marvel 2025 Topps Chrome,Marvel 2025 Topps Chrome,101,Blue Red Web,1,78381,NONE,none,none,"No matching subset — create one or confirm these belong in ""Marvel 2025 Topps Chrome"""
Marvel 2025 Topps Chrome,Marvel 2025 Topps Chrome,101,Red Wave,1,78400,NONE,none,none,"No matching subset — create one or confirm these belong in ""Marvel 2025 Topps Chrome"""
Marvel 2025 Topps Chrome,Marvel 2025 Topps Chrome,101,Black Clawed,1,78403,NONE,none,none,"No matching subset — create one or confirm these belong in ""Marvel 2025 Topps Chrome"""
Marvel 2025 Topps Chrome,Marvel 2025 Topps Chrome,101,Web,1,78417,NONE,none,none,"No matching subset — create one or confirm these belong in ""Marvel 2025 Topps Chrome"""
Marvel 2025 Topps Chrome,Marvel 2025 Topps Chrome,101,Refractor,1,78440,NONE,none,none,"No matching subset — create one or confirm these belong in ""Marvel 2025 Topps Chrome"""
Marvel 2025 Topps Chrome,Marvel 2025 Topps Chrome,101,Yellow Lava,1,78452,NONE,none,none,"No matching subset — create one or confirm these belong in ""Marvel 2025 Topps Chrome"""
Marvel 2025 Topps Chrome,Marvel 2025 Topps Chrome,101,Blue,1,78460,NONE,none,none,"No matching subset — create one or confirm these belong in ""Marvel 2025 Topps Chrome"""
Marvel 2025 Topps Chrome,Marvel 2025 Topps Chrome,101,Orange Lava,1,78468,NONE,none,none,"No matching subset — create one or confirm these belong in ""Marvel 2025 Topps Chrome"""
Marvel 2025 Topps Chrome,Marvel 2025 Topps Chrome,103,Red Wave,1,78373,NONE,none,none,"No matching subset — create one or confirm these belong in ""Marvel 2025 Topps Chrome"""
Marvel 2025 Topps Chrome,Marvel 2025 Topps Chrome,103,Black Clawed,1,78385,NONE,none,none,"No matching subset — create one or confirm these belong in ""Marvel 2025 Topps Chrome"""
Marvel 2025 Topps Chrome,Marvel 2025 Topps Chrome,103,Red Clawed,1,78391,NONE,none,none,"No matching subset — create one or confirm these belong in ""Marvel 2025 Topps Chrome"""
Marvel 2025 Topps Chrome,Marvel 2025 Topps Chrome,103,Yellow Lava,1,78409,NONE,none,none,"No matching subset — create one or confirm these belong in ""Marvel 2025 Topps Chrome"""
Marvel 2025 Topps Chrome,Marvel 2025 Topps Chrome,103,Blue,1,78411,NONE,none,none,"No matching subset — create one or confirm these belong in ""Marvel 2025 Topps Chrome"""
Marvel 2025 Topps Chrome,Marvel 2025 Topps Chrome,103,Refractor,1,78420,NONE,none,none,"No matching subset — create one or confirm these belong in ""Marvel 2025 Topps Chrome"""
Marvel 2025 Topps Chrome,Marvel 2025 Topps Chrome,103,Blue Red Web,1,78445,NONE,none,none,"No matching subset — create one or confirm these belong in ""Marvel 2025 Topps Chrome"""
Marvel 2025 Topps Chrome,Marvel 2025 Topps Chrome,103,Human Torch,1,78457,NONE,none,none,"No matching subset — create one or confirm these belong in ""Marvel 2025 Topps Chrome"""
Marvel 2025 Topps Chrome,Marvel 2025 Topps Chrome,103,Web,1,78707,NONE,none,none,"No matching subset — create one or confirm these belong in ""Marvel 2025 Topps Chrome"""
Marvel 2025 Topps Chrome,Marvel 2025 Topps Chrome,149,Black,1,78402,NONE,none,none,"No matching subset — create one or confirm these belong in ""Marvel 2025 Topps Chrome"""
Marvel 2025 Topps Chrome,Marvel 2025 Topps Chrome,149,Red Wave,1,78419,NONE,none,none,"No matching subset — create one or confirm these belong in ""Marvel 2025 Topps Chrome"""
Marvel 2025 Topps Chrome,Marvel 2025 Topps Chrome,149,Gold Wave,1,78446,NONE,none,none,"No matching subset — create one or confirm these belong in ""Marvel 2025 Topps Chrome"""
Marvel 2025 Topps Chrome,Marvel 2025 Topps Chrome,149,Blue,1,78449,NONE,none,none,"No matching subset — create one or confirm these belong in ""Marvel 2025 Topps Chrome"""
Marvel 2025 Topps Chrome,Marvel 2025 Topps Chrome,149,Blue Red Web,1,78686,NONE,none,none,"No matching subset — create one or confirm these belong in ""Marvel 2025 Topps Chrome"""
Marvel 2025 Topps Chrome,Marvel 2025 Topps Chrome,149,Web,1,78689,NONE,none,none,"No matching subset — create one or confirm these belong in ""Marvel 2025 Topps Chrome"""
Marvel 2025 Topps Chrome,Marvel 2025 Topps Chrome,109,SuperFractor Clawed,1,78441,NONE,none,none,"No matching subset — create one or confirm these belong in ""Marvel 2025 Topps Chrome"""
Marvel 2025 Topps Chrome,Marvel 2025 Topps Chrome,109,Rose Gold Mini Diamonds,1,78487,NONE,none,none,"No matching subset — create one or confirm these belong in ""Marvel 2025 Topps Chrome"""
Marvel 2025 Topps Chrome,Marvel 2025 Topps Chrome,109,Black Clawed,1,78531,NONE,none,none,"No matching subset — create one or confirm these belong in ""Marvel 2025 Topps Chrome"""
Marvel 2025 Topps Chrome,Marvel 2025 Topps Chrome,109,Blue Red Web,1,78666,NONE,none,none,"No matching subset — create one or confirm these belong in ""Marvel 2025 Topps Chrome"""
Marvel 2025 Topps Chrome,Marvel 2025 Topps Chrome,109,Web,1,78671,NONE,none,none,"No matching subset — create one or confirm these belong in ""Marvel 2025 Topps Chrome"""
Marvel 2025 Topps Chrome,Marvel 2025 Topps Chrome,110,Human Torch,1,78442,NONE,none,none,"No matching subset — create one or confirm these belong in ""Marvel 2025 Topps Chrome"""
Marvel 2025 Topps Chrome,Marvel 2025 Topps Chrome,110,Gold Wave,1,78543,NONE,none,none,"No matching subset — create one or confirm these belong in ""Marvel 2025 Topps Chrome"""
Marvel 2025 Topps Chrome,Marvel 2025 Topps Chrome,110,Orange,1,78562,NONE,none,none,"No matching subset — create one or confirm these belong in ""Marvel 2025 Topps Chrome"""
Marvel 2025 Topps Chrome,Marvel 2025 Topps Chrome,110,Blue Red Web,1,78623,NONE,none,none,"No matching subset — create one or confirm these belong in ""Marvel 2025 Topps Chrome"""
Marvel 2025 Topps Chrome,Marvel 2025 Topps Chrome,110,Web,1,78632,NONE,none,none,"No matching subset — create one or confirm these belong in ""Marvel 2025 Topps Chrome"""
Marvel 2025 Topps Chrome,Marvel 2025 Topps Chrome,143,Yellow Lava,1,78459,NONE,none,none,"No matching subset — create one or confirm these belong in ""Marvel 2025 Topps Chrome"""
Marvel 2025 Topps Chrome,Marvel 2025 Topps Chrome,143,Red Wave,1,78466,NONE,none,none,"No matching subset — create one or confirm these belong in ""Marvel 2025 Topps Chrome"""
Marvel 2025 Topps Chrome,Marvel 2025 Topps Chrome,143,Black,1,78494,NONE,none,none,"No matching subset — create one or confirm these belong in ""Marvel 2025 Topps Chrome"""
Marvel 2025 Topps Chrome,Marvel 2025 Topps Chrome,143,Blue Red Web,1,78635,NONE,none,none,"No matching subset — create one or confirm these belong in ""Marvel 2025 Topps Chrome"""
Marvel 2025 Topps Chrome,Marvel 2025 Topps Chrome,143,Web,1,78640,NONE,none,none,"No matching subset — create one or confirm these belong in ""Marvel 2025 Topps Chrome"""
Marvel 2025 Topps Chrome,Marvel 2025 Topps Chrome,16,SuperFractor,1,78396,NONE,none,none,"No matching subset — create one or confirm these belong in ""Marvel 2025 Topps Chrome"""
Marvel 2025 Topps Chrome,Marvel 2025 Topps Chrome,16,Red Clawed,1,78476,NONE,none,none,"No matching subset — create one or confirm these belong in ""Marvel 2025 Topps Chrome"""
Marvel 2025 Topps Chrome,Marvel 2025 Topps Chrome,16,Purple Shimmer,1,78598,NONE,none,none,"No matching subset — create one or confirm these belong in ""Marvel 2025 Topps Chrome"""
Marvel 2025 Topps Chrome,Marvel 2025 Topps Chrome,16,Blue Red Web,1,78654,NONE,none,none,"No matching subset — create one or confirm these belong in ""Marvel 2025 Topps Chrome"""
Marvel 2025 Topps Chrome,Marvel 2025 Topps Chrome,16,Web,1,78664,NONE,none,none,"No matching subset — create one or confirm these belong in ""Marvel 2025 Topps Chrome"""
Marvel 2025 Topps Chrome,Marvel 2025 Topps Chrome,8,Red Clawed,1,78393,NONE,none,none,"No matching subset — create one or confirm these belong in ""Marvel 2025 Topps Chrome"""
Marvel 2025 Topps Chrome,Marvel 2025 Topps Chrome,8,Gold Wave,1,78514,NONE,none,none,"No matching subset — create one or confirm these belong in ""Marvel 2025 Topps Chrome"""
Marvel 2025 Topps Chrome,Marvel 2025 Topps Chrome,8,Black,1,78533,NONE,none,none,"No matching subset — create one or confirm these belong in ""Marvel 2025 Topps Chrome"""
Marvel 2025 Topps Chrome,Marvel 2025 Topps Chrome,8,Blue Red Web,1,78636,NONE,none,none,"No matching subset — create one or confirm these belong in ""Marvel 2025 Topps Chrome"""
Marvel 2025 Topps Chrome,Marvel 2025 Topps Chrome,8,Web,1,78642,NONE,none,none,"No matching subset — create one or confirm these belong in ""Marvel 2025 Topps Chrome"""
Marvel 2025 Topps Chrome,Marvel 2025 Topps Chrome,84,SuperFractor Clawed,1,78374,NONE,none,none,"No matching subset — create one or confirm these belong in ""Marvel 2025 Topps Chrome"""
Marvel 2025 Topps Chrome,Marvel 2025 Topps Chrome,84,Black Clawed,1,78407,NONE,none,none,"No matching subset — create one or confirm these belong in ""Marvel 2025 Topps Chrome"""
Marvel 2025 Topps Chrome,Marvel 2025 Topps Chrome,84,Yellow Lava,1,78422,NONE,none,none,"No matching subset — create one or confirm these belong in ""Marvel 2025 Topps Chrome"""
Marvel 2025 Topps Chrome,Marvel 2025 Topps Chrome,84,Black,1,78453,NONE,none,none,"No matching subset — create one or confirm these belong in ""Marvel 2025 Topps Chrome"""
Marvel 2025 Topps Chrome,Marvel 2025 Topps Chrome,112,Red Clawed,1,78413,NONE,none,none,"No matching subset — create one or confirm these belong in ""Marvel 2025 Topps Chrome"""
Marvel 2025 Topps Chrome,Marvel 2025 Topps Chrome,112,Orange,1,78458,NONE,none,none,"No matching subset — create one or confirm these belong in ""Marvel 2025 Topps Chrome"""
Marvel 2025 Topps Chrome,Marvel 2025 Topps Chrome,112,Blue Red Web,1,78644,NONE,none,none,"No matching subset — create one or confirm these belong in ""Marvel 2025 Topps Chrome"""
Marvel 2025 Topps Chrome,Marvel 2025 Topps Chrome,112,Web,1,78645,NONE,none,none,"No matching subset — create one or confirm these belong in ""Marvel 2025 Topps Chrome"""
Marvel 2025 Topps Chrome,Marvel 2025 Topps Chrome,13,Green Lazer,1,78472,NONE,none,none,"No matching subset — create one or confirm these belong in ""Marvel 2025 Topps Chrome"""
Marvel 2025 Topps Chrome,Marvel 2025 Topps Chrome,13,SuperFractor,1,78563,NONE,none,none,"No matching subset — create one or confirm these belong in ""Marvel 2025 Topps Chrome"""
Marvel 2025 Topps Chrome,Marvel 2025 Topps Chrome,13,Blue Red Web,1,78608,NONE,none,none,"No matching subset — create one or confirm these belong in ""Marvel 2025 Topps Chrome"""
Marvel 2025 Topps Chrome,Marvel 2025 Topps Chrome,13,Web,1,78611,NONE,none,none,"No matching subset — create one or confirm these belong in ""Marvel 2025 Topps Chrome"""
Marvel 2025 Topps Chrome,Marvel 2025 Topps Chrome,135,SuperFractor,1,78371,NONE,none,none,"No matching subset — create one or confirm these belong in ""Marvel 2025 Topps Chrome"""
Marvel 2025 Topps Chrome,Marvel 2025 Topps Chrome,135,Red Wave,1,78512,NONE,none,none,"No matching subset — create one or confirm these belong in ""Marvel 2025 Topps Chrome"""
Marvel 2025 Topps Chrome,Marvel 2025 Topps Chrome,135,Blue Red Web,1,78607,NONE,none,none,"No matching subset — create one or confirm these belong in ""Marvel 2025 Topps Chrome"""
Marvel 2025 Topps Chrome,Marvel 2025 Topps Chrome,135,Web,1,78610,NONE,none,none,"No matching subset — create one or confirm these belong in ""Marvel 2025 Topps Chrome"""
Marvel 2025 Topps Chrome,Marvel 2025 Topps Chrome,142,Green Lazer,1,78524,NONE,none,none,"No matching subset — create one or confirm these belong in ""Marvel 2025 Topps Chrome"""
Marvel 2025 Topps Chrome,Marvel 2025 Topps Chrome,142,Orange,1,78541,NONE,none,none,"No matching subset — create one or confirm these belong in ""Marvel 2025 Topps Chrome"""
Marvel 2025 Topps Chrome,Marvel 2025 Topps Chrome,142,Blue Red Web,1,78638,NONE,none,none,"No matching subset — create one or confirm these belong in ""Marvel 2025 Topps Chrome"""
Marvel 2025 Topps Chrome,Marvel 2025 Topps Chrome,142,Web,1,78648,NONE,none,none,"No matching subset — create one or confirm these belong in ""Marvel 2025 Topps Chrome"""
Marvel 2025 Topps Chrome,Marvel 2025 Topps Chrome,156,SuperFractor,1,78375,NONE,none,none,"No matching subset — create one or confirm these belong in ""Marvel 2025 Topps Chrome"""
Marvel 2025 Topps Chrome,Marvel 2025 Topps Chrome,156,Red Wave,1,78382,NONE,none,none,"No matching subset — create one or confirm these belong in ""Marvel 2025 Topps Chrome"""
Marvel 2025 Topps Chrome,Marvel 2025 Topps Chrome,156,Human Torch,1,78450,NONE,none,none,"No matching subset — create one or confirm these belong in ""Marvel 2025 Topps Chrome"""
Marvel 2025 Topps Chrome,Marvel 2025 Topps Chrome,158,Clawed,1,78397,NONE,none,none,"No matching subset — create one or confirm these belong in ""Marvel 2025 Topps Chrome"""
Marvel 2025 Topps Chrome,Marvel 2025 Topps Chrome,158,Black Clawed,1,78501,NONE,none,none,"No matching subset — create one or confirm these belong in ""Marvel 2025 Topps Chrome"""
Marvel 2025 Topps Chrome,Marvel 2025 Topps Chrome,158,Blue Red Web,1,78658,NONE,none,none,"No matching subset — create one or confirm these belong in ""Marvel 2025 Topps Chrome"""
Marvel 2025 Topps Chrome,Marvel 2025 Topps Chrome,158,Web,1,78662,NONE,none,none,"No matching subset — create one or confirm these belong in ""Marvel 2025 Topps Chrome"""
Marvel 2025 Topps Chrome,Marvel 2025 Topps Chrome,182,Gold Wave,1,78473,NONE,none,none,"No matching subset — create one or confirm these belong in ""Marvel 2025 Topps Chrome"""
Marvel 2025 Topps Chrome,Marvel 2025 Topps Chrome,182,Clawed,1,78530,NONE,none,none,"No matching subset — create one or confirm these belong in ""Marvel 2025 Topps Chrome"""
Marvel 2025 Topps Chrome,Marvel 2025 Topps Chrome,182,Blue Red Web,1,78651,NONE,none,none,"No matching subset — create one or confirm these belong in ""Marvel 2025 Topps Chrome"""
Marvel 2025 Topps Chrome,Marvel 2025 Topps Chrome,182,Web,1,78656,NONE,none,none,"No matching subset — create one or confirm these belong in ""Marvel 2025 Topps Chrome"""
Marvel 2025 Topps Chrome,Marvel 2025 Topps Chrome,2,SuperFractor,1,78372,NONE,none,none,"No matching subset — create one or confirm these belong in ""Marvel 2025 Topps Chrome"""
Marvel 2025 Topps Chrome,Marvel 2025 Topps Chrome,2,Red Shimmer,1,78498,NONE,none,none,"No matching subset — create one or confirm these belong in ""Marvel 2025 Topps Chrome"""
Marvel 2025 Topps Chrome,Marvel 2025 Topps Chrome,2,Blue Red Web,1,78668,NONE,none,none,"No matching subset — create one or confirm these belong in ""Marvel 2025 Topps Chrome"""
Marvel 2025 Topps Chrome,Marvel 2025 Topps Chrome,2,Web,1,78673,NONE,none,none,"No matching subset — create one or confirm these belong in ""Marvel 2025 Topps Chrome"""
Marvel 2025 Topps Chrome,Marvel 2025 Topps Chrome,7,Human Torch,1,78518,NONE,none,none,"No matching subset — create one or confirm these belong in ""Marvel 2025 Topps Chrome"""
Marvel 2025 Topps Chrome,Marvel 2025 Topps Chrome,7,Blue Red Web,1,78575,NONE,none,none,"No matching subset — create one or confirm these belong in ""Marvel 2025 Topps Chrome"""
Marvel 2025 Topps Chrome,Marvel 2025 Topps Chrome,7,Web,1,78580,NONE,none,none,"No matching subset — create one or confirm these belong in ""Marvel 2025 Topps Chrome"""
Marvel 2025 Topps Chrome,Marvel 2025 Topps Chrome,70,SuperFractor,1,78439,NONE,none,none,"No matching subset — create one or confirm these belong in ""Marvel 2025 Topps Chrome"""
Marvel 2025 Topps Chrome,Marvel 2025 Topps Chrome,70,Orange Lava,1,78596,NONE,none,none,"No matching subset — create one or confirm these belong in ""Marvel 2025 Topps Chrome"""
Marvel 2025 Topps Chrome,Marvel 2025 Topps Chrome,70,Blue Red Web,1,78661,NONE,none,none,"No matching subset — create one or confirm these belong in ""Marvel 2025 Topps Chrome"""
Marvel 2025 Topps Chrome,Marvel 2025 Topps Chrome,70,Human Torch,1,78714,NONE,none,none,"No matching subset — create one or confirm these belong in ""Marvel 2025 Topps Chrome"""
Marvel 2025 Topps Chrome,Marvel 2025 Topps Chrome,83,SuperFractor,1,78392,NONE,none,none,"No matching subset — create one or confirm these belong in ""Marvel 2025 Topps Chrome"""
Marvel 2025 Topps Chrome,Marvel 2025 Topps Chrome,83,Human Torch,1,78492,NONE,none,none,"No matching subset — create one or confirm these belong in ""Marvel 2025 Topps Chrome"""
Marvel 2025 Topps Chrome,Marvel 2025 Topps Chrome,83,Blue Red Web,1,78706,NONE,none,none,"No matching subset — create one or confirm these belong in ""Marvel 2025 Topps Chrome"""
Marvel 2025 Topps Chrome,Marvel 2025 Topps Chrome,83,Web,1,78712,NONE,none,none,"No matching subset — create one or confirm these belong in ""Marvel 2025 Topps Chrome"""
Marvel 2025 Topps Chrome,Marvel 2025 Topps Chrome,86,Rose Gold Mini Diamonds,1,78474,NONE,none,none,"No matching subset — create one or confirm these belong in ""Marvel 2025 Topps Chrome"""
Marvel 2025 Topps Chrome,Marvel 2025 Topps Chrome,86,Clawed,1,78490,NONE,none,none,"No matching subset — create one or confirm these belong in ""Marvel 2025 Topps Chrome"""
Marvel 2025 Topps Chrome,Marvel 2025 Topps Chrome,86,Blue Red Web,1,78708,NONE,none,none,"No matching subset — create one or confirm these belong in ""Marvel 2025 Topps Chrome"""
Marvel 2025 Topps Chrome,Marvel 2025 Topps Chrome,86,Web,1,78710,NONE,none,none,"No matching subset — create one or confirm these belong in ""Marvel 2025 Topps Chrome"""
Marvel 2025 Topps Chrome,Marvel 2025 Topps Chrome,108,Black Clawed,1,78462,NONE,none,none,"No matching subset — create one or confirm these belong in ""Marvel 2025 Topps Chrome"""
Marvel 2025 Topps Chrome,Marvel 2025 Topps Chrome,108,Blue Red Web,1,78631,NONE,none,none,"No matching subset — create one or confirm these belong in ""Marvel 2025 Topps Chrome"""
Marvel 2025 Topps Chrome,Marvel 2025 Topps Chrome,108,Web,1,78634,NONE,none,none,"No matching subset — create one or confirm these belong in ""Marvel 2025 Topps Chrome"""
Marvel 2025 Topps Chrome,Marvel 2025 Topps Chrome,11,Blue Red Web,1,78650,NONE,none,none,"No matching subset — create one or confirm these belong in ""Marvel 2025 Topps Chrome"""
Marvel 2025 Topps Chrome,Marvel 2025 Topps Chrome,11,Web,1,78653,NONE,none,none,"No matching subset — create one or confirm these belong in ""Marvel 2025 Topps Chrome"""
Marvel 2025 Topps Chrome,Marvel 2025 Topps Chrome,113,Black,1,78564,NONE,none,none,"No matching subset — create one or confirm these belong in ""Marvel 2025 Topps Chrome"""
Marvel 2025 Topps Chrome,Marvel 2025 Topps Chrome,113,Blue Red Web,1,78692,NONE,none,none,"No matching subset — create one or confirm these belong in ""Marvel 2025 Topps Chrome"""
Marvel 2025 Topps Chrome,Marvel 2025 Topps Chrome,113,Web,1,78694,NONE,none,none,"No matching subset — create one or confirm these belong in ""Marvel 2025 Topps Chrome"""
Marvel 2025 Topps Chrome,Marvel 2025 Topps Chrome,126,SuperFractor Clawed,1,78394,NONE,none,none,"No matching subset — create one or confirm these belong in ""Marvel 2025 Topps Chrome"""
Marvel 2025 Topps Chrome,Marvel 2025 Topps Chrome,126,Human Torch,1,78464,NONE,none,none,"No matching subset — create one or confirm these belong in ""Marvel 2025 Topps Chrome"""
Marvel 2025 Topps Chrome,Marvel 2025 Topps Chrome,126,Blue Red Web,1,78513,NONE,none,none,"No matching subset — create one or confirm these belong in ""Marvel 2025 Topps Chrome"""
Marvel 2025 Topps Chrome,Marvel 2025 Topps Chrome,127,Orange Lava,1,78432,NONE,none,none,"No matching subset — create one or confirm these belong in ""Marvel 2025 Topps Chrome"""
Marvel 2025 Topps Chrome,Marvel 2025 Topps Chrome,127,Blue Red Web,1,78612,NONE,none,none,"No matching subset — create one or confirm these belong in ""Marvel 2025 Topps Chrome"""
Marvel 2025 Topps Chrome,Marvel 2025 Topps Chrome,127,Web,1,78615,NONE,none,none,"No matching subset — create one or confirm these belong in ""Marvel 2025 Topps Chrome"""
Marvel 2025 Topps Chrome,Marvel 2025 Topps Chrome,134,Red Clawed,1,78526,NONE,none,none,"No matching subset — create one or confirm these belong in ""Marvel 2025 Topps Chrome"""
Marvel 2025 Topps Chrome,Marvel 2025 Topps Chrome,134,Blue Red Web,1,78627,NONE,none,none,"No matching subset — create one or confirm these belong in ""Marvel 2025 Topps Chrome"""
Marvel 2025 Topps Chrome,Marvel 2025 Topps Chrome,134,Web,1,78629,NONE,none,none,"No matching subset — create one or confirm these belong in ""Marvel 2025 Topps Chrome"""
Marvel 2025 Topps Chrome,Marvel 2025 Topps Chrome,150,SuperFractor,1,78399,NONE,none,none,"No matching subset — create one or confirm these belong in ""Marvel 2025 Topps Chrome"""
Marvel 2025 Topps Chrome,Marvel 2025 Topps Chrome,150,Orange Lava,1,78479,NONE,none,none,"No matching subset — create one or confirm these belong in ""Marvel 2025 Topps Chrome"""
Marvel 2025 Topps Chrome,Marvel 2025 Topps Chrome,150,Black,1,78593,NONE,none,none,"No matching subset — create one or confirm these belong in ""Marvel 2025 Topps Chrome"""
Marvel 2025 Topps Chrome,Marvel 2025 Topps Chrome,168,Blue Red Web,1,78622,NONE,none,none,"No matching subset — create one or confirm these belong in ""Marvel 2025 Topps Chrome"""
Marvel 2025 Topps Chrome,Marvel 2025 Topps Chrome,168,Web,1,78625,NONE,none,none,"No matching subset — create one or confirm these belong in ""Marvel 2025 Topps Chrome"""
Marvel 2025 Topps Chrome,Marvel 2025 Topps Chrome,170,Human Torch,1,78565,NONE,none,none,"No matching subset — create one or confirm these belong in ""Marvel 2025 Topps Chrome"""
Marvel 2025 Topps Chrome,Marvel 2025 Topps Chrome,170,Blue Red Web,1,78613,NONE,none,none,"No matching subset — create one or confirm these belong in ""Marvel 2025 Topps Chrome"""
Marvel 2025 Topps Chrome,Marvel 2025 Topps Chrome,170,Web,1,78616,NONE,none,none,"No matching subset — create one or confirm these belong in ""Marvel 2025 Topps Chrome"""
Marvel 2025 Topps Chrome,Marvel 2025 Topps Chrome,175,Rose Gold Mini Diamonds,1,78508,NONE,none,none,"No matching subset — create one or confirm these belong in ""Marvel 2025 Topps Chrome"""
Marvel 2025 Topps Chrome,Marvel 2025 Topps Chrome,175,Black Clawed,1,78521,NONE,none,none,"No matching subset — create one or confirm these belong in ""Marvel 2025 Topps Chrome"""
Marvel 2025 Topps Chrome,Marvel 2025 Topps Chrome,175,Clawed,1,78545,NONE,none,none,"No matching subset — create one or confirm these belong in ""Marvel 2025 Topps Chrome"""
Marvel 2025 Topps Chrome,Marvel 2025 Topps Chrome,199,Black,1,78570,NONE,none,none,"No matching subset — create one or confirm these belong in ""Marvel 2025 Topps Chrome"""
Marvel 2025 Topps Chrome,Marvel 2025 Topps Chrome,199,Gold Wave,1,78573,NONE,none,none,"No matching subset — create one or confirm these belong in ""Marvel 2025 Topps Chrome"""
Marvel 2025 Topps Chrome,Marvel 2025 Topps Chrome,199,Red Wave,1,78592,NONE,none,none,"No matching subset — create one or confirm these belong in ""Marvel 2025 Topps Chrome"""
Marvel 2025 Topps Chrome,Marvel 2025 Topps Chrome,200,Rose Gold Mini Diamonds,1,78547,NONE,none,none,"No matching subset — create one or confirm these belong in ""Marvel 2025 Topps Chrome"""
Marvel 2025 Topps Chrome,Marvel 2025 Topps Chrome,200,Blue Red Web,1,78681,NONE,none,none,"No matching subset — create one or confirm these belong in ""Marvel 2025 Topps Chrome"""
Marvel 2025 Topps Chrome,Marvel 2025 Topps Chrome,200,Web,1,78685,NONE,none,none,"No matching subset — create one or confirm these belong in ""Marvel 2025 Topps Chrome"""
Marvel 2025 Topps Chrome,Marvel 2025 Topps Chrome,4,Red Clawed,1,78408,NONE,none,none,"No matching subset — create one or confirm these belong in ""Marvel 2025 Topps Chrome"""
Marvel 2025 Topps Chrome,Marvel 2025 Topps Chrome,4,Black,1,78434,NONE,none,none,"No matching subset — create one or confirm these belong in ""Marvel 2025 Topps Chrome"""
Marvel 2025 Topps Chrome,Marvel 2025 Topps Chrome,4,Black Clawed,1,78437,NONE,none,none,"No matching subset — create one or confirm these belong in ""Marvel 2025 Topps Chrome"""
Marvel 2025 Topps Chrome,Marvel 2025 Topps Chrome,43,Blue Green Shimmer,1,78386,NONE,none,none,"No matching subset — create one or confirm these belong in ""Marvel 2025 Topps Chrome"""
Marvel 2025 Topps Chrome,Marvel 2025 Topps Chrome,43,SuperFractor,1,78443,NONE,none,none,"No matching subset — create one or confirm these belong in ""Marvel 2025 Topps Chrome"""
Marvel 2025 Topps Chrome,Marvel 2025 Topps Chrome,43,Clawed,1,78520,NONE,none,none,"No matching subset — create one or confirm these belong in ""Marvel 2025 Topps Chrome"""
Marvel 2025 Topps Chrome,Marvel 2025 Topps Chrome,49,Rose Gold Mini Diamonds,1,78500,NONE,none,none,"No matching subset — create one or confirm these belong in ""Marvel 2025 Topps Chrome"""
Marvel 2025 Topps Chrome,Marvel 2025 Topps Chrome,49,Blue Red Web,1,78620,NONE,none,none,"No matching subset — create one or confirm these belong in ""Marvel 2025 Topps Chrome"""
Marvel 2025 Topps Chrome,Marvel 2025 Topps Chrome,49,Web,1,78621,NONE,none,none,"No matching subset — create one or confirm these belong in ""Marvel 2025 Topps Chrome"""
Marvel 2025 Topps Chrome,Marvel 2025 Topps Chrome,54,Blue Red Web,1,78585,NONE,none,none,"No matching subset — create one or confirm these belong in ""Marvel 2025 Topps Chrome"""
Marvel 2025 Topps Chrome,Marvel 2025 Topps Chrome,54,Web,1,78587,NONE,none,none,"No matching subset — create one or confirm these belong in ""Marvel 2025 Topps Chrome"""
Marvel 2025 Topps Chrome,Marvel 2025 Topps Chrome,54,Red Shimmer,1,78603,NONE,none,none,"No matching subset — create one or confirm these belong in ""Marvel 2025 Topps Chrome"""
Marvel 2025 Topps Chrome,Marvel 2025 Topps Chrome,57,Orange,1,78559,NONE,none,none,"No matching subset — create one or confirm these belong in ""Marvel 2025 Topps Chrome"""
Marvel 2025 Topps Chrome,Marvel 2025 Topps Chrome,57,Blue Red Web,1,78639,NONE,none,none,"No matching subset — create one or confirm these belong in ""Marvel 2025 Topps Chrome"""
Marvel 2025 Topps Chrome,Marvel 2025 Topps Chrome,57,Web,1,78643,NONE,none,none,"No matching subset — create one or confirm these belong in ""Marvel 2025 Topps Chrome"""
Marvel 2025 Topps Chrome,Marvel 2025 Topps Chrome,61,SuperFractor,1,78415,NONE,none,none,"No matching subset — create one or confirm these belong in ""Marvel 2025 Topps Chrome"""
Marvel 2025 Topps Chrome,Marvel 2025 Topps Chrome,61,Blue Red Web,1,78637,NONE,none,none,"No matching subset — create one or confirm these belong in ""Marvel 2025 Topps Chrome"""
Marvel 2025 Topps Chrome,Marvel 2025 Topps Chrome,61,Web,1,78641,NONE,none,none,"No matching subset — create one or confirm these belong in ""Marvel 2025 Topps Chrome"""
Marvel 2025 Topps Chrome,Marvel 2025 Topps Chrome,66,Web,1,78589,NONE,none,none,"No matching subset — create one or confirm these belong in ""Marvel 2025 Topps Chrome"""
Marvel 2025 Topps Chrome,Marvel 2025 Topps Chrome,66,Blue Red Web,1,78609,NONE,none,none,"No matching subset — create one or confirm these belong in ""Marvel 2025 Topps Chrome"""
Marvel 2025 Topps Chrome,Marvel 2025 Topps Chrome,69,Orange,1,78502,NONE,none,none,"No matching subset — create one or confirm these belong in ""Marvel 2025 Topps Chrome"""
Marvel 2025 Topps Chrome,Marvel 2025 Topps Chrome,69,Black,1,78572,NONE,none,none,"No matching subset — create one or confirm these belong in ""Marvel 2025 Topps Chrome"""
Marvel 2025 Topps Chrome,Marvel 2025 Topps Chrome,69,Rose Gold Mini Diamonds,1,78599,NONE,none,none,"No matching subset — create one or confirm these belong in ""Marvel 2025 Topps Chrome"""
Marvel 2025 Topps Chrome,Marvel 2025 Topps Chrome,73,Gold Wave,1,78503,NONE,none,none,"No matching subset — create one or confirm these belong in ""Marvel 2025 Topps Chrome"""
Marvel 2025 Topps Chrome,Marvel 2025 Topps Chrome,73,Red Clawed,1,78523,NONE,none,none,"No matching subset — create one or confirm these belong in ""Marvel 2025 Topps Chrome"""
Marvel 2025 Topps Chrome,Marvel 2025 Topps Chrome,73,Green Lazer,1,78557,NONE,none,none,"No matching subset — create one or confirm these belong in ""Marvel 2025 Topps Chrome"""
Marvel 2025 Topps Chrome,Marvel 2025 Topps Chrome,74,Refractor,1,78430,NONE,none,none,"No matching subset — create one or confirm these belong in ""Marvel 2025 Topps Chrome"""
Marvel 2025 Topps Chrome,Marvel 2025 Topps Chrome,74,Blue Red Web,1,78660,NONE,none,none,"No matching subset — create one or confirm these belong in ""Marvel 2025 Topps Chrome"""
Marvel 2025 Topps Chrome,Marvel 2025 Topps Chrome,74,Web,1,78663,NONE,none,none,"No matching subset — create one or confirm these belong in ""Marvel 2025 Topps Chrome"""
Marvel 2025 Topps Chrome,Marvel 2025 Topps Chrome,91,Red Clawed,1,78509,NONE,none,none,"No matching subset — create one or confirm these belong in ""Marvel 2025 Topps Chrome"""
Marvel 2025 Topps Chrome,Marvel 2025 Topps Chrome,91,Blue Red Web,1,78614,NONE,none,none,"No matching subset — create one or confirm these belong in ""Marvel 2025 Topps Chrome"""
Marvel 2025 Topps Chrome,Marvel 2025 Topps Chrome,91,Web,1,78618,NONE,none,none,"No matching subset — create one or confirm these belong in ""Marvel 2025 Topps Chrome"""
Marvel 2025 Topps Chrome,Marvel 2025 Topps Chrome,92,Web,1,78404,NONE,none,none,"No matching subset — create one or confirm these belong in ""Marvel 2025 Topps Chrome"""
Marvel 2025 Topps Chrome,Marvel 2025 Topps Chrome,92,Black Clawed,1,78456,NONE,none,none,"No matching subset — create one or confirm these belong in ""Marvel 2025 Topps Chrome"""
Marvel 2025 Topps Chrome,Marvel 2025 Topps Chrome,92,Red Clawed,1,78536,NONE,none,none,"No matching subset — create one or confirm these belong in ""Marvel 2025 Topps Chrome"""
Marvel 2025 Topps Chrome,Marvel 2025 Topps Chrome,95,SuperFractor,1,78376,NONE,none,none,"No matching subset — create one or confirm these belong in ""Marvel 2025 Topps Chrome"""
Marvel 2025 Topps Chrome,Marvel 2025 Topps Chrome,95,Blue Red Web,1,78655,NONE,none,none,"No matching subset — create one or confirm these belong in ""Marvel 2025 Topps Chrome"""
Marvel 2025 Topps Chrome,Marvel 2025 Topps Chrome,95,Web,1,78657,NONE,none,none,"No matching subset — create one or confirm these belong in ""Marvel 2025 Topps Chrome"""
Marvel 2025 Topps Chrome,Marvel 2025 Topps Chrome,97,Purple Shimmer,1,78488,NONE,none,none,"No matching subset — create one or confirm these belong in ""Marvel 2025 Topps Chrome"""
Marvel 2025 Topps Chrome,Marvel 2025 Topps Chrome,97,Human Torch,1,78515,NONE,none,none,"No matching subset — create one or confirm these belong in ""Marvel 2025 Topps Chrome"""
Marvel 2025 Topps Chrome,Marvel 2025 Topps Chrome,97,Red Wave,1,78602,NONE,none,none,"No matching subset — create one or confirm these belong in ""Marvel 2025 Topps Chrome"""
Marvel 2025 Topps Chrome,Marvel 2025 Topps Chrome,100,Blue Red Web,1,78705,NONE,none,none,"No matching subset — create one or confirm these belong in ""Marvel 2025 Topps Chrome"""
Marvel 2025 Topps Chrome,Marvel 2025 Topps Chrome,100,Web,1,78709,NONE,none,none,"No matching subset — create one or confirm these belong in ""Marvel 2025 Topps Chrome"""
Marvel 2025 Topps Chrome,Marvel 2025 Topps Chrome,104,Blue Red Web,1,78646,NONE,none,none,"No matching subset — create one or confirm these belong in ""Marvel 2025 Topps Chrome"""
Marvel 2025 Topps Chrome,Marvel 2025 Topps Chrome,104,Web,1,78649,NONE,none,none,"No matching subset — create one or confirm these belong in ""Marvel 2025 Topps Chrome"""
Marvel 2025 Topps Chrome,Marvel 2025 Topps Chrome,105,Rose Gold Mini Diamonds,1,78470,NONE,none,none,"No matching subset — create one or confirm these belong in ""Marvel 2025 Topps Chrome"""
Marvel 2025 Topps Chrome,Marvel 2025 Topps Chrome,105,Clawed,1,78561,NONE,none,none,"No matching subset — create one or confirm these belong in ""Marvel 2025 Topps Chrome"""
Marvel 2025 Topps Chrome,Marvel 2025 Topps Chrome,106,Orange,1,78553,NONE,none,none,"No matching subset — create one or confirm these belong in ""Marvel 2025 Topps Chrome"""
Marvel 2025 Topps Chrome,Marvel 2025 Topps Chrome,106,Purple Shimmer,1,78600,NONE,none,none,"No matching subset — create one or confirm these belong in ""Marvel 2025 Topps Chrome"""
Marvel 2025 Topps Chrome,Marvel 2025 Topps Chrome,115,Blue Red Web,1,78574,NONE,none,none,"No matching subset — create one or confirm these belong in ""Marvel 2025 Topps Chrome"""
Marvel 2025 Topps Chrome,Marvel 2025 Topps Chrome,115,Web,1,78579,NONE,none,none,"No matching subset — create one or confirm these belong in ""Marvel 2025 Topps Chrome"""
Marvel 2025 Topps Chrome,Marvel 2025 Topps Chrome,119,Blue Red Web,1,78669,NONE,none,none,"No matching subset — create one or confirm these belong in ""Marvel 2025 Topps Chrome"""
Marvel 2025 Topps Chrome,Marvel 2025 Topps Chrome,119,Web,1,78680,NONE,none,none,"No matching subset — create one or confirm these belong in ""Marvel 2025 Topps Chrome"""
Marvel 2025 Topps Chrome,Marvel 2025 Topps Chrome,12,Blue Red Web,1,78578,NONE,none,none,"No matching subset — create one or confirm these belong in ""Marvel 2025 Topps Chrome"""
Marvel 2025 Topps Chrome,Marvel 2025 Topps Chrome,12,Web,1,78582,NONE,none,none,"No matching subset — create one or confirm these belong in ""Marvel 2025 Topps Chrome"""
Marvel 2025 Topps Chrome,Marvel 2025 Topps Chrome,120,Orange,1,78510,NONE,none,none,"No matching subset — create one or confirm these belong in ""Marvel 2025 Topps Chrome"""
Marvel 2025 Topps Chrome,Marvel 2025 Topps Chrome,120,Black Clawed,1,78546,NONE,none,none,"No matching subset — create one or confirm these belong in ""Marvel 2025 Topps Chrome"""
Marvel 2025 Topps Chrome,Marvel 2025 Topps Chrome,121,Blue Red Web,1,78583,NONE,none,none,"No matching subset — create one or confirm these belong in ""Marvel 2025 Topps Chrome"""
Marvel 2025 Topps Chrome,Marvel 2025 Topps Chrome,121,Web,1,78584,NONE,none,none,"No matching subset — create one or confirm these belong in ""Marvel 2025 Topps Chrome"""
Marvel 2025 Topps Chrome,Marvel 2025 Topps Chrome,133,Red Gold Lazer,1,78405,NONE,none,none,"No matching subset — create one or confirm these belong in ""Marvel 2025 Topps Chrome"""
Marvel 2025 Topps Chrome,Marvel 2025 Topps Chrome,133,Red Wave,1,78539,NONE,none,none,"No matching subset — create one or confirm these belong in ""Marvel 2025 Topps Chrome"""
Marvel 2025 Topps Chrome,Marvel 2025 Topps Chrome,136,Red Shimmer,1,78506,NONE,none,none,"No matching subset — create one or confirm these belong in ""Marvel 2025 Topps Chrome"""
Marvel 2025 Topps Chrome,Marvel 2025 Topps Chrome,136,Black Clawed,1,78525,NONE,none,none,"No matching subset — create one or confirm these belong in ""Marvel 2025 Topps Chrome"""
Marvel 2025 Topps Chrome,Marvel 2025 Topps Chrome,138,Blue Red Web,1,78676,NONE,none,none,"No matching subset — create one or confirm these belong in ""Marvel 2025 Topps Chrome"""
Marvel 2025 Topps Chrome,Marvel 2025 Topps Chrome,138,Web,1,78679,NONE,none,none,"No matching subset — create one or confirm these belong in ""Marvel 2025 Topps Chrome"""
Marvel 2025 Topps Chrome,Marvel 2025 Topps Chrome,139,Blue Red Web,1,78684,NONE,none,none,"No matching subset — create one or confirm these belong in ""Marvel 2025 Topps Chrome"""
Marvel 2025 Topps Chrome,Marvel 2025 Topps Chrome,139,Web,1,78688,NONE,none,none,"No matching subset — create one or confirm these belong in ""Marvel 2025 Topps Chrome"""
Marvel 2025 Topps Chrome,Marvel 2025 Topps Chrome,146,SuperFractor,1,78379,NONE,none,none,"No matching subset — create one or confirm these belong in ""Marvel 2025 Topps Chrome"""
Marvel 2025 Topps Chrome,Marvel 2025 Topps Chrome,146,Red Clawed,1,78568,NONE,none,none,"No matching subset — create one or confirm these belong in ""Marvel 2025 Topps Chrome"""
Marvel 2025 Topps Chrome,Marvel 2025 Topps Chrome,148,Red Shimmer,1,78388,NONE,none,none,"No matching subset — create one or confirm these belong in ""Marvel 2025 Topps Chrome"""
Marvel 2025 Topps Chrome,Marvel 2025 Topps Chrome,148,Red Wave,1,78426,NONE,none,none,"No matching subset — create one or confirm these belong in ""Marvel 2025 Topps Chrome"""
Marvel 2025 Topps Chrome,Marvel 2025 Topps Chrome,161,Orange,1,78529,NONE,none,none,"No matching subset — create one or confirm these belong in ""Marvel 2025 Topps Chrome"""
Marvel 2025 Topps Chrome,Marvel 2025 Topps Chrome,161,SuperFractor,1,78542,NONE,none,none,"No matching subset — create one or confirm these belong in ""Marvel 2025 Topps Chrome"""
Marvel 2025 Topps Chrome,Marvel 2025 Topps Chrome,162,Green Lazer,1,78469,NONE,none,none,"No matching subset — create one or confirm these belong in ""Marvel 2025 Topps Chrome"""
Marvel 2025 Topps Chrome,Marvel 2025 Topps Chrome,162,Rose Gold Mini Diamonds,1,78597,NONE,none,none,"No matching subset — create one or confirm these belong in ""Marvel 2025 Topps Chrome"""
Marvel 2025 Topps Chrome,Marvel 2025 Topps Chrome,167,Blue Red Web,1,78577,NONE,none,none,"No matching subset — create one or confirm these belong in ""Marvel 2025 Topps Chrome"""
Marvel 2025 Topps Chrome,Marvel 2025 Topps Chrome,167,Web,1,78581,NONE,none,none,"No matching subset — create one or confirm these belong in ""Marvel 2025 Topps Chrome"""
Marvel 2025 Topps Chrome,Marvel 2025 Topps Chrome,17,Orange Lava,1,78522,NONE,none,none,"No matching subset — create one or confirm these belong in ""Marvel 2025 Topps Chrome"""
Marvel 2025 Topps Chrome,Marvel 2025 Topps Chrome,17,Web,1,78659,NONE,none,none,"No matching subset — create one or confirm these belong in ""Marvel 2025 Topps Chrome"""
Marvel 2025 Topps Chrome,Marvel 2025 Topps Chrome,171,Green Lazer,1,78554,NONE,none,none,"No matching subset — create one or confirm these belong in ""Marvel 2025 Topps Chrome"""
Marvel 2025 Topps Chrome,Marvel 2025 Topps Chrome,173,SuperFractor,1,78384,NONE,none,none,"No matching subset — create one or confirm these belong in ""Marvel 2025 Topps Chrome"""
Marvel 2025 Topps Chrome,Marvel 2025 Topps Chrome,173,Red Wave,1,78433,NONE,none,none,"No matching subset — create one or confirm these belong in ""Marvel 2025 Topps Chrome"""
Marvel 2025 Topps Chrome,Marvel 2025 Topps Chrome,183,SuperFractor Clawed,1,78436,NONE,none,none,"No matching subset — create one or confirm these belong in ""Marvel 2025 Topps Chrome"""
Marvel 2025 Topps Chrome,Marvel 2025 Topps Chrome,183,Gold Wave,1,78544,NONE,none,none,"No matching subset — create one or confirm these belong in ""Marvel 2025 Topps Chrome"""
Marvel 2025 Topps Chrome,Marvel 2025 Topps Chrome,187,Blue Red Web,1,78675,NONE,none,none,"No matching subset — create one or confirm these belong in ""Marvel 2025 Topps Chrome"""
Marvel 2025 Topps Chrome,Marvel 2025 Topps Chrome,187,Web,1,78678,NONE,none,none,"No matching subset — create one or confirm these belong in ""Marvel 2025 Topps Chrome"""
Marvel 2025 Topps Chrome,Marvel 2025 Topps Chrome,189,Gold Wave,1,78604,NONE,none,none,"No matching subset — create one or confirm these belong in ""Marvel 2025 Topps Chrome"""
Marvel 2025 Topps Chrome,Marvel 2025 Topps Chrome,189,Web,1,78619,NONE,none,none,"No matching subset — create one or confirm these belong in ""Marvel 2025 Topps Chrome"""
Marvel 2025 Topps Chrome,Marvel 2025 Topps Chrome,190,Black Clawed,1,78504,NONE,none,none,"No matching subset — create one or confirm these belong in ""Marvel 2025 Topps Chrome"""
Marvel 2025 Topps Chrome,Marvel 2025 Topps Chrome,190,Human Torch,1,78566,NONE,none,none,"No matching subset — create one or confirm these belong in ""Marvel 2025 Topps Chrome"""
Marvel 2025 Topps Chrome,Marvel 2025 Topps Chrome,193,Blue Red Web,1,78576,NONE,none,none,"No matching subset — create one or confirm these belong in ""Marvel 2025 Topps Chrome"""
Marvel 2025 Topps Chrome,Marvel 2025 Topps Chrome,27,Blue Red Web,1,78605,NONE,none,none,"No matching subset — create one or confirm these belong in ""Marvel 2025 Topps Chrome"""
Marvel 2025 Topps Chrome,Marvel 2025 Topps Chrome,27,Web,1,78606,NONE,none,none,"No matching subset — create one or confirm these belong in ""Marvel 2025 Topps Chrome"""
Marvel 2025 Topps Chrome,Marvel 2025 Topps Chrome,28,Blue Red Web,1,78665,NONE,none,none,"No matching subset — create one or confirm these belong in ""Marvel 2025 Topps Chrome"""
Marvel 2025 Topps Chrome,Marvel 2025 Topps Chrome,28,Web,1,78670,NONE,none,none,"No matching subset — create one or confirm these belong in ""Marvel 2025 Topps Chrome"""
Marvel 2025 Topps Chrome,Marvel 2025 Topps Chrome,29,Black,1,78427,NONE,none,none,"No matching subset — create one or confirm these belong in ""Marvel 2025 Topps Chrome"""
Marvel 2025 Topps Chrome,Marvel 2025 Topps Chrome,29,Human Torch,1,78527,NONE,none,none,"No matching subset — create one or confirm these belong in ""Marvel 2025 Topps Chrome"""
Marvel 2025 Topps Chrome,Marvel 2025 Topps Chrome,33,Gold Wave,1,78493,NONE,none,none,"No matching subset — create one or confirm these belong in ""Marvel 2025 Topps Chrome"""
Marvel 2025 Topps Chrome,Marvel 2025 Topps Chrome,33,Web,1,78617,NONE,none,none,"No matching subset — create one or confirm these belong in ""Marvel 2025 Topps Chrome"""
Marvel 2025 Topps Chrome,Marvel 2025 Topps Chrome,36,Blue Green Shimmer,1,78496,NONE,none,none,"No matching subset — create one or confirm these belong in ""Marvel 2025 Topps Chrome"""
Marvel 2025 Topps Chrome,Marvel 2025 Topps Chrome,36,Rose Gold Mini Diamonds,1,78590,NONE,none,none,"No matching subset — create one or confirm these belong in ""Marvel 2025 Topps Chrome"""
Marvel 2025 Topps Chrome,Marvel 2025 Topps Chrome,39,Blue Red Web,1,78586,NONE,none,none,"No matching subset — create one or confirm these belong in ""Marvel 2025 Topps Chrome"""
Marvel 2025 Topps Chrome,Marvel 2025 Topps Chrome,39,Web,1,78588,NONE,none,none,"No matching subset — create one or confirm these belong in ""Marvel 2025 Topps Chrome"""
Marvel 2025 Topps Chrome,Marvel 2025 Topps Chrome,44,Red Wave,1,78467,NONE,none,none,"No matching subset — create one or confirm these belong in ""Marvel 2025 Topps Chrome"""
Marvel 2025 Topps Chrome,Marvel 2025 Topps Chrome,44,Web,1,78647,NONE,none,none,"No matching subset — create one or confirm these belong in ""Marvel 2025 Topps Chrome"""
Marvel 2025 Topps Chrome,Marvel 2025 Topps Chrome,46,Blue Red Web,1,78667,NONE,none,none,"No matching subset — create one or confirm these belong in ""Marvel 2025 Topps Chrome"""
Marvel 2025 Topps Chrome,Marvel 2025 Topps Chrome,46,Web,1,78672,NONE,none,none,"No matching subset — create one or confirm these belong in ""Marvel 2025 Topps Chrome"""
Marvel 2025 Topps Chrome,Marvel 2025 Topps Chrome,5,Blue Red Web,1,78683,NONE,none,none,"No matching subset — create one or confirm these belong in ""Marvel 2025 Topps Chrome"""
Marvel 2025 Topps Chrome,Marvel 2025 Topps Chrome,5,Web,1,78687,NONE,none,none,"No matching subset — create one or confirm these belong in ""Marvel 2025 Topps Chrome"""
Marvel 2025 Topps Chrome,Marvel 2025 Topps Chrome,64,Red Clawed,1,78532,NONE,none,none,"No matching subset — create one or confirm these belong in ""Marvel 2025 Topps Chrome"""
Marvel 2025 Topps Chrome,Marvel 2025 Topps Chrome,75,Black,1,78486,NONE,none,none,"No matching subset — create one or confirm these belong in ""Marvel 2025 Topps Chrome"""
Marvel 2025 Topps Chrome,Marvel 2025 Topps Chrome,75,Orange,1,78571,NONE,none,none,"No matching subset — create one or confirm these belong in ""Marvel 2025 Topps Chrome"""
Marvel 2025 Topps Chrome,Marvel 2025 Topps Chrome,77,Rose Gold Mini Diamonds,1,78548,NONE,none,none,"No matching subset — create one or confirm these belong in ""Marvel 2025 Topps Chrome"""
Marvel 2025 Topps Chrome,Marvel 2025 Topps Chrome,77,Web,1,78626,NONE,none,none,"No matching subset — create one or confirm these belong in ""Marvel 2025 Topps Chrome"""
Marvel 2025 Topps Chrome,Marvel 2025 Topps Chrome,87,Black Clawed,1,78569,NONE,none,none,"No matching subset — create one or confirm these belong in ""Marvel 2025 Topps Chrome"""
Marvel 2025 Topps Chrome,Marvel 2025 Topps Chrome,87,Web,1,78674,NONE,none,none,"No matching subset — create one or confirm these belong in ""Marvel 2025 Topps Chrome"""
Marvel 2025 Topps Chrome,Marvel 2025 Topps Chrome,96,Blue Red Web,1,78630,NONE,none,none,"No matching subset — create one or confirm these belong in ""Marvel 2025 Topps Chrome"""
Marvel 2025 Topps Chrome,Marvel 2025 Topps Chrome,96,Web,1,78633,NONE,none,none,"No matching subset — create one or confirm these belong in ""Marvel 2025 Topps Chrome"""
Marvel 2025 Topps Chrome,Marvel 2025 Topps Chrome,98,Black,1,78499,NONE,none,none,"No matching subset — create one or confirm these belong in ""Marvel 2025 Topps Chrome"""
Marvel 2025 Topps Chrome,Marvel 2025 Topps Chrome,98,SuperFractor Clawed,1,78567,NONE,none,none,"No matching subset — create one or confirm these belong in ""Marvel 2025 Topps Chrome"""
Marvel 2025 Topps Chrome,Marvel 2025 Topps Chrome,99,SuperFractor,1,78370,NONE,none,none,"No matching subset — create one or confirm these belong in ""Marvel 2025 Topps Chrome"""
Marvel 2025 Topps Chrome,Marvel 2025 Topps Chrome,99,Black,1,78495,NONE,none,none,"No matching subset — create one or confirm these belong in ""Marvel 2025 Topps Chrome"""
Marvel 2025 Topps Chrome,Marvel 2025 Topps Chrome Avengers Infinity Die-Cut,1,SuperFractor,1,79052,NONE,none,none,"No matching subset — create one or confirm these belong in ""Marvel 2025 Topps Chrome Avengers Infinity Die-Cut"""
Marvel 2025 Topps Chrome,Marvel 2025 Topps Chrome Avengers Infinity Die-Cut,1,Mini-Diamonds Refractor,1,79053,NONE,none,none,"No matching subset — create one or confirm these belong in ""Marvel 2025 Topps Chrome Avengers Infinity Die-Cut"""
Marvel 2025 Topps Chrome,Marvel 2025 Topps Chrome Avengers Infinity Die-Cut,1,Red Wave Refractor,1,79054,NONE,none,none,"No matching subset — create one or confirm these belong in ""Marvel 2025 Topps Chrome Avengers Infinity Die-Cut"""
Marvel 2025 Topps Chrome,Marvel 2025 Topps Chrome Avengers Infinity Die-Cut,1,Black Refractor,1,79056,NONE,none,none,"No matching subset — create one or confirm these belong in ""Marvel 2025 Topps Chrome Avengers Infinity Die-Cut"""
Marvel 2025 Topps Chrome,Marvel 2025 Topps Chrome Avengers Infinity Die-Cut,2,Mini-Diamonds Refractor,1,79046,NONE,none,none,"No matching subset — create one or confirm these belong in ""Marvel 2025 Topps Chrome Avengers Infinity Die-Cut"""
Marvel 2025 Topps Chrome,Marvel 2025 Topps Chrome Avengers Infinity Die-Cut,2,Black Refractor,1,79048,NONE,none,none,"No matching subset — create one or confirm these belong in ""Marvel 2025 Topps Chrome Avengers Infinity Die-Cut"""
Marvel 2025 Topps Chrome,Marvel 2025 Topps Chrome Avengers Infinity Die-Cut,2,Red Wave Refractor,1,79055,NONE,none,none,"No matching subset — create one or confirm these belong in ""Marvel 2025 Topps Chrome Avengers Infinity Die-Cut"""
Marvel 2025 Topps Chrome,Marvel 2025 Topps Chrome Avengers Infinity Die-Cut,2,SuperFractor,1,79068,NONE,none,none,"No matching subset — create one or confirm these belong in ""Marvel 2025 Topps Chrome Avengers Infinity Die-Cut"""
Marvel 2025 Topps Chrome,Marvel 2025 Topps Chrome Avengers Infinity Die-Cut,3,SuperFractor,1,79064,NONE,none,none,"No matching subset — create one or confirm these belong in ""Marvel 2025 Topps Chrome Avengers Infinity Die-Cut"""
Marvel 2025 Topps Chrome,Marvel 2025 Topps Chrome Avengers Infinity Die-Cut,3,Mini-Diamonds Refractor,1,79065,NONE,none,none,"No matching subset — create one or confirm these belong in ""Marvel 2025 Topps Chrome Avengers Infinity Die-Cut"""
Marvel 2025 Topps Chrome,Marvel 2025 Topps Chrome Avengers Infinity Die-Cut,3,Red Wave Refractor,1,79067,NONE,none,none,"No matching subset — create one or confirm these belong in ""Marvel 2025 Topps Chrome Avengers Infinity Die-Cut"""
Marvel 2025 Topps Chrome,Marvel 2025 Topps Chrome Avengers Infinity Die-Cut,3,Black Refractor,1,79069,NONE,none,none,"No matching subset — create one or confirm these belong in ""Marvel 2025 Topps Chrome Avengers Infinity Die-Cut"""
Marvel 2025 Topps Chrome,Marvel 2025 Topps Chrome Avengers Infinity Die-Cut,4,SuperFractor,1,79057,NONE,none,none,"No matching subset — create one or confirm these belong in ""Marvel 2025 Topps Chrome Avengers Infinity Die-Cut"""
Marvel 2025 Topps Chrome,Marvel 2025 Topps Chrome Avengers Infinity Die-Cut,4,Red Wave Refractor,1,79059,NONE,none,none,"No matching subset — create one or confirm these belong in ""Marvel 2025 Topps Chrome Avengers Infinity Die-Cut"""
Marvel 2025 Topps Chrome,Marvel 2025 Topps Chrome Avengers Infinity Die-Cut,4,Mini-Diamonds Refractor,1,79066,NONE,none,none,"No matching subset — create one or confirm these belong in ""Marvel 2025 Topps Chrome Avengers Infinity Die-Cut"""
Marvel 2025 Topps Chrome,Marvel 2025 Topps Chrome Avengers Infinity Die-Cut,4,Black Refractor,1,79070,NONE,none,none,"No matching subset — create one or confirm these belong in ""Marvel 2025 Topps Chrome Avengers Infinity Die-Cut"""
Marvel 2025 Topps Chrome,Marvel 2025 Topps Chrome Avengers Infinity Die-Cut,5,SuperFractor,1,79060,NONE,none,none,"No matching subset — create one or confirm these belong in ""Marvel 2025 Topps Chrome Avengers Infinity Die-Cut"""
Marvel 2025 Topps Chrome,Marvel 2025 Topps Chrome Avengers Infinity Die-Cut,5,Mini-Diamonds Refractor,1,79061,NONE,none,none,"No matching subset — create one or confirm these belong in ""Marvel 2025 Topps Chrome Avengers Infinity Die-Cut"""
Marvel 2025 Topps Chrome,Marvel 2025 Topps Chrome Avengers Infinity Die-Cut,5,Red Wave Refractor,1,79062,NONE,none,none,"No matching subset — create one or confirm these belong in ""Marvel 2025 Topps Chrome Avengers Infinity Die-Cut"""
Marvel 2025 Topps Chrome,Marvel 2025 Topps Chrome Avengers Infinity Die-Cut,5,Black Refractor,1,79063,NONE,none,none,"No matching subset — create one or confirm these belong in ""Marvel 2025 Topps Chrome Avengers Infinity Die-Cut"""
Marvel 2025 Topps Chrome,Marvel 2025 Topps Chrome Avengers Infinity Die-Cut,6,Mini-Diamonds Refractor,1,79058,NONE,none,none,"No matching subset — create one or confirm these belong in ""Marvel 2025 Topps Chrome Avengers Infinity Die-Cut"""
Marvel 2025 Topps Chrome,Marvel 2025 Topps Chrome Avengers Infinity Die-Cut,6,SuperFractor,1,79071,NONE,none,none,"No matching subset — create one or confirm these belong in ""Marvel 2025 Topps Chrome Avengers Infinity Die-Cut"""
Marvel 2025 Topps Chrome,Marvel 2025 Topps Chrome Avengers Infinity Die-Cut,6,Red Wave Refractor,1,79072,NONE,none,none,"No matching subset — create one or confirm these belong in ""Marvel 2025 Topps Chrome Avengers Infinity Die-Cut"""
Marvel 2025 Topps Chrome,Marvel 2025 Topps Chrome Avengers Infinity Die-Cut,6,Black Refractor,1,79073,NONE,none,none,"No matching subset — create one or confirm these belong in ""Marvel 2025 Topps Chrome Avengers Infinity Die-Cut"""
marvel 2025 topps finest x men '97,marvel 2025 topps finest x men '97,81,Refractor,1,81445,NONE,none,none,"No matching subset — create one or confirm these belong in ""marvel 2025 topps finest x men '97"""
marvel 2025 topps finest x men '97,marvel 2025 topps finest x men '97,81,X-Fractor,1,81485,NONE,none,none,"No matching subset — create one or confirm these belong in ""marvel 2025 topps finest x men '97"""
marvel 2025 topps finest x men '97,marvel 2025 topps finest x men '97,81,Orange Refractor,1,81502,NONE,none,none,"No matching subset — create one or confirm these belong in ""marvel 2025 topps finest x men '97"""
marvel 2025 topps finest x men '97,marvel 2025 topps finest x men '97,81,Gold Refractor,1,81515,NONE,none,none,"No matching subset — create one or confirm these belong in ""marvel 2025 topps finest x men '97"""
marvel 2025 topps finest x men '97,marvel 2025 topps finest x men '97,81,Laser Refractor,1,81534,NONE,none,none,"No matching subset — create one or confirm these belong in ""marvel 2025 topps finest x men '97"""
marvel 2025 topps finest x men '97,marvel 2025 topps finest x men '97,81,Red Refractor,1,81542,NONE,none,none,"No matching subset — create one or confirm these belong in ""marvel 2025 topps finest x men '97"""
marvel 2025 topps finest x men '97,marvel 2025 topps finest x men '97,51,Laser Refractor,1,81396,NONE,none,none,"No matching subset — create one or confirm these belong in ""marvel 2025 topps finest x men '97"""
marvel 2025 topps finest x men '97,marvel 2025 topps finest x men '97,51,X-Fractor,1,81399,NONE,none,none,"No matching subset — create one or confirm these belong in ""marvel 2025 topps finest x men '97"""
marvel 2025 topps finest x men '97,marvel 2025 topps finest x men '97,51,Refractor,1,81419,NONE,none,none,"No matching subset — create one or confirm these belong in ""marvel 2025 topps finest x men '97"""
marvel 2025 topps finest x men '97,marvel 2025 topps finest x men '97,51,Gold Refractor,1,81550,NONE,none,none,"No matching subset — create one or confirm these belong in ""marvel 2025 topps finest x men '97"""
marvel 2025 topps finest x men '97,marvel 2025 topps finest x men '97,51,Red Refractor,1,81554,NONE,none,none,"No matching subset — create one or confirm these belong in ""marvel 2025 topps finest x men '97"""
marvel 2025 topps finest x men '97,marvel 2025 topps finest x men '97,57,Laser Refractor,1,81444,NONE,none,none,"No matching subset — create one or confirm these belong in ""marvel 2025 topps finest x men '97"""
marvel 2025 topps finest x men '97,marvel 2025 topps finest x men '97,57,X-Fractor,1,81468,NONE,none,none,"No matching subset — create one or confirm these belong in ""marvel 2025 topps finest x men '97"""
marvel 2025 topps finest x men '97,marvel 2025 topps finest x men '97,57,Gold Refractor,1,81490,NONE,none,none,"No matching subset — create one or confirm these belong in ""marvel 2025 topps finest x men '97"""
marvel 2025 topps finest x men '97,marvel 2025 topps finest x men '97,57,Red Refractor,1,81522,NONE,none,none,"No matching subset — create one or confirm these belong in ""marvel 2025 topps finest x men '97"""
marvel 2025 topps finest x men '97,marvel 2025 topps finest x men '97,57,Orange Refractor,1,81532,NONE,none,none,"No matching subset — create one or confirm these belong in ""marvel 2025 topps finest x men '97"""
marvel 2025 topps finest x men '97,marvel 2025 topps finest x men '97,79,Laser Refractor,1,81426,NONE,none,none,"No matching subset — create one or confirm these belong in ""marvel 2025 topps finest x men '97"""
marvel 2025 topps finest x men '97,marvel 2025 topps finest x men '97,79,Refractor,1,81456,NONE,none,none,"No matching subset — create one or confirm these belong in ""marvel 2025 topps finest x men '97"""
marvel 2025 topps finest x men '97,marvel 2025 topps finest x men '97,79,Orange Refractor,1,81510,NONE,none,none,"No matching subset — create one or confirm these belong in ""marvel 2025 topps finest x men '97"""
marvel 2025 topps finest x men '97,marvel 2025 topps finest x men '97,79,Red Refractor,1,81526,NONE,none,none,"No matching subset — create one or confirm these belong in ""marvel 2025 topps finest x men '97"""
marvel 2025 topps finest x men '97,marvel 2025 topps finest x men '97,79,Gold Refractor,1,81551,NONE,none,none,"No matching subset — create one or confirm these belong in ""marvel 2025 topps finest x men '97"""
marvel 2025 topps finest x men '97,marvel 2025 topps finest x men '97,80,X-Fractor,1,81412,NONE,none,none,"No matching subset — create one or confirm these belong in ""marvel 2025 topps finest x men '97"""
marvel 2025 topps finest x men '97,marvel 2025 topps finest x men '97,80,Refractor,1,81413,NONE,none,none,"No matching subset — create one or confirm these belong in ""marvel 2025 topps finest x men '97"""
marvel 2025 topps finest x men '97,marvel 2025 topps finest x men '97,80,Gold Refractor,1,81420,NONE,none,none,"No matching subset — create one or confirm these belong in ""marvel 2025 topps finest x men '97"""
marvel 2025 topps finest x men '97,marvel 2025 topps finest x men '97,80,Laser Refractor,1,81466,NONE,none,none,"No matching subset — create one or confirm these belong in ""marvel 2025 topps finest x men '97"""
marvel 2025 topps finest x men '97,marvel 2025 topps finest x men '97,80,Orange Refractor,1,81504,NONE,none,none,"No matching subset — create one or confirm these belong in ""marvel 2025 topps finest x men '97"""
marvel 2025 topps finest x men '97,marvel 2025 topps finest x men '97,28,Gold Refractor,1,81464,NONE,none,none,"No matching subset — create one or confirm these belong in ""marvel 2025 topps finest x men '97"""
marvel 2025 topps finest x men '97,marvel 2025 topps finest x men '97,28,Laser Refractor,1,81483,NONE,none,none,"No matching subset — create one or confirm these belong in ""marvel 2025 topps finest x men '97"""
marvel 2025 topps finest x men '97,marvel 2025 topps finest x men '97,28,Refractor,1,81581,NONE,none,none,"No matching subset — create one or confirm these belong in ""marvel 2025 topps finest x men '97"""
marvel 2025 topps finest x men '97,marvel 2025 topps finest x men '97,28,Orange Refractor,1,81589,NONE,none,none,"No matching subset — create one or confirm these belong in ""marvel 2025 topps finest x men '97"""
marvel 2025 topps finest x men '97,marvel 2025 topps finest x men '97,32,Refractor,1,81410,NONE,none,none,"No matching subset — create one or confirm these belong in ""marvel 2025 topps finest x men '97"""
marvel 2025 topps finest x men '97,marvel 2025 topps finest x men '97,32,X-Fractor,1,81487,NONE,none,none,"No matching subset — create one or confirm these belong in ""marvel 2025 topps finest x men '97"""
marvel 2025 topps finest x men '97,marvel 2025 topps finest x men '97,32,Orange Refractor,1,81518,NONE,none,none,"No matching subset — create one or confirm these belong in ""marvel 2025 topps finest x men '97"""
marvel 2025 topps finest x men '97,marvel 2025 topps finest x men '97,32,Laser Refractor,1,81527,NONE,none,none,"No matching subset — create one or confirm these belong in ""marvel 2025 topps finest x men '97"""
marvel 2025 topps finest x men '97,marvel 2025 topps finest x men '97,52,Laser Refractor,1,81414,NONE,none,none,"No matching subset — create one or confirm these belong in ""marvel 2025 topps finest x men '97"""
marvel 2025 topps finest x men '97,marvel 2025 topps finest x men '97,52,X-Fractor,1,81465,NONE,none,none,"No matching subset — create one or confirm these belong in ""marvel 2025 topps finest x men '97"""
marvel 2025 topps finest x men '97,marvel 2025 topps finest x men '97,52,Refractor,1,81467,NONE,none,none,"No matching subset — create one or confirm these belong in ""marvel 2025 topps finest x men '97"""
marvel 2025 topps finest x men '97,marvel 2025 topps finest x men '97,52,Gold Refractor,1,81511,NONE,none,none,"No matching subset — create one or confirm these belong in ""marvel 2025 topps finest x men '97"""
marvel 2025 topps finest x men '97,marvel 2025 topps finest x men '97,61,Gold Refractor,1,81418,NONE,none,none,"No matching subset — create one or confirm these belong in ""marvel 2025 topps finest x men '97"""
marvel 2025 topps finest x men '97,marvel 2025 topps finest x men '97,61,Laser Refractor,1,81430,NONE,none,none,"No matching subset — create one or confirm these belong in ""marvel 2025 topps finest x men '97"""
marvel 2025 topps finest x men '97,marvel 2025 topps finest x men '97,61,X-Fractor,1,81520,NONE,none,none,"No matching subset — create one or confirm these belong in ""marvel 2025 topps finest x men '97"""
marvel 2025 topps finest x men '97,marvel 2025 topps finest x men '97,61,Refractor,1,81586,NONE,none,none,"No matching subset — create one or confirm these belong in ""marvel 2025 topps finest x men '97"""
marvel 2025 topps finest x men '97,marvel 2025 topps finest x men '97,70,Gold Refractor,1,81404,NONE,none,none,"No matching subset — create one or confirm these belong in ""marvel 2025 topps finest x men '97"""
marvel 2025 topps finest x men '97,marvel 2025 topps finest x men '97,70,Laser Refractor,1,81472,NONE,none,none,"No matching subset — create one or confirm these belong in ""marvel 2025 topps finest x men '97"""
marvel 2025 topps finest x men '97,marvel 2025 topps finest x men '97,70,SuperFractor,1,81548,NONE,none,none,"No matching subset — create one or confirm these belong in ""marvel 2025 topps finest x men '97"""
marvel 2025 topps finest x men '97,marvel 2025 topps finest x men '97,70,Refractor,1,81597,NONE,none,none,"No matching subset — create one or confirm these belong in ""marvel 2025 topps finest x men '97"""
marvel 2025 topps finest x men '97,marvel 2025 topps finest x men '97,76,Red Refractor,1,81392,NONE,none,none,"No matching subset — create one or confirm these belong in ""marvel 2025 topps finest x men '97"""
marvel 2025 topps finest x men '97,marvel 2025 topps finest x men '97,76,X-Fractor,1,81405,NONE,none,none,"No matching subset — create one or confirm these belong in ""marvel 2025 topps finest x men '97"""
marvel 2025 topps finest x men '97,marvel 2025 topps finest x men '97,76,Refractor,1,81459,NONE,none,none,"No matching subset — create one or confirm these belong in ""marvel 2025 topps finest x men '97"""
marvel 2025 topps finest x men '97,marvel 2025 topps finest x men '97,76,Orange Refractor,1,81587,NONE,none,none,"No matching subset — create one or confirm these belong in ""marvel 2025 topps finest x men '97"""
marvel 2025 topps finest x men '97,marvel 2025 topps finest x men '97,82,X-Fractor,1,81433,NONE,none,none,"No matching subset — create one or confirm these belong in ""marvel 2025 topps finest x men '97"""
marvel 2025 topps finest x men '97,marvel 2025 topps finest x men '97,82,Laser Refractor,1,81495,NONE,none,none,"No matching subset — create one or confirm these belong in ""marvel 2025 topps finest x men '97"""
marvel 2025 topps finest x men '97,marvel 2025 topps finest x men '97,82,Orange Refractor,1,81499,NONE,none,none,"No matching subset — create one or confirm these belong in ""marvel 2025 topps finest x men '97"""
marvel 2025 topps finest x men '97,marvel 2025 topps finest x men '97,82,Gold Refractor,1,81529,NONE,none,none,"No matching subset — create one or confirm these belong in ""marvel 2025 topps finest x men '97"""
marvel 2025 topps finest x men '97,marvel 2025 topps finest x men '97,84,Gold Refractor,1,81524,NONE,none,none,"No matching subset — create one or confirm these belong in ""marvel 2025 topps finest x men '97"""
marvel 2025 topps finest x men '97,marvel 2025 topps finest x men '97,84,Orange Refractor,1,81546,NONE,none,none,"No matching subset — create one or confirm these belong in ""marvel 2025 topps finest x men '97"""
marvel 2025 topps finest x men '97,marvel 2025 topps finest x men '97,84,X-Fractor,1,81556,NONE,none,none,"No matching subset — create one or confirm these belong in ""marvel 2025 topps finest x men '97"""
marvel 2025 topps finest x men '97,marvel 2025 topps finest x men '97,84,Laser Refractor,1,81592,NONE,none,none,"No matching subset — create one or confirm these belong in ""marvel 2025 topps finest x men '97"""
marvel 2025 topps finest x men '97,marvel 2025 topps finest x men '97,85,Refractor,1,81432,NONE,none,none,"No matching subset — create one or confirm these belong in ""marvel 2025 topps finest x men '97"""
marvel 2025 topps finest x men '97,marvel 2025 topps finest x men '97,85,Gold Refractor,1,81449,NONE,none,none,"No matching subset — create one or confirm these belong in ""marvel 2025 topps finest x men '97"""
marvel 2025 topps finest x men '97,marvel 2025 topps finest x men '97,85,Laser Refractor,1,81477,NONE,none,none,"No matching subset — create one or confirm these belong in ""marvel 2025 topps finest x men '97"""
marvel 2025 topps finest x men '97,marvel 2025 topps finest x men '97,85,Orange Refractor,1,81492,NONE,none,none,"No matching subset — create one or confirm these belong in ""marvel 2025 topps finest x men '97"""
marvel 2025 topps finest x men '97,marvel 2025 topps finest x men '97,12,Laser Refractor,1,81441,NONE,none,none,"No matching subset — create one or confirm these belong in ""marvel 2025 topps finest x men '97"""
marvel 2025 topps finest x men '97,marvel 2025 topps finest x men '97,12,X-Fractor,1,81544,NONE,none,none,"No matching subset — create one or confirm these belong in ""marvel 2025 topps finest x men '97"""
marvel 2025 topps finest x men '97,marvel 2025 topps finest x men '97,12,Refractor,1,81580,NONE,none,none,"No matching subset — create one or confirm these belong in ""marvel 2025 topps finest x men '97"""
marvel 2025 topps finest x men '97,marvel 2025 topps finest x men '97,2,X-Fractor,1,81416,NONE,none,none,"No matching subset — create one or confirm these belong in ""marvel 2025 topps finest x men '97"""
marvel 2025 topps finest x men '97,marvel 2025 topps finest x men '97,2,Laser Refractor,1,81417,NONE,none,none,"No matching subset — create one or confirm these belong in ""marvel 2025 topps finest x men '97"""
marvel 2025 topps finest x men '97,marvel 2025 topps finest x men '97,2,Refractor,1,81450,NONE,none,none,"No matching subset — create one or confirm these belong in ""marvel 2025 topps finest x men '97"""
marvel 2025 topps finest x men '97,marvel 2025 topps finest x men '97,22,Gold Refractor,1,81407,NONE,none,none,"No matching subset — create one or confirm these belong in ""marvel 2025 topps finest x men '97"""
marvel 2025 topps finest x men '97,marvel 2025 topps finest x men '97,22,Orange Refractor,1,81480,NONE,none,none,"No matching subset — create one or confirm these belong in ""marvel 2025 topps finest x men '97"""
marvel 2025 topps finest x men '97,marvel 2025 topps finest x men '97,22,Refractor,1,81578,NONE,none,none,"No matching subset — create one or confirm these belong in ""marvel 2025 topps finest x men '97"""
marvel 2025 topps finest x men '97,marvel 2025 topps finest x men '97,30,Laser Refractor,1,81474,NONE,none,none,"No matching subset — create one or confirm these belong in ""marvel 2025 topps finest x men '97"""
marvel 2025 topps finest x men '97,marvel 2025 topps finest x men '97,30,Orange Refractor,1,81482,NONE,none,none,"No matching subset — create one or confirm these belong in ""marvel 2025 topps finest x men '97"""
marvel 2025 topps finest x men '97,marvel 2025 topps finest x men '97,30,Refractor,1,81584,NONE,none,none,"No matching subset — create one or confirm these belong in ""marvel 2025 topps finest x men '97"""
marvel 2025 topps finest x men '97,marvel 2025 topps finest x men '97,36,Orange Refractor,1,81452,NONE,none,none,"No matching subset — create one or confirm these belong in ""marvel 2025 topps finest x men '97"""
marvel 2025 topps finest x men '97,marvel 2025 topps finest x men '97,36,Laser Refractor,1,81533,NONE,none,none,"No matching subset — create one or confirm these belong in ""marvel 2025 topps finest x men '97"""
marvel 2025 topps finest x men '97,marvel 2025 topps finest x men '97,36,Refractor,1,81598,NONE,none,none,"No matching subset — create one or confirm these belong in ""marvel 2025 topps finest x men '97"""
marvel 2025 topps finest x men '97,marvel 2025 topps finest x men '97,40,Gold Refractor,1,81393,NONE,none,none,"No matching subset — create one or confirm these belong in ""marvel 2025 topps finest x men '97"""
marvel 2025 topps finest x men '97,marvel 2025 topps finest x men '97,40,Laser Refractor,1,81411,NONE,none,none,"No matching subset — create one or confirm these belong in ""marvel 2025 topps finest x men '97"""
marvel 2025 topps finest x men '97,marvel 2025 topps finest x men '97,40,Refractor,1,81423,NONE,none,none,"No matching subset — create one or confirm these belong in ""marvel 2025 topps finest x men '97"""
marvel 2025 topps finest x men '97,marvel 2025 topps finest x men '97,41,Gold Refractor,1,81427,NONE,none,none,"No matching subset — create one or confirm these belong in ""marvel 2025 topps finest x men '97"""
marvel 2025 topps finest x men '97,marvel 2025 topps finest x men '97,41,Refractor,1,81457,NONE,none,none,"No matching subset — create one or confirm these belong in ""marvel 2025 topps finest x men '97"""
marvel 2025 topps finest x men '97,marvel 2025 topps finest x men '97,41,X-Fractor,1,81505,NONE,none,none,"No matching subset — create one or confirm these belong in ""marvel 2025 topps finest x men '97"""
marvel 2025 topps finest x men '97,marvel 2025 topps finest x men '97,43,Gold Refractor,1,81402,NONE,none,none,"No matching subset — create one or confirm these belong in ""marvel 2025 topps finest x men '97"""
marvel 2025 topps finest x men '97,marvel 2025 topps finest x men '97,43,Refractor,1,81440,NONE,none,none,"No matching subset — create one or confirm these belong in ""marvel 2025 topps finest x men '97"""
marvel 2025 topps finest x men '97,marvel 2025 topps finest x men '97,43,X-Fractor,1,81569,NONE,none,none,"No matching subset — create one or confirm these belong in ""marvel 2025 topps finest x men '97"""
marvel 2025 topps finest x men '97,marvel 2025 topps finest x men '97,56,Orange Refractor,1,81431,NONE,none,none,"No matching subset — create one or confirm these belong in ""marvel 2025 topps finest x men '97"""
marvel 2025 topps finest x men '97,marvel 2025 topps finest x men '97,56,Gold Refractor,1,81436,NONE,none,none,"No matching subset — create one or confirm these belong in ""marvel 2025 topps finest x men '97"""
marvel 2025 topps finest x men '97,marvel 2025 topps finest x men '97,56,Laser Refractor,1,81493,NONE,none,none,"No matching subset — create one or confirm these belong in ""marvel 2025 topps finest x men '97"""
marvel 2025 topps finest x men '97,marvel 2025 topps finest x men '97,63,SuperFractor,1,81394,NONE,none,none,"No matching subset — create one or confirm these belong in ""marvel 2025 topps finest x men '97"""
marvel 2025 topps finest x men '97,marvel 2025 topps finest x men '97,63,Refractor,1,81463,NONE,none,none,"No matching subset — create one or confirm these belong in ""marvel 2025 topps finest x men '97"""
marvel 2025 topps finest x men '97,marvel 2025 topps finest x men '97,63,Laser Refractor,1,81484,NONE,none,none,"No matching subset — create one or confirm these belong in ""marvel 2025 topps finest x men '97"""
marvel 2025 topps finest x men '97,marvel 2025 topps finest x men '97,67,Laser Refractor,1,81398,NONE,none,none,"No matching subset — create one or confirm these belong in ""marvel 2025 topps finest x men '97"""
marvel 2025 topps finest x men '97,marvel 2025 topps finest x men '97,67,SuperFractor,1,81509,NONE,none,none,"No matching subset — create one or confirm these belong in ""marvel 2025 topps finest x men '97"""
marvel 2025 topps finest x men '97,marvel 2025 topps finest x men '97,67,X-Fractor,1,81523,NONE,none,none,"No matching subset — create one or confirm these belong in ""marvel 2025 topps finest x men '97"""
marvel 2025 topps finest x men '97,marvel 2025 topps finest x men '97,71,Laser Refractor,1,81424,NONE,none,none,"No matching subset — create one or confirm these belong in ""marvel 2025 topps finest x men '97"""
marvel 2025 topps finest x men '97,marvel 2025 topps finest x men '97,71,Refractor,1,81448,NONE,none,none,"No matching subset — create one or confirm these belong in ""marvel 2025 topps finest x men '97"""
marvel 2025 topps finest x men '97,marvel 2025 topps finest x men '97,71,Orange Refractor,1,81553,NONE,none,none,"No matching subset — create one or confirm these belong in ""marvel 2025 topps finest x men '97"""
marvel 2025 topps finest x men '97,marvel 2025 topps finest x men '97,75,Gold Refractor,1,81401,NONE,none,none,"No matching subset — create one or confirm these belong in ""marvel 2025 topps finest x men '97"""
marvel 2025 topps finest x men '97,marvel 2025 topps finest x men '97,75,Refractor,1,81481,NONE,none,none,"No matching subset — create one or confirm these belong in ""marvel 2025 topps finest x men '97"""
marvel 2025 topps finest x men '97,marvel 2025 topps finest x men '97,75,SuperFractor,1,81508,NONE,none,none,"No matching subset — create one or confirm these belong in ""marvel 2025 topps finest x men '97"""
marvel 2025 topps finest x men '97,marvel 2025 topps finest x men '97,78,Laser Refractor,1,81438,NONE,none,none,"No matching subset — create one or confirm these belong in ""marvel 2025 topps finest x men '97"""
marvel 2025 topps finest x men '97,marvel 2025 topps finest x men '97,78,Refractor,1,81488,NONE,none,none,"No matching subset — create one or confirm these belong in ""marvel 2025 topps finest x men '97"""
marvel 2025 topps finest x men '97,marvel 2025 topps finest x men '97,78,Gold Refractor,1,81555,NONE,none,none,"No matching subset — create one or confirm these belong in ""marvel 2025 topps finest x men '97"""
marvel 2025 topps finest x men '97,marvel 2025 topps finest x men '97,83,Laser Refractor,1,81422,NONE,none,none,"No matching subset — create one or confirm these belong in ""marvel 2025 topps finest x men '97"""
marvel 2025 topps finest x men '97,marvel 2025 topps finest x men '97,83,Refractor,1,81437,NONE,none,none,"No matching subset — create one or confirm these belong in ""marvel 2025 topps finest x men '97"""
marvel 2025 topps finest x men '97,marvel 2025 topps finest x men '97,83,Red Refractor,1,81513,NONE,none,none,"No matching subset — create one or confirm these belong in ""marvel 2025 topps finest x men '97"""
marvel 2025 topps finest x men '97,marvel 2025 topps finest x men '97,86,Laser Refractor,1,81397,NONE,none,none,"No matching subset — create one or confirm these belong in ""marvel 2025 topps finest x men '97"""
marvel 2025 topps finest x men '97,marvel 2025 topps finest x men '97,86,Gold Refractor,1,81446,NONE,none,none,"No matching subset — create one or confirm these belong in ""marvel 2025 topps finest x men '97"""
marvel 2025 topps finest x men '97,marvel 2025 topps finest x men '97,86,Refractor,1,81460,NONE,none,none,"No matching subset — create one or confirm these belong in ""marvel 2025 topps finest x men '97"""
marvel 2025 topps finest x men '97,marvel 2025 topps finest x men '97,87,Laser Refractor,1,81458,NONE,none,none,"No matching subset — create one or confirm these belong in ""marvel 2025 topps finest x men '97"""
marvel 2025 topps finest x men '97,marvel 2025 topps finest x men '97,87,Gold Refractor,1,81489,NONE,none,none,"No matching subset — create one or confirm these belong in ""marvel 2025 topps finest x men '97"""
marvel 2025 topps finest x men '97,marvel 2025 topps finest x men '97,87,Refractor,1,81494,NONE,none,none,"No matching subset — create one or confirm these belong in ""marvel 2025 topps finest x men '97"""
marvel 2025 topps finest x men '97,marvel 2025 topps finest x men '97,88,Gold Refractor,1,81403,NONE,none,none,"No matching subset — create one or confirm these belong in ""marvel 2025 topps finest x men '97"""
marvel 2025 topps finest x men '97,marvel 2025 topps finest x men '97,88,Orange Refractor,1,81439,NONE,none,none,"No matching subset — create one or confirm these belong in ""marvel 2025 topps finest x men '97"""
marvel 2025 topps finest x men '97,marvel 2025 topps finest x men '97,88,Laser Refractor,1,81568,NONE,none,none,"No matching subset — create one or confirm these belong in ""marvel 2025 topps finest x men '97"""
marvel 2025 topps finest x men '97,marvel 2025 topps finest x men '97,99,Orange Refractor SP,1,81503,NONE,none,none,"No matching subset — create one or confirm these belong in ""marvel 2025 topps finest x men '97"""
marvel 2025 topps finest x men '97,marvel 2025 topps finest x men '97,99,Laser Refractor SP,1,81514,NONE,none,none,"No matching subset — create one or confirm these belong in ""marvel 2025 topps finest x men '97"""
marvel 2025 topps finest x men '97,marvel 2025 topps finest x men '97,99,Gold Refractor SP,1,81540,NONE,none,none,"No matching subset — create one or confirm these belong in ""marvel 2025 topps finest x men '97"""
marvel 2025 topps finest x men '97,marvel 2025 topps finest x men '97,99,Red Refractor SP,1,81541,NONE,none,none,"No matching subset — create one or confirm these belong in ""marvel 2025 topps finest x men '97"""
marvel 2025 topps finest x men '97,marvel 2025 topps finest x men '97,14,Orange Refractor,1,81567,NONE,none,none,"No matching subset — create one or confirm these belong in ""marvel 2025 topps finest x men '97"""
marvel 2025 topps finest x men '97,marvel 2025 topps finest x men '97,14,Refractor,1,81571,NONE,none,none,"No matching subset — create one or confirm these belong in ""marvel 2025 topps finest x men '97"""
marvel 2025 topps finest x men '97,marvel 2025 topps finest x men '97,17,Orange Refractor,1,81486,NONE,none,none,"No matching subset — create one or confirm these belong in ""marvel 2025 topps finest x men '97"""
marvel 2025 topps finest x men '97,marvel 2025 topps finest x men '97,17,Gold Refractor,1,81543,NONE,none,none,"No matching subset — create one or confirm these belong in ""marvel 2025 topps finest x men '97"""
marvel 2025 topps finest x men '97,marvel 2025 topps finest x men '97,23,Refractor,1,81434,NONE,none,none,"No matching subset — create one or confirm these belong in ""marvel 2025 topps finest x men '97"""
marvel 2025 topps finest x men '97,marvel 2025 topps finest x men '97,23,Red Refractor,1,81498,NONE,none,none,"No matching subset — create one or confirm these belong in ""marvel 2025 topps finest x men '97"""
marvel 2025 topps finest x men '97,marvel 2025 topps finest x men '97,27,Orange Refractor,1,81479,NONE,none,none,"No matching subset — create one or confirm these belong in ""marvel 2025 topps finest x men '97"""
marvel 2025 topps finest x men '97,marvel 2025 topps finest x men '97,27,Gold Refractor,1,81530,NONE,none,none,"No matching subset — create one or confirm these belong in ""marvel 2025 topps finest x men '97"""
marvel 2025 topps finest x men '97,marvel 2025 topps finest x men '97,3,X-Fractor,1,81500,NONE,none,none,"No matching subset — create one or confirm these belong in ""marvel 2025 topps finest x men '97"""
marvel 2025 topps finest x men '97,marvel 2025 topps finest x men '97,3,Gold Refractor,1,81549,NONE,none,none,"No matching subset — create one or confirm these belong in ""marvel 2025 topps finest x men '97"""
marvel 2025 topps finest x men '97,marvel 2025 topps finest x men '97,35,Laser Refractor,1,81395,NONE,none,none,"No matching subset — create one or confirm these belong in ""marvel 2025 topps finest x men '97"""
marvel 2025 topps finest x men '97,marvel 2025 topps finest x men '97,35,Refractor,1,81588,NONE,none,none,"No matching subset — create one or confirm these belong in ""marvel 2025 topps finest x men '97"""
marvel 2025 topps finest x men '97,marvel 2025 topps finest x men '97,39,Refractor,1,81442,NONE,none,none,"No matching subset — create one or confirm these belong in ""marvel 2025 topps finest x men '97"""
marvel 2025 topps finest x men '97,marvel 2025 topps finest x men '97,39,Laser Refractor,1,81531,NONE,none,none,"No matching subset — create one or confirm these belong in ""marvel 2025 topps finest x men '97"""
marvel 2025 topps finest x men '97,marvel 2025 topps finest x men '97,4,Refractor,1,81473,NONE,none,none,"No matching subset — create one or confirm these belong in ""marvel 2025 topps finest x men '97"""
marvel 2025 topps finest x men '97,marvel 2025 topps finest x men '97,4,X-Fractor,1,81476,NONE,none,none,"No matching subset — create one or confirm these belong in ""marvel 2025 topps finest x men '97"""
marvel 2025 topps finest x men '97,marvel 2025 topps finest x men '97,46,X-Fractor,1,81537,NONE,none,none,"No matching subset — create one or confirm these belong in ""marvel 2025 topps finest x men '97"""
marvel 2025 topps finest x men '97,marvel 2025 topps finest x men '97,46,Refractor,1,81576,NONE,none,none,"No matching subset — create one or confirm these belong in ""marvel 2025 topps finest x men '97"""
marvel 2025 topps finest x men '97,marvel 2025 topps finest x men '97,47,Gold Refractor,1,81496,NONE,none,none,"No matching subset — create one or confirm these belong in ""marvel 2025 topps finest x men '97"""
marvel 2025 topps finest x men '97,marvel 2025 topps finest x men '97,47,Refractor,1,81574,NONE,none,none,"No matching subset — create one or confirm these belong in ""marvel 2025 topps finest x men '97"""
marvel 2025 topps finest x men '97,marvel 2025 topps finest x men '97,49,Gold Refractor,1,81491,NONE,none,none,"No matching subset — create one or confirm these belong in ""marvel 2025 topps finest x men '97"""
marvel 2025 topps finest x men '97,marvel 2025 topps finest x men '97,49,Refractor,1,81579,NONE,none,none,"No matching subset — create one or confirm these belong in ""marvel 2025 topps finest x men '97"""
marvel 2025 topps finest x men '97,marvel 2025 topps finest x men '97,5,Laser Refractor,1,81497,NONE,none,none,"No matching subset — create one or confirm these belong in ""marvel 2025 topps finest x men '97"""
marvel 2025 topps finest x men '97,marvel 2025 topps finest x men '97,5,Refractor,1,81577,NONE,none,none,"No matching subset — create one or confirm these belong in ""marvel 2025 topps finest x men '97"""
marvel 2025 topps finest x men '97,marvel 2025 topps finest x men '97,50,SuperFractor,1,81545,NONE,none,none,"No matching subset — create one or confirm these belong in ""marvel 2025 topps finest x men '97"""
marvel 2025 topps finest x men '97,marvel 2025 topps finest x men '97,50,Refractor,1,81582,NONE,none,none,"No matching subset — create one or confirm these belong in ""marvel 2025 topps finest x men '97"""
marvel 2025 topps finest x men '97,marvel 2025 topps finest x men '97,53,Gold Refractor,1,81421,NONE,none,none,"No matching subset — create one or confirm these belong in ""marvel 2025 topps finest x men '97"""
marvel 2025 topps finest x men '97,marvel 2025 topps finest x men '97,53,Refractor,1,81451,NONE,none,none,"No matching subset — create one or confirm these belong in ""marvel 2025 topps finest x men '97"""
marvel 2025 topps finest x men '97,marvel 2025 topps finest x men '97,55,Refractor,1,81501,NONE,none,none,"No matching subset — create one or confirm these belong in ""marvel 2025 topps finest x men '97"""
marvel 2025 topps finest x men '97,marvel 2025 topps finest x men '97,55,Gold Refractor,1,81552,NONE,none,none,"No matching subset — create one or confirm these belong in ""marvel 2025 topps finest x men '97"""
marvel 2025 topps finest x men '97,marvel 2025 topps finest x men '97,58,Orange Refractor,1,81406,NONE,none,none,"No matching subset — create one or confirm these belong in ""marvel 2025 topps finest x men '97"""
marvel 2025 topps finest x men '97,marvel 2025 topps finest x men '97,58,Gold Refractor,1,81425,NONE,none,none,"No matching subset — create one or confirm these belong in ""marvel 2025 topps finest x men '97"""
marvel 2025 topps finest x men '97,marvel 2025 topps finest x men '97,60,Refractor,1,81478,NONE,none,none,"No matching subset — create one or confirm these belong in ""marvel 2025 topps finest x men '97"""
marvel 2025 topps finest x men '97,marvel 2025 topps finest x men '97,60,Laser Refractor,1,81539,NONE,none,none,"No matching subset — create one or confirm these belong in ""marvel 2025 topps finest x men '97"""
marvel 2025 topps finest x men '97,marvel 2025 topps finest x men '97,64,Laser Refractor,1,81462,NONE,none,none,"No matching subset — create one or confirm these belong in ""marvel 2025 topps finest x men '97"""
marvel 2025 topps finest x men '97,marvel 2025 topps finest x men '97,64,Orange Refractor,1,81525,NONE,none,none,"No matching subset — create one or confirm these belong in ""marvel 2025 topps finest x men '97"""
marvel 2025 topps finest x men '97,marvel 2025 topps finest x men '97,65,Gold Refractor,1,81536,NONE,none,none,"No matching subset — create one or confirm these belong in ""marvel 2025 topps finest x men '97"""
marvel 2025 topps finest x men '97,marvel 2025 topps finest x men '97,65,Refractor,1,81590,NONE,none,none,"No matching subset — create one or confirm these belong in ""marvel 2025 topps finest x men '97"""
marvel 2025 topps finest x men '97,marvel 2025 topps finest x men '97,74,Gold Refractor,1,81470,NONE,none,none,"No matching subset — create one or confirm these belong in ""marvel 2025 topps finest x men '97"""
marvel 2025 topps finest x men '97,marvel 2025 topps finest x men '97,74,X-Fractor,1,81535,NONE,none,none,"No matching subset — create one or confirm these belong in ""marvel 2025 topps finest x men '97"""
marvel 2025 topps finest x men '97,marvel 2025 topps finest x men '97,89,Laser Refractor,1,81428,NONE,none,none,"No matching subset — create one or confirm these belong in ""marvel 2025 topps finest x men '97"""
marvel 2025 topps finest x men '97,marvel 2025 topps finest x men '97,89,Orange Refractor,1,81521,NONE,none,none,"No matching subset — create one or confirm these belong in ""marvel 2025 topps finest x men '97"""
marvel 2025 topps finest x men '97,marvel 2025 topps finest x men '97,9,Gold Refractor,1,81517,NONE,none,none,"No matching subset — create one or confirm these belong in ""marvel 2025 topps finest x men '97"""
marvel 2025 topps finest x men '97,marvel 2025 topps finest x men '97,9,Orange Refractor,1,81519,NONE,none,none,"No matching subset — create one or confirm these belong in ""marvel 2025 topps finest x men '97"""
marvel 2025 topps finest x men '97,marvel 2025 topps finest x men '97,91,Gold Refractor SP,1,81528,NONE,none,none,"No matching subset — create one or confirm these belong in ""marvel 2025 topps finest x men '97"""
marvel 2025 topps finest x men '97,marvel 2025 topps finest x men '97,91,Refractor SP,1,81560,NONE,none,none,"No matching subset — create one or confirm these belong in ""marvel 2025 topps finest x men '97"""
marvel 2025 topps finest x men '97,marvel 2025 topps finest x men '97,91,Laser Refractor SP,1,81563,NONE,none,none,"No matching subset — create one or confirm these belong in ""marvel 2025 topps finest x men '97"""
marvel 2025 topps finest x men '97,marvel 2025 topps finest x men '97,93,X-Fractor SP,1,81516,NONE,none,none,"No matching subset — create one or confirm these belong in ""marvel 2025 topps finest x men '97"""
marvel 2025 topps finest x men '97,marvel 2025 topps finest x men '97,93,Orange Refractor SP,1,81562,NONE,none,none,"No matching subset — create one or confirm these belong in ""marvel 2025 topps finest x men '97"""
marvel 2025 topps finest x men '97,marvel 2025 topps finest x men '97,93,Laser Refractor SP,1,81566,NONE,none,none,"No matching subset — create one or confirm these belong in ""marvel 2025 topps finest x men '97"""
marvel 2025 topps finest x men '97,marvel 2025 topps finest x men '97,98,Orange Refractor SP,1,81506,NONE,none,none,"No matching subset — create one or confirm these belong in ""marvel 2025 topps finest x men '97"""
marvel 2025 topps finest x men '97,marvel 2025 topps finest x men '97,98,Gold Refractor SP,1,81512,NONE,none,none,"No matching subset — create one or confirm these belong in ""marvel 2025 topps finest x men '97"""
marvel 2025 topps finest x men '97,marvel 2025 topps finest x men '97,98,X-Fractor SP,1,81565,NONE,none,none,"No matching subset — create one or confirm these belong in ""marvel 2025 topps finest x men '97"""
marvel 2025 topps finest x men '97,marvel 2025 topps finest x men '97,10,Orange Refractor,1,81415,NONE,none,none,"No matching subset — create one or confirm these belong in ""marvel 2025 topps finest x men '97"""
marvel 2025 topps finest x men '97,marvel 2025 topps finest x men '97,11,Laser Refractor,1,81443,NONE,none,none,"No matching subset — create one or confirm these belong in ""marvel 2025 topps finest x men '97"""
marvel 2025 topps finest x men '97,marvel 2025 topps finest x men '97,13,Gold Refractor,1,81455,NONE,none,none,"No matching subset — create one or confirm these belong in ""marvel 2025 topps finest x men '97"""
marvel 2025 topps finest x men '97,marvel 2025 topps finest x men '97,15,Laser Refractor,1,81591,NONE,none,none,"No matching subset — create one or confirm these belong in ""marvel 2025 topps finest x men '97"""
marvel 2025 topps finest x men '97,marvel 2025 topps finest x men '97,18,Gold Refractor,1,81469,NONE,none,none,"No matching subset — create one or confirm these belong in ""marvel 2025 topps finest x men '97"""
marvel 2025 topps finest x men '97,marvel 2025 topps finest x men '97,21,Refractor,1,81570,NONE,none,none,"No matching subset — create one or confirm these belong in ""marvel 2025 topps finest x men '97"""
marvel 2025 topps finest x men '97,marvel 2025 topps finest x men '97,25,Refractor,1,81596,NONE,none,none,"No matching subset — create one or confirm these belong in ""marvel 2025 topps finest x men '97"""
marvel 2025 topps finest x men '97,marvel 2025 topps finest x men '97,29,Refractor,1,81595,NONE,none,none,"No matching subset — create one or confirm these belong in ""marvel 2025 topps finest x men '97"""
marvel 2025 topps finest x men '97,marvel 2025 topps finest x men '97,33,X-Fractor,1,81593,NONE,none,none,"No matching subset — create one or confirm these belong in ""marvel 2025 topps finest x men '97"""
marvel 2025 topps finest x men '97,marvel 2025 topps finest x men '97,37,Laser Refractor,1,81471,NONE,none,none,"No matching subset — create one or confirm these belong in ""marvel 2025 topps finest x men '97"""
marvel 2025 topps finest x men '97,marvel 2025 topps finest x men '97,38,Laser Refractor,1,81454,NONE,none,none,"No matching subset — create one or confirm these belong in ""marvel 2025 topps finest x men '97"""
marvel 2025 topps finest x men '97,marvel 2025 topps finest x men '97,42,Gold Refractor,1,81400,NONE,none,none,"No matching subset — create one or confirm these belong in ""marvel 2025 topps finest x men '97"""
marvel 2025 topps finest x men '97,marvel 2025 topps finest x men '97,44,Laser Refractor,1,81408,NONE,none,none,"No matching subset — create one or confirm these belong in ""marvel 2025 topps finest x men '97"""
marvel 2025 topps finest x men '97,marvel 2025 topps finest x men '97,48,Refractor,1,81575,NONE,none,none,"No matching subset — create one or confirm these belong in ""marvel 2025 topps finest x men '97"""
marvel 2025 topps finest x men '97,marvel 2025 topps finest x men '97,54,X-Fractor,1,81475,NONE,none,none,"No matching subset — create one or confirm these belong in ""marvel 2025 topps finest x men '97"""
marvel 2025 topps finest x men '97,marvel 2025 topps finest x men '97,59,Laser Refractor,1,81573,NONE,none,none,"No matching subset — create one or confirm these belong in ""marvel 2025 topps finest x men '97"""
marvel 2025 topps finest x men '97,marvel 2025 topps finest x men '97,6,Refractor,1,81572,NONE,none,none,"No matching subset — create one or confirm these belong in ""marvel 2025 topps finest x men '97"""
marvel 2025 topps finest x men '97,marvel 2025 topps finest x men '97,69,Refractor,1,81409,NONE,none,none,"No matching subset — create one or confirm these belong in ""marvel 2025 topps finest x men '97"""
marvel 2025 topps finest x men '97,marvel 2025 topps finest x men '97,7,Refractor,1,81585,NONE,none,none,"No matching subset — create one or confirm these belong in ""marvel 2025 topps finest x men '97"""
marvel 2025 topps finest x men '97,marvel 2025 topps finest x men '97,72,Laser Refractor,1,81461,NONE,none,none,"No matching subset — create one or confirm these belong in ""marvel 2025 topps finest x men '97"""
marvel 2025 topps finest x men '97,marvel 2025 topps finest x men '97,77,X-Fractor,1,81429,NONE,none,none,"No matching subset — create one or confirm these belong in ""marvel 2025 topps finest x men '97"""
marvel 2025 topps finest x men '97,marvel 2025 topps finest x men '97,8,Refractor,1,81583,NONE,none,none,"No matching subset — create one or confirm these belong in ""marvel 2025 topps finest x men '97"""
marvel 2025 topps finest x men '97,marvel 2025 topps finest x men '97,90,Refractor,1,81435,NONE,none,none,"No matching subset — create one or confirm these belong in ""marvel 2025 topps finest x men '97"""
marvel 2025 topps finest x men '97,marvel 2025 topps finest x men '97,92,Orange Refractor SP,1,81507,NONE,none,none,"No matching subset — create one or confirm these belong in ""marvel 2025 topps finest x men '97"""
marvel 2025 topps finest x men '97,marvel 2025 topps finest x men '97,92,Laser Refractor SP,1,81538,NONE,none,none,"No matching subset — create one or confirm these belong in ""marvel 2025 topps finest x men '97"""
marvel 2025 topps finest x men '97,marvel 2025 topps finest x men '97,94,Refractor SP,1,81558,NONE,none,none,"No matching subset — create one or confirm these belong in ""marvel 2025 topps finest x men '97"""
marvel 2025 topps finest x men '97,marvel 2025 topps finest x men '97,94,Laser Refractor SP,1,81564,NONE,none,none,"No matching subset — create one or confirm these belong in ""marvel 2025 topps finest x men '97"""
marvel 2025 topps finest x men '97,marvel 2025 topps finest x men '97,95,Laser Refractor SP,1,81557,NONE,none,none,"No matching subset — create one or confirm these belong in ""marvel 2025 topps finest x men '97"""
marvel 2025 topps finest x men '97,marvel 2025 topps finest x men '97,95,Refractor SP,1,81559,NONE,none,none,"No matching subset — create one or confirm these belong in ""marvel 2025 topps finest x men '97"""
marvel 2025 topps finest x men '97,Marvel 2025 Topps Finest X-Men '97 Short Print,1,X-Fractor,1,81677,NONE,none,none,"No matching subset — create one or confirm these belong in ""Marvel 2025 Topps Finest X-Men '97 Short Print"""
marvel 2025 topps finest x men '97,Marvel 2025 Topps Finest X-Men '97 Short Print,1,Superfractor,1,82138,NONE,none,none,"No matching subset — create one or confirm these belong in ""Marvel 2025 Topps Finest X-Men '97 Short Print"""
marvel 2025 topps finest x men '97,Marvel 2025 Topps Finest X-Men '97 Short Print,10,X-Fractor,1,81674,NONE,none,none,"No matching subset — create one or confirm these belong in ""Marvel 2025 Topps Finest X-Men '97 Short Print"""
marvel 2025 topps finest x men '97,Marvel 2025 Topps Finest X-Men '97 Short Print,10,Superfractor,1,82151,NONE,none,none,"No matching subset — create one or confirm these belong in ""Marvel 2025 Topps Finest X-Men '97 Short Print"""
marvel 2025 topps finest x men '97,Marvel 2025 Topps Finest X-Men '97 Short Print,11,X-Fractor,1,81672,NONE,none,none,"No matching subset — create one or confirm these belong in ""Marvel 2025 Topps Finest X-Men '97 Short Print"""
marvel 2025 topps finest x men '97,Marvel 2025 Topps Finest X-Men '97 Short Print,11,Superfractor,1,82152,NONE,none,none,"No matching subset — create one or confirm these belong in ""Marvel 2025 Topps Finest X-Men '97 Short Print"""
marvel 2025 topps finest x men '97,Marvel 2025 Topps Finest X-Men '97 Short Print,12,X-Fractor,1,81676,NONE,none,none,"No matching subset — create one or confirm these belong in ""Marvel 2025 Topps Finest X-Men '97 Short Print"""
marvel 2025 topps finest x men '97,Marvel 2025 Topps Finest X-Men '97 Short Print,12,Superfractor,1,82154,NONE,none,none,"No matching subset — create one or confirm these belong in ""Marvel 2025 Topps Finest X-Men '97 Short Print"""
marvel 2025 topps finest x men '97,Marvel 2025 Topps Finest X-Men '97 Short Print,13,Superfractor,1,82155,NONE,none,none,"No matching subset — create one or confirm these belong in ""Marvel 2025 Topps Finest X-Men '97 Short Print"""
marvel 2025 topps finest x men '97,Marvel 2025 Topps Finest X-Men '97 Short Print,13,X-Fractor,1,82156,NONE,none,none,"No matching subset — create one or confirm these belong in ""Marvel 2025 Topps Finest X-Men '97 Short Print"""
marvel 2025 topps finest x men '97,Marvel 2025 Topps Finest X-Men '97 Short Print,2,X-Fractor,1,81670,NONE,none,none,"No matching subset — create one or confirm these belong in ""Marvel 2025 Topps Finest X-Men '97 Short Print"""
marvel 2025 topps finest x men '97,Marvel 2025 Topps Finest X-Men '97 Short Print,2,Superfractor,1,82139,NONE,none,none,"No matching subset — create one or confirm these belong in ""Marvel 2025 Topps Finest X-Men '97 Short Print"""
marvel 2025 topps finest x men '97,Marvel 2025 Topps Finest X-Men '97 Short Print,3,Superfractor,1,81681,NONE,none,none,"No matching subset — create one or confirm these belong in ""Marvel 2025 Topps Finest X-Men '97 Short Print"""
marvel 2025 topps finest x men '97,Marvel 2025 Topps Finest X-Men '97 Short Print,3,X-Fractor,1,82143,NONE,none,none,"No matching subset — create one or confirm these belong in ""Marvel 2025 Topps Finest X-Men '97 Short Print"""
marvel 2025 topps finest x men '97,Marvel 2025 Topps Finest X-Men '97 Short Print,4,X-Fractor,1,81675,NONE,none,none,"No matching subset — create one or confirm these belong in ""Marvel 2025 Topps Finest X-Men '97 Short Print"""
marvel 2025 topps finest x men '97,Marvel 2025 Topps Finest X-Men '97 Short Print,4,Superfractor,1,82141,NONE,none,none,"No matching subset — create one or confirm these belong in ""Marvel 2025 Topps Finest X-Men '97 Short Print"""
marvel 2025 topps finest x men '97,Marvel 2025 Topps Finest X-Men '97 Short Print,5,Superfractor,1,82140,NONE,none,none,"No matching subset — create one or confirm these belong in ""Marvel 2025 Topps Finest X-Men '97 Short Print"""
marvel 2025 topps finest x men '97,Marvel 2025 Topps Finest X-Men '97 Short Print,5,X-Fractor,1,82142,NONE,none,none,"No matching subset — create one or confirm these belong in ""Marvel 2025 Topps Finest X-Men '97 Short Print"""
marvel 2025 topps finest x men '97,Marvel 2025 Topps Finest X-Men '97 Short Print,6,Superfractor,1,82146,NONE,none,none,"No matching subset — create one or confirm these belong in ""Marvel 2025 Topps Finest X-Men '97 Short Print"""
marvel 2025 topps finest x men '97,Marvel 2025 Topps Finest X-Men '97 Short Print,6,X-Fractor,1,82149,NONE,none,none,"No matching subset — create one or confirm these belong in ""Marvel 2025 Topps Finest X-Men '97 Short Print"""
marvel 2025 topps finest x men '97,Marvel 2025 Topps Finest X-Men '97 Short Print,7,Superfractor,1,82147,NONE,none,none,"No matching subset — create one or confirm these belong in ""Marvel 2025 Topps Finest X-Men '97 Short Print"""
marvel 2025 topps finest x men '97,Marvel 2025 Topps Finest X-Men '97 Short Print,7,X-Fractor,1,82150,NONE,none,none,"No matching subset — create one or confirm these belong in ""Marvel 2025 Topps Finest X-Men '97 Short Print"""
marvel 2025 topps finest x men '97,Marvel 2025 Topps Finest X-Men '97 Short Print,8,Superfractor,1,82145,NONE,none,none,"No matching subset — create one or confirm these belong in ""Marvel 2025 Topps Finest X-Men '97 Short Print"""
marvel 2025 topps finest x men '97,Marvel 2025 Topps Finest X-Men '97 Short Print,8,X-Fractor,1,82148,NONE,none,none,"No matching subset — create one or confirm these belong in ""Marvel 2025 Topps Finest X-Men '97 Short Print"""
marvel 2025 topps finest x men '97,Marvel 2025 Topps Finest X-Men '97 Short Print,9,X-Fractor,1,81673,NONE,none,none,"No matching subset — create one or confirm these belong in ""Marvel 2025 Topps Finest X-Men '97 Short Print"""
marvel 2025 topps finest x men '97,Marvel 2025 Topps Finest X-Men '97 Short Print,9,Superfractor,1,82153,NONE,none,none,"No matching subset — create one or confirm these belong in ""Marvel 2025 Topps Finest X-Men '97 Short Print"""