main_set,current_subset,card_number,variant,card_count,card_ids,matched_subset,suggestion
2020-21 Upper Deck Marvel Annual,2020-21 Upper Deck Marvel Annual - 2020-21 Upper Deck Marvel Annual,24,Hologram,1,77171,2020-21 Upper Deck Marvel Annual - Hologram,"Move to existing subset ""2020-21 Upper Deck Marvel Annual - Hologram"" (id 4144)"
2020-21 Upper Deck Marvel Annual,2020-21 Upper Deck Marvel Annual - 2020-21 Upper Deck Marvel Annual,24,Variant,1,77200,2020-21 Upper Deck Marvel Annual - Base Variant Cover Set,"Move to existing subset ""2020-21 Upper Deck Marvel Annual - Base Variant Cover Set"" (id 4135)"
2020-21 Upper Deck Marvel Annual,2020-21 Upper Deck Marvel Annual - 2020-21 Upper Deck Marvel Annual,24,Printing Plate,1,77237,2020-21 Upper Deck Marvel Annual - Number 1 Spot Printing Plate Achievements Black,"Move to existing subset ""2020-21 Upper Deck Marvel Annual - Number 1 Spot Printing Plate Achievements Black"" (id 4151)"
2020-21 Upper Deck Marvel Annual,2020-21 Upper Deck Marvel Annual - 2020-21 Upper Deck Marvel Annual,24,Foilboard Hologram,1,77240,2020-21 Upper Deck Marvel Annual - Foilboard Hologram,"Move to existing subset ""2020-21 Upper Deck Marvel Annual - Foilboard Hologram"" (id 4142)"
2020-21 Upper Deck Marvel Annual,2020-21 Upper Deck Marvel Annual - 2020-21 Upper Deck Marvel Annual,3,Hologram,1,77194,2020-21 Upper Deck Marvel Annual - Hologram,"Move to existing subset ""2020-21 Upper Deck Marvel Annual - Hologram"" (id 4144)"
2020-21 Upper Deck Marvel Annual,2020-21 Upper Deck Marvel Annual - 2020-21 Upper Deck Marvel Annual,3,Variant,1,77273,2020-21 Upper Deck Marvel Annual - Base Variant Cover Set,"Move to existing subset ""2020-21 Upper Deck Marvel Annual - Base Variant Cover Set"" (id 4135)"
2020-21 Upper Deck Marvel Annual,2020-21 Upper Deck Marvel Annual - 2020-21 Upper Deck Marvel Annual,3,Foilboard Hologram,1,80169,2020-21 Upper Deck Marvel Annual - Foilboard Hologram,"Move to existing subset ""2020-21 Upper Deck Marvel Annual - Foilboard Hologram"" (id 4142)"
2020-21 Upper Deck Marvel Annual,2020-21 Upper Deck Marvel Annual - 2020-21 Upper Deck Marvel Annual,3,Printing Plate,1,80171,2020-21 Upper Deck Marvel Annual - Number 1 Spot Printing Plate Achievements Black,"Move to existing subset ""2020-21 Upper Deck Marvel Annual - Number 1 Spot Printing Plate Achievements Black"" (id 4151)"
2020-21 Upper Deck Marvel Annual,2020-21 Upper Deck Marvel Annual - 2020-21 Upper Deck Marvel Annual,6,Hologram,1,77120,2020-21 Upper Deck Marvel Annual - Hologram,"Move to existing subset ""2020-21 Upper Deck Marvel Annual - Hologram"" (id 4144)"
2020-21 Upper Deck Marvel Annual,2020-21 Upper Deck Marvel Annual - 2020-21 Upper Deck Marvel Annual,6,Variant,1,77225,2020-21 Upper Deck Marvel Annual - Base Variant Cover Set,"Move to existing subset ""2020-21 Upper Deck Marvel Annual - Base Variant Cover Set"" (id 4135)"
2020-21 Upper Deck Marvel Annual,2020-21 Upper Deck Marvel Annual - 2020-21 Upper Deck Marvel Annual,6,Foilboard Hologram,1,80175,2020-21 Upper Deck Marvel Annual - Foilboard Hologram,"Move to existing subset ""2020-21 Upper Deck Marvel Annual - Foilboard Hologram"" (id 4142)"
2020-21 Upper Deck Marvel Annual,2020-21 Upper Deck Marvel Annual - 2020-21 Upper Deck Marvel Annual,6,Printing Plate,1,80177,2020-21 Upper Deck Marvel Annual - Number 1 Spot Printing Plate Achievements Black,"Move to existing subset ""2020-21 Upper Deck Marvel Annual - Number 1 Spot Printing Plate Achievements Black"" (id 4151)"
2020-21 Upper Deck Marvel Annual,2020-21 Upper Deck Marvel Annual - 2020-21 Upper Deck Marvel Annual,7,Hologram,1,77133,2020-21 Upper Deck Marvel Annual - Hologram,"Move to existing subset ""2020-21 Upper Deck Marvel Annual - Hologram"" (id 4144)"
2020-21 Upper Deck Marvel Annual,2020-21 Upper Deck Marvel Annual - 2020-21 Upper Deck Marvel Annual,7,Variant,1,77264,2020-21 Upper Deck Marvel Annual - Base Variant Cover Set,"Move to existing subset ""2020-21 Upper Deck Marvel Annual - Base Variant Cover Set"" (id 4135)"
2020-21 Upper Deck Marvel Annual,2020-21 Upper Deck Marvel Annual - 2020-21 Upper Deck Marvel Annual,7,Foilboard Hologram,1,80173,2020-21 Upper Deck Marvel Annual - Foilboard Hologram,"Move to existing subset ""2020-21 Upper Deck Marvel Annual - Foilboard Hologram"" (id 4142)"
2020-21 Upper Deck Marvel Annual,2020-21 Upper Deck Marvel Annual - 2020-21 Upper Deck Marvel Annual,7,Printing Plate,1,80176,2020-21 Upper Deck Marvel Annual - Number 1 Spot Printing Plate Achievements Black,"Move to existing subset ""2020-21 Upper Deck Marvel Annual - Number 1 Spot Printing Plate Achievements Black"" (id 4151)"
2020-21 Upper Deck Marvel Annual,2020-21 Upper Deck Marvel Annual - 2020-21 Upper Deck Marvel Annual,80,Foilboard Hologram,1,77112,2020-21 Upper Deck Marvel Annual - Foilboard Hologram,"Move to existing subset ""2020-21 Upper Deck Marvel Annual - Foilboard Hologram"" (id 4142)"
2020-21 Upper Deck Marvel Annual,2020-21 Upper Deck Marvel Annual - 2020-21 Upper Deck Marvel Annual,80,Hologram,1,77155,2020-21 Upper Deck Marvel Annual - Hologram,"Move to existing subset ""2020-21 Upper Deck Marvel Annual - Hologram"" (id 4144)"
2020-21 Upper Deck Marvel Annual,2020-21 Upper Deck Marvel Annual - 2020-21 Upper Deck Marvel Annual,80,Printing Plate,1,77229,2020-21 Upper Deck Marvel Annual - Number 1 Spot Printing Plate Achievements Black,"Move to existing subset ""2020-21 Upper Deck Marvel Annual - Number 1 Spot Printing Plate Achievements Black"" (id 4151)"
2020-21 Upper Deck Marvel Annual,2020-21 Upper Deck Marvel Annual - 2020-21 Upper Deck Marvel Annual,80,Variant,1,77268,2020-21 Upper Deck Marvel Annual - Base Variant Cover Set,"Move to existing subset ""2020-21 Upper Deck Marvel Annual - Base Variant Cover Set"" (id 4135)"
2020-21 Upper Deck Marvel Annual,2020-21 Upper Deck Marvel Annual - 2020-21 Upper Deck Marvel Annual,89,Hologram,1,77103,2020-21 Upper Deck Marvel Annual - Hologram,"Move to existing subset ""2020-21 Upper Deck Marvel Annual - Hologram"" (id 4144)"
2020-21 Upper Deck Marvel Annual,2020-21 Upper Deck Marvel Annual - 2020-21 Upper Deck Marvel Annual,89,Variant,1,77123,2020-21 Upper Deck Marvel Annual - Base Variant Cover Set,"Move to existing subset ""2020-21 Upper Deck Marvel Annual - Base Variant Cover Set"" (id 4135)"
2020-21 Upper Deck Marvel Annual,2020-21 Upper Deck Marvel Annual - 2020-21 Upper Deck Marvel Annual,89,Printing Plate,1,77176,2020-21 Upper Deck Marvel Annual - Number 1 Spot Printing Plate Achievements Black,"Move to existing subset ""2020-21 Upper Deck Marvel Annual - Number 1 Spot Printing Plate Achievements Black"" (id 4151)"
2020-21 Upper Deck Marvel Annual,2020-21 Upper Deck Marvel Annual - 2020-21 Upper Deck Marvel Annual,89,Foilboard Hologram,1,80186,2020-21 Upper Deck Marvel Annual - Foilboard Hologram,"Move to existing subset ""2020-21 Upper Deck Marvel Annual - Foilboard Hologram"" (id 4142)"
2020-21 Upper Deck Marvel Annual,2020-21 Upper Deck Marvel Annual - 2020-21 Upper Deck Marvel Annual,100,Hologram,1,77128,2020-21 Upper Deck Marvel Annual - Hologram,"Move to existing subset ""2020-21 Upper Deck Marvel Annual - Hologram"" (id 4144)"
2020-21 Upper Deck Marvel Annual,2020-21 Upper Deck Marvel Annual - 2020-21 Upper Deck Marvel Annual,100,Variant,1,77156,2020-21 Upper Deck Marvel Annual - Base Variant Cover Set,"Move to existing subset ""2020-21 Upper Deck Marvel Annual - Base Variant Cover Set"" (id 4135)"
2020-21 Upper Deck Marvel Annual,2020-21 Upper Deck Marvel Annual - 2020-21 Upper Deck Marvel Annual,100,Foilboard Hologram,1,77241,2020-21 Upper Deck Marvel Annual - Foilboard Hologram,"Move to existing subset ""2020-21 Upper Deck Marvel Annual - Foilboard Hologram"" (id 4142)"
2020-21 Upper Deck Marvel Annual,2020-21 Upper Deck Marvel Annual - 2020-21 Upper Deck Marvel Annual,12,Hologram,1,77130,2020-21 Upper Deck Marvel Annual - Hologram,"Move to existing subset ""2020-21 Upper Deck Marvel Annual - Hologram"" (id 4144)"
2020-21 Upper Deck Marvel Annual,2020-21 Upper Deck Marvel Annual - 2020-21 Upper Deck Marvel Annual,12,Printing Plate,1,77215,2020-21 Upper Deck Marvel Annual - Number 1 Spot Printing Plate Achievements Black,"Move to existing subset ""2020-21 Upper Deck Marvel Annual - Number 1 Spot Printing Plate Achievements Black"" (id 4151)"
2020-21 Upper Deck Marvel Annual,2020-21 Upper Deck Marvel Annual - 2020-21 Upper Deck Marvel Annual,12,Variant,1,77267,2020-21 Upper Deck Marvel Annual - Base Variant Cover Set,"Move to existing subset ""2020-21 Upper Deck Marvel Annual - Base Variant Cover Set"" (id 4135)"
2020-21 Upper Deck Marvel Annual,2020-21 Upper Deck Marvel Annual - 2020-21 Upper Deck Marvel Annual,13,Hologram,1,77126,2020-21 Upper Deck Marvel Annual - Hologram,"Move to existing subset ""2020-21 Upper Deck Marvel Annual - Hologram"" (id 4144)"
2020-21 Upper Deck Marvel Annual,2020-21 Upper Deck Marvel Annual - 2020-21 Upper Deck Marvel Annual,13,Printing Plate,1,77212,2020-21 Upper Deck Marvel Annual - Number 1 Spot Printing Plate Achievements Black,"Move to existing subset ""2020-21 Upper Deck Marvel Annual - Number 1 Spot Printing Plate Achievements Black"" (id 4151)"
2020-21 Upper Deck Marvel Annual,2020-21 Upper Deck Marvel Annual - 2020-21 Upper Deck Marvel Annual,13,Variant,1,80168,2020-21 Upper Deck Marvel Annual - Base Variant Cover Set,"Move to existing subset ""2020-21 Upper Deck Marvel Annual - Base Variant Cover Set"" (id 4135)"
2020-21 Upper Deck Marvel Annual,2020-21 Upper Deck Marvel Annual - 2020-21 Upper Deck Marvel Annual,17,Hologram,1,77124,2020-21 Upper Deck Marvel Annual - Hologram,"Move to existing subset ""2020-21 Upper Deck Marvel Annual - Hologram"" (id 4144)"
2020-21 Upper Deck Marvel Annual,2020-21 Upper Deck Marvel Annual - 2020-21 Upper Deck Marvel Annual,17,Variant,1,77140,2020-21 Upper Deck Marvel Annual - Base Variant Cover Set,"Move to existing subset ""2020-21 Upper Deck Marvel Annual - Base Variant Cover Set"" (id 4135)"
2020-21 Upper Deck Marvel Annual,2020-21 Upper Deck Marvel Annual - 2020-21 Upper Deck Marvel Annual,17,Printing Plate,1,77224,2020-21 Upper Deck Marvel Annual - Number 1 Spot Printing Plate Achievements Black,"Move to existing subset ""2020-21 Upper Deck Marvel Annual - Number 1 Spot Printing Plate Achievements Black"" (id 4151)"
2020-21 Upper Deck Marvel Annual,2020-21 Upper Deck Marvel Annual - 2020-21 Upper Deck Marvel Annual,2,Hologram,1,77208,2020-21 Upper Deck Marvel Annual - Hologram,"Move to existing subset ""2020-21 Upper Deck Marvel Annual - Hologram"" (id 4144)"
2020-21 Upper Deck Marvel Annual,2020-21 Upper Deck Marvel Annual - 2020-21 Upper Deck Marvel Annual,2,Foilboard Hologram,1,80170,2020-21 Upper Deck Marvel Annual - Foilboard Hologram,"Move to existing subset ""2020-21 Upper Deck Marvel Annual - Foilboard Hologram"" (id 4142)"
2020-21 Upper Deck Marvel Annual,2020-21 Upper Deck Marvel Annual - 2020-21 Upper Deck Marvel Annual,2,Printing Plate,1,80172,2020-21 Upper Deck Marvel Annual - Number 1 Spot Printing Plate Achievements Black,"Move to existing subset ""2020-21 Upper Deck Marvel Annual - Number 1 Spot Printing Plate Achievements Black"" (id 4151)"
2020-21 Upper Deck Marvel Annual,2020-21 Upper Deck Marvel Annual - 2020-21 Upper Deck Marvel Annual,20,Hologram,1,77199,2020-21 Upper Deck Marvel Annual - Hologram,"Move to existing subset ""2020-21 Upper Deck Marvel Annual - Hologram"" (id 4144)"
2020-21 Upper Deck Marvel Annual,2020-21 Upper Deck Marvel Annual - 2020-21 Upper Deck Marvel Annual,20,Foilboard Hologram,1,77239,2020-21 Upper Deck Marvel Annual - Foilboard Hologram,"Move to existing subset ""2020-21 Upper Deck Marvel Annual - Foilboard Hologram"" (id 4142)"
2020-21 Upper Deck Marvel Annual,2020-21 Upper Deck Marvel Annual - 2020-21 Upper Deck Marvel Annual,20,Variant,1,77244,2020-21 Upper Deck Marvel Annual - Base Variant Cover Set,"Move to existing subset ""2020-21 Upper Deck Marvel Annual - Base Variant Cover Set"" (id 4135)"
2020-21 Upper Deck Marvel Annual,2020-21 Upper Deck Marvel Annual - 2020-21 Upper Deck Marvel Annual,22,Hologram,1,77114,2020-21 Upper Deck Marvel Annual - Hologram,"Move to existing subset ""2020-21 Upper Deck Marvel Annual - Hologram"" (id 4144)"
2020-21 Upper Deck Marvel Annual,2020-21 Upper Deck Marvel Annual - 2020-21 Upper Deck Marvel Annual,22,Variant,1,77285,2020-21 Upper Deck Marvel Annual - Base Variant Cover Set,"Move to existing subset ""2020-21 Upper Deck Marvel Annual - Base Variant Cover Set"" (id 4135)"
2020-21 Upper Deck Marvel Annual,2020-21 Upper Deck Marvel Annual - 2020-21 Upper Deck Marvel Annual,22,Foilboard Hologram,1,80189,2020-21 Upper Deck Marvel Annual - Foilboard Hologram,"Move to existing subset ""2020-21 Upper Deck Marvel Annual - Foilboard Hologram"" (id 4142)"
2020-21 Upper Deck Marvel Annual,2020-21 Upper Deck Marvel Annual - 2020-21 Upper Deck Marvel Annual,25,Printing Plate,1,77152,2020-21 Upper Deck Marvel Annual - Number 1 Spot Printing Plate Achievements Black,"Move to existing subset ""2020-21 Upper Deck Marvel Annual - Number 1 Spot Printing Plate Achievements Black"" (id 4151)"
2020-21 Upper Deck Marvel Annual,2020-21 Upper Deck Marvel Annual - 2020-21 Upper Deck Marvel Annual,25,Hologram,1,77223,2020-21 Upper Deck Marvel Annual - Hologram,"Move to existing subset ""2020-21 Upper Deck Marvel Annual - Hologram"" (id 4144)"
2020-21 Upper Deck Marvel Annual,2020-21 Upper Deck Marvel Annual - 2020-21 Upper Deck Marvel Annual,25,Variant,1,77230,2020-21 Upper Deck Marvel Annual - Base Variant Cover Set,"Move to existing subset ""2020-21 Upper Deck Marvel Annual - Base Variant Cover Set"" (id 4135)"
2020-21 Upper Deck Marvel Annual,2020-21 Upper Deck Marvel Annual - 2020-21 Upper Deck Marvel Annual,26,Hologram,1,77183,2020-21 Upper Deck Marvel Annual - Hologram,"Move to existing subset ""2020-21 Upper Deck Marvel Annual - Hologram"" (id 4144)"
2020-21 Upper Deck Marvel Annual,2020-21 Upper Deck Marvel Annual - 2020-21 Upper Deck Marvel Annual,26,Printing Plate,1,77221,2020-21 Upper Deck Marvel Annual - Number 1 Spot Printing Plate Achievements Black,"Move to existing subset ""2020-21 Upper Deck Marvel Annual - Number 1 Spot Printing Plate Achievements Black"" (id 4151)"
2020-21 Upper Deck Marvel Annual,2020-21 Upper Deck Marvel Annual - 2020-21 Upper Deck Marvel Annual,26,Variant,1,77261,2020-21 Upper Deck Marvel Annual - Base Variant Cover Set,"Move to existing subset ""2020-21 Upper Deck Marvel Annual - Base Variant Cover Set"" (id 4135)"
2020-21 Upper Deck Marvel Annual,2020-21 Upper Deck Marvel Annual - 2020-21 Upper Deck Marvel Annual,36,Hologram,1,77206,2020-21 Upper Deck Marvel Annual - Hologram,"Move to existing subset ""2020-21 Upper Deck Marvel Annual - Hologram"" (id 4144)"
2020-21 Upper Deck Marvel Annual,2020-21 Upper Deck Marvel Annual - 2020-21 Upper Deck Marvel Annual,36,Printing Plate,1,77226,2020-21 Upper Deck Marvel Annual - Number 1 Spot Printing Plate Achievements Black,"Move to existing subset ""2020-21 Upper Deck Marvel Annual - Number 1 Spot Printing Plate Achievements Black"" (id 4151)"
2020-21 Upper Deck Marvel Annual,2020-21 Upper Deck Marvel Annual - 2020-21 Upper Deck Marvel Annual,36,Variant,1,77251,2020-21 Upper Deck Marvel Annual - Base Variant Cover Set,"Move to existing subset ""2020-21 Upper Deck Marvel Annual - Base Variant Cover Set"" (id 4135)"
2020-21 Upper Deck Marvel Annual,2020-21 Upper Deck Marvel Annual - 2020-21 Upper Deck Marvel Annual,38,Hologram,1,77231,2020-21 Upper Deck Marvel Annual - Hologram,"Move to existing subset ""2020-21 Upper Deck Marvel Annual - Hologram"" (id 4144)"
2020-21 Upper Deck Marvel Annual,2020-21 Upper Deck Marvel Annual - 2020-21 Upper Deck Marvel Annual,38,Printing Plate,1,77234,2020-21 Upper Deck Marvel Annual - Number 1 Spot Printing Plate Achievements Black,"Move to existing subset ""2020-21 Upper Deck Marvel Annual - Number 1 Spot Printing Plate Achievements Black"" (id 4151)"
2020-21 Upper Deck Marvel Annual,2020-21 Upper Deck Marvel Annual - 2020-21 Upper Deck Marvel Annual,38,Variant,1,77263,2020-21 Upper Deck Marvel Annual - Base Variant Cover Set,"Move to existing subset ""2020-21 Upper Deck Marvel Annual - Base Variant Cover Set"" (id 4135)"
2020-21 Upper Deck Marvel Annual,2020-21 Upper Deck Marvel Annual - 2020-21 Upper Deck Marvel Annual,40,Hologram,1,77110,2020-21 Upper Deck Marvel Annual - Hologram,"Move to existing subset ""2020-21 Upper Deck Marvel Annual - Hologram"" (id 4144)"
2020-21 Upper Deck Marvel Annual,2020-21 Upper Deck Marvel Annual - 2020-21 Upper Deck Marvel Annual,40,Printing Plate,1,77216,2020-21 Upper Deck Marvel Annual - Number 1 Spot Printing Plate Achievements Black,"Move to existing subset ""2020-21 Upper Deck Marvel Annual - Number 1 Spot Printing Plate Achievements Black"" (id 4151)"
2020-21 Upper Deck Marvel Annual,2020-21 Upper Deck Marvel Annual - 2020-21 Upper Deck Marvel Annual,40,Variant,1,77255,2020-21 Upper Deck Marvel Annual - Base Variant Cover Set,"Move to existing subset ""2020-21 Upper Deck Marvel Annual - Base Variant Cover Set"" (id 4135)"
2020-21 Upper Deck Marvel Annual,2020-21 Upper Deck Marvel Annual - 2020-21 Upper Deck Marvel Annual,45,Hologram,1,77219,2020-21 Upper Deck Marvel Annual - Hologram,"Move to existing subset ""2020-21 Upper Deck Marvel Annual - Hologram"" (id 4144)"
2020-21 Upper Deck Marvel Annual,2020-21 Upper Deck Marvel Annual - 2020-21 Upper Deck Marvel Annual,45,Printing Plate,1,77228,2020-21 Upper Deck Marvel Annual - Number 1 Spot Printing Plate Achievements Black,"Move to existing subset ""2020-21 Upper Deck Marvel Annual - Number 1 Spot Printing Plate Achievements Black"" (id 4151)"
2020-21 Upper Deck Marvel Annual,2020-21 Upper Deck Marvel Annual - 2020-21 Upper Deck Marvel Annual,45,Variant,1,77286,2020-21 Upper Deck Marvel Annual - Base Variant Cover Set,"Move to existing subset ""2020-21 Upper Deck Marvel Annual - Base Variant Cover Set"" (id 4135)"
2020-21 Upper Deck Marvel Annual,2020-21 Upper Deck Marvel Annual - 2020-21 Upper Deck Marvel Annual,49,Printing Plate,1,77151,2020-21 Upper Deck Marvel Annual - Number 1 Spot Printing Plate Achievements Black,"Move to existing subset ""2020-21 Upper Deck Marvel Annual - Number 1 Spot Printing Plate Achievements Black"" (id 4151)"
2020-21 Upper Deck Marvel Annual,2020-21 Upper Deck Marvel Annual - 2020-21 Upper Deck Marvel Annual,49,Hologram,1,77184,2020-21 Upper Deck Marvel Annual - Hologram,"Move to existing subset ""2020-21 Upper Deck Marvel Annual - Hologram"" (id 4144)"
2020-21 Upper Deck Marvel Annual,2020-21 Upper Deck Marvel Annual - 2020-21 Upper Deck Marvel Annual,49,Variant,1,77291,2020-21 Upper Deck Marvel Annual - Base Variant Cover Set,"Move to existing subset ""2020-21 Upper Deck Marvel Annual - Base Variant Cover Set"" (id 4135)"
2020-21 Upper Deck Marvel Annual,2020-21 Upper Deck Marvel Annual - 2020-21 Upper Deck Marvel Annual,55,Hologram,1,77193,2020-21 Upper Deck Marvel Annual - Hologram,"Move to existing subset ""2020-21 Upper Deck Marvel Annual - Hologram"" (id 4144)"
2020-21 Upper Deck Marvel Annual,2020-21 Upper Deck Marvel Annual - 2020-21 Upper Deck Marvel Annual,55,Printing Plate,1,77235,2020-21 Upper Deck Marvel Annual - Number 1 Spot Printing Plate Achievements Black,"Move to existing subset ""2020-21 Upper Deck Marvel Annual - Number 1 Spot Printing Plate Achievements Black"" (id 4151)"
2020-21 Upper Deck Marvel Annual,2020-21 Upper Deck Marvel Annual - 2020-21 Upper Deck Marvel Annual,55,Variant,1,77280,2020-21 Upper Deck Marvel Annual - Base Variant Cover Set,"Move to existing subset ""2020-21 Upper Deck Marvel Annual - Base Variant Cover Set"" (id 4135)"
2020-21 Upper Deck Marvel Annual,2020-21 Upper Deck Marvel Annual - 2020-21 Upper Deck Marvel Annual,58,Printing Plate,1,77101,2020-21 Upper Deck Marvel Annual - Number 1 Spot Printing Plate Achievements Black,"Move to existing subset ""2020-21 Upper Deck Marvel Annual - Number 1 Spot Printing Plate Achievements Black"" (id 4151)"
2020-21 Upper Deck Marvel Annual,2020-21 Upper Deck Marvel Annual - 2020-21 Upper Deck Marvel Annual,58,Hologram,1,77205,2020-21 Upper Deck Marvel Annual - Hologram,"Move to existing subset ""2020-21 Upper Deck Marvel Annual - Hologram"" (id 4144)"
2020-21 Upper Deck Marvel Annual,2020-21 Upper Deck Marvel Annual - 2020-21 Upper Deck Marvel Annual,58,Variant,1,77293,2020-21 Upper Deck Marvel Annual - Base Variant Cover Set,"Move to existing subset ""2020-21 Upper Deck Marvel Annual - Base Variant Cover Set"" (id 4135)"
2020-21 Upper Deck Marvel Annual,2020-21 Upper Deck Marvel Annual - 2020-21 Upper Deck Marvel Annual,61,Hologram,1,77209,2020-21 Upper Deck Marvel Annual - Hologram,"Move to existing subset ""2020-21 Upper Deck Marvel Annual - Hologram"" (id 4144)"
2020-21 Upper Deck Marvel Annual,2020-21 Upper Deck Marvel Annual - 2020-21 Upper Deck Marvel Annual,61,Printing Plate,1,77217,2020-21 Upper Deck Marvel Annual - Number 1 Spot Printing Plate Achievements Black,"Move to existing subset ""2020-21 Upper Deck Marvel Annual - Number 1 Spot Printing Plate Achievements Black"" (id 4151)"
2020-21 Upper Deck Marvel Annual,2020-21 Upper Deck Marvel Annual - 2020-21 Upper Deck Marvel Annual,61,Variant,1,77275,2020-21 Upper Deck Marvel Annual - Base Variant Cover Set,"Move to existing subset ""2020-21 Upper Deck Marvel Annual - Base Variant Cover Set"" (id 4135)"
2020-21 Upper Deck Marvel Annual,2020-21 Upper Deck Marvel Annual - 2020-21 Upper Deck Marvel Annual,66,Hologram,1,77172,2020-21 Upper Deck Marvel Annual - Hologram,"Move to existing subset ""2020-21 Upper Deck Marvel Annual - Hologram"" (id 4144)"
2020-21 Upper Deck Marvel Annual,2020-21 Upper Deck Marvel Annual - 2020-21 Upper Deck Marvel Annual,66,Printing Plate,1,77238,2020-21 Upper Deck Marvel Annual - Number 1 Spot Printing Plate Achievements Black,"Move to existing subset ""2020-21 Upper Deck Marvel Annual - Number 1 Spot Printing Plate Achievements Black"" (id 4151)"
2020-21 Upper Deck Marvel Annual,2020-21 Upper Deck Marvel Annual - 2020-21 Upper Deck Marvel Annual,66,Variant,1,77256,2020-21 Upper Deck Marvel Annual - Base Variant Cover Set,"Move to existing subset ""2020-21 Upper Deck Marvel Annual - Base Variant Cover Set"" (id 4135)"
2020-21 Upper Deck Marvel Annual,2020-21 Upper Deck Marvel Annual - 2020-21 Upper Deck Marvel Annual,68,Hologram,1,77125,2020-21 Upper Deck Marvel Annual - Hologram,"Move to existing subset ""2020-21 Upper Deck Marvel Annual - Hologram"" (id 4144)"
2020-21 Upper Deck Marvel Annual,2020-21 Upper Deck Marvel Annual - 2020-21 Upper Deck Marvel Annual,68,Foilboard Hologram,1,80178,2020-21 Upper Deck Marvel Annual - Foilboard Hologram,"Move to existing subset ""2020-21 Upper Deck Marvel Annual - Foilboard Hologram"" (id 4142)"
2020-21 Upper Deck Marvel Annual,2020-21 Upper Deck Marvel Annual - 2020-21 Upper Deck Marvel Annual,68,Printing Plate,1,80180,2020-21 Upper Deck Marvel Annual - Number 1 Spot Printing Plate Achievements Black,"Move to existing subset ""2020-21 Upper Deck Marvel Annual - Number 1 Spot Printing Plate Achievements Black"" (id 4151)"
2020-21 Upper Deck Marvel Annual,2020-21 Upper Deck Marvel Annual - 2020-21 Upper Deck Marvel Annual,69,Hologram,1,77167,2020-21 Upper Deck Marvel Annual - Hologram,"Move to existing subset ""2020-21 Upper Deck Marvel Annual - Hologram"" (id 4144)"
2020-21 Upper Deck Marvel Annual,2020-21 Upper Deck Marvel Annual - 2020-21 Upper Deck Marvel Annual,69,Variant,1,77248,2020-21 Upper Deck Marvel Annual - Base Variant Cover Set,"Move to existing subset ""2020-21 Upper Deck Marvel Annual - Base Variant Cover Set"" (id 4135)"
2020-21 Upper Deck Marvel Annual,2020-21 Upper Deck Marvel Annual - 2020-21 Upper Deck Marvel Annual,69,Foilboard Hologram,1,80179,2020-21 Upper Deck Marvel Annual - Foilboard Hologram,"Move to existing subset ""2020-21 Upper Deck Marvel Annual - Foilboard Hologram"" (id 4142)"
2020-21 Upper Deck Marvel Annual,2020-21 Upper Deck Marvel Annual - 2020-21 Upper Deck Marvel Annual,78,Hologram,1,77202,2020-21 Upper Deck Marvel Annual - Hologram,"Move to existing subset ""2020-21 Upper Deck Marvel Annual - Hologram"" (id 4144)"
2020-21 Upper Deck Marvel Annual,2020-21 Upper Deck Marvel Annual - 2020-21 Upper Deck Marvel Annual,78,Variant,1,77245,2020-21 Upper Deck Marvel Annual - Base Variant Cover Set,"Move to existing subset ""2020-21 Upper Deck Marvel Annual - Base Variant Cover Set"" (id 4135)"
2020-21 Upper Deck Marvel Annual,2020-21 Upper Deck Marvel Annual - 2020-21 Upper Deck Marvel Annual,78,Printing Plate,1,80184,2020-21 Upper Deck Marvel Annual - Number 1 Spot Printing Plate Achievements Black,"Move to existing subset ""2020-21 Upper Deck Marvel Annual - Number 1 Spot Printing Plate Achievements Black"" (id 4151)"
2020-21 Upper Deck Marvel Annual,2020-21 Upper Deck Marvel Annual - 2020-21 Upper Deck Marvel Annual,79,Hologram,1,77210,2020-21 Upper Deck Marvel Annual - Hologram,"Move to existing subset ""2020-21 Upper Deck Marvel Annual - Hologram"" (id 4144)"
2020-21 Upper Deck Marvel Annual,2020-21 Upper Deck Marvel Annual - 2020-21 Upper Deck Marvel Annual,79,Foilboard Hologram,1,80182,2020-21 Upper Deck Marvel Annual - Foilboard Hologram,"Move to existing subset ""2020-21 Upper Deck Marvel Annual - Foilboard Hologram"" (id 4142)"
2020-21 Upper Deck Marvel Annual,2020-21 Upper Deck Marvel Annual - 2020-21 Upper Deck Marvel Annual,79,Printing Plate,1,80183,2020-21 Upper Deck Marvel Annual - Number 1 Spot Printing Plate Achievements Black,"Move to existing subset ""2020-21 Upper Deck Marvel Annual - Number 1 Spot Printing Plate Achievements Black"" (id 4151)"
2020-21 Upper Deck Marvel Annual,2020-21 Upper Deck Marvel Annual - 2020-21 Upper Deck Marvel Annual,8,Hologram,1,77153,2020-21 Upper Deck Marvel Annual - Hologram,"Move to existing subset ""2020-21 Upper Deck Marvel Annual - Hologram"" (id 4144)"
2020-21 Upper Deck Marvel Annual,2020-21 Upper Deck Marvel Annual - 2020-21 Upper Deck Marvel Annual,8,Variant,1,77282,2020-21 Upper Deck Marvel Annual - Base Variant Cover Set,"Move to existing subset ""2020-21 Upper Deck Marvel Annual - Base Variant Cover Set"" (id 4135)"
2020-21 Upper Deck Marvel Annual,2020-21 Upper Deck Marvel Annual - 2020-21 Upper Deck Marvel Annual,8,Foilboard Hologram,1,80174,2020-21 Upper Deck Marvel Annual - Foilboard Hologram,"Move to existing subset ""2020-21 Upper Deck Marvel Annual - Foilboard Hologram"" (id 4142)"
2020-21 Upper Deck Marvel Annual,2020-21 Upper Deck Marvel Annual - 2020-21 Upper Deck Marvel Annual,87,Hologram,1,77180,2020-21 Upper Deck Marvel Annual - Hologram,"Move to existing subset ""2020-21 Upper Deck Marvel Annual - Hologram"" (id 4144)"
2020-21 Upper Deck Marvel Annual,2020-21 Upper Deck Marvel Annual - 2020-21 Upper Deck Marvel Annual,87,Variant,1,77290,2020-21 Upper Deck Marvel Annual - Base Variant Cover Set,"Move to existing subset ""2020-21 Upper Deck Marvel Annual - Base Variant Cover Set"" (id 4135)"
2020-21 Upper Deck Marvel Annual,2020-21 Upper Deck Marvel Annual - 2020-21 Upper Deck Marvel Annual,87,Printing Plate,1,80187,2020-21 Upper Deck Marvel Annual - Number 1 Spot Printing Plate Achievements Black,"Move to existing subset ""2020-21 Upper Deck Marvel Annual - Number 1 Spot Printing Plate Achievements Black"" (id 4151)"
2020-21 Upper Deck Marvel Annual,2020-21 Upper Deck Marvel Annual - 2020-21 Upper Deck Marvel Annual,88,Hologram,1,77166,2020-21 Upper Deck Marvel Annual - Hologram,"Move to existing subset ""2020-21 Upper Deck Marvel Annual - Hologram"" (id 4144)"
2020-21 Upper Deck Marvel Annual,2020-21 Upper Deck Marvel Annual - 2020-21 Upper Deck Marvel Annual,88,Foilboard Hologram,1,80185,2020-21 Upper Deck Marvel Annual - Foilboard Hologram,"Move to existing subset ""2020-21 Upper Deck Marvel Annual - Foilboard Hologram"" (id 4142)"
2020-21 Upper Deck Marvel Annual,2020-21 Upper Deck Marvel Annual - 2020-21 Upper Deck Marvel Annual,88,Printing Plate,1,80188,2020-21 Upper Deck Marvel Annual - Number 1 Spot Printing Plate Achievements Black,"Move to existing subset ""2020-21 Upper Deck Marvel Annual - Number 1 Spot Printing Plate Achievements Black"" (id 4151)"
2020-21 Upper Deck Marvel Annual,2020-21 Upper Deck Marvel Annual - 2020-21 Upper Deck Marvel Annual,92,Hologram,1,77106,2020-21 Upper Deck Marvel Annual - Hologram,"Move to existing subset ""2020-21 Upper Deck Marvel Annual - Hologram"" (id 4144)"
2020-21 Upper Deck Marvel Annual,2020-21 Upper Deck Marvel Annual - 2020-21 Upper Deck Marvel Annual,92,Foilboard Hologram,1,77145,2020-21 Upper Deck Marvel Annual - Foilboard Hologram,"Move to existing subset ""2020-21 Upper Deck Marvel Annual - Foilboard Hologram"" (id 4142)"
2020-21 Upper Deck Marvel Annual,2020-21 Upper Deck Marvel Annual - 2020-21 Upper Deck Marvel Annual,92,Printing Plate,1,77233,2020-21 Upper Deck Marvel Annual - Number 1 Spot Printing Plate Achievements Black,"Move to existing subset ""2020-21 Upper Deck Marvel Annual - Number 1 Spot Printing Plate Achievements Black"" (id 4151)"
2020-21 Upper Deck Marvel Annual,2020-21 Upper Deck Marvel Annual - 2020-21 Upper Deck Marvel Annual,99,Hologram,1,77143,2020-21 Upper Deck Marvel Annual - Hologram,"Move to existing subset ""2020-21 Upper Deck Marvel Annual - Hologram"" (id 4144)"
2020-21 Upper Deck Marvel Annual,2020-21 Upper Deck Marvel Annual - 2020-21 Upper Deck Marvel Annual,99,Variant,1,77270,2020-21 Upper Deck Marvel Annual - Base Variant Cover Set,"Move to existing subset ""2020-21 Upper Deck Marvel Annual - Base Variant Cover Set"" (id 4135)"
2020-21 Upper Deck Marvel Annual,2020-21 Upper Deck Marvel Annual - 2020-21 Upper Deck Marvel Annual,99,Foilboard Hologram,1,80190,2020-21 Upper Deck Marvel Annual - Foilboard Hologram,"Move to existing subset ""2020-21 Upper Deck Marvel Annual - Foilboard Hologram"" (id 4142)"
2020-21 Upper Deck Marvel Annual,2020-21 Upper Deck Marvel Annual - 2020-21 Upper Deck Marvel Annual,1,Hologram,1,77203,2020-21 Upper Deck Marvel Annual - Hologram,"Move to existing subset ""2020-21 Upper Deck Marvel Annual - Hologram"" (id 4144)"
2020-21 Upper Deck Marvel Annual,2020-21 Upper Deck Marvel Annual - 2020-21 Upper Deck Marvel Annual,1,Printing Plate,1,77222,2020-21 Upper Deck Marvel Annual - Number 1 Spot Printing Plate Achievements Black,"Move to existing subset ""2020-21 Upper Deck Marvel Annual - Number 1 Spot Printing Plate Achievements Black"" (id 4151)"
2020-21 Upper Deck Marvel Annual,2020-21 Upper Deck Marvel Annual - 2020-21 Upper Deck Marvel Annual,10,Hologram,1,77136,2020-21 Upper Deck Marvel Annual - Hologram,"Move to existing subset ""2020-21 Upper Deck Marvel Annual - Hologram"" (id 4144)"
2020-21 Upper Deck Marvel Annual,2020-21 Upper Deck Marvel Annual - 2020-21 Upper Deck Marvel Annual,10,Variant,1,80163,2020-21 Upper Deck Marvel Annual - Base Variant Cover Set,"Move to existing subset ""2020-21 Upper Deck Marvel Annual - Base Variant Cover Set"" (id 4135)"
2020-21 Upper Deck Marvel Annual,2020-21 Upper Deck Marvel Annual - 2020-21 Upper Deck Marvel Annual,11,Printing Plate,1,77116,2020-21 Upper Deck Marvel Annual - Number 1 Spot Printing Plate Achievements Black,"Move to existing subset ""2020-21 Upper Deck Marvel Annual - Number 1 Spot Printing Plate Achievements Black"" (id 4151)"
2020-21 Upper Deck Marvel Annual,2020-21 Upper Deck Marvel Annual - 2020-21 Upper Deck Marvel Annual,11,Hologram,1,77185,2020-21 Upper Deck Marvel Annual - Hologram,"Move to existing subset ""2020-21 Upper Deck Marvel Annual - Hologram"" (id 4144)"
2020-21 Upper Deck Marvel Annual,2020-21 Upper Deck Marvel Annual - 2020-21 Upper Deck Marvel Annual,14,Variant,1,77129,2020-21 Upper Deck Marvel Annual - Base Variant Cover Set,"Move to existing subset ""2020-21 Upper Deck Marvel Annual - Base Variant Cover Set"" (id 4135)"
2020-21 Upper Deck Marvel Annual,2020-21 Upper Deck Marvel Annual - 2020-21 Upper Deck Marvel Annual,14,Hologram,1,77186,2020-21 Upper Deck Marvel Annual - Hologram,"Move to existing subset ""2020-21 Upper Deck Marvel Annual - Hologram"" (id 4144)"
2020-21 Upper Deck Marvel Annual,2020-21 Upper Deck Marvel Annual - 2020-21 Upper Deck Marvel Annual,15,Hologram,1,77127,2020-21 Upper Deck Marvel Annual - Hologram,"Move to existing subset ""2020-21 Upper Deck Marvel Annual - Hologram"" (id 4144)"
2020-21 Upper Deck Marvel Annual,2020-21 Upper Deck Marvel Annual - 2020-21 Upper Deck Marvel Annual,15,Variant,1,77277,2020-21 Upper Deck Marvel Annual - Base Variant Cover Set,"Move to existing subset ""2020-21 Upper Deck Marvel Annual - Base Variant Cover Set"" (id 4135)"
2020-21 Upper Deck Marvel Annual,2020-21 Upper Deck Marvel Annual - 2020-21 Upper Deck Marvel Annual,16,Hologram,1,77119,2020-21 Upper Deck Marvel Annual - Hologram,"Move to existing subset ""2020-21 Upper Deck Marvel Annual - Hologram"" (id 4144)"
2020-21 Upper Deck Marvel Annual,2020-21 Upper Deck Marvel Annual - 2020-21 Upper Deck Marvel Annual,16,Variant,1,77272,2020-21 Upper Deck Marvel Annual - Base Variant Cover Set,"Move to existing subset ""2020-21 Upper Deck Marvel Annual - Base Variant Cover Set"" (id 4135)"
2020-21 Upper Deck Marvel Annual,2020-21 Upper Deck Marvel Annual - 2020-21 Upper Deck Marvel Annual,19,Hologram,1,77144,2020-21 Upper Deck Marvel Annual - Hologram,"Move to existing subset ""2020-21 Upper Deck Marvel Annual - Hologram"" (id 4144)"
2020-21 Upper Deck Marvel Annual,2020-21 Upper Deck Marvel Annual - 2020-21 Upper Deck Marvel Annual,19,Variant,1,77265,2020-21 Upper Deck Marvel Annual - Base Variant Cover Set,"Move to existing subset ""2020-21 Upper Deck Marvel Annual - Base Variant Cover Set"" (id 4135)"
2020-21 Upper Deck Marvel Annual,2020-21 Upper Deck Marvel Annual - 2020-21 Upper Deck Marvel Annual,21,Hologram,1,77105,2020-21 Upper Deck Marvel Annual - Hologram,"Move to existing subset ""2020-21 Upper Deck Marvel Annual - Hologram"" (id 4144)"
2020-21 Upper Deck Marvel Annual,2020-21 Upper Deck Marvel Annual - 2020-21 Upper Deck Marvel Annual,21,Variant,1,77249,2020-21 Upper Deck Marvel Annual - Base Variant Cover Set,"Move to existing subset ""2020-21 Upper Deck Marvel Annual - Base Variant Cover Set"" (id 4135)"
2020-21 Upper Deck Marvel Annual,2020-21 Upper Deck Marvel Annual - 2020-21 Upper Deck Marvel Annual,23,Variant,1,77148,2020-21 Upper Deck Marvel Annual - Base Variant Cover Set,"Move to existing subset ""2020-21 Upper Deck Marvel Annual - Base Variant Cover Set"" (id 4135)"
2020-21 Upper Deck Marvel Annual,2020-21 Upper Deck Marvel Annual - 2020-21 Upper Deck Marvel Annual,23,Hologram,1,77181,2020-21 Upper Deck Marvel Annual - Hologram,"Move to existing subset ""2020-21 Upper Deck Marvel Annual - Hologram"" (id 4144)"
2020-21 Upper Deck Marvel Annual,2020-21 Upper Deck Marvel Annual - 2020-21 Upper Deck Marvel Annual,28,Printing Plate,1,77115,2020-21 Upper Deck Marvel Annual - Number 1 Spot Printing Plate Achievements Black,"Move to existing subset ""2020-21 Upper Deck Marvel Annual - Number 1 Spot Printing Plate Achievements Black"" (id 4151)"
2020-21 Upper Deck Marvel Annual,2020-21 Upper Deck Marvel Annual - 2020-21 Upper Deck Marvel Annual,28,Hologram,1,77189,2020-21 Upper Deck Marvel Annual - Hologram,"Move to existing subset ""2020-21 Upper Deck Marvel Annual - Hologram"" (id 4144)"
2020-21 Upper Deck Marvel Annual,2020-21 Upper Deck Marvel Annual - 2020-21 Upper Deck Marvel Annual,29,Hologram,1,77178,2020-21 Upper Deck Marvel Annual - Hologram,"Move to existing subset ""2020-21 Upper Deck Marvel Annual - Hologram"" (id 4144)"
2020-21 Upper Deck Marvel Annual,2020-21 Upper Deck Marvel Annual - 2020-21 Upper Deck Marvel Annual,29,Variant,1,77259,2020-21 Upper Deck Marvel Annual - Base Variant Cover Set,"Move to existing subset ""2020-21 Upper Deck Marvel Annual - Base Variant Cover Set"" (id 4135)"
2020-21 Upper Deck Marvel Annual,2020-21 Upper Deck Marvel Annual - 2020-21 Upper Deck Marvel Annual,30,Hologram,1,77179,2020-21 Upper Deck Marvel Annual - Hologram,"Move to existing subset ""2020-21 Upper Deck Marvel Annual - Hologram"" (id 4144)"
2020-21 Upper Deck Marvel Annual,2020-21 Upper Deck Marvel Annual - 2020-21 Upper Deck Marvel Annual,30,Variant,1,77258,2020-21 Upper Deck Marvel Annual - Base Variant Cover Set,"Move to existing subset ""2020-21 Upper Deck Marvel Annual - Base Variant Cover Set"" (id 4135)"
2020-21 Upper Deck Marvel Annual,2020-21 Upper Deck Marvel Annual - 2020-21 Upper Deck Marvel Annual,32,Hologram,1,77121,2020-21 Upper Deck Marvel Annual - Hologram,"Move to existing subset ""2020-21 Upper Deck Marvel Annual - Hologram"" (id 4144)"
2020-21 Upper Deck Marvel Annual,2020-21 Upper Deck Marvel Annual - 2020-21 Upper Deck Marvel Annual,32,Variant,1,80165,2020-21 Upper Deck Marvel Annual - Base Variant Cover Set,"Move to existing subset ""2020-21 Upper Deck Marvel Annual - Base Variant Cover Set"" (id 4135)"
2020-21 Upper Deck Marvel Annual,2020-21 Upper Deck Marvel Annual - 2020-21 Upper Deck Marvel Annual,33,Variant,1,77122,2020-21 Upper Deck Marvel Annual - Base Variant Cover Set,"Move to existing subset ""2020-21 Upper Deck Marvel Annual - Base Variant Cover Set"" (id 4135)"
2020-21 Upper Deck Marvel Annual,2020-21 Upper Deck Marvel Annual - 2020-21 Upper Deck Marvel Annual,33,Hologram,1,77207,2020-21 Upper Deck Marvel Annual - Hologram,"Move to existing subset ""2020-21 Upper Deck Marvel Annual - Hologram"" (id 4144)"
2020-21 Upper Deck Marvel Annual,2020-21 Upper Deck Marvel Annual - 2020-21 Upper Deck Marvel Annual,35,Variant,1,77174,2020-21 Upper Deck Marvel Annual - Base Variant Cover Set,"Move to existing subset ""2020-21 Upper Deck Marvel Annual - Base Variant Cover Set"" (id 4135)"
2020-21 Upper Deck Marvel Annual,2020-21 Upper Deck Marvel Annual - 2020-21 Upper Deck Marvel Annual,35,Hologram,1,77195,2020-21 Upper Deck Marvel Annual - Hologram,"Move to existing subset ""2020-21 Upper Deck Marvel Annual - Hologram"" (id 4144)"
2020-21 Upper Deck Marvel Annual,2020-21 Upper Deck Marvel Annual - 2020-21 Upper Deck Marvel Annual,37,Hologram,1,77118,2020-21 Upper Deck Marvel Annual - Hologram,"Move to existing subset ""2020-21 Upper Deck Marvel Annual - Hologram"" (id 4144)"
2020-21 Upper Deck Marvel Annual,2020-21 Upper Deck Marvel Annual - 2020-21 Upper Deck Marvel Annual,37,Variant,1,77257,2020-21 Upper Deck Marvel Annual - Base Variant Cover Set,"Move to existing subset ""2020-21 Upper Deck Marvel Annual - Base Variant Cover Set"" (id 4135)"
2020-21 Upper Deck Marvel Annual,2020-21 Upper Deck Marvel Annual - 2020-21 Upper Deck Marvel Annual,4,Hologram,1,77135,2020-21 Upper Deck Marvel Annual - Hologram,"Move to existing subset ""2020-21 Upper Deck Marvel Annual - Hologram"" (id 4144)"
2020-21 Upper Deck Marvel Annual,2020-21 Upper Deck Marvel Annual - 2020-21 Upper Deck Marvel Annual,4,Printing Plate,1,77227,2020-21 Upper Deck Marvel Annual - Number 1 Spot Printing Plate Achievements Black,"Move to existing subset ""2020-21 Upper Deck Marvel Annual - Number 1 Spot Printing Plate Achievements Black"" (id 4151)"
2020-21 Upper Deck Marvel Annual,2020-21 Upper Deck Marvel Annual - 2020-21 Upper Deck Marvel Annual,41,Hologram,1,77182,2020-21 Upper Deck Marvel Annual - Hologram,"Move to existing subset ""2020-21 Upper Deck Marvel Annual - Hologram"" (id 4144)"
2020-21 Upper Deck Marvel Annual,2020-21 Upper Deck Marvel Annual - 2020-21 Upper Deck Marvel Annual,41,Variant,1,77260,2020-21 Upper Deck Marvel Annual - Base Variant Cover Set,"Move to existing subset ""2020-21 Upper Deck Marvel Annual - Base Variant Cover Set"" (id 4135)"
2020-21 Upper Deck Marvel Annual,2020-21 Upper Deck Marvel Annual - 2020-21 Upper Deck Marvel Annual,42,Hologram,1,77160,2020-21 Upper Deck Marvel Annual - Hologram,"Move to existing subset ""2020-21 Upper Deck Marvel Annual - Hologram"" (id 4144)"
2020-21 Upper Deck Marvel Annual,2020-21 Upper Deck Marvel Annual - 2020-21 Upper Deck Marvel Annual,42,Printing Plate,1,77236,2020-21 Upper Deck Marvel Annual - Number 1 Spot Printing Plate Achievements Black,"Move to existing subset ""2020-21 Upper Deck Marvel Annual - Number 1 Spot Printing Plate Achievements Black"" (id 4151)"
2020-21 Upper Deck Marvel Annual,2020-21 Upper Deck Marvel Annual - 2020-21 Upper Deck Marvel Annual,43,Hologram,1,77198,2020-21 Upper Deck Marvel Annual - Hologram,"Move to existing subset ""2020-21 Upper Deck Marvel Annual - Hologram"" (id 4144)"
2020-21 Upper Deck Marvel Annual,2020-21 Upper Deck Marvel Annual - 2020-21 Upper Deck Marvel Annual,43,Variant,1,77284,2020-21 Upper Deck Marvel Annual - Base Variant Cover Set,"Move to existing subset ""2020-21 Upper Deck Marvel Annual - Base Variant Cover Set"" (id 4135)"
2020-21 Upper Deck Marvel Annual,2020-21 Upper Deck Marvel Annual - 2020-21 Upper Deck Marvel Annual,46,Hologram,1,77154,2020-21 Upper Deck Marvel Annual - Hologram,"Move to existing subset ""2020-21 Upper Deck Marvel Annual - Hologram"" (id 4144)"
2020-21 Upper Deck Marvel Annual,2020-21 Upper Deck Marvel Annual - 2020-21 Upper Deck Marvel Annual,46,Variant,1,77262,2020-21 Upper Deck Marvel Annual - Base Variant Cover Set,"Move to existing subset ""2020-21 Upper Deck Marvel Annual - Base Variant Cover Set"" (id 4135)"
2020-21 Upper Deck Marvel Annual,2020-21 Upper Deck Marvel Annual - 2020-21 Upper Deck Marvel Annual,47,Hologram,1,77137,2020-21 Upper Deck Marvel Annual - Hologram,"Move to existing subset ""2020-21 Upper Deck Marvel Annual - Hologram"" (id 4144)"
2020-21 Upper Deck Marvel Annual,2020-21 Upper Deck Marvel Annual - 2020-21 Upper Deck Marvel Annual,47,Variant,1,77254,2020-21 Upper Deck Marvel Annual - Base Variant Cover Set,"Move to existing subset ""2020-21 Upper Deck Marvel Annual - Base Variant Cover Set"" (id 4135)"
2020-21 Upper Deck Marvel Annual,2020-21 Upper Deck Marvel Annual - 2020-21 Upper Deck Marvel Annual,48,Hologram,1,77169,2020-21 Upper Deck Marvel Annual - Hologram,"Move to existing subset ""2020-21 Upper Deck Marvel Annual - Hologram"" (id 4144)"
2020-21 Upper Deck Marvel Annual,2020-21 Upper Deck Marvel Annual - 2020-21 Upper Deck Marvel Annual,48,Variant,1,77253,2020-21 Upper Deck Marvel Annual - Base Variant Cover Set,"Move to existing subset ""2020-21 Upper Deck Marvel Annual - Base Variant Cover Set"" (id 4135)"
2020-21 Upper Deck Marvel Annual,2020-21 Upper Deck Marvel Annual - 2020-21 Upper Deck Marvel Annual,50,Hologram,1,77192,2020-21 Upper Deck Marvel Annual - Hologram,"Move to existing subset ""2020-21 Upper Deck Marvel Annual - Hologram"" (id 4144)"
2020-21 Upper Deck Marvel Annual,2020-21 Upper Deck Marvel Annual - 2020-21 Upper Deck Marvel Annual,50,Variant,1,77243,2020-21 Upper Deck Marvel Annual - Base Variant Cover Set,"Move to existing subset ""2020-21 Upper Deck Marvel Annual - Base Variant Cover Set"" (id 4135)"
2020-21 Upper Deck Marvel Annual,2020-21 Upper Deck Marvel Annual - 2020-21 Upper Deck Marvel Annual,52,Hologram,1,77132,2020-21 Upper Deck Marvel Annual - Hologram,"Move to existing subset ""2020-21 Upper Deck Marvel Annual - Hologram"" (id 4144)"
2020-21 Upper Deck Marvel Annual,2020-21 Upper Deck Marvel Annual - 2020-21 Upper Deck Marvel Annual,52,Variant,1,77250,2020-21 Upper Deck Marvel Annual - Base Variant Cover Set,"Move to existing subset ""2020-21 Upper Deck Marvel Annual - Base Variant Cover Set"" (id 4135)"
2020-21 Upper Deck Marvel Annual,2020-21 Upper Deck Marvel Annual - 2020-21 Upper Deck Marvel Annual,53,Printing Plate,1,77213,2020-21 Upper Deck Marvel Annual - Number 1 Spot Printing Plate Achievements Black,"Move to existing subset ""2020-21 Upper Deck Marvel Annual - Number 1 Spot Printing Plate Achievements Black"" (id 4151)"
2020-21 Upper Deck Marvel Annual,2020-21 Upper Deck Marvel Annual - 2020-21 Upper Deck Marvel Annual,53,Hologram,1,77218,2020-21 Upper Deck Marvel Annual - Hologram,"Move to existing subset ""2020-21 Upper Deck Marvel Annual - Hologram"" (id 4144)"
2020-21 Upper Deck Marvel Annual,2020-21 Upper Deck Marvel Annual - 2020-21 Upper Deck Marvel Annual,54,Hologram,1,77117,2020-21 Upper Deck Marvel Annual - Hologram,"Move to existing subset ""2020-21 Upper Deck Marvel Annual - Hologram"" (id 4144)"
2020-21 Upper Deck Marvel Annual,2020-21 Upper Deck Marvel Annual - 2020-21 Upper Deck Marvel Annual,54,Variant,1,80167,2020-21 Upper Deck Marvel Annual - Base Variant Cover Set,"Move to existing subset ""2020-21 Upper Deck Marvel Annual - Base Variant Cover Set"" (id 4135)"
2020-21 Upper Deck Marvel Annual,2020-21 Upper Deck Marvel Annual - 2020-21 Upper Deck Marvel Annual,56,Hologram,1,77157,2020-21 Upper Deck Marvel Annual - Hologram,"Move to existing subset ""2020-21 Upper Deck Marvel Annual - Hologram"" (id 4144)"
2020-21 Upper Deck Marvel Annual,2020-21 Upper Deck Marvel Annual - 2020-21 Upper Deck Marvel Annual,56,Variant,1,77246,2020-21 Upper Deck Marvel Annual - Base Variant Cover Set,"Move to existing subset ""2020-21 Upper Deck Marvel Annual - Base Variant Cover Set"" (id 4135)"
2020-21 Upper Deck Marvel Annual,2020-21 Upper Deck Marvel Annual - 2020-21 Upper Deck Marvel Annual,57,Hologram,1,77190,2020-21 Upper Deck Marvel Annual - Hologram,"Move to existing subset ""2020-21 Upper Deck Marvel Annual - Hologram"" (id 4144)"
2020-21 Upper Deck Marvel Annual,2020-21 Upper Deck Marvel Annual - 2020-21 Upper Deck Marvel Annual,57,Variant,1,77289,2020-21 Upper Deck Marvel Annual - Base Variant Cover Set,"Move to existing subset ""2020-21 Upper Deck Marvel Annual - Base Variant Cover Set"" (id 4135)"
2020-21 Upper Deck Marvel Annual,2020-21 Upper Deck Marvel Annual - 2020-21 Upper Deck Marvel Annual,60,Hologram,1,77107,2020-21 Upper Deck Marvel Annual - Hologram,"Move to existing subset ""2020-21 Upper Deck Marvel Annual - Hologram"" (id 4144)"
2020-21 Upper Deck Marvel Annual,2020-21 Upper Deck Marvel Annual - 2020-21 Upper Deck Marvel Annual,60,Variant,1,77287,2020-21 Upper Deck Marvel Annual - Base Variant Cover Set,"Move to existing subset ""2020-21 Upper Deck Marvel Annual - Base Variant Cover Set"" (id 4135)"
2020-21 Upper Deck Marvel Annual,2020-21 Upper Deck Marvel Annual - 2020-21 Upper Deck Marvel Annual,62,Hologram,1,77108,2020-21 Upper Deck Marvel Annual - Hologram,"Move to existing subset ""2020-21 Upper Deck Marvel Annual - Hologram"" (id 4144)"
2020-21 Upper Deck Marvel Annual,2020-21 Upper Deck Marvel Annual - 2020-21 Upper Deck Marvel Annual,62,Variant,1,77288,2020-21 Upper Deck Marvel Annual - Base Variant Cover Set,"Move to existing subset ""2020-21 Upper Deck Marvel Annual - Base Variant Cover Set"" (id 4135)"
2020-21 Upper Deck Marvel Annual,2020-21 Upper Deck Marvel Annual - 2020-21 Upper Deck Marvel Annual,63,Hologram,1,77109,2020-21 Upper Deck Marvel Annual - Hologram,"Move to existing subset ""2020-21 Upper Deck Marvel Annual - Hologram"" (id 4144)"
2020-21 Upper Deck Marvel Annual,2020-21 Upper Deck Marvel Annual - 2020-21 Upper Deck Marvel Annual,63,Variant,1,77266,2020-21 Upper Deck Marvel Annual - Base Variant Cover Set,"Move to existing subset ""2020-21 Upper Deck Marvel Annual - Base Variant Cover Set"" (id 4135)"
2020-21 Upper Deck Marvel Annual,2020-21 Upper Deck Marvel Annual - 2020-21 Upper Deck Marvel Annual,64,Hologram,1,77170,2020-21 Upper Deck Marvel Annual - Hologram,"Move to existing subset ""2020-21 Upper Deck Marvel Annual - Hologram"" (id 4144)"
2020-21 Upper Deck Marvel Annual,2020-21 Upper Deck Marvel Annual - 2020-21 Upper Deck Marvel Annual,64,Variant,1,77283,2020-21 Upper Deck Marvel Annual - Base Variant Cover Set,"Move to existing subset ""2020-21 Upper Deck Marvel Annual - Base Variant Cover Set"" (id 4135)"
2020-21 Upper Deck Marvel Annual,2020-21 Upper Deck Marvel Annual - 2020-21 Upper Deck Marvel Annual,65,Hologram,1,77168,2020-21 Upper Deck Marvel Annual - Hologram,"Move to existing subset ""2020-21 Upper Deck Marvel Annual - Hologram"" (id 4144)"
2020-21 Upper Deck Marvel Annual,2020-21 Upper Deck Marvel Annual - 2020-21 Upper Deck Marvel Annual,65,Variant,1,77197,2020-21 Upper Deck Marvel Annual - Base Variant Cover Set,"Move to existing subset ""2020-21 Upper Deck Marvel Annual - Base Variant Cover Set"" (id 4135)"
2020-21 Upper Deck Marvel Annual,2020-21 Upper Deck Marvel Annual - 2020-21 Upper Deck Marvel Annual,67,Hologram,1,77146,2020-21 Upper Deck Marvel Annual - Hologram,"Move to existing subset ""2020-21 Upper Deck Marvel Annual - Hologram"" (id 4144)"
2020-21 Upper Deck Marvel Annual,2020-21 Upper Deck Marvel Annual - 2020-21 Upper Deck Marvel Annual,67,Printing Plate,1,80181,2020-21 Upper Deck Marvel Annual - Number 1 Spot Printing Plate Achievements Black,"Move to existing subset ""2020-21 Upper Deck Marvel Annual - Number 1 Spot Printing Plate Achievements Black"" (id 4151)"
2020-21 Upper Deck Marvel Annual,2020-21 Upper Deck Marvel Annual - 2020-21 Upper Deck Marvel Annual,71,Variant,1,77158,2020-21 Upper Deck Marvel Annual - Base Variant Cover Set,"Move to existing subset ""2020-21 Upper Deck Marvel Annual - Base Variant Cover Set"" (id 4135)"
2020-21 Upper Deck Marvel Annual,2020-21 Upper Deck Marvel Annual - 2020-21 Upper Deck Marvel Annual,71,Hologram,1,77159,2020-21 Upper Deck Marvel Annual - Hologram,"Move to existing subset ""2020-21 Upper Deck Marvel Annual - Hologram"" (id 4144)"
2020-21 Upper Deck Marvel Annual,2020-21 Upper Deck Marvel Annual - 2020-21 Upper Deck Marvel Annual,72,Hologram,1,77242,2020-21 Upper Deck Marvel Annual - Hologram,"Move to existing subset ""2020-21 Upper Deck Marvel Annual - Hologram"" (id 4144)"
2020-21 Upper Deck Marvel Annual,2020-21 Upper Deck Marvel Annual - 2020-21 Upper Deck Marvel Annual,72,Variant,1,77281,2020-21 Upper Deck Marvel Annual - Base Variant Cover Set,"Move to existing subset ""2020-21 Upper Deck Marvel Annual - Base Variant Cover Set"" (id 4135)"
2020-21 Upper Deck Marvel Annual,2020-21 Upper Deck Marvel Annual - 2020-21 Upper Deck Marvel Annual,74,Hologram,1,77187,2020-21 Upper Deck Marvel Annual - Hologram,"Move to existing subset ""2020-21 Upper Deck Marvel Annual - Hologram"" (id 4144)"
2020-21 Upper Deck Marvel Annual,2020-21 Upper Deck Marvel Annual - 2020-21 Upper Deck Marvel Annual,74,Variant,1,77274,2020-21 Upper Deck Marvel Annual - Base Variant Cover Set,"Move to existing subset ""2020-21 Upper Deck Marvel Annual - Base Variant Cover Set"" (id 4135)"
2020-21 Upper Deck Marvel Annual,2020-21 Upper Deck Marvel Annual - 2020-21 Upper Deck Marvel Annual,76,Hologram,1,77142,2020-21 Upper Deck Marvel Annual - Hologram,"Move to existing subset ""2020-21 Upper Deck Marvel Annual - Hologram"" (id 4144)"
2020-21 Upper Deck Marvel Annual,2020-21 Upper Deck Marvel Annual - 2020-21 Upper Deck Marvel Annual,76,Variant,1,77276,2020-21 Upper Deck Marvel Annual - Base Variant Cover Set,"Move to existing subset ""2020-21 Upper Deck Marvel Annual - Base Variant Cover Set"" (id 4135)"
2020-21 Upper Deck Marvel Annual,2020-21 Upper Deck Marvel Annual - 2020-21 Upper Deck Marvel Annual,77,Hologram,1,77165,2020-21 Upper Deck Marvel Annual - Hologram,"Move to existing subset ""2020-21 Upper Deck Marvel Annual - Hologram"" (id 4144)"
2020-21 Upper Deck Marvel Annual,2020-21 Upper Deck Marvel Annual - 2020-21 Upper Deck Marvel Annual,77,Variant,1,77271,2020-21 Upper Deck Marvel Annual - Base Variant Cover Set,"Move to existing subset ""2020-21 Upper Deck Marvel Annual - Base Variant Cover Set"" (id 4135)"
2020-21 Upper Deck Marvel Annual,2020-21 Upper Deck Marvel Annual - 2020-21 Upper Deck Marvel Annual,81,Hologram,1,77113,2020-21 Upper Deck Marvel Annual - Hologram,"Move to existing subset ""2020-21 Upper Deck Marvel Annual - Hologram"" (id 4144)"
2020-21 Upper Deck Marvel Annual,2020-21 Upper Deck Marvel Annual - 2020-21 Upper Deck Marvel Annual,81,Variant,1,77295,2020-21 Upper Deck Marvel Annual - Base Variant Cover Set,"Move to existing subset ""2020-21 Upper Deck Marvel Annual - Base Variant Cover Set"" (id 4135)"
2020-21 Upper Deck Marvel Annual,2020-21 Upper Deck Marvel Annual - 2020-21 Upper Deck Marvel Annual,82,Hologram,1,77196,2020-21 Upper Deck Marvel Annual - Hologram,"Move to existing subset ""2020-21 Upper Deck Marvel Annual - Hologram"" (id 4144)"
2020-21 Upper Deck Marvel Annual,2020-21 Upper Deck Marvel Annual - 2020-21 Upper Deck Marvel Annual,82,Variant,1,77278,2020-21 Upper Deck Marvel Annual - Base Variant Cover Set,"Move to existing subset ""2020-21 Upper Deck Marvel Annual - Base Variant Cover Set"" (id 4135)"
2020-21 Upper Deck Marvel Annual,2020-21 Upper Deck Marvel Annual - 2020-21 Upper Deck Marvel Annual,83,Hologram,1,77161,2020-21 Upper Deck Marvel Annual - Hologram,"Move to existing subset ""2020-21 Upper Deck Marvel Annual - Hologram"" (id 4144)"
2020-21 Upper Deck Marvel Annual,2020-21 Upper Deck Marvel Annual - 2020-21 Upper Deck Marvel Annual,83,Variant,1,77247,2020-21 Upper Deck Marvel Annual - Base Variant Cover Set,"Move to existing subset ""2020-21 Upper Deck Marvel Annual - Base Variant Cover Set"" (id 4135)"
2020-21 Upper Deck Marvel Annual,2020-21 Upper Deck Marvel Annual - 2020-21 Upper Deck Marvel Annual,84,Hologram,1,77102,2020-21 Upper Deck Marvel Annual - Hologram,"Move to existing subset ""2020-21 Upper Deck Marvel Annual - Hologram"" (id 4144)"
2020-21 Upper Deck Marvel Annual,2020-21 Upper Deck Marvel Annual - 2020-21 Upper Deck Marvel Annual,84,Variant,1,80166,2020-21 Upper Deck Marvel Annual - Base Variant Cover Set,"Move to existing subset ""2020-21 Upper Deck Marvel Annual - Base Variant Cover Set"" (id 4135)"
2020-21 Upper Deck Marvel Annual,2020-21 Upper Deck Marvel Annual - 2020-21 Upper Deck Marvel Annual,85,Hologram,1,77149,2020-21 Upper Deck Marvel Annual - Hologram,"Move to existing subset ""2020-21 Upper Deck Marvel Annual - Hologram"" (id 4144)"
2020-21 Upper Deck Marvel Annual,2020-21 Upper Deck Marvel Annual - 2020-21 Upper Deck Marvel Annual,85,Variant,1,77294,2020-21 Upper Deck Marvel Annual - Base Variant Cover Set,"Move to existing subset ""2020-21 Upper Deck Marvel Annual - Base Variant Cover Set"" (id 4135)"
2020-21 Upper Deck Marvel Annual,2020-21 Upper Deck Marvel Annual - 2020-21 Upper Deck Marvel Annual,86,Hologram,1,77175,2020-21 Upper Deck Marvel Annual - Hologram,"Move to existing subset ""2020-21 Upper Deck Marvel Annual - Hologram"" (id 4144)"
2020-21 Upper Deck Marvel Annual,2020-21 Upper Deck Marvel Annual - 2020-21 Upper Deck Marvel Annual,86,Variant,1,77292,2020-21 Upper Deck Marvel Annual - Base Variant Cover Set,"Move to existing subset ""2020-21 Upper Deck Marvel Annual - Base Variant Cover Set"" (id 4135)"
2020-21 Upper Deck Marvel Annual,2020-21 Upper Deck Marvel Annual - 2020-21 Upper Deck Marvel Annual,9,Hologram,1,77191,2020-21 Upper Deck Marvel Annual - Hologram,"Move to existing subset ""2020-21 Upper Deck Marvel Annual - Hologram"" (id 4144)"
2020-21 Upper Deck Marvel Annual,2020-21 Upper Deck Marvel Annual - 2020-21 Upper Deck Marvel Annual,9,Variant,1,77279,2020-21 Upper Deck Marvel Annual - Base Variant Cover Set,"Move to existing subset ""2020-21 Upper Deck Marvel Annual - Base Variant Cover Set"" (id 4135)"
2020-21 Upper Deck Marvel Annual,2020-21 Upper Deck Marvel Annual - 2020-21 Upper Deck Marvel Annual,91,Variant,1,77139,2020-21 Upper Deck Marvel Annual - Base Variant Cover Set,"Move to existing subset ""2020-21 Upper Deck Marvel Annual - Base Variant Cover Set"" (id 4135)"
2020-21 Upper Deck Marvel Annual,2020-21 Upper Deck Marvel Annual - 2020-21 Upper Deck Marvel Annual,91,Hologram,1,77232,2020-21 Upper Deck Marvel Annual - Hologram,"Move to existing subset ""2020-21 Upper Deck Marvel Annual - Hologram"" (id 4144)"
2020-21 Upper Deck Marvel Annual,2020-21 Upper Deck Marvel Annual - 2020-21 Upper Deck Marvel Annual,93,Hologram,1,77150,2020-21 Upper Deck Marvel Annual - Hologram,"Move to existing subset ""2020-21 Upper Deck Marvel Annual - Hologram"" (id 4144)"
2020-21 Upper Deck Marvel Annual,2020-21 Upper Deck Marvel Annual - 2020-21 Upper Deck Marvel Annual,93,Variant,1,77252,2020-21 Upper Deck Marvel Annual - Base Variant Cover Set,"Move to existing subset ""2020-21 Upper Deck Marvel Annual - Base Variant Cover Set"" (id 4135)"
2020-21 Upper Deck Marvel Annual,2020-21 Upper Deck Marvel Annual - 2020-21 Upper Deck Marvel Annual,94,Hologram,1,77201,2020-21 Upper Deck Marvel Annual - Hologram,"Move to existing subset ""2020-21 Upper Deck Marvel Annual - Hologram"" (id 4144)"
2020-21 Upper Deck Marvel Annual,2020-21 Upper Deck Marvel Annual - 2020-21 Upper Deck Marvel Annual,94,Variant,1,77269,2020-21 Upper Deck Marvel Annual - Base Variant Cover Set,"Move to existing subset ""2020-21 Upper Deck Marvel Annual - Base Variant Cover Set"" (id 4135)"
2020-21 Upper Deck Marvel Annual,2020-21 Upper Deck Marvel Annual - 2020-21 Upper Deck Marvel Annual,95,Hologram,1,77173,2020-21 Upper Deck Marvel Annual - Hologram,"Move to existing subset ""2020-21 Upper Deck Marvel Annual - Hologram"" (id 4144)"
2020-21 Upper Deck Marvel Annual,2020-21 Upper Deck Marvel Annual - 2020-21 Upper Deck Marvel Annual,95,Printing Plate,1,77214,2020-21 Upper Deck Marvel Annual - Number 1 Spot Printing Plate Achievements Black,"Move to existing subset ""2020-21 Upper Deck Marvel Annual - Number 1 Spot Printing Plate Achievements Black"" (id 4151)"
2020-21 Upper Deck Marvel Annual,2020-21 Upper Deck Marvel Annual - 2020-21 Upper Deck Marvel Annual,98,Hologram,1,77138,2020-21 Upper Deck Marvel Annual - Hologram,"Move to existing subset ""2020-21 Upper Deck Marvel Annual - Hologram"" (id 4144)"
2020-21 Upper Deck Marvel Annual,2020-21 Upper Deck Marvel Annual - 2020-21 Upper Deck Marvel Annual,98,Variant,1,80164,2020-21 Upper Deck Marvel Annual - Base Variant Cover Set,"Move to existing subset ""2020-21 Upper Deck Marvel Annual - Base Variant Cover Set"" (id 4135)"
2020-21 Upper Deck Marvel Annual,2020-21 Upper Deck Marvel Annual - 2020-21 Upper Deck Marvel Annual,27,Hologram,1,77220,2020-21 Upper Deck Marvel Annual - Hologram,"Move to existing subset ""2020-21 Upper Deck Marvel Annual - Hologram"" (id 4144)"
2020-21 Upper Deck Marvel Annual,2020-21 Upper Deck Marvel Annual - 2020-21 Upper Deck Marvel Annual,31,Hologram,1,77177,2020-21 Upper Deck Marvel Annual - Hologram,"Move to existing subset ""2020-21 Upper Deck Marvel Annual - Hologram"" (id 4144)"
2020-21 Upper Deck Marvel Annual,2020-21 Upper Deck Marvel Annual - 2020-21 Upper Deck Marvel Annual,34,Hologram,1,77111,2020-21 Upper Deck Marvel Annual - Hologram,"Move to existing subset ""2020-21 Upper Deck Marvel Annual - Hologram"" (id 4144)"
2020-21 Upper Deck Marvel Annual,2020-21 Upper Deck Marvel Annual - 2020-21 Upper Deck Marvel Annual,39,Hologram,1,77164,2020-21 Upper Deck Marvel Annual - Hologram,"Move to existing subset ""2020-21 Upper Deck Marvel Annual - Hologram"" (id 4144)"
2020-21 Upper Deck Marvel Annual,2020-21 Upper Deck Marvel Annual - 2020-21 Upper Deck Marvel Annual,44,Hologram,1,77104,2020-21 Upper Deck Marvel Annual - Hologram,"Move to existing subset ""2020-21 Upper Deck Marvel Annual - Hologram"" (id 4144)"
2020-21 Upper Deck Marvel Annual,2020-21 Upper Deck Marvel Annual - 2020-21 Upper Deck Marvel Annual,5,Hologram,1,77162,2020-21 Upper Deck Marvel Annual - Hologram,"Move to existing subset ""2020-21 Upper Deck Marvel Annual - Hologram"" (id 4144)"
2020-21 Upper Deck Marvel Annual,2020-21 Upper Deck Marvel Annual - 2020-21 Upper Deck Marvel Annual,51,Hologram,1,77163,2020-21 Upper Deck Marvel Annual - Hologram,"Move to existing subset ""2020-21 Upper Deck Marvel Annual - Hologram"" (id 4144)"
2020-21 Upper Deck Marvel Annual,2020-21 Upper Deck Marvel Annual - 2020-21 Upper Deck Marvel Annual,59,Hologram,1,77134,2020-21 Upper Deck Marvel Annual - Hologram,"Move to existing subset ""2020-21 Upper Deck Marvel Annual - Hologram"" (id 4144)"
2020-21 Upper Deck Marvel Annual,2020-21 Upper Deck Marvel Annual - 2020-21 Upper Deck Marvel Annual,70,Hologram,1,77141,2020-21 Upper Deck Marvel Annual - Hologram,"Move to existing subset ""2020-21 Upper Deck Marvel Annual - Hologram"" (id 4144)"
2020-21 Upper Deck Marvel Annual,2020-21 Upper Deck Marvel Annual - 2020-21 Upper Deck Marvel Annual,73,Hologram,1,77147,2020-21 Upper Deck Marvel Annual - Hologram,"Move to existing subset ""2020-21 Upper Deck Marvel Annual - Hologram"" (id 4144)"
2020-21 Upper Deck Marvel Annual,2020-21 Upper Deck Marvel Annual - 2020-21 Upper Deck Marvel Annual,75,Hologram,1,77204,2020-21 Upper Deck Marvel Annual - Hologram,"Move to existing subset ""2020-21 Upper Deck Marvel Annual - Hologram"" (id 4144)"
2020-21 Upper Deck Marvel Annual,2020-21 Upper Deck Marvel Annual - 2020-21 Upper Deck Marvel Annual,90,Hologram,1,77131,2020-21 Upper Deck Marvel Annual - Hologram,"Move to existing subset ""2020-21 Upper Deck Marvel Annual - Hologram"" (id 4144)"
2020-21 Upper Deck Marvel Annual,2020-21 Upper Deck Marvel Annual - 2020-21 Upper Deck Marvel Annual,96,Hologram,1,77211,2020-21 Upper Deck Marvel Annual - Hologram,"Move to existing subset ""2020-21 Upper Deck Marvel Annual - Hologram"" (id 4144)"
2020-21 Upper Deck Marvel Annual,2020-21 Upper Deck Marvel Annual - 2020-21 Upper Deck Marvel Annual,97,Hologram,1,77188,2020-21 Upper Deck Marvel Annual - Hologram,"Move to existing subset ""2020-21 Upper Deck Marvel Annual - Hologram"" (id 4144)"
2020-21 Upper Deck Marvel Annual,2020-21 Upper Deck Marvel Annual - Number 1 Spot,N1S-10,2020,2,26696 92972,2020-21 Upper Deck Marvel Annual - 2020-21 Upper Deck Marvel Annual,"Move to existing subset ""2020-21 Upper Deck Marvel Annual - 2020-21 Upper Deck Marvel Annual"" (id 4133)"
2020-21 Upper Deck Marvel Annual,2020-21 Upper Deck Marvel Annual - Number 1 Spot,N1S-11,2020,2,26697 92973,2020-21 Upper Deck Marvel Annual - 2020-21 Upper Deck Marvel Annual,"Move to existing subset ""2020-21 Upper Deck Marvel Annual - 2020-21 Upper Deck Marvel Annual"" (id 4133)"
2020-21 Upper Deck Marvel Annual,2020-21 Upper Deck Marvel Annual - Number 1 Spot,N1S-13,2020,2,26699 92975,2020-21 Upper Deck Marvel Annual - 2020-21 Upper Deck Marvel Annual,"Move to existing subset ""2020-21 Upper Deck Marvel Annual - 2020-21 Upper Deck Marvel Annual"" (id 4133)"
2020-21 Upper Deck Marvel Annual,2020-21 Upper Deck Marvel Annual - Number 1 Spot,N1S-14,2020,2,26700 92976,2020-21 Upper Deck Marvel Annual - 2020-21 Upper Deck Marvel Annual,"Move to existing subset ""2020-21 Upper Deck Marvel Annual - 2020-21 Upper Deck Marvel Annual"" (id 4133)"
2020-21 Upper Deck Marvel Annual,2020-21 Upper Deck Marvel Annual - Number 1 Spot,N1S-15,2020,2,26701 92977,2020-21 Upper Deck Marvel Annual - 2020-21 Upper Deck Marvel Annual,"Move to existing subset ""2020-21 Upper Deck Marvel Annual - 2020-21 Upper Deck Marvel Annual"" (id 4133)"
2020-21 Upper Deck Marvel Annual,2020-21 Upper Deck Marvel Annual - Number 1 Spot,N1S-16,2020,2,26702 92978,2020-21 Upper Deck Marvel Annual - 2020-21 Upper Deck Marvel Annual,"Move to existing subset ""2020-21 Upper Deck Marvel Annual - 2020-21 Upper Deck Marvel Annual"" (id 4133)"
2020-21 Upper Deck Marvel Annual,2020-21 Upper Deck Marvel Annual - Number 1 Spot,N1S-17,2020,2,26703 92979,2020-21 Upper Deck Marvel Annual - 2020-21 Upper Deck Marvel Annual,"Move to existing subset ""2020-21 Upper Deck Marvel Annual - 2020-21 Upper Deck Marvel Annual"" (id 4133)"
2020-21 Upper Deck Marvel Annual,2020-21 Upper Deck Marvel Annual - Number 1 Spot,N1S-18,2020,2,26704 92980,2020-21 Upper Deck Marvel Annual - 2020-21 Upper Deck Marvel Annual,"Move to existing subset ""2020-21 Upper Deck Marvel Annual - 2020-21 Upper Deck Marvel Annual"" (id 4133)"
2020-21 Upper Deck Marvel Annual,2020-21 Upper Deck Marvel Annual - Number 1 Spot,N1S-19,2020,2,26705 92981,2020-21 Upper Deck Marvel Annual - 2020-21 Upper Deck Marvel Annual,"Move to existing subset ""2020-21 Upper Deck Marvel Annual - 2020-21 Upper Deck Marvel Annual"" (id 4133)"
2020-21 Upper Deck Marvel Annual,2020-21 Upper Deck Marvel Annual - Number 1 Spot,N1S-20,2020,2,26707 92982,2020-21 Upper Deck Marvel Annual - 2020-21 Upper Deck Marvel Annual,"Move to existing subset ""2020-21 Upper Deck Marvel Annual - 2020-21 Upper Deck Marvel Annual"" (id 4133)"
2020-21 Upper Deck Marvel Annual,2020-21 Upper Deck Marvel Annual - Number 1 Spot,N1S-21,2020,2,26708 92983,2020-21 Upper Deck Marvel Annual - 2020-21 Upper Deck Marvel Annual,"Move to existing subset ""2020-21 Upper Deck Marvel Annual - 2020-21 Upper Deck Marvel Annual"" (id 4133)"
2020-21 Upper Deck Marvel Annual,2020-21 Upper Deck Marvel Annual - Number 1 Spot,N1S-22,2020,2,26709 92984,2020-21 Upper Deck Marvel Annual - 2020-21 Upper Deck Marvel Annual,"Move to existing subset ""2020-21 Upper Deck Marvel Annual - 2020-21 Upper Deck Marvel Annual"" (id 4133)"
2020-21 Upper Deck Marvel Annual,2020-21 Upper Deck Marvel Annual - Number 1 Spot,N1S-23,2020,2,26710 92985,2020-21 Upper Deck Marvel Annual - 2020-21 Upper Deck Marvel Annual,"Move to existing subset ""2020-21 Upper Deck Marvel Annual - 2020-21 Upper Deck Marvel Annual"" (id 4133)"
2020-21 Upper Deck Marvel Annual,2020-21 Upper Deck Marvel Annual - Number 1 Spot,N1S-24,2020,2,26711 92986,2020-21 Upper Deck Marvel Annual - 2020-21 Upper Deck Marvel Annual,"Move to existing subset ""2020-21 Upper Deck Marvel Annual - 2020-21 Upper Deck Marvel Annual"" (id 4133)"
2020-21 Upper Deck Marvel Annual,2020-21 Upper Deck Marvel Annual - Number 1 Spot,N1S-9,2020,2,26719 92971,2020-21 Upper Deck Marvel Annual - 2020-21 Upper Deck Marvel Annual,"Move to existing subset ""2020-21 Upper Deck Marvel Annual - 2020-21 Upper Deck Marvel Annual"" (id 4133)"
2021-22 Upper Deck Marvel Annual,2021-22 Upper Deck Marvel Annual - Number 1 Spot,N1S-1,2021,1,93644,2021-22 Upper Deck Marvel Annual - 2021-22 Upper Deck Marvel Annual,"Move to existing subset ""2021-22 Upper Deck Marvel Annual - 2021-22 Upper Deck Marvel Annual"" (id 4287)"
2021-22 Upper Deck Marvel Annual,2021-22 Upper Deck Marvel Annual - Number 1 Spot,N1S-10,2021,1,93653,2021-22 Upper Deck Marvel Annual - 2021-22 Upper Deck Marvel Annual,"Move to existing subset ""2021-22 Upper Deck Marvel Annual - 2021-22 Upper Deck Marvel Annual"" (id 4287)"
2021-22 Upper Deck Marvel Annual,2021-22 Upper Deck Marvel Annual - Number 1 Spot,N1S-11,2021,1,93654,2021-22 Upper Deck Marvel Annual - 2021-22 Upper Deck Marvel Annual,"Move to existing subset ""2021-22 Upper Deck Marvel Annual - 2021-22 Upper Deck Marvel Annual"" (id 4287)"
2021-22 Upper Deck Marvel Annual,2021-22 Upper Deck Marvel Annual - Number 1 Spot,N1S-12,2021,1,93655,2021-22 Upper Deck Marvel Annual - 2021-22 Upper Deck Marvel Annual,"Move to existing subset ""2021-22 Upper Deck Marvel Annual - 2021-22 Upper Deck Marvel Annual"" (id 4287)"
2021-22 Upper Deck Marvel Annual,2021-22 Upper Deck Marvel Annual - Number 1 Spot,N1S-13,2021,1,93656,2021-22 Upper Deck Marvel Annual - 2021-22 Upper Deck Marvel Annual,"Move to existing subset ""2021-22 Upper Deck Marvel Annual - 2021-22 Upper Deck Marvel Annual"" (id 4287)"
2021-22 Upper Deck Marvel Annual,2021-22 Upper Deck Marvel Annual - Number 1 Spot,N1S-14,2021,1,93657,2021-22 Upper Deck Marvel Annual - 2021-22 Upper Deck Marvel Annual,"Move to existing subset ""2021-22 Upper Deck Marvel Annual - 2021-22 Upper Deck Marvel Annual"" (id 4287)"
2021-22 Upper Deck Marvel Annual,2021-22 Upper Deck Marvel Annual - Number 1 Spot,N1S-15,2021,1,93658,2021-22 Upper Deck Marvel Annual - 2021-22 Upper Deck Marvel Annual,"Move to existing subset ""2021-22 Upper Deck Marvel Annual - 2021-22 Upper Deck Marvel Annual"" (id 4287)"
2021-22 Upper Deck Marvel Annual,2021-22 Upper Deck Marvel Annual - Number 1 Spot,N1S-16,2021,1,93659,2021-22 Upper Deck Marvel Annual - 2021-22 Upper Deck Marvel Annual,"Move to existing subset ""2021-22 Upper Deck Marvel Annual - 2021-22 Upper Deck Marvel Annual"" (id 4287)"
2021-22 Upper Deck Marvel Annual,2021-22 Upper Deck Marvel Annual - Number 1 Spot,N1S-17,2021,1,93660,2021-22 Upper Deck Marvel Annual - 2021-22 Upper Deck Marvel Annual,"Move to existing subset ""2021-22 Upper Deck Marvel Annual - 2021-22 Upper Deck Marvel Annual"" (id 4287)"
2021-22 Upper Deck Marvel Annual,2021-22 Upper Deck Marvel Annual - Number 1 Spot,N1S-19,2021,1,93662,2021-22 Upper Deck Marvel Annual - 2021-22 Upper Deck Marvel Annual,"Move to existing subset ""2021-22 Upper Deck Marvel Annual - 2021-22 Upper Deck Marvel Annual"" (id 4287)"
2021-22 Upper Deck Marvel Annual,2021-22 Upper Deck Marvel Annual - Number 1 Spot,N1S-2,2021,1,93645,2021-22 Upper Deck Marvel Annual - 2021-22 Upper Deck Marvel Annual,"Move to existing subset ""2021-22 Upper Deck Marvel Annual - 2021-22 Upper Deck Marvel Annual"" (id 4287)"
2021-22 Upper Deck Marvel Annual,2021-22 Upper Deck Marvel Annual - Number 1 Spot,N1S-20,2021,1,93663,2021-22 Upper Deck Marvel Annual - 2021-22 Upper Deck Marvel Annual,"Move to existing subset ""2021-22 Upper Deck Marvel Annual - 2021-22 Upper Deck Marvel Annual"" (id 4287)"
2021-22 Upper Deck Marvel Annual,2021-22 Upper Deck Marvel Annual - Number 1 Spot,N1S-21,2021,1,93664,2021-22 Upper Deck Marvel Annual - 2021-22 Upper Deck Marvel Annual,"Move to existing subset ""2021-22 Upper Deck Marvel Annual - 2021-22 Upper Deck Marvel Annual"" (id 4287)"
2021-22 Upper Deck Marvel Annual,2021-22 Upper Deck Marvel Annual - Number 1 Spot,N1S-22,2021,1,93665,2021-22 Upper Deck Marvel Annual - 2021-22 Upper Deck Marvel Annual,"Move to existing subset ""2021-22 Upper Deck Marvel Annual - 2021-22 Upper Deck Marvel Annual"" (id 4287)"
2021-22 Upper Deck Marvel Annual,2021-22 Upper Deck Marvel Annual - Number 1 Spot,N1S-23,2021,1,93666,2021-22 Upper Deck Marvel Annual - 2021-22 Upper Deck Marvel Annual,"Move to existing subset ""2021-22 Upper Deck Marvel Annual - 2021-22 Upper Deck Marvel Annual"" (id 4287)"
2021-22 Upper Deck Marvel Annual,2021-22 Upper Deck Marvel Annual - Number 1 Spot,N1S-24,2021,1,93667,2021-22 Upper Deck Marvel Annual - 2021-22 Upper Deck Marvel Annual,"Move to existing subset ""2021-22 Upper Deck Marvel Annual - 2021-22 Upper Deck Marvel Annual"" (id 4287)"
2021-22 Upper Deck Marvel Annual,2021-22 Upper Deck Marvel Annual - Number 1 Spot,N1S-25,2021,1,93668,2021-22 Upper Deck Marvel Annual - 2021-22 Upper Deck Marvel Annual,"Move to existing subset ""2021-22 Upper Deck Marvel Annual - 2021-22 Upper Deck Marvel Annual"" (id 4287)"
2021-22 Upper Deck Marvel Annual,2021-22 Upper Deck Marvel Annual - Number 1 Spot,N1S-3,2021,1,93646,2021-22 Upper Deck Marvel Annual - 2021-22 Upper Deck Marvel Annual,"Move to existing subset ""2021-22 Upper Deck Marvel Annual - 2021-22 Upper Deck Marvel Annual"" (id 4287)"
2021-22 Upper Deck Marvel Annual,2021-22 Upper Deck Marvel Annual - Number 1 Spot,N1S-4,2021,1,93647,2021-22 Upper Deck Marvel Annual - 2021-22 Upper Deck Marvel Annual,"Move to existing subset ""2021-22 Upper Deck Marvel Annual - 2021-22 Upper Deck Marvel Annual"" (id 4287)"
2021-22 Upper Deck Marvel Annual,2021-22 Upper Deck Marvel Annual - Number 1 Spot,N1S-6,2021,1,93649,2021-22 Upper Deck Marvel Annual - 2021-22 Upper Deck Marvel Annual,"Move to existing subset ""2021-22 Upper Deck Marvel Annual - 2021-22 Upper Deck Marvel Annual"" (id 4287)"
2021-22 Upper Deck Marvel Annual,2021-22 Upper Deck Marvel Annual - Number 1 Spot,N1S-7,2021,1,93650,2021-22 Upper Deck Marvel Annual - 2021-22 Upper Deck Marvel Annual,"Move to existing subset ""2021-22 Upper Deck Marvel Annual - 2021-22 Upper Deck Marvel Annual"" (id 4287)"
2021-22 Upper Deck Marvel Annual,2021-22 Upper Deck Marvel Annual - Number 1 Spot,N1S-8,2021,1,93651,2021-22 Upper Deck Marvel Annual - 2021-22 Upper Deck Marvel Annual,"Move to existing subset ""2021-22 Upper Deck Marvel Annual - 2021-22 Upper Deck Marvel Annual"" (id 4287)"
2021-22 Upper Deck Marvel Annual,2021-22 Upper Deck Marvel Annual - Number 1 Spot,N1S-9,2021,1,93652,2021-22 Upper Deck Marvel Annual - 2021-22 Upper Deck Marvel Annual,"Move to existing subset ""2021-22 Upper Deck Marvel Annual - 2021-22 Upper Deck Marvel Annual"" (id 4287)"
2022-23 Upper Deck Marvel Annual,2022-23 Upper Deck Marvel Annual - Number 1 Spot,N1S-1,2022,1,94421,2022-23 Upper Deck Marvel Annual - 2022 Super Heroes of the Year Printing Plate Achievements Magenta,"Move to existing subset ""2022-23 Upper Deck Marvel Annual - 2022 Super Heroes of the Year Printing Plate Achievements Magenta"" (id 4535)"
2022-23 Upper Deck Marvel Annual,2022-23 Upper Deck Marvel Annual - Number 1 Spot,N1S-10,2022,1,94430,2022-23 Upper Deck Marvel Annual - 2022 Super Heroes of the Year Printing Plate Achievements Magenta,"Move to existing subset ""2022-23 Upper Deck Marvel Annual - 2022 Super Heroes of the Year Printing Plate Achievements Magenta"" (id 4535)"
2022-23 Upper Deck Marvel Annual,2022-23 Upper Deck Marvel Annual - Number 1 Spot,N1S-11,2022,1,94431,2022-23 Upper Deck Marvel Annual - 2022 Super Heroes of the Year Printing Plate Achievements Magenta,"Move to existing subset ""2022-23 Upper Deck Marvel Annual - 2022 Super Heroes of the Year Printing Plate Achievements Magenta"" (id 4535)"
2022-23 Upper Deck Marvel Annual,2022-23 Upper Deck Marvel Annual - Number 1 Spot,N1S-12,2022,1,94432,2022-23 Upper Deck Marvel Annual - 2022 Super Heroes of the Year Printing Plate Achievements Magenta,"Move to existing subset ""2022-23 Upper Deck Marvel Annual - 2022 Super Heroes of the Year Printing Plate Achievements Magenta"" (id 4535)"
2022-23 Upper Deck Marvel Annual,2022-23 Upper Deck Marvel Annual - Number 1 Spot,N1S-13,2022,1,94433,2022-23 Upper Deck Marvel Annual - 2022 Super Heroes of the Year Printing Plate Achievements Magenta,"Move to existing subset ""2022-23 Upper Deck Marvel Annual - 2022 Super Heroes of the Year Printing Plate Achievements Magenta"" (id 4535)"
2022-23 Upper Deck Marvel Annual,2022-23 Upper Deck Marvel Annual - Number 1 Spot,N1S-14,2022,1,94434,2022-23 Upper Deck Marvel Annual - 2022 Super Heroes of the Year Printing Plate Achievements Magenta,"Move to existing subset ""2022-23 Upper Deck Marvel Annual - 2022 Super Heroes of the Year Printing Plate Achievements Magenta"" (id 4535)"
2022-23 Upper Deck Marvel Annual,2022-23 Upper Deck Marvel Annual - Number 1 Spot,N1S-15,2022,1,94435,2022-23 Upper Deck Marvel Annual - 2022 Super Heroes of the Year Printing Plate Achievements Magenta,"Move to existing subset ""2022-23 Upper Deck Marvel Annual - 2022 Super Heroes of the Year Printing Plate Achievements Magenta"" (id 4535)"
2022-23 Upper Deck Marvel Annual,2022-23 Upper Deck Marvel Annual - Number 1 Spot,N1S-16,2022,1,94436,2022-23 Upper Deck Marvel Annual - 2022 Super Heroes of the Year Printing Plate Achievements Magenta,"Move to existing subset ""2022-23 Upper Deck Marvel Annual - 2022 Super Heroes of the Year Printing Plate Achievements Magenta"" (id 4535)"
2022-23 Upper Deck Marvel Annual,2022-23 Upper Deck Marvel Annual - Number 1 Spot,N1S-18,2022,1,94438,2022-23 Upper Deck Marvel Annual - 2022 Super Heroes of the Year Printing Plate Achievements Magenta,"Move to existing subset ""2022-23 Upper Deck Marvel Annual - 2022 Super Heroes of the Year Printing Plate Achievements Magenta"" (id 4535)"
2022-23 Upper Deck Marvel Annual,2022-23 Upper Deck Marvel Annual - Number 1 Spot,N1S-19,2022,1,94439,2022-23 Upper Deck Marvel Annual - 2022 Super Heroes of the Year Printing Plate Achievements Magenta,"Move to existing subset ""2022-23 Upper Deck Marvel Annual - 2022 Super Heroes of the Year Printing Plate Achievements Magenta"" (id 4535)"
2022-23 Upper Deck Marvel Annual,2022-23 Upper Deck Marvel Annual - Number 1 Spot,N1S-2,2022,1,94422,2022-23 Upper Deck Marvel Annual - 2022 Super Heroes of the Year Printing Plate Achievements Magenta,"Move to existing subset ""2022-23 Upper Deck Marvel Annual - 2022 Super Heroes of the Year Printing Plate Achievements Magenta"" (id 4535)"
2022-23 Upper Deck Marvel Annual,2022-23 Upper Deck Marvel Annual - Number 1 Spot,N1S-20,2022,1,94440,2022-23 Upper Deck Marvel Annual - 2022 Super Heroes of the Year Printing Plate Achievements Magenta,"Move to existing subset ""2022-23 Upper Deck Marvel Annual - 2022 Super Heroes of the Year Printing Plate Achievements Magenta"" (id 4535)"
2022-23 Upper Deck Marvel Annual,2022-23 Upper Deck Marvel Annual - Number 1 Spot,N1S-21,2022,1,94441,2022-23 Upper Deck Marvel Annual - 2022 Super Heroes of the Year Printing Plate Achievements Magenta,"Move to existing subset ""2022-23 Upper Deck Marvel Annual - 2022 Super Heroes of the Year Printing Plate Achievements Magenta"" (id 4535)"
2022-23 Upper Deck Marvel Annual,2022-23 Upper Deck Marvel Annual - Number 1 Spot,N1S-22,2022,1,94442,2022-23 Upper Deck Marvel Annual - 2022 Super Heroes of the Year Printing Plate Achievements Magenta,"Move to existing subset ""2022-23 Upper Deck Marvel Annual - 2022 Super Heroes of the Year Printing Plate Achievements Magenta"" (id 4535)"
2022-23 Upper Deck Marvel Annual,2022-23 Upper Deck Marvel Annual - Number 1 Spot,N1S-23,2022,1,94443,2022-23 Upper Deck Marvel Annual - 2022 Super Heroes of the Year Printing Plate Achievements Magenta,"Move to existing subset ""2022-23 Upper Deck Marvel Annual - 2022 Super Heroes of the Year Printing Plate Achievements Magenta"" (id 4535)"
2022-23 Upper Deck Marvel Annual,2022-23 Upper Deck Marvel Annual - Number 1 Spot,N1S-24,2022,1,94444,2022-23 Upper Deck Marvel Annual - 2022 Super Heroes of the Year Printing Plate Achievements Magenta,"Move to existing subset ""2022-23 Upper Deck Marvel Annual - 2022 Super Heroes of the Year Printing Plate Achievements Magenta"" (id 4535)"
2022-23 Upper Deck Marvel Annual,2022-23 Upper Deck Marvel Annual - Number 1 Spot,N1S-25,2022,1,94445,2022-23 Upper Deck Marvel Annual - 2022 Super Heroes of the Year Printing Plate Achievements Magenta,"Move to existing subset ""2022-23 Upper Deck Marvel Annual - 2022 Super Heroes of the Year Printing Plate Achievements Magenta"" (id 4535)"
2022-23 Upper Deck Marvel Annual,2022-23 Upper Deck Marvel Annual - Number 1 Spot,N1S-3,2022,1,94423,2022-23 Upper Deck Marvel Annual - 2022 Super Heroes of the Year Printing Plate Achievements Magenta,"Move to existing subset ""2022-23 Upper Deck Marvel Annual - 2022 Super Heroes of the Year Printing Plate Achievements Magenta"" (id 4535)"
2022-23 Upper Deck Marvel Annual,2022-23 Upper Deck Marvel Annual - Number 1 Spot,N1S-4,2022,1,94424,2022-23 Upper Deck Marvel Annual - 2022 Super Heroes of the Year Printing Plate Achievements Magenta,"Move to existing subset ""2022-23 Upper Deck Marvel Annual - 2022 Super Heroes of the Year Printing Plate Achievements Magenta"" (id 4535)"
2022-23 Upper Deck Marvel Annual,2022-23 Upper Deck Marvel Annual - Number 1 Spot,N1S-5,2022,1,94425,2022-23 Upper Deck Marvel Annual - 2022 Super Heroes of the Year Printing Plate Achievements Magenta,"Move to existing subset ""2022-23 Upper Deck Marvel Annual - 2022 Super Heroes of the Year Printing Plate Achievements Magenta"" (id 4535)"
2022-23 Upper Deck Marvel Annual,2022-23 Upper Deck Marvel Annual - Number 1 Spot,N1S-6,2022,1,94426,2022-23 Upper Deck Marvel Annual - 2022 Super Heroes of the Year Printing Plate Achievements Magenta,"Move to existing subset ""2022-23 Upper Deck Marvel Annual - 2022 Super Heroes of the Year Printing Plate Achievements Magenta"" (id 4535)"
2022-23 Upper Deck Marvel Annual,2022-23 Upper Deck Marvel Annual - Number 1 Spot,N1S-7,2022,1,94427,2022-23 Upper Deck Marvel Annual - 2022 Super Heroes of the Year Printing Plate Achievements Magenta,"Move to existing subset ""2022-23 Upper Deck Marvel Annual - 2022 Super Heroes of the Year Printing Plate Achievements Magenta"" (id 4535)"
2022-23 Upper Deck Marvel Annual,2022-23 Upper Deck Marvel Annual - Number 1 Spot,N1S-8,2022,1,94428,2022-23 Upper Deck Marvel Annual - 2022 Super Heroes of the Year Printing Plate Achievements Magenta,"Move to existing subset ""2022-23 Upper Deck Marvel Annual - 2022 Super Heroes of the Year Printing Plate Achievements Magenta"" (id 4535)"
2022-23 Upper Deck Marvel Annual,2022-23 Upper Deck Marvel Annual - Number 1 Spot,N1S-9,2022,1,94429,2022-23 Upper Deck Marvel Annual - 2022 Super Heroes of the Year Printing Plate Achievements Magenta,"Move to existing subset ""2022-23 Upper Deck Marvel Annual - 2022 Super Heroes of the Year Printing Plate Achievements Magenta"" (id 4535)"
2023 Upper Deck Marvel Wandavision,2023 Upper Deck Marvel Wandavision - 2023 Upper Deck Marvel Wandavision,12,Mind Stone Yellow,1,76428,2023 Upper Deck Marvel Wandavision - Mind Stone Yellow,"Move to existing subset ""2023 Upper Deck Marvel Wandavision - Mind Stone Yellow"" (id 5439)"
2023 Upper Deck Marvel Wandavision,2023 Upper Deck Marvel Wandavision - 2023 Upper Deck Marvel Wandavision,12,Purple Spell,1,76429,2023 Upper Deck Marvel Wandavision - Purple Spell,"Move to existing subset ""2023 Upper Deck Marvel Wandavision - Purple Spell"" (id 5450)"
2023 Upper Deck Marvel Wandavision,2023 Upper Deck Marvel Wandavision - 2023 Upper Deck Marvel Wandavision,12,White Vision,1,76430,2023 Upper Deck Marvel Wandavision - White Vision,"Move to existing subset ""2023 Upper Deck Marvel Wandavision - White Vision"" (id 5483)"
2023 Upper Deck Marvel Wandavision,2023 Upper Deck Marvel Wandavision - 2023 Upper Deck Marvel Wandavision,12,Green Vision,1,76431,2023 Upper Deck Marvel Wandavision - Green Vision,"Move to existing subset ""2023 Upper Deck Marvel Wandavision - Green Vision"" (id 5438)"
2023 Upper Deck Marvel Wandavision,2023 Upper Deck Marvel Wandavision - 2023 Upper Deck Marvel Wandavision,12,Scarlet Red,1,76432,2023 Upper Deck Marvel Wandavision - Scarlet Red,"Move to existing subset ""2023 Upper Deck Marvel Wandavision - Scarlet Red"" (id 5457)"
2023 Upper Deck Marvel Wandavision,2023 Upper Deck Marvel Wandavision - 2023 Upper Deck Marvel Wandavision,12,Black,1,76434,2023 Upper Deck Marvel Wandavision - Black and White,"Move to existing subset ""2023 Upper Deck Marvel Wandavision - Black and White"" (id 5436)"
2023 Upper Deck Marvel Wandavision,2023 Upper Deck Marvel Wandavision - 2023 Upper Deck Marvel Wandavision,12,Gold,1,76435,2023 Upper Deck Marvel Wandavision - Gold,"Move to existing subset ""2023 Upper Deck Marvel Wandavision - Gold"" (id 5437)"
2023 Upper Deck Marvel Wandavision,2023 Upper Deck Marvel Wandavision - 2023 Upper Deck Marvel Wandavision,2,Green Vision,1,76242,2023 Upper Deck Marvel Wandavision - Green Vision,"Move to existing subset ""2023 Upper Deck Marvel Wandavision - Green Vision"" (id 5438)"
2023 Upper Deck Marvel Wandavision,2023 Upper Deck Marvel Wandavision - 2023 Upper Deck Marvel Wandavision,2,Black,1,76249,2023 Upper Deck Marvel Wandavision - Black and White,"Move to existing subset ""2023 Upper Deck Marvel Wandavision - Black and White"" (id 5436)"
2023 Upper Deck Marvel Wandavision,2023 Upper Deck Marvel Wandavision - 2023 Upper Deck Marvel Wandavision,2,Mind Stone Yellow,1,76403,2023 Upper Deck Marvel Wandavision - Mind Stone Yellow,"Move to existing subset ""2023 Upper Deck Marvel Wandavision - Mind Stone Yellow"" (id 5439)"
2023 Upper Deck Marvel Wandavision,2023 Upper Deck Marvel Wandavision - 2023 Upper Deck Marvel Wandavision,2,Purple Spell,1,76404,2023 Upper Deck Marvel Wandavision - Purple Spell,"Move to existing subset ""2023 Upper Deck Marvel Wandavision - Purple Spell"" (id 5450)"
2023 Upper Deck Marvel Wandavision,2023 Upper Deck Marvel Wandavision - 2023 Upper Deck Marvel Wandavision,2,White Vision,1,76405,2023 Upper Deck Marvel Wandavision - White Vision,"Move to existing subset ""2023 Upper Deck Marvel Wandavision - White Vision"" (id 5483)"
2023 Upper Deck Marvel Wandavision,2023 Upper Deck Marvel Wandavision - 2023 Upper Deck Marvel Wandavision,2,Scarlet Red,1,76406,2023 Upper Deck Marvel Wandavision - Scarlet Red,"Move to existing subset ""2023 Upper Deck Marvel Wandavision - Scarlet Red"" (id 5457)"
2023 Upper Deck Marvel Wandavision,2023 Upper Deck Marvel Wandavision - 2023 Upper Deck Marvel Wandavision,2,Gold,1,76408,2023 Upper Deck Marvel Wandavision - Gold,"Move to existing subset ""2023 Upper Deck Marvel Wandavision - Gold"" (id 5437)"
2023 Upper Deck Marvel Wandavision,2023 Upper Deck Marvel Wandavision - 2023 Upper Deck Marvel Wandavision,3,Black,1,76241,2023 Upper Deck Marvel Wandavision - Black and White,"Move to existing subset ""2023 Upper Deck Marvel Wandavision - Black and White"" (id 5436)"
2023 Upper Deck Marvel Wandavision,2023 Upper Deck Marvel Wandavision - 2023 Upper Deck Marvel Wandavision,3,White Vision,1,76262,2023 Upper Deck Marvel Wandavision - White Vision,"Move to existing subset ""2023 Upper Deck Marvel Wandavision - White Vision"" (id 5483)"
2023 Upper Deck Marvel Wandavision,2023 Upper Deck Marvel Wandavision - 2023 Upper Deck Marvel Wandavision,3,Mind Stone Yellow,1,76409,2023 Upper Deck Marvel Wandavision - Mind Stone Yellow,"Move to existing subset ""2023 Upper Deck Marvel Wandavision - Mind Stone Yellow"" (id 5439)"
2023 Upper Deck Marvel Wandavision,2023 Upper Deck Marvel Wandavision - 2023 Upper Deck Marvel Wandavision,3,Purple Spell,1,76410,2023 Upper Deck Marvel Wandavision - Purple Spell,"Move to existing subset ""2023 Upper Deck Marvel Wandavision - Purple Spell"" (id 5450)"
2023 Upper Deck Marvel Wandavision,2023 Upper Deck Marvel Wandavision - 2023 Upper Deck Marvel Wandavision,3,Green Vision,1,76411,2023 Upper Deck Marvel Wandavision - Green Vision,"Move to existing subset ""2023 Upper Deck Marvel Wandavision - Green Vision"" (id 5438)"
2023 Upper Deck Marvel Wandavision,2023 Upper Deck Marvel Wandavision - 2023 Upper Deck Marvel Wandavision,3,Scarlet Red,1,76412,2023 Upper Deck Marvel Wandavision - Scarlet Red,"Move to existing subset ""2023 Upper Deck Marvel Wandavision - Scarlet Red"" (id 5457)"
2023 Upper Deck Marvel Wandavision,2023 Upper Deck Marvel Wandavision - 2023 Upper Deck Marvel Wandavision,3,Gold,1,76414,2023 Upper Deck Marvel Wandavision - Gold,"Move to existing subset ""2023 Upper Deck Marvel Wandavision - Gold"" (id 5437)"
2023 Upper Deck Marvel Wandavision,2023 Upper Deck Marvel Wandavision - 2023 Upper Deck Marvel Wandavision,37,Green Vision,1,76209,2023 Upper Deck Marvel Wandavision - Green Vision,"Move to existing subset ""2023 Upper Deck Marvel Wandavision - Green Vision"" (id 5438)"
2023 Upper Deck Marvel Wandavision,2023 Upper Deck Marvel Wandavision - 2023 Upper Deck Marvel Wandavision,37,Gold,1,76218,2023 Upper Deck Marvel Wandavision - Gold,"Move to existing subset ""2023 Upper Deck Marvel Wandavision - Gold"" (id 5437)"
2023 Upper Deck Marvel Wandavision,2023 Upper Deck Marvel Wandavision - 2023 Upper Deck Marvel Wandavision,37,Black,1,76289,2023 Upper Deck Marvel Wandavision - Black and White,"Move to existing subset ""2023 Upper Deck Marvel Wandavision - Black and White"" (id 5436)"
2023 Upper Deck Marvel Wandavision,2023 Upper Deck Marvel Wandavision - 2023 Upper Deck Marvel Wandavision,37,White Vision,1,76343,2023 Upper Deck Marvel Wandavision - White Vision,"Move to existing subset ""2023 Upper Deck Marvel Wandavision - White Vision"" (id 5483)"
2023 Upper Deck Marvel Wandavision,2023 Upper Deck Marvel Wandavision - 2023 Upper Deck Marvel Wandavision,37,Purple Spell,1,76396,2023 Upper Deck Marvel Wandavision - Purple Spell,"Move to existing subset ""2023 Upper Deck Marvel Wandavision - Purple Spell"" (id 5450)"
2023 Upper Deck Marvel Wandavision,2023 Upper Deck Marvel Wandavision - 2023 Upper Deck Marvel Wandavision,37,Mind Stone Yellow,1,76476,2023 Upper Deck Marvel Wandavision - Mind Stone Yellow,"Move to existing subset ""2023 Upper Deck Marvel Wandavision - Mind Stone Yellow"" (id 5439)"
2023 Upper Deck Marvel Wandavision,2023 Upper Deck Marvel Wandavision - 2023 Upper Deck Marvel Wandavision,37,Scarlet Red,1,76477,2023 Upper Deck Marvel Wandavision - Scarlet Red,"Move to existing subset ""2023 Upper Deck Marvel Wandavision - Scarlet Red"" (id 5457)"
2023 Upper Deck Marvel Wandavision,2023 Upper Deck Marvel Wandavision - 2023 Upper Deck Marvel Wandavision,4,Mind Stone Yellow,1,76415,2023 Upper Deck Marvel Wandavision - Mind Stone Yellow,"Move to existing subset ""2023 Upper Deck Marvel Wandavision - Mind Stone Yellow"" (id 5439)"
2023 Upper Deck Marvel Wandavision,2023 Upper Deck Marvel Wandavision - 2023 Upper Deck Marvel Wandavision,4,Purple Spell,1,76416,2023 Upper Deck Marvel Wandavision - Purple Spell,"Move to existing subset ""2023 Upper Deck Marvel Wandavision - Purple Spell"" (id 5450)"
2023 Upper Deck Marvel Wandavision,2023 Upper Deck Marvel Wandavision - 2023 Upper Deck Marvel Wandavision,4,White Vision,1,76417,2023 Upper Deck Marvel Wandavision - White Vision,"Move to existing subset ""2023 Upper Deck Marvel Wandavision - White Vision"" (id 5483)"
2023 Upper Deck Marvel Wandavision,2023 Upper Deck Marvel Wandavision - 2023 Upper Deck Marvel Wandavision,4,Green Vision,1,76418,2023 Upper Deck Marvel Wandavision - Green Vision,"Move to existing subset ""2023 Upper Deck Marvel Wandavision - Green Vision"" (id 5438)"
2023 Upper Deck Marvel Wandavision,2023 Upper Deck Marvel Wandavision - 2023 Upper Deck Marvel Wandavision,4,Scarlet Red,1,76419,2023 Upper Deck Marvel Wandavision - Scarlet Red,"Move to existing subset ""2023 Upper Deck Marvel Wandavision - Scarlet Red"" (id 5457)"
2023 Upper Deck Marvel Wandavision,2023 Upper Deck Marvel Wandavision - 2023 Upper Deck Marvel Wandavision,4,Black,1,76421,2023 Upper Deck Marvel Wandavision - Black and White,"Move to existing subset ""2023 Upper Deck Marvel Wandavision - Black and White"" (id 5436)"
2023 Upper Deck Marvel Wandavision,2023 Upper Deck Marvel Wandavision - 2023 Upper Deck Marvel Wandavision,4,Gold,1,76422,2023 Upper Deck Marvel Wandavision - Gold,"Move to existing subset ""2023 Upper Deck Marvel Wandavision - Gold"" (id 5437)"
2023 Upper Deck Marvel Wandavision,2023 Upper Deck Marvel Wandavision - 2023 Upper Deck Marvel Wandavision,46,Gold,1,76297,2023 Upper Deck Marvel Wandavision - Gold,"Move to existing subset ""2023 Upper Deck Marvel Wandavision - Gold"" (id 5437)"
2023 Upper Deck Marvel Wandavision,2023 Upper Deck Marvel Wandavision - 2023 Upper Deck Marvel Wandavision,46,White Vision,1,76314,2023 Upper Deck Marvel Wandavision - White Vision,"Move to existing subset ""2023 Upper Deck Marvel Wandavision - White Vision"" (id 5483)"
2023 Upper Deck Marvel Wandavision,2023 Upper Deck Marvel Wandavision - 2023 Upper Deck Marvel Wandavision,46,Green Vision,1,76361,2023 Upper Deck Marvel Wandavision - Green Vision,"Move to existing subset ""2023 Upper Deck Marvel Wandavision - Green Vision"" (id 5438)"
2023 Upper Deck Marvel Wandavision,2023 Upper Deck Marvel Wandavision - 2023 Upper Deck Marvel Wandavision,46,Mind Stone Yellow,1,76489,2023 Upper Deck Marvel Wandavision - Mind Stone Yellow,"Move to existing subset ""2023 Upper Deck Marvel Wandavision - Mind Stone Yellow"" (id 5439)"
2023 Upper Deck Marvel Wandavision,2023 Upper Deck Marvel Wandavision - 2023 Upper Deck Marvel Wandavision,46,Purple Spell,1,76490,2023 Upper Deck Marvel Wandavision - Purple Spell,"Move to existing subset ""2023 Upper Deck Marvel Wandavision - Purple Spell"" (id 5450)"
2023 Upper Deck Marvel Wandavision,2023 Upper Deck Marvel Wandavision - 2023 Upper Deck Marvel Wandavision,46,Scarlet Red,1,76491,2023 Upper Deck Marvel Wandavision - Scarlet Red,"Move to existing subset ""2023 Upper Deck Marvel Wandavision - Scarlet Red"" (id 5457)"
2023 Upper Deck Marvel Wandavision,2023 Upper Deck Marvel Wandavision - 2023 Upper Deck Marvel Wandavision,46,Black,1,76492,2023 Upper Deck Marvel Wandavision - Black and White,"Move to existing subset ""2023 Upper Deck Marvel Wandavision - Black and White"" (id 5436)"
2023 Upper Deck Marvel Wandavision,2023 Upper Deck Marvel Wandavision - 2023 Upper Deck Marvel Wandavision,49,Gold,1,76211,2023 Upper Deck Marvel Wandavision - Gold,"Move to existing subset ""2023 Upper Deck Marvel Wandavision - Gold"" (id 5437)"
2023 Upper Deck Marvel Wandavision,2023 Upper Deck Marvel Wandavision - 2023 Upper Deck Marvel Wandavision,49,White Vision,1,76248,2023 Upper Deck Marvel Wandavision - White Vision,"Move to existing subset ""2023 Upper Deck Marvel Wandavision - White Vision"" (id 5483)"
2023 Upper Deck Marvel Wandavision,2023 Upper Deck Marvel Wandavision - 2023 Upper Deck Marvel Wandavision,49,Green Vision,1,76256,2023 Upper Deck Marvel Wandavision - Green Vision,"Move to existing subset ""2023 Upper Deck Marvel Wandavision - Green Vision"" (id 5438)"
2023 Upper Deck Marvel Wandavision,2023 Upper Deck Marvel Wandavision - 2023 Upper Deck Marvel Wandavision,49,Mind Stone Yellow,1,76494,2023 Upper Deck Marvel Wandavision - Mind Stone Yellow,"Move to existing subset ""2023 Upper Deck Marvel Wandavision - Mind Stone Yellow"" (id 5439)"
2023 Upper Deck Marvel Wandavision,2023 Upper Deck Marvel Wandavision - 2023 Upper Deck Marvel Wandavision,49,Purple Spell,1,76495,2023 Upper Deck Marvel Wandavision - Purple Spell,"Move to existing subset ""2023 Upper Deck Marvel Wandavision - Purple Spell"" (id 5450)"
2023 Upper Deck Marvel Wandavision,2023 Upper Deck Marvel Wandavision - 2023 Upper Deck Marvel Wandavision,49,Scarlet Red,1,76496,2023 Upper Deck Marvel Wandavision - Scarlet Red,"Move to existing subset ""2023 Upper Deck Marvel Wandavision - Scarlet Red"" (id 5457)"
2023 Upper Deck Marvel Wandavision,2023 Upper Deck Marvel Wandavision - 2023 Upper Deck Marvel Wandavision,49,Black,1,76498,2023 Upper Deck Marvel Wandavision - Black and White,"Move to existing subset ""2023 Upper Deck Marvel Wandavision - Black and White"" (id 5436)"
2023 Upper Deck Marvel Wandavision,2023 Upper Deck Marvel Wandavision - 2023 Upper Deck Marvel Wandavision,5,Gold,1,76302,2023 Upper Deck Marvel Wandavision - Gold,"Move to existing subset ""2023 Upper Deck Marvel Wandavision - Gold"" (id 5437)"
2023 Upper Deck Marvel Wandavision,2023 Upper Deck Marvel Wandavision - 2023 Upper Deck Marvel Wandavision,5,Green Vision,1,76325,2023 Upper Deck Marvel Wandavision - Green Vision,"Move to existing subset ""2023 Upper Deck Marvel Wandavision - Green Vision"" (id 5438)"
2023 Upper Deck Marvel Wandavision,2023 Upper Deck Marvel Wandavision - 2023 Upper Deck Marvel Wandavision,5,White Vision,1,76368,2023 Upper Deck Marvel Wandavision - White Vision,"Move to existing subset ""2023 Upper Deck Marvel Wandavision - White Vision"" (id 5483)"
2023 Upper Deck Marvel Wandavision,2023 Upper Deck Marvel Wandavision - 2023 Upper Deck Marvel Wandavision,5,Mind Stone Yellow,1,76423,2023 Upper Deck Marvel Wandavision - Mind Stone Yellow,"Move to existing subset ""2023 Upper Deck Marvel Wandavision - Mind Stone Yellow"" (id 5439)"
2023 Upper Deck Marvel Wandavision,2023 Upper Deck Marvel Wandavision - 2023 Upper Deck Marvel Wandavision,5,Purple Spell,1,76424,2023 Upper Deck Marvel Wandavision - Purple Spell,"Move to existing subset ""2023 Upper Deck Marvel Wandavision - Purple Spell"" (id 5450)"
2023 Upper Deck Marvel Wandavision,2023 Upper Deck Marvel Wandavision - 2023 Upper Deck Marvel Wandavision,5,Scarlet Red,1,76425,2023 Upper Deck Marvel Wandavision - Scarlet Red,"Move to existing subset ""2023 Upper Deck Marvel Wandavision - Scarlet Red"" (id 5457)"
2023 Upper Deck Marvel Wandavision,2023 Upper Deck Marvel Wandavision - 2023 Upper Deck Marvel Wandavision,5,Black,1,76427,2023 Upper Deck Marvel Wandavision - Black and White,"Move to existing subset ""2023 Upper Deck Marvel Wandavision - Black and White"" (id 5436)"
2023 Upper Deck Marvel Wandavision,2023 Upper Deck Marvel Wandavision - 2023 Upper Deck Marvel Wandavision,52,White Vision,1,76253,2023 Upper Deck Marvel Wandavision - White Vision,"Move to existing subset ""2023 Upper Deck Marvel Wandavision - White Vision"" (id 5483)"
2023 Upper Deck Marvel Wandavision,2023 Upper Deck Marvel Wandavision - 2023 Upper Deck Marvel Wandavision,52,Mind Stone Yellow,1,76499,2023 Upper Deck Marvel Wandavision - Mind Stone Yellow,"Move to existing subset ""2023 Upper Deck Marvel Wandavision - Mind Stone Yellow"" (id 5439)"
2023 Upper Deck Marvel Wandavision,2023 Upper Deck Marvel Wandavision - 2023 Upper Deck Marvel Wandavision,52,Purple Spell,1,76500,2023 Upper Deck Marvel Wandavision - Purple Spell,"Move to existing subset ""2023 Upper Deck Marvel Wandavision - Purple Spell"" (id 5450)"
2023 Upper Deck Marvel Wandavision,2023 Upper Deck Marvel Wandavision - 2023 Upper Deck Marvel Wandavision,52,Green Vision,1,76501,2023 Upper Deck Marvel Wandavision - Green Vision,"Move to existing subset ""2023 Upper Deck Marvel Wandavision - Green Vision"" (id 5438)"
2023 Upper Deck Marvel Wandavision,2023 Upper Deck Marvel Wandavision - 2023 Upper Deck Marvel Wandavision,52,Scarlet Red,1,76502,2023 Upper Deck Marvel Wandavision - Scarlet Red,"Move to existing subset ""2023 Upper Deck Marvel Wandavision - Scarlet Red"" (id 5457)"
2023 Upper Deck Marvel Wandavision,2023 Upper Deck Marvel Wandavision - 2023 Upper Deck Marvel Wandavision,52,Black,1,76504,2023 Upper Deck Marvel Wandavision - Black and White,"Move to existing subset ""2023 Upper Deck Marvel Wandavision - Black and White"" (id 5436)"
2023 Upper Deck Marvel Wandavision,2023 Upper Deck Marvel Wandavision - 2023 Upper Deck Marvel Wandavision,52,Gold,1,76505,2023 Upper Deck Marvel Wandavision - Gold,"Move to existing subset ""2023 Upper Deck Marvel Wandavision - Gold"" (id 5437)"
2023 Upper Deck Marvel Wandavision,2023 Upper Deck Marvel Wandavision - 2023 Upper Deck Marvel Wandavision,55,Black,1,76235,2023 Upper Deck Marvel Wandavision - Black and White,"Move to existing subset ""2023 Upper Deck Marvel Wandavision - Black and White"" (id 5436)"
2023 Upper Deck Marvel Wandavision,2023 Upper Deck Marvel Wandavision - 2023 Upper Deck Marvel Wandavision,55,White Vision,1,76304,2023 Upper Deck Marvel Wandavision - White Vision,"Move to existing subset ""2023 Upper Deck Marvel Wandavision - White Vision"" (id 5483)"
2023 Upper Deck Marvel Wandavision,2023 Upper Deck Marvel Wandavision - 2023 Upper Deck Marvel Wandavision,55,Green Vision,1,76370,2023 Upper Deck Marvel Wandavision - Green Vision,"Move to existing subset ""2023 Upper Deck Marvel Wandavision - Green Vision"" (id 5438)"
2023 Upper Deck Marvel Wandavision,2023 Upper Deck Marvel Wandavision - 2023 Upper Deck Marvel Wandavision,55,Mind Stone Yellow,1,76506,2023 Upper Deck Marvel Wandavision - Mind Stone Yellow,"Move to existing subset ""2023 Upper Deck Marvel Wandavision - Mind Stone Yellow"" (id 5439)"
2023 Upper Deck Marvel Wandavision,2023 Upper Deck Marvel Wandavision - 2023 Upper Deck Marvel Wandavision,55,Purple Spell,1,76507,2023 Upper Deck Marvel Wandavision - Purple Spell,"Move to existing subset ""2023 Upper Deck Marvel Wandavision - Purple Spell"" (id 5450)"
2023 Upper Deck Marvel Wandavision,2023 Upper Deck Marvel Wandavision - 2023 Upper Deck Marvel Wandavision,55,Scarlet Red,1,76508,2023 Upper Deck Marvel Wandavision - Scarlet Red,"Move to existing subset ""2023 Upper Deck Marvel Wandavision - Scarlet Red"" (id 5457)"
2023 Upper Deck Marvel Wandavision,2023 Upper Deck Marvel Wandavision - 2023 Upper Deck Marvel Wandavision,55,Gold,1,76510,2023 Upper Deck Marvel Wandavision - Gold,"Move to existing subset ""2023 Upper Deck Marvel Wandavision - Gold"" (id 5437)"
2023 Upper Deck Marvel Wandavision,2023 Upper Deck Marvel Wandavision - 2023 Upper Deck Marvel Wandavision,58,Green Vision,1,76261,2023 Upper Deck Marvel Wandavision - Green Vision,"Move to existing subset ""2023 Upper Deck Marvel Wandavision - Green Vision"" (id 5438)"
2023 Upper Deck Marvel Wandavision,2023 Upper Deck Marvel Wandavision - 2023 Upper Deck Marvel Wandavision,58,White Vision,1,76278,2023 Upper Deck Marvel Wandavision - White Vision,"Move to existing subset ""2023 Upper Deck Marvel Wandavision - White Vision"" (id 5483)"
2023 Upper Deck Marvel Wandavision,2023 Upper Deck Marvel Wandavision - 2023 Upper Deck Marvel Wandavision,58,Gold,1,76293,2023 Upper Deck Marvel Wandavision - Gold,"Move to existing subset ""2023 Upper Deck Marvel Wandavision - Gold"" (id 5437)"
2023 Upper Deck Marvel Wandavision,2023 Upper Deck Marvel Wandavision - 2023 Upper Deck Marvel Wandavision,58,Mind Stone Yellow,1,76511,2023 Upper Deck Marvel Wandavision - Mind Stone Yellow,"Move to existing subset ""2023 Upper Deck Marvel Wandavision - Mind Stone Yellow"" (id 5439)"
2023 Upper Deck Marvel Wandavision,2023 Upper Deck Marvel Wandavision - 2023 Upper Deck Marvel Wandavision,58,Purple Spell,1,76512,2023 Upper Deck Marvel Wandavision - Purple Spell,"Move to existing subset ""2023 Upper Deck Marvel Wandavision - Purple Spell"" (id 5450)"
2023 Upper Deck Marvel Wandavision,2023 Upper Deck Marvel Wandavision - 2023 Upper Deck Marvel Wandavision,58,Scarlet Red,1,76514,2023 Upper Deck Marvel Wandavision - Scarlet Red,"Move to existing subset ""2023 Upper Deck Marvel Wandavision - Scarlet Red"" (id 5457)"
2023 Upper Deck Marvel Wandavision,2023 Upper Deck Marvel Wandavision - 2023 Upper Deck Marvel Wandavision,58,Black,1,76515,2023 Upper Deck Marvel Wandavision - Black and White,"Move to existing subset ""2023 Upper Deck Marvel Wandavision - Black and White"" (id 5436)"
2023 Upper Deck Marvel Wandavision,2023 Upper Deck Marvel Wandavision - 2023 Upper Deck Marvel Wandavision,63,Black,1,76268,2023 Upper Deck Marvel Wandavision - Black and White,"Move to existing subset ""2023 Upper Deck Marvel Wandavision - Black and White"" (id 5436)"
2023 Upper Deck Marvel Wandavision,2023 Upper Deck Marvel Wandavision - 2023 Upper Deck Marvel Wandavision,63,Green Vision,1,76312,2023 Upper Deck Marvel Wandavision - Green Vision,"Move to existing subset ""2023 Upper Deck Marvel Wandavision - Green Vision"" (id 5438)"
2023 Upper Deck Marvel Wandavision,2023 Upper Deck Marvel Wandavision - 2023 Upper Deck Marvel Wandavision,63,White Vision,1,76379,2023 Upper Deck Marvel Wandavision - White Vision,"Move to existing subset ""2023 Upper Deck Marvel Wandavision - White Vision"" (id 5483)"
2023 Upper Deck Marvel Wandavision,2023 Upper Deck Marvel Wandavision - 2023 Upper Deck Marvel Wandavision,63,Mind Stone Yellow,1,76521,2023 Upper Deck Marvel Wandavision - Mind Stone Yellow,"Move to existing subset ""2023 Upper Deck Marvel Wandavision - Mind Stone Yellow"" (id 5439)"
2023 Upper Deck Marvel Wandavision,2023 Upper Deck Marvel Wandavision - 2023 Upper Deck Marvel Wandavision,63,Purple Spell,1,76522,2023 Upper Deck Marvel Wandavision - Purple Spell,"Move to existing subset ""2023 Upper Deck Marvel Wandavision - Purple Spell"" (id 5450)"
2023 Upper Deck Marvel Wandavision,2023 Upper Deck Marvel Wandavision - 2023 Upper Deck Marvel Wandavision,63,Scarlet Red,1,76523,2023 Upper Deck Marvel Wandavision - Scarlet Red,"Move to existing subset ""2023 Upper Deck Marvel Wandavision - Scarlet Red"" (id 5457)"
2023 Upper Deck Marvel Wandavision,2023 Upper Deck Marvel Wandavision - 2023 Upper Deck Marvel Wandavision,63,Gold,1,76525,2023 Upper Deck Marvel Wandavision - Gold,"Move to existing subset ""2023 Upper Deck Marvel Wandavision - Gold"" (id 5437)"
2023 Upper Deck Marvel Wandavision,2023 Upper Deck Marvel Wandavision - 2023 Upper Deck Marvel Wandavision,66,Green Vision,1,76224,2023 Upper Deck Marvel Wandavision - Green Vision,"Move to existing subset ""2023 Upper Deck Marvel Wandavision - Green Vision"" (id 5438)"
2023 Upper Deck Marvel Wandavision,2023 Upper Deck Marvel Wandavision - 2023 Upper Deck Marvel Wandavision,66,Black,1,76225,2023 Upper Deck Marvel Wandavision - Black and White,"Move to existing subset ""2023 Upper Deck Marvel Wandavision - Black and White"" (id 5436)"
2023 Upper Deck Marvel Wandavision,2023 Upper Deck Marvel Wandavision - 2023 Upper Deck Marvel Wandavision,66,White Vision,1,76229,2023 Upper Deck Marvel Wandavision - White Vision,"Move to existing subset ""2023 Upper Deck Marvel Wandavision - White Vision"" (id 5483)"
2023 Upper Deck Marvel Wandavision,2023 Upper Deck Marvel Wandavision - 2023 Upper Deck Marvel Wandavision,66,Mind Stone Yellow,1,76393,2023 Upper Deck Marvel Wandavision - Mind Stone Yellow,"Move to existing subset ""2023 Upper Deck Marvel Wandavision - Mind Stone Yellow"" (id 5439)"
2023 Upper Deck Marvel Wandavision,2023 Upper Deck Marvel Wandavision - 2023 Upper Deck Marvel Wandavision,66,Purple Spell,1,76526,2023 Upper Deck Marvel Wandavision - Purple Spell,"Move to existing subset ""2023 Upper Deck Marvel Wandavision - Purple Spell"" (id 5450)"
2023 Upper Deck Marvel Wandavision,2023 Upper Deck Marvel Wandavision - 2023 Upper Deck Marvel Wandavision,66,Scarlet Red,1,76527,2023 Upper Deck Marvel Wandavision - Scarlet Red,"Move to existing subset ""2023 Upper Deck Marvel Wandavision - Scarlet Red"" (id 5457)"
2023 Upper Deck Marvel Wandavision,2023 Upper Deck Marvel Wandavision - 2023 Upper Deck Marvel Wandavision,66,Gold,1,76529,2023 Upper Deck Marvel Wandavision - Gold,"Move to existing subset ""2023 Upper Deck Marvel Wandavision - Gold"" (id 5437)"
2023 Upper Deck Marvel Wandavision,2023 Upper Deck Marvel Wandavision - 2023 Upper Deck Marvel Wandavision,68,Mind Stone Yellow,1,76530,2023 Upper Deck Marvel Wandavision - Mind Stone Yellow,"Move to existing subset ""2023 Upper Deck Marvel Wandavision - Mind Stone Yellow"" (id 5439)"
2023 Upper Deck Marvel Wandavision,2023 Upper Deck Marvel Wandavision - 2023 Upper Deck Marvel Wandavision,68,White Vision,1,76531,2023 Upper Deck Marvel Wandavision - White Vision,"Move to existing subset ""2023 Upper Deck Marvel Wandavision - White Vision"" (id 5483)"
2023 Upper Deck Marvel Wandavision,2023 Upper Deck Marvel Wandavision - 2023 Upper Deck Marvel Wandavision,68,Purple Spell,1,76532,2023 Upper Deck Marvel Wandavision - Purple Spell,"Move to existing subset ""2023 Upper Deck Marvel Wandavision - Purple Spell"" (id 5450)"
2023 Upper Deck Marvel Wandavision,2023 Upper Deck Marvel Wandavision - 2023 Upper Deck Marvel Wandavision,68,Green Vision,1,76533,2023 Upper Deck Marvel Wandavision - Green Vision,"Move to existing subset ""2023 Upper Deck Marvel Wandavision - Green Vision"" (id 5438)"
2023 Upper Deck Marvel Wandavision,2023 Upper Deck Marvel Wandavision - 2023 Upper Deck Marvel Wandavision,68,Scarlet Red,1,76534,2023 Upper Deck Marvel Wandavision - Scarlet Red,"Move to existing subset ""2023 Upper Deck Marvel Wandavision - Scarlet Red"" (id 5457)"
2023 Upper Deck Marvel Wandavision,2023 Upper Deck Marvel Wandavision - 2023 Upper Deck Marvel Wandavision,68,Black,1,76536,2023 Upper Deck Marvel Wandavision - Black and White,"Move to existing subset ""2023 Upper Deck Marvel Wandavision - Black and White"" (id 5436)"
2023 Upper Deck Marvel Wandavision,2023 Upper Deck Marvel Wandavision - 2023 Upper Deck Marvel Wandavision,68,Gold,1,76537,2023 Upper Deck Marvel Wandavision - Gold,"Move to existing subset ""2023 Upper Deck Marvel Wandavision - Gold"" (id 5437)"
2023 Upper Deck Marvel Wandavision,2023 Upper Deck Marvel Wandavision - 2023 Upper Deck Marvel Wandavision,15,White Vision,1,76436,2023 Upper Deck Marvel Wandavision - White Vision,"Move to existing subset ""2023 Upper Deck Marvel Wandavision - White Vision"" (id 5483)"
2023 Upper Deck Marvel Wandavision,2023 Upper Deck Marvel Wandavision - 2023 Upper Deck Marvel Wandavision,15,Purple Spell,1,76437,2023 Upper Deck Marvel Wandavision - Purple Spell,"Move to existing subset ""2023 Upper Deck Marvel Wandavision - Purple Spell"" (id 5450)"
2023 Upper Deck Marvel Wandavision,2023 Upper Deck Marvel Wandavision - 2023 Upper Deck Marvel Wandavision,15,Green Vision,1,76438,2023 Upper Deck Marvel Wandavision - Green Vision,"Move to existing subset ""2023 Upper Deck Marvel Wandavision - Green Vision"" (id 5438)"
2023 Upper Deck Marvel Wandavision,2023 Upper Deck Marvel Wandavision - 2023 Upper Deck Marvel Wandavision,15,Scarlet Red,1,76439,2023 Upper Deck Marvel Wandavision - Scarlet Red,"Move to existing subset ""2023 Upper Deck Marvel Wandavision - Scarlet Red"" (id 5457)"
2023 Upper Deck Marvel Wandavision,2023 Upper Deck Marvel Wandavision - 2023 Upper Deck Marvel Wandavision,15,Black,1,76441,2023 Upper Deck Marvel Wandavision - Black and White,"Move to existing subset ""2023 Upper Deck Marvel Wandavision - Black and White"" (id 5436)"
2023 Upper Deck Marvel Wandavision,2023 Upper Deck Marvel Wandavision - 2023 Upper Deck Marvel Wandavision,15,Gold,1,76442,2023 Upper Deck Marvel Wandavision - Gold,"Move to existing subset ""2023 Upper Deck Marvel Wandavision - Gold"" (id 5437)"
2023 Upper Deck Marvel Wandavision,2023 Upper Deck Marvel Wandavision - 2023 Upper Deck Marvel Wandavision,18,Gold,1,76214,2023 Upper Deck Marvel Wandavision - Gold,"Move to existing subset ""2023 Upper Deck Marvel Wandavision - Gold"" (id 5437)"
2023 Upper Deck Marvel Wandavision,2023 Upper Deck Marvel Wandavision - 2023 Upper Deck Marvel Wandavision,18,Green Vision,1,76234,2023 Upper Deck Marvel Wandavision - Green Vision,"Move to existing subset ""2023 Upper Deck Marvel Wandavision - Green Vision"" (id 5438)"
2023 Upper Deck Marvel Wandavision,2023 Upper Deck Marvel Wandavision - 2023 Upper Deck Marvel Wandavision,18,White Vision,1,76358,2023 Upper Deck Marvel Wandavision - White Vision,"Move to existing subset ""2023 Upper Deck Marvel Wandavision - White Vision"" (id 5483)"
2023 Upper Deck Marvel Wandavision,2023 Upper Deck Marvel Wandavision - 2023 Upper Deck Marvel Wandavision,18,Purple Spell,1,76443,2023 Upper Deck Marvel Wandavision - Purple Spell,"Move to existing subset ""2023 Upper Deck Marvel Wandavision - Purple Spell"" (id 5450)"
2023 Upper Deck Marvel Wandavision,2023 Upper Deck Marvel Wandavision - 2023 Upper Deck Marvel Wandavision,18,Scarlet Red,1,76444,2023 Upper Deck Marvel Wandavision - Scarlet Red,"Move to existing subset ""2023 Upper Deck Marvel Wandavision - Scarlet Red"" (id 5457)"
2023 Upper Deck Marvel Wandavision,2023 Upper Deck Marvel Wandavision - 2023 Upper Deck Marvel Wandavision,18,Black,1,76446,2023 Upper Deck Marvel Wandavision - Black and White,"Move to existing subset ""2023 Upper Deck Marvel Wandavision - Black and White"" (id 5436)"
2023 Upper Deck Marvel Wandavision,2023 Upper Deck Marvel Wandavision - 2023 Upper Deck Marvel Wandavision,27,Black,1,76263,2023 Upper Deck Marvel Wandavision - Black and White,"Move to existing subset ""2023 Upper Deck Marvel Wandavision - Black and White"" (id 5436)"
2023 Upper Deck Marvel Wandavision,2023 Upper Deck Marvel Wandavision - 2023 Upper Deck Marvel Wandavision,27,Purple Spell,1,76346,2023 Upper Deck Marvel Wandavision - Purple Spell,"Move to existing subset ""2023 Upper Deck Marvel Wandavision - Purple Spell"" (id 5450)"
2023 Upper Deck Marvel Wandavision,2023 Upper Deck Marvel Wandavision - 2023 Upper Deck Marvel Wandavision,27,White Vision,1,76359,2023 Upper Deck Marvel Wandavision - White Vision,"Move to existing subset ""2023 Upper Deck Marvel Wandavision - White Vision"" (id 5483)"
2023 Upper Deck Marvel Wandavision,2023 Upper Deck Marvel Wandavision - 2023 Upper Deck Marvel Wandavision,27,Green Vision,1,76463,2023 Upper Deck Marvel Wandavision - Green Vision,"Move to existing subset ""2023 Upper Deck Marvel Wandavision - Green Vision"" (id 5438)"
2023 Upper Deck Marvel Wandavision,2023 Upper Deck Marvel Wandavision - 2023 Upper Deck Marvel Wandavision,27,Scarlet Red,1,76464,2023 Upper Deck Marvel Wandavision - Scarlet Red,"Move to existing subset ""2023 Upper Deck Marvel Wandavision - Scarlet Red"" (id 5457)"
2023 Upper Deck Marvel Wandavision,2023 Upper Deck Marvel Wandavision - 2023 Upper Deck Marvel Wandavision,27,Gold,1,76466,2023 Upper Deck Marvel Wandavision - Gold,"Move to existing subset ""2023 Upper Deck Marvel Wandavision - Gold"" (id 5437)"
2023 Upper Deck Marvel Wandavision,2023 Upper Deck Marvel Wandavision - 2023 Upper Deck Marvel Wandavision,35,Green Vision,1,76287,2023 Upper Deck Marvel Wandavision - Green Vision,"Move to existing subset ""2023 Upper Deck Marvel Wandavision - Green Vision"" (id 5438)"
2023 Upper Deck Marvel Wandavision,2023 Upper Deck Marvel Wandavision - 2023 Upper Deck Marvel Wandavision,35,Gold,1,76298,2023 Upper Deck Marvel Wandavision - Gold,"Move to existing subset ""2023 Upper Deck Marvel Wandavision - Gold"" (id 5437)"
2023 Upper Deck Marvel Wandavision,2023 Upper Deck Marvel Wandavision - 2023 Upper Deck Marvel Wandavision,35,Scarlet Red,1,76397,2023 Upper Deck Marvel Wandavision - Scarlet Red,"Move to existing subset ""2023 Upper Deck Marvel Wandavision - Scarlet Red"" (id 5457)"
2023 Upper Deck Marvel Wandavision,2023 Upper Deck Marvel Wandavision - 2023 Upper Deck Marvel Wandavision,35,Mind Stone Yellow,1,76471,2023 Upper Deck Marvel Wandavision - Mind Stone Yellow,"Move to existing subset ""2023 Upper Deck Marvel Wandavision - Mind Stone Yellow"" (id 5439)"
2023 Upper Deck Marvel Wandavision,2023 Upper Deck Marvel Wandavision - 2023 Upper Deck Marvel Wandavision,35,Purple Spell,1,76472,2023 Upper Deck Marvel Wandavision - Purple Spell,"Move to existing subset ""2023 Upper Deck Marvel Wandavision - Purple Spell"" (id 5450)"
2023 Upper Deck Marvel Wandavision,2023 Upper Deck Marvel Wandavision - 2023 Upper Deck Marvel Wandavision,35,White Vision,1,76473,2023 Upper Deck Marvel Wandavision - White Vision,"Move to existing subset ""2023 Upper Deck Marvel Wandavision - White Vision"" (id 5483)"
2023 Upper Deck Marvel Wandavision,2023 Upper Deck Marvel Wandavision - 2023 Upper Deck Marvel Wandavision,41,Black,1,76228,2023 Upper Deck Marvel Wandavision - Black and White,"Move to existing subset ""2023 Upper Deck Marvel Wandavision - Black and White"" (id 5436)"
2023 Upper Deck Marvel Wandavision,2023 Upper Deck Marvel Wandavision - 2023 Upper Deck Marvel Wandavision,41,Purple Spell,1,76322,2023 Upper Deck Marvel Wandavision - Purple Spell,"Move to existing subset ""2023 Upper Deck Marvel Wandavision - Purple Spell"" (id 5450)"
2023 Upper Deck Marvel Wandavision,2023 Upper Deck Marvel Wandavision - 2023 Upper Deck Marvel Wandavision,41,White Vision,1,76328,2023 Upper Deck Marvel Wandavision - White Vision,"Move to existing subset ""2023 Upper Deck Marvel Wandavision - White Vision"" (id 5483)"
2023 Upper Deck Marvel Wandavision,2023 Upper Deck Marvel Wandavision - 2023 Upper Deck Marvel Wandavision,41,Mind Stone Yellow,1,76333,2023 Upper Deck Marvel Wandavision - Mind Stone Yellow,"Move to existing subset ""2023 Upper Deck Marvel Wandavision - Mind Stone Yellow"" (id 5439)"
2023 Upper Deck Marvel Wandavision,2023 Upper Deck Marvel Wandavision - 2023 Upper Deck Marvel Wandavision,41,Green Vision,1,76376,2023 Upper Deck Marvel Wandavision - Green Vision,"Move to existing subset ""2023 Upper Deck Marvel Wandavision - Green Vision"" (id 5438)"
2023 Upper Deck Marvel Wandavision,2023 Upper Deck Marvel Wandavision - 2023 Upper Deck Marvel Wandavision,41,Scarlet Red,1,76479,2023 Upper Deck Marvel Wandavision - Scarlet Red,"Move to existing subset ""2023 Upper Deck Marvel Wandavision - Scarlet Red"" (id 5457)"
2023 Upper Deck Marvel Wandavision,2023 Upper Deck Marvel Wandavision - 2023 Upper Deck Marvel Wandavision,44,Green Vision,1,76252,2023 Upper Deck Marvel Wandavision - Green Vision,"Move to existing subset ""2023 Upper Deck Marvel Wandavision - Green Vision"" (id 5438)"
2023 Upper Deck Marvel Wandavision,2023 Upper Deck Marvel Wandavision - 2023 Upper Deck Marvel Wandavision,44,Mind Stone Yellow,1,76482,2023 Upper Deck Marvel Wandavision - Mind Stone Yellow,"Move to existing subset ""2023 Upper Deck Marvel Wandavision - Mind Stone Yellow"" (id 5439)"
2023 Upper Deck Marvel Wandavision,2023 Upper Deck Marvel Wandavision - 2023 Upper Deck Marvel Wandavision,44,White Vision,1,76484,2023 Upper Deck Marvel Wandavision - White Vision,"Move to existing subset ""2023 Upper Deck Marvel Wandavision - White Vision"" (id 5483)"
2023 Upper Deck Marvel Wandavision,2023 Upper Deck Marvel Wandavision - 2023 Upper Deck Marvel Wandavision,44,Purple Spell,1,76485,2023 Upper Deck Marvel Wandavision - Purple Spell,"Move to existing subset ""2023 Upper Deck Marvel Wandavision - Purple Spell"" (id 5450)"
2023 Upper Deck Marvel Wandavision,2023 Upper Deck Marvel Wandavision - 2023 Upper Deck Marvel Wandavision,44,Scarlet Red,1,76486,2023 Upper Deck Marvel Wandavision - Scarlet Red,"Move to existing subset ""2023 Upper Deck Marvel Wandavision - Scarlet Red"" (id 5457)"
2023 Upper Deck Marvel Wandavision,2023 Upper Deck Marvel Wandavision - 2023 Upper Deck Marvel Wandavision,44,Black,1,76488,2023 Upper Deck Marvel Wandavision - Black and White,"Move to existing subset ""2023 Upper Deck Marvel Wandavision - Black and White"" (id 5436)"
2023 Upper Deck Marvel Wandavision,2023 Upper Deck Marvel Wandavision - 2023 Upper Deck Marvel Wandavision,60,Green Vision,1,76274,2023 Upper Deck Marvel Wandavision - Green Vision,"Move to existing subset ""2023 Upper Deck Marvel Wandavision - Green Vision"" (id 5438)"
2023 Upper Deck Marvel Wandavision,2023 Upper Deck Marvel Wandavision - 2023 Upper Deck Marvel Wandavision,60,Mind Stone Yellow,1,76339,2023 Upper Deck Marvel Wandavision - Mind Stone Yellow,"Move to existing subset ""2023 Upper Deck Marvel Wandavision - Mind Stone Yellow"" (id 5439)"
2023 Upper Deck Marvel Wandavision,2023 Upper Deck Marvel Wandavision - 2023 Upper Deck Marvel Wandavision,60,White Vision,1,76392,2023 Upper Deck Marvel Wandavision - White Vision,"Move to existing subset ""2023 Upper Deck Marvel Wandavision - White Vision"" (id 5483)"
2023 Upper Deck Marvel Wandavision,2023 Upper Deck Marvel Wandavision - 2023 Upper Deck Marvel Wandavision,60,Purple Spell,1,76517,2023 Upper Deck Marvel Wandavision - Purple Spell,"Move to existing subset ""2023 Upper Deck Marvel Wandavision - Purple Spell"" (id 5450)"
2023 Upper Deck Marvel Wandavision,2023 Upper Deck Marvel Wandavision - 2023 Upper Deck Marvel Wandavision,60,Scarlet Red,1,76518,2023 Upper Deck Marvel Wandavision - Scarlet Red,"Move to existing subset ""2023 Upper Deck Marvel Wandavision - Scarlet Red"" (id 5457)"
2023 Upper Deck Marvel Wandavision,2023 Upper Deck Marvel Wandavision - 2023 Upper Deck Marvel Wandavision,60,Black,1,76519,2023 Upper Deck Marvel Wandavision - Black and White,"Move to existing subset ""2023 Upper Deck Marvel Wandavision - Black and White"" (id 5436)"
2023 Upper Deck Marvel Wandavision,2023 Upper Deck Marvel Wandavision - 2023 Upper Deck Marvel Wandavision,60,Gold,1,76520,2023 Upper Deck Marvel Wandavision - Gold,"Move to existing subset ""2023 Upper Deck Marvel Wandavision - Gold"" (id 5437)"
2023 Upper Deck Marvel Wandavision,2023 Upper Deck Marvel Wandavision - 2023 Upper Deck Marvel Wandavision,22,White Vision,1,76318,2023 Upper Deck Marvel Wandavision - White Vision,"Move to existing subset ""2023 Upper Deck Marvel Wandavision - White Vision"" (id 5483)"
2023 Upper Deck Marvel Wandavision,2023 Upper Deck Marvel Wandavision - 2023 Upper Deck Marvel Wandavision,22,Green Vision,1,76331,2023 Upper Deck Marvel Wandavision - Green Vision,"Move to existing subset ""2023 Upper Deck Marvel Wandavision - Green Vision"" (id 5438)"
2023 Upper Deck Marvel Wandavision,2023 Upper Deck Marvel Wandavision - 2023 Upper Deck Marvel Wandavision,22,Purple Spell,1,76447,2023 Upper Deck Marvel Wandavision - Purple Spell,"Move to existing subset ""2023 Upper Deck Marvel Wandavision - Purple Spell"" (id 5450)"
2023 Upper Deck Marvel Wandavision,2023 Upper Deck Marvel Wandavision - 2023 Upper Deck Marvel Wandavision,22,Scarlet Red,1,76448,2023 Upper Deck Marvel Wandavision - Scarlet Red,"Move to existing subset ""2023 Upper Deck Marvel Wandavision - Scarlet Red"" (id 5457)"
2023 Upper Deck Marvel Wandavision,2023 Upper Deck Marvel Wandavision - 2023 Upper Deck Marvel Wandavision,22,Gold,1,76452,2023 Upper Deck Marvel Wandavision - Gold,"Move to existing subset ""2023 Upper Deck Marvel Wandavision - Gold"" (id 5437)"
2023 Upper Deck Marvel Wandavision,2023 Upper Deck Marvel Wandavision - 2023 Upper Deck Marvel Wandavision,25,White Vision,1,76453,2023 Upper Deck Marvel Wandavision - White Vision,"Move to existing subset ""2023 Upper Deck Marvel Wandavision - White Vision"" (id 5483)"
2023 Upper Deck Marvel Wandavision,2023 Upper Deck Marvel Wandavision - 2023 Upper Deck Marvel Wandavision,25,Green Vision,1,76454,2023 Upper Deck Marvel Wandavision - Green Vision,"Move to existing subset ""2023 Upper Deck Marvel Wandavision - Green Vision"" (id 5438)"
2023 Upper Deck Marvel Wandavision,2023 Upper Deck Marvel Wandavision - 2023 Upper Deck Marvel Wandavision,25,Scarlet Red,1,76455,2023 Upper Deck Marvel Wandavision - Scarlet Red,"Move to existing subset ""2023 Upper Deck Marvel Wandavision - Scarlet Red"" (id 5457)"
2023 Upper Deck Marvel Wandavision,2023 Upper Deck Marvel Wandavision - 2023 Upper Deck Marvel Wandavision,25,Black,1,76458,2023 Upper Deck Marvel Wandavision - Black and White,"Move to existing subset ""2023 Upper Deck Marvel Wandavision - Black and White"" (id 5436)"
2023 Upper Deck Marvel Wandavision,2023 Upper Deck Marvel Wandavision - 2023 Upper Deck Marvel Wandavision,25,Gold,1,76459,2023 Upper Deck Marvel Wandavision - Gold,"Move to existing subset ""2023 Upper Deck Marvel Wandavision - Gold"" (id 5437)"
2023 Upper Deck Marvel Wandavision,2023 Upper Deck Marvel Wandavision - 2023 Upper Deck Marvel Wandavision,31,Gold,1,76204,2023 Upper Deck Marvel Wandavision - Gold,"Move to existing subset ""2023 Upper Deck Marvel Wandavision - Gold"" (id 5437)"
2023 Upper Deck Marvel Wandavision,2023 Upper Deck Marvel Wandavision - 2023 Upper Deck Marvel Wandavision,31,White Vision,1,76270,2023 Upper Deck Marvel Wandavision - White Vision,"Move to existing subset ""2023 Upper Deck Marvel Wandavision - White Vision"" (id 5483)"
2023 Upper Deck Marvel Wandavision,2023 Upper Deck Marvel Wandavision - 2023 Upper Deck Marvel Wandavision,31,Green Vision,1,76391,2023 Upper Deck Marvel Wandavision - Green Vision,"Move to existing subset ""2023 Upper Deck Marvel Wandavision - Green Vision"" (id 5438)"
2023 Upper Deck Marvel Wandavision,2023 Upper Deck Marvel Wandavision - 2023 Upper Deck Marvel Wandavision,31,Scarlet Red,1,76468,2023 Upper Deck Marvel Wandavision - Scarlet Red,"Move to existing subset ""2023 Upper Deck Marvel Wandavision - Scarlet Red"" (id 5457)"
2023 Upper Deck Marvel Wandavision,2023 Upper Deck Marvel Wandavision - 2023 Upper Deck Marvel Wandavision,31,Black,1,76470,2023 Upper Deck Marvel Wandavision - Black and White,"Move to existing subset ""2023 Upper Deck Marvel Wandavision - Black and White"" (id 5436)"
2023 Upper Deck Marvel Wandavision,2023 Upper Deck Marvel Wandavision - 2023 Upper Deck Marvel Wandavision,40,Black,1,76281,2023 Upper Deck Marvel Wandavision - Black and White,"Move to existing subset ""2023 Upper Deck Marvel Wandavision - Black and White"" (id 5436)"
2023 Upper Deck Marvel Wandavision,2023 Upper Deck Marvel Wandavision - 2023 Upper Deck Marvel Wandavision,40,Green Vision,1,76323,2023 Upper Deck Marvel Wandavision - Green Vision,"Move to existing subset ""2023 Upper Deck Marvel Wandavision - Green Vision"" (id 5438)"
2023 Upper Deck Marvel Wandavision,2023 Upper Deck Marvel Wandavision - 2023 Upper Deck Marvel Wandavision,40,Scarlet Red,1,76352,2023 Upper Deck Marvel Wandavision - Scarlet Red,"Move to existing subset ""2023 Upper Deck Marvel Wandavision - Scarlet Red"" (id 5457)"
2023 Upper Deck Marvel Wandavision,2023 Upper Deck Marvel Wandavision - 2023 Upper Deck Marvel Wandavision,40,White Vision,1,76356,2023 Upper Deck Marvel Wandavision - White Vision,"Move to existing subset ""2023 Upper Deck Marvel Wandavision - White Vision"" (id 5483)"
2023 Upper Deck Marvel Wandavision,2023 Upper Deck Marvel Wandavision - 2023 Upper Deck Marvel Wandavision,40,Gold,1,76481,2023 Upper Deck Marvel Wandavision - Gold,"Move to existing subset ""2023 Upper Deck Marvel Wandavision - Gold"" (id 5437)"
2023 Upper Deck Marvel Wandavision,2023 Upper Deck Marvel Wandavision - 2023 Upper Deck Marvel Wandavision,21,Gold,1,76210,2023 Upper Deck Marvel Wandavision - Gold,"Move to existing subset ""2023 Upper Deck Marvel Wandavision - Gold"" (id 5437)"
2023 Upper Deck Marvel Wandavision,2023 Upper Deck Marvel Wandavision - 2023 Upper Deck Marvel Wandavision,21,Purple Spell,1,76348,2023 Upper Deck Marvel Wandavision - Purple Spell,"Move to existing subset ""2023 Upper Deck Marvel Wandavision - Purple Spell"" (id 5450)"
2023 Upper Deck Marvel Wandavision,2023 Upper Deck Marvel Wandavision - 2023 Upper Deck Marvel Wandavision,21,White Vision,1,76373,2023 Upper Deck Marvel Wandavision - White Vision,"Move to existing subset ""2023 Upper Deck Marvel Wandavision - White Vision"" (id 5483)"
2023 Upper Deck Marvel Wandavision,2023 Upper Deck Marvel Wandavision - 2023 Upper Deck Marvel Wandavision,21,Green Vision,1,76374,2023 Upper Deck Marvel Wandavision - Green Vision,"Move to existing subset ""2023 Upper Deck Marvel Wandavision - Green Vision"" (id 5438)"
2023 Upper Deck Marvel Wandavision,2023 Upper Deck Marvel Wandavision - 2023 Upper Deck Marvel Wandavision,21,Black,1,76383,2023 Upper Deck Marvel Wandavision - Black and White,"Move to existing subset ""2023 Upper Deck Marvel Wandavision - Black and White"" (id 5436)"
2023 Upper Deck Marvel Wandavision,2023 Upper Deck Marvel Wandavision - 2023 Upper Deck Marvel Wandavision,34,Black,1,76222,2023 Upper Deck Marvel Wandavision - Black and White,"Move to existing subset ""2023 Upper Deck Marvel Wandavision - Black and White"" (id 5436)"
2023 Upper Deck Marvel Wandavision,2023 Upper Deck Marvel Wandavision - 2023 Upper Deck Marvel Wandavision,34,Green Vision,1,76260,2023 Upper Deck Marvel Wandavision - Green Vision,"Move to existing subset ""2023 Upper Deck Marvel Wandavision - Green Vision"" (id 5438)"
2023 Upper Deck Marvel Wandavision,2023 Upper Deck Marvel Wandavision - 2023 Upper Deck Marvel Wandavision,34,White Vision,1,76277,2023 Upper Deck Marvel Wandavision - White Vision,"Move to existing subset ""2023 Upper Deck Marvel Wandavision - White Vision"" (id 5483)"
2023 Upper Deck Marvel Wandavision,2023 Upper Deck Marvel Wandavision - 2023 Upper Deck Marvel Wandavision,34,Gold,1,76308,2023 Upper Deck Marvel Wandavision - Gold,"Move to existing subset ""2023 Upper Deck Marvel Wandavision - Gold"" (id 5437)"
2023 Upper Deck Marvel Wandavision,2023 Upper Deck Marvel Wandavision - 2023 Upper Deck Marvel Wandavision,47,Gold,1,76205,2023 Upper Deck Marvel Wandavision - Gold,"Move to existing subset ""2023 Upper Deck Marvel Wandavision - Gold"" (id 5437)"
2023 Upper Deck Marvel Wandavision,2023 Upper Deck Marvel Wandavision - 2023 Upper Deck Marvel Wandavision,47,Black,1,76238,2023 Upper Deck Marvel Wandavision - Black and White,"Move to existing subset ""2023 Upper Deck Marvel Wandavision - Black and White"" (id 5436)"
2023 Upper Deck Marvel Wandavision,2023 Upper Deck Marvel Wandavision - 2023 Upper Deck Marvel Wandavision,47,Green Vision,1,76305,2023 Upper Deck Marvel Wandavision - Green Vision,"Move to existing subset ""2023 Upper Deck Marvel Wandavision - Green Vision"" (id 5438)"
2023 Upper Deck Marvel Wandavision,2023 Upper Deck Marvel Wandavision - 2023 Upper Deck Marvel Wandavision,47,Mind Stone Yellow,1,76347,2023 Upper Deck Marvel Wandavision - Mind Stone Yellow,"Move to existing subset ""2023 Upper Deck Marvel Wandavision - Mind Stone Yellow"" (id 5439)"
2023 Upper Deck Marvel Wandavision,2023 Upper Deck Marvel Wandavision - 2023 Upper Deck Marvel Wandavision,47,White Vision,1,76375,2023 Upper Deck Marvel Wandavision - White Vision,"Move to existing subset ""2023 Upper Deck Marvel Wandavision - White Vision"" (id 5483)"
2023 Upper Deck Marvel Wandavision,2023 Upper Deck Marvel Wandavision - 2023 Upper Deck Marvel Wandavision,61,Black,1,76221,2023 Upper Deck Marvel Wandavision - Black and White,"Move to existing subset ""2023 Upper Deck Marvel Wandavision - Black and White"" (id 5436)"
2023 Upper Deck Marvel Wandavision,2023 Upper Deck Marvel Wandavision - 2023 Upper Deck Marvel Wandavision,61,Green Vision,1,76290,2023 Upper Deck Marvel Wandavision - Green Vision,"Move to existing subset ""2023 Upper Deck Marvel Wandavision - Green Vision"" (id 5438)"
2023 Upper Deck Marvel Wandavision,2023 Upper Deck Marvel Wandavision - 2023 Upper Deck Marvel Wandavision,61,White Vision,1,76319,2023 Upper Deck Marvel Wandavision - White Vision,"Move to existing subset ""2023 Upper Deck Marvel Wandavision - White Vision"" (id 5483)"
2023 Upper Deck Marvel Wandavision,2023 Upper Deck Marvel Wandavision - 2023 Upper Deck Marvel Wandavision,61,Purple Spell,1,76344,2023 Upper Deck Marvel Wandavision - Purple Spell,"Move to existing subset ""2023 Upper Deck Marvel Wandavision - Purple Spell"" (id 5450)"
2023 Upper Deck Marvel Wandavision,2023 Upper Deck Marvel Wandavision - 2023 Upper Deck Marvel Wandavision,61,Mind Stone Yellow,1,76516,2023 Upper Deck Marvel Wandavision - Mind Stone Yellow,"Move to existing subset ""2023 Upper Deck Marvel Wandavision - Mind Stone Yellow"" (id 5439)"
2023 Upper Deck Marvel Wandavision,2023 Upper Deck Marvel Wandavision - 2023 Upper Deck Marvel Wandavision,64,Gold,1,76195,2023 Upper Deck Marvel Wandavision - Gold,"Move to existing subset ""2023 Upper Deck Marvel Wandavision - Gold"" (id 5437)"
2023 Upper Deck Marvel Wandavision,2023 Upper Deck Marvel Wandavision - 2023 Upper Deck Marvel Wandavision,64,White Vision,1,76258,2023 Upper Deck Marvel Wandavision - White Vision,"Move to existing subset ""2023 Upper Deck Marvel Wandavision - White Vision"" (id 5483)"
2023 Upper Deck Marvel Wandavision,2023 Upper Deck Marvel Wandavision - 2023 Upper Deck Marvel Wandavision,64,Black,1,76280,2023 Upper Deck Marvel Wandavision - Black and White,"Move to existing subset ""2023 Upper Deck Marvel Wandavision - Black and White"" (id 5436)"
2023 Upper Deck Marvel Wandavision,2023 Upper Deck Marvel Wandavision - 2023 Upper Deck Marvel Wandavision,64,Mind Stone Yellow,1,76342,2023 Upper Deck Marvel Wandavision - Mind Stone Yellow,"Move to existing subset ""2023 Upper Deck Marvel Wandavision - Mind Stone Yellow"" (id 5439)"
2023 Upper Deck Marvel Wandavision,2023 Upper Deck Marvel Wandavision - 2023 Upper Deck Marvel Wandavision,64,Green Vision,1,76378,2023 Upper Deck Marvel Wandavision - Green Vision,"Move to existing subset ""2023 Upper Deck Marvel Wandavision - Green Vision"" (id 5438)"
2023 Upper Deck Marvel Wandavision,2023 Upper Deck Marvel Wandavision - 2023 Upper Deck Marvel Wandavision,69,Gold,1,76196,2023 Upper Deck Marvel Wandavision - Gold,"Move to existing subset ""2023 Upper Deck Marvel Wandavision - Gold"" (id 5437)"
2023 Upper Deck Marvel Wandavision,2023 Upper Deck Marvel Wandavision - 2023 Upper Deck Marvel Wandavision,69,White Vision,1,76243,2023 Upper Deck Marvel Wandavision - White Vision,"Move to existing subset ""2023 Upper Deck Marvel Wandavision - White Vision"" (id 5483)"
2023 Upper Deck Marvel Wandavision,2023 Upper Deck Marvel Wandavision - 2023 Upper Deck Marvel Wandavision,69,Scarlet Red,1,76332,2023 Upper Deck Marvel Wandavision - Scarlet Red,"Move to existing subset ""2023 Upper Deck Marvel Wandavision - Scarlet Red"" (id 5457)"
2023 Upper Deck Marvel Wandavision,2023 Upper Deck Marvel Wandavision - 2023 Upper Deck Marvel Wandavision,69,Green Vision,1,76353,2023 Upper Deck Marvel Wandavision - Green Vision,"Move to existing subset ""2023 Upper Deck Marvel Wandavision - Green Vision"" (id 5438)"
2023 Upper Deck Marvel Wandavision,2023 Upper Deck Marvel Wandavision - 2023 Upper Deck Marvel Wandavision,69,Purple Spell,1,76382,2023 Upper Deck Marvel Wandavision - Purple Spell,"Move to existing subset ""2023 Upper Deck Marvel Wandavision - Purple Spell"" (id 5450)"
2023 Upper Deck Marvel Wandavision,2023 Upper Deck Marvel Wandavision - 2023 Upper Deck Marvel Wandavision,88,Gold,1,76207,2023 Upper Deck Marvel Wandavision - Gold,"Move to existing subset ""2023 Upper Deck Marvel Wandavision - Gold"" (id 5437)"
2023 Upper Deck Marvel Wandavision,2023 Upper Deck Marvel Wandavision - 2023 Upper Deck Marvel Wandavision,88,Black,1,76232,2023 Upper Deck Marvel Wandavision - Black and White,"Move to existing subset ""2023 Upper Deck Marvel Wandavision - Black and White"" (id 5436)"
2023 Upper Deck Marvel Wandavision,2023 Upper Deck Marvel Wandavision - 2023 Upper Deck Marvel Wandavision,88,White Vision,1,76315,2023 Upper Deck Marvel Wandavision - White Vision,"Move to existing subset ""2023 Upper Deck Marvel Wandavision - White Vision"" (id 5483)"
2023 Upper Deck Marvel Wandavision,2023 Upper Deck Marvel Wandavision - 2023 Upper Deck Marvel Wandavision,88,Green Vision,1,76317,2023 Upper Deck Marvel Wandavision - Green Vision,"Move to existing subset ""2023 Upper Deck Marvel Wandavision - Green Vision"" (id 5438)"
2023 Upper Deck Marvel Wandavision,2023 Upper Deck Marvel Wandavision - 2023 Upper Deck Marvel Wandavision,88,Purple Spell,1,76320,2023 Upper Deck Marvel Wandavision - Purple Spell,"Move to existing subset ""2023 Upper Deck Marvel Wandavision - Purple Spell"" (id 5450)"
2023 Upper Deck Marvel Wandavision,2023 Upper Deck Marvel Wandavision - 2023 Upper Deck Marvel Wandavision,19,White Vision,1,76245,2023 Upper Deck Marvel Wandavision - White Vision,"Move to existing subset ""2023 Upper Deck Marvel Wandavision - White Vision"" (id 5483)"
2023 Upper Deck Marvel Wandavision,2023 Upper Deck Marvel Wandavision - 2023 Upper Deck Marvel Wandavision,19,Black,1,76247,2023 Upper Deck Marvel Wandavision - Black and White,"Move to existing subset ""2023 Upper Deck Marvel Wandavision - Black and White"" (id 5436)"
2023 Upper Deck Marvel Wandavision,2023 Upper Deck Marvel Wandavision - 2023 Upper Deck Marvel Wandavision,19,Mind Stone Yellow,1,76350,2023 Upper Deck Marvel Wandavision - Mind Stone Yellow,"Move to existing subset ""2023 Upper Deck Marvel Wandavision - Mind Stone Yellow"" (id 5439)"
2023 Upper Deck Marvel Wandavision,2023 Upper Deck Marvel Wandavision - 2023 Upper Deck Marvel Wandavision,19,Green Vision,1,76385,2023 Upper Deck Marvel Wandavision - Green Vision,"Move to existing subset ""2023 Upper Deck Marvel Wandavision - Green Vision"" (id 5438)"
2023 Upper Deck Marvel Wandavision,2023 Upper Deck Marvel Wandavision - 2023 Upper Deck Marvel Wandavision,20,Gold,1,76208,2023 Upper Deck Marvel Wandavision - Gold,"Move to existing subset ""2023 Upper Deck Marvel Wandavision - Gold"" (id 5437)"
2023 Upper Deck Marvel Wandavision,2023 Upper Deck Marvel Wandavision - 2023 Upper Deck Marvel Wandavision,20,Black,1,76226,2023 Upper Deck Marvel Wandavision - Black and White,"Move to existing subset ""2023 Upper Deck Marvel Wandavision - Black and White"" (id 5436)"
2023 Upper Deck Marvel Wandavision,2023 Upper Deck Marvel Wandavision - 2023 Upper Deck Marvel Wandavision,20,White Vision,1,76275,2023 Upper Deck Marvel Wandavision - White Vision,"Move to existing subset ""2023 Upper Deck Marvel Wandavision - White Vision"" (id 5483)"
2023 Upper Deck Marvel Wandavision,2023 Upper Deck Marvel Wandavision - 2023 Upper Deck Marvel Wandavision,20,Green Vision,1,76372,2023 Upper Deck Marvel Wandavision - Green Vision,"Move to existing subset ""2023 Upper Deck Marvel Wandavision - Green Vision"" (id 5438)"
2023 Upper Deck Marvel Wandavision,2023 Upper Deck Marvel Wandavision - 2023 Upper Deck Marvel Wandavision,28,Black,1,76288,2023 Upper Deck Marvel Wandavision - Black and White,"Move to existing subset ""2023 Upper Deck Marvel Wandavision - Black and White"" (id 5436)"
2023 Upper Deck Marvel Wandavision,2023 Upper Deck Marvel Wandavision - 2023 Upper Deck Marvel Wandavision,28,White Vision,1,76337,2023 Upper Deck Marvel Wandavision - White Vision,"Move to existing subset ""2023 Upper Deck Marvel Wandavision - White Vision"" (id 5483)"
2023 Upper Deck Marvel Wandavision,2023 Upper Deck Marvel Wandavision - 2023 Upper Deck Marvel Wandavision,28,Mind Stone Yellow,1,76461,2023 Upper Deck Marvel Wandavision - Mind Stone Yellow,"Move to existing subset ""2023 Upper Deck Marvel Wandavision - Mind Stone Yellow"" (id 5439)"
2023 Upper Deck Marvel Wandavision,2023 Upper Deck Marvel Wandavision - 2023 Upper Deck Marvel Wandavision,28,Purple Spell,1,76462,2023 Upper Deck Marvel Wandavision - Purple Spell,"Move to existing subset ""2023 Upper Deck Marvel Wandavision - Purple Spell"" (id 5450)"
2023 Upper Deck Marvel Wandavision,2023 Upper Deck Marvel Wandavision - 2023 Upper Deck Marvel Wandavision,29,Black,1,76233,2023 Upper Deck Marvel Wandavision - Black and White,"Move to existing subset ""2023 Upper Deck Marvel Wandavision - Black and White"" (id 5436)"
2023 Upper Deck Marvel Wandavision,2023 Upper Deck Marvel Wandavision - 2023 Upper Deck Marvel Wandavision,29,White Vision,1,76329,2023 Upper Deck Marvel Wandavision - White Vision,"Move to existing subset ""2023 Upper Deck Marvel Wandavision - White Vision"" (id 5483)"
2023 Upper Deck Marvel Wandavision,2023 Upper Deck Marvel Wandavision - 2023 Upper Deck Marvel Wandavision,29,Green Vision,1,76367,2023 Upper Deck Marvel Wandavision - Green Vision,"Move to existing subset ""2023 Upper Deck Marvel Wandavision - Green Vision"" (id 5438)"
2023 Upper Deck Marvel Wandavision,2023 Upper Deck Marvel Wandavision - 2023 Upper Deck Marvel Wandavision,29,Scarlet Red,1,76381,2023 Upper Deck Marvel Wandavision - Scarlet Red,"Move to existing subset ""2023 Upper Deck Marvel Wandavision - Scarlet Red"" (id 5457)"
2023 Upper Deck Marvel Wandavision,2023 Upper Deck Marvel Wandavision - 2023 Upper Deck Marvel Wandavision,36,Black,1,76310,2023 Upper Deck Marvel Wandavision - Black and White,"Move to existing subset ""2023 Upper Deck Marvel Wandavision - Black and White"" (id 5436)"
2023 Upper Deck Marvel Wandavision,2023 Upper Deck Marvel Wandavision - 2023 Upper Deck Marvel Wandavision,36,Green Vision,1,76365,2023 Upper Deck Marvel Wandavision - Green Vision,"Move to existing subset ""2023 Upper Deck Marvel Wandavision - Green Vision"" (id 5438)"
2023 Upper Deck Marvel Wandavision,2023 Upper Deck Marvel Wandavision - 2023 Upper Deck Marvel Wandavision,36,Gold,1,76478,2023 Upper Deck Marvel Wandavision - Gold,"Move to existing subset ""2023 Upper Deck Marvel Wandavision - Gold"" (id 5437)"
2023 Upper Deck Marvel Wandavision,2023 Upper Deck Marvel Wandavision - 2023 Upper Deck Marvel Wandavision,45,Black,1,76219,2023 Upper Deck Marvel Wandavision - Black and White,"Move to existing subset ""2023 Upper Deck Marvel Wandavision - Black and White"" (id 5436)"
2023 Upper Deck Marvel Wandavision,2023 Upper Deck Marvel Wandavision - 2023 Upper Deck Marvel Wandavision,45,White Vision,1,76316,2023 Upper Deck Marvel Wandavision - White Vision,"Move to existing subset ""2023 Upper Deck Marvel Wandavision - White Vision"" (id 5483)"
2023 Upper Deck Marvel Wandavision,2023 Upper Deck Marvel Wandavision - 2023 Upper Deck Marvel Wandavision,45,Mind Stone Yellow,1,76369,2023 Upper Deck Marvel Wandavision - Mind Stone Yellow,"Move to existing subset ""2023 Upper Deck Marvel Wandavision - Mind Stone Yellow"" (id 5439)"
2023 Upper Deck Marvel Wandavision,2023 Upper Deck Marvel Wandavision - 2023 Upper Deck Marvel Wandavision,45,Gold,1,76493,2023 Upper Deck Marvel Wandavision - Gold,"Move to existing subset ""2023 Upper Deck Marvel Wandavision - Gold"" (id 5437)"
2023 Upper Deck Marvel Wandavision,2023 Upper Deck Marvel Wandavision - 2023 Upper Deck Marvel Wandavision,53,Black,1,76266,2023 Upper Deck Marvel Wandavision - Black and White,"Move to existing subset ""2023 Upper Deck Marvel Wandavision - Black and White"" (id 5436)"
2023 Upper Deck Marvel Wandavision,2023 Upper Deck Marvel Wandavision - 2023 Upper Deck Marvel Wandavision,53,Mind Stone Yellow,1,76341,2023 Upper Deck Marvel Wandavision - Mind Stone Yellow,"Move to existing subset ""2023 Upper Deck Marvel Wandavision - Mind Stone Yellow"" (id 5439)"
2023 Upper Deck Marvel Wandavision,2023 Upper Deck Marvel Wandavision - 2023 Upper Deck Marvel Wandavision,53,Scarlet Red,1,76345,2023 Upper Deck Marvel Wandavision - Scarlet Red,"Move to existing subset ""2023 Upper Deck Marvel Wandavision - Scarlet Red"" (id 5457)"
2023 Upper Deck Marvel Wandavision,2023 Upper Deck Marvel Wandavision - 2023 Upper Deck Marvel Wandavision,53,White Vision,1,76360,2023 Upper Deck Marvel Wandavision - White Vision,"Move to existing subset ""2023 Upper Deck Marvel Wandavision - White Vision"" (id 5483)"
2023 Upper Deck Marvel Wandavision,2023 Upper Deck Marvel Wandavision - 2023 Upper Deck Marvel Wandavision,54,Black,1,76236,2023 Upper Deck Marvel Wandavision - Black and White,"Move to existing subset ""2023 Upper Deck Marvel Wandavision - Black and White"" (id 5436)"
2023 Upper Deck Marvel Wandavision,2023 Upper Deck Marvel Wandavision - 2023 Upper Deck Marvel Wandavision,54,Green Vision,1,76285,2023 Upper Deck Marvel Wandavision - Green Vision,"Move to existing subset ""2023 Upper Deck Marvel Wandavision - Green Vision"" (id 5438)"
2023 Upper Deck Marvel Wandavision,2023 Upper Deck Marvel Wandavision - 2023 Upper Deck Marvel Wandavision,54,Gold,1,76299,2023 Upper Deck Marvel Wandavision - Gold,"Move to existing subset ""2023 Upper Deck Marvel Wandavision - Gold"" (id 5437)"
2023 Upper Deck Marvel Wandavision,2023 Upper Deck Marvel Wandavision - 2023 Upper Deck Marvel Wandavision,54,Purple Spell,1,76380,2023 Upper Deck Marvel Wandavision - Purple Spell,"Move to existing subset ""2023 Upper Deck Marvel Wandavision - Purple Spell"" (id 5450)"
2023 Upper Deck Marvel Wandavision,2023 Upper Deck Marvel Wandavision - 2023 Upper Deck Marvel Wandavision,62,Black,1,76279,2023 Upper Deck Marvel Wandavision - Black and White,"Move to existing subset ""2023 Upper Deck Marvel Wandavision - Black and White"" (id 5436)"
2023 Upper Deck Marvel Wandavision,2023 Upper Deck Marvel Wandavision - 2023 Upper Deck Marvel Wandavision,62,Gold,1,76292,2023 Upper Deck Marvel Wandavision - Gold,"Move to existing subset ""2023 Upper Deck Marvel Wandavision - Gold"" (id 5437)"
2023 Upper Deck Marvel Wandavision,2023 Upper Deck Marvel Wandavision - 2023 Upper Deck Marvel Wandavision,62,Scarlet Red,1,76351,2023 Upper Deck Marvel Wandavision - Scarlet Red,"Move to existing subset ""2023 Upper Deck Marvel Wandavision - Scarlet Red"" (id 5457)"
2023 Upper Deck Marvel Wandavision,2023 Upper Deck Marvel Wandavision - 2023 Upper Deck Marvel Wandavision,62,White Vision,1,76377,2023 Upper Deck Marvel Wandavision - White Vision,"Move to existing subset ""2023 Upper Deck Marvel Wandavision - White Vision"" (id 5483)"
2023 Upper Deck Marvel Wandavision,2023 Upper Deck Marvel Wandavision - 2023 Upper Deck Marvel Wandavision,75,White Vision,1,76198,2023 Upper Deck Marvel Wandavision - White Vision,"Move to existing subset ""2023 Upper Deck Marvel Wandavision - White Vision"" (id 5483)"
2023 Upper Deck Marvel Wandavision,2023 Upper Deck Marvel Wandavision - 2023 Upper Deck Marvel Wandavision,75,Black,1,76246,2023 Upper Deck Marvel Wandavision - Black and White,"Move to existing subset ""2023 Upper Deck Marvel Wandavision - Black and White"" (id 5436)"
2023 Upper Deck Marvel Wandavision,2023 Upper Deck Marvel Wandavision - 2023 Upper Deck Marvel Wandavision,75,Purple Spell,1,76340,2023 Upper Deck Marvel Wandavision - Purple Spell,"Move to existing subset ""2023 Upper Deck Marvel Wandavision - Purple Spell"" (id 5450)"
2023 Upper Deck Marvel Wandavision,2023 Upper Deck Marvel Wandavision - 2023 Upper Deck Marvel Wandavision,75,Green Vision,1,76366,2023 Upper Deck Marvel Wandavision - Green Vision,"Move to existing subset ""2023 Upper Deck Marvel Wandavision - Green Vision"" (id 5438)"
2023 Upper Deck Marvel Wandavision,2023 Upper Deck Marvel Wandavision - 2023 Upper Deck Marvel Wandavision,90,Black,1,76269,2023 Upper Deck Marvel Wandavision - Black and White,"Move to existing subset ""2023 Upper Deck Marvel Wandavision - Black and White"" (id 5436)"
2023 Upper Deck Marvel Wandavision,2023 Upper Deck Marvel Wandavision - 2023 Upper Deck Marvel Wandavision,90,White Vision,1,76313,2023 Upper Deck Marvel Wandavision - White Vision,"Move to existing subset ""2023 Upper Deck Marvel Wandavision - White Vision"" (id 5483)"
2023 Upper Deck Marvel Wandavision,2023 Upper Deck Marvel Wandavision - 2023 Upper Deck Marvel Wandavision,90,Green Vision,1,76384,2023 Upper Deck Marvel Wandavision - Green Vision,"Move to existing subset ""2023 Upper Deck Marvel Wandavision - Green Vision"" (id 5438)"
2023 Upper Deck Marvel Wandavision,2023 Upper Deck Marvel Wandavision - 2023 Upper Deck Marvel Wandavision,90,Mind Stone Yellow,1,76387,2023 Upper Deck Marvel Wandavision - Mind Stone Yellow,"Move to existing subset ""2023 Upper Deck Marvel Wandavision - Mind Stone Yellow"" (id 5439)"
2023 Upper Deck Marvel Wandavision,2023 Upper Deck Marvel Wandavision - 2023 Upper Deck Marvel Wandavision,13,Green Vision,1,76239,2023 Upper Deck Marvel Wandavision - Green Vision,"Move to existing subset ""2023 Upper Deck Marvel Wandavision - Green Vision"" (id 5438)"
2023 Upper Deck Marvel Wandavision,2023 Upper Deck Marvel Wandavision - 2023 Upper Deck Marvel Wandavision,13,Black,1,76284,2023 Upper Deck Marvel Wandavision - Black and White,"Move to existing subset ""2023 Upper Deck Marvel Wandavision - Black and White"" (id 5436)"
2023 Upper Deck Marvel Wandavision,2023 Upper Deck Marvel Wandavision - 2023 Upper Deck Marvel Wandavision,13,White Vision,1,76386,2023 Upper Deck Marvel Wandavision - White Vision,"Move to existing subset ""2023 Upper Deck Marvel Wandavision - White Vision"" (id 5483)"
2023 Upper Deck Marvel Wandavision,2023 Upper Deck Marvel Wandavision - 2023 Upper Deck Marvel Wandavision,17,White Vision,1,76255,2023 Upper Deck Marvel Wandavision - White Vision,"Move to existing subset ""2023 Upper Deck Marvel Wandavision - White Vision"" (id 5483)"
2023 Upper Deck Marvel Wandavision,2023 Upper Deck Marvel Wandavision - 2023 Upper Deck Marvel Wandavision,17,Black,1,76326,2023 Upper Deck Marvel Wandavision - Black and White,"Move to existing subset ""2023 Upper Deck Marvel Wandavision - Black and White"" (id 5436)"
2023 Upper Deck Marvel Wandavision,2023 Upper Deck Marvel Wandavision - 2023 Upper Deck Marvel Wandavision,17,Green Vision,1,76362,2023 Upper Deck Marvel Wandavision - Green Vision,"Move to existing subset ""2023 Upper Deck Marvel Wandavision - Green Vision"" (id 5438)"
2023 Upper Deck Marvel Wandavision,2023 Upper Deck Marvel Wandavision - 2023 Upper Deck Marvel Wandavision,24,Gold,1,76203,2023 Upper Deck Marvel Wandavision - Gold,"Move to existing subset ""2023 Upper Deck Marvel Wandavision - Gold"" (id 5437)"
2023 Upper Deck Marvel Wandavision,2023 Upper Deck Marvel Wandavision - 2023 Upper Deck Marvel Wandavision,24,Green Vision,1,76388,2023 Upper Deck Marvel Wandavision - Green Vision,"Move to existing subset ""2023 Upper Deck Marvel Wandavision - Green Vision"" (id 5438)"
2023 Upper Deck Marvel Wandavision,2023 Upper Deck Marvel Wandavision - 2023 Upper Deck Marvel Wandavision,24,Scarlet Red,1,76398,2023 Upper Deck Marvel Wandavision - Scarlet Red,"Move to existing subset ""2023 Upper Deck Marvel Wandavision - Scarlet Red"" (id 5457)"
2023 Upper Deck Marvel Wandavision,2023 Upper Deck Marvel Wandavision - 2023 Upper Deck Marvel Wandavision,26,Gold,1,76296,2023 Upper Deck Marvel Wandavision - Gold,"Move to existing subset ""2023 Upper Deck Marvel Wandavision - Gold"" (id 5437)"
2023 Upper Deck Marvel Wandavision,2023 Upper Deck Marvel Wandavision - 2023 Upper Deck Marvel Wandavision,26,Mind Stone Yellow,1,76457,2023 Upper Deck Marvel Wandavision - Mind Stone Yellow,"Move to existing subset ""2023 Upper Deck Marvel Wandavision - Mind Stone Yellow"" (id 5439)"
2023 Upper Deck Marvel Wandavision,2023 Upper Deck Marvel Wandavision - 2023 Upper Deck Marvel Wandavision,26,Purple Spell,1,76460,2023 Upper Deck Marvel Wandavision - Purple Spell,"Move to existing subset ""2023 Upper Deck Marvel Wandavision - Purple Spell"" (id 5450)"
2023 Upper Deck Marvel Wandavision,2023 Upper Deck Marvel Wandavision - 2023 Upper Deck Marvel Wandavision,32,Gold,1,76291,2023 Upper Deck Marvel Wandavision - Gold,"Move to existing subset ""2023 Upper Deck Marvel Wandavision - Gold"" (id 5437)"
2023 Upper Deck Marvel Wandavision,2023 Upper Deck Marvel Wandavision - 2023 Upper Deck Marvel Wandavision,32,Purple Spell,1,76394,2023 Upper Deck Marvel Wandavision - Purple Spell,"Move to existing subset ""2023 Upper Deck Marvel Wandavision - Purple Spell"" (id 5450)"
2023 Upper Deck Marvel Wandavision,2023 Upper Deck Marvel Wandavision - 2023 Upper Deck Marvel Wandavision,32,Mind Stone Yellow,1,76467,2023 Upper Deck Marvel Wandavision - Mind Stone Yellow,"Move to existing subset ""2023 Upper Deck Marvel Wandavision - Mind Stone Yellow"" (id 5439)"
2023 Upper Deck Marvel Wandavision,2023 Upper Deck Marvel Wandavision - 2023 Upper Deck Marvel Wandavision,38,Green Vision,1,76244,2023 Upper Deck Marvel Wandavision - Green Vision,"Move to existing subset ""2023 Upper Deck Marvel Wandavision - Green Vision"" (id 5438)"
2023 Upper Deck Marvel Wandavision,2023 Upper Deck Marvel Wandavision - 2023 Upper Deck Marvel Wandavision,38,Gold,1,76301,2023 Upper Deck Marvel Wandavision - Gold,"Move to existing subset ""2023 Upper Deck Marvel Wandavision - Gold"" (id 5437)"
2023 Upper Deck Marvel Wandavision,2023 Upper Deck Marvel Wandavision - 2023 Upper Deck Marvel Wandavision,38,White Vision,1,76355,2023 Upper Deck Marvel Wandavision - White Vision,"Move to existing subset ""2023 Upper Deck Marvel Wandavision - White Vision"" (id 5483)"
2023 Upper Deck Marvel Wandavision,2023 Upper Deck Marvel Wandavision - 2023 Upper Deck Marvel Wandavision,48,White Vision,1,76213,2023 Upper Deck Marvel Wandavision - White Vision,"Move to existing subset ""2023 Upper Deck Marvel Wandavision - White Vision"" (id 5483)"
2023 Upper Deck Marvel Wandavision,2023 Upper Deck Marvel Wandavision - 2023 Upper Deck Marvel Wandavision,48,Green Vision,1,76265,2023 Upper Deck Marvel Wandavision - Green Vision,"Move to existing subset ""2023 Upper Deck Marvel Wandavision - Green Vision"" (id 5438)"
2023 Upper Deck Marvel Wandavision,2023 Upper Deck Marvel Wandavision - 2023 Upper Deck Marvel Wandavision,48,Black,1,76309,2023 Upper Deck Marvel Wandavision - Black and White,"Move to existing subset ""2023 Upper Deck Marvel Wandavision - Black and White"" (id 5436)"
2023 Upper Deck Marvel Wandavision,2023 Upper Deck Marvel Wandavision - 2023 Upper Deck Marvel Wandavision,71,Gold,1,76206,2023 Upper Deck Marvel Wandavision - Gold,"Move to existing subset ""2023 Upper Deck Marvel Wandavision - Gold"" (id 5437)"
2023 Upper Deck Marvel Wandavision,2023 Upper Deck Marvel Wandavision - 2023 Upper Deck Marvel Wandavision,71,Black,1,76259,2023 Upper Deck Marvel Wandavision - Black and White,"Move to existing subset ""2023 Upper Deck Marvel Wandavision - Black and White"" (id 5436)"
2023 Upper Deck Marvel Wandavision,2023 Upper Deck Marvel Wandavision - 2023 Upper Deck Marvel Wandavision,71,White Vision,1,76338,2023 Upper Deck Marvel Wandavision - White Vision,"Move to existing subset ""2023 Upper Deck Marvel Wandavision - White Vision"" (id 5483)"
2023 Upper Deck Marvel Wandavision,2023 Upper Deck Marvel Wandavision - 2023 Upper Deck Marvel Wandavision,80,Green Vision,1,76217,2023 Upper Deck Marvel Wandavision - Green Vision,"Move to existing subset ""2023 Upper Deck Marvel Wandavision - Green Vision"" (id 5438)"
2023 Upper Deck Marvel Wandavision,2023 Upper Deck Marvel Wandavision - 2023 Upper Deck Marvel Wandavision,80,White Vision,1,76324,2023 Upper Deck Marvel Wandavision - White Vision,"Move to existing subset ""2023 Upper Deck Marvel Wandavision - White Vision"" (id 5483)"
2023 Upper Deck Marvel Wandavision,2023 Upper Deck Marvel Wandavision - 2023 Upper Deck Marvel Wandavision,83,Green Vision,1,76197,2023 Upper Deck Marvel Wandavision - Green Vision,"Move to existing subset ""2023 Upper Deck Marvel Wandavision - Green Vision"" (id 5438)"
2023 Upper Deck Marvel Wandavision,2023 Upper Deck Marvel Wandavision - 2023 Upper Deck Marvel Wandavision,83,Mind Stone Yellow,1,76321,2023 Upper Deck Marvel Wandavision - Mind Stone Yellow,"Move to existing subset ""2023 Upper Deck Marvel Wandavision - Mind Stone Yellow"" (id 5439)"
2023 Upper Deck Marvel Wandavision,2023 Upper Deck Marvel Wandavision - 2023 Upper Deck Marvel Wandavision,83,White Vision,1,76354,2023 Upper Deck Marvel Wandavision - White Vision,"Move to existing subset ""2023 Upper Deck Marvel Wandavision - White Vision"" (id 5483)"
2023 Upper Deck Marvel Wandavision,2023 Upper Deck Marvel Wandavision - 2023 Upper Deck Marvel Wandavision,86,Green Vision,1,76201,2023 Upper Deck Marvel Wandavision - Green Vision,"Move to existing subset ""2023 Upper Deck Marvel Wandavision - Green Vision"" (id 5438)"
2023 Upper Deck Marvel Wandavision,2023 Upper Deck Marvel Wandavision - 2023 Upper Deck Marvel Wandavision,86,Black,1,76230,2023 Upper Deck Marvel Wandavision - Black and White,"Move to existing subset ""2023 Upper Deck Marvel Wandavision - Black and White"" (id 5436)"
2023 Upper Deck Marvel Wandavision,2023 Upper Deck Marvel Wandavision - 2023 Upper Deck Marvel Wandavision,86,Gold,1,76295,2023 Upper Deck Marvel Wandavision - Gold,"Move to existing subset ""2023 Upper Deck Marvel Wandavision - Gold"" (id 5437)"
2023 Upper Deck Marvel Wandavision,2023 Upper Deck Marvel Wandavision - 2023 Upper Deck Marvel Wandavision,89,Gold,1,76202,2023 Upper Deck Marvel Wandavision - Gold,"Move to existing subset ""2023 Upper Deck Marvel Wandavision - Gold"" (id 5437)"
2023 Upper Deck Marvel Wandavision,2023 Upper Deck Marvel Wandavision - 2023 Upper Deck Marvel Wandavision,89,Green Vision,1,76257,2023 Upper Deck Marvel Wandavision - Green Vision,"Move to existing subset ""2023 Upper Deck Marvel Wandavision - Green Vision"" (id 5438)"
2023 Upper Deck Marvel Wandavision,2023 Upper Deck Marvel Wandavision - 2023 Upper Deck Marvel Wandavision,89,Black,1,76327,2023 Upper Deck Marvel Wandavision - Black and White,"Move to existing subset ""2023 Upper Deck Marvel Wandavision - Black and White"" (id 5436)"
2023 Upper Deck Marvel Wandavision,2023 Upper Deck Marvel Wandavision - 2023 Upper Deck Marvel Wandavision,9,Gold,1,76199,2023 Upper Deck Marvel Wandavision - Gold,"Move to existing subset ""2023 Upper Deck Marvel Wandavision - Gold"" (id 5437)"
2023 Upper Deck Marvel Wandavision,2023 Upper Deck Marvel Wandavision - 2023 Upper Deck Marvel Wandavision,9,Green Vision,1,76251,2023 Upper Deck Marvel Wandavision - Green Vision,"Move to existing subset ""2023 Upper Deck Marvel Wandavision - Green Vision"" (id 5438)"
2023 Upper Deck Marvel Wandavision,2023 Upper Deck Marvel Wandavision - 2023 Upper Deck Marvel Wandavision,9,White Vision,1,76286,2023 Upper Deck Marvel Wandavision - White Vision,"Move to existing subset ""2023 Upper Deck Marvel Wandavision - White Vision"" (id 5483)"
2023 Upper Deck Marvel Wandavision,2023 Upper Deck Marvel Wandavision - 2023 Upper Deck Marvel Wandavision,23,Mind Stone Yellow,1,76450,2023 Upper Deck Marvel Wandavision - Mind Stone Yellow,"Move to existing subset ""2023 Upper Deck Marvel Wandavision - Mind Stone Yellow"" (id 5439)"
2023 Upper Deck Marvel Wandavision,2023 Upper Deck Marvel Wandavision - 2023 Upper Deck Marvel Wandavision,23,Purple Spell,1,76451,2023 Upper Deck Marvel Wandavision - Purple Spell,"Move to existing subset ""2023 Upper Deck Marvel Wandavision - Purple Spell"" (id 5450)"
2023 Upper Deck Marvel Wandavision,2023 Upper Deck Marvel Wandavision - 2023 Upper Deck Marvel Wandavision,39,Green Vision,1,76254,2023 Upper Deck Marvel Wandavision - Green Vision,"Move to existing subset ""2023 Upper Deck Marvel Wandavision - Green Vision"" (id 5438)"
2023 Upper Deck Marvel Wandavision,2023 Upper Deck Marvel Wandavision - 2023 Upper Deck Marvel Wandavision,39,Scarlet Red,1,76335,2023 Upper Deck Marvel Wandavision - Scarlet Red,"Move to existing subset ""2023 Upper Deck Marvel Wandavision - Scarlet Red"" (id 5457)"
2023 Upper Deck Marvel Wandavision,2023 Upper Deck Marvel Wandavision - 2023 Upper Deck Marvel Wandavision,50,Gold,1,76215,2023 Upper Deck Marvel Wandavision - Gold,"Move to existing subset ""2023 Upper Deck Marvel Wandavision - Gold"" (id 5437)"
2023 Upper Deck Marvel Wandavision,2023 Upper Deck Marvel Wandavision - 2023 Upper Deck Marvel Wandavision,50,Scarlet Red,1,76390,2023 Upper Deck Marvel Wandavision - Scarlet Red,"Move to existing subset ""2023 Upper Deck Marvel Wandavision - Scarlet Red"" (id 5457)"
2023 Upper Deck Marvel Wandavision,2023 Upper Deck Marvel Wandavision - 2023 Upper Deck Marvel Wandavision,57,White Vision,1,76264,2023 Upper Deck Marvel Wandavision - White Vision,"Move to existing subset ""2023 Upper Deck Marvel Wandavision - White Vision"" (id 5483)"
2023 Upper Deck Marvel Wandavision,2023 Upper Deck Marvel Wandavision - 2023 Upper Deck Marvel Wandavision,57,Black,1,76311,2023 Upper Deck Marvel Wandavision - Black and White,"Move to existing subset ""2023 Upper Deck Marvel Wandavision - Black and White"" (id 5436)"
2023 Upper Deck Marvel Wandavision,2023 Upper Deck Marvel Wandavision - 2023 Upper Deck Marvel Wandavision,59,Black,1,76267,2023 Upper Deck Marvel Wandavision - Black and White,"Move to existing subset ""2023 Upper Deck Marvel Wandavision - Black and White"" (id 5436)"
2023 Upper Deck Marvel Wandavision,2023 Upper Deck Marvel Wandavision - 2023 Upper Deck Marvel Wandavision,59,White Vision,1,76330,2023 Upper Deck Marvel Wandavision - White Vision,"Move to existing subset ""2023 Upper Deck Marvel Wandavision - White Vision"" (id 5483)"
2023 Upper Deck Marvel Wandavision,2023 Upper Deck Marvel Wandavision - 2023 Upper Deck Marvel Wandavision,65,White Vision,1,76271,2023 Upper Deck Marvel Wandavision - White Vision,"Move to existing subset ""2023 Upper Deck Marvel Wandavision - White Vision"" (id 5483)"
2023 Upper Deck Marvel Wandavision,2023 Upper Deck Marvel Wandavision - 2023 Upper Deck Marvel Wandavision,65,Green Vision,1,76272,2023 Upper Deck Marvel Wandavision - Green Vision,"Move to existing subset ""2023 Upper Deck Marvel Wandavision - Green Vision"" (id 5438)"
2023 Upper Deck Marvel Wandavision,2023 Upper Deck Marvel Wandavision - 2023 Upper Deck Marvel Wandavision,67,Black,1,76349,2023 Upper Deck Marvel Wandavision - Black and White,"Move to existing subset ""2023 Upper Deck Marvel Wandavision - Black and White"" (id 5436)"
2023 Upper Deck Marvel Wandavision,2023 Upper Deck Marvel Wandavision - 2023 Upper Deck Marvel Wandavision,67,Scarlet Red,1,76389,2023 Upper Deck Marvel Wandavision - Scarlet Red,"Move to existing subset ""2023 Upper Deck Marvel Wandavision - Scarlet Red"" (id 5457)"
2023 Upper Deck Marvel Wandavision,2023 Upper Deck Marvel Wandavision - 2023 Upper Deck Marvel Wandavision,72,Green Vision,1,76303,2023 Upper Deck Marvel Wandavision - Green Vision,"Move to existing subset ""2023 Upper Deck Marvel Wandavision - Green Vision"" (id 5438)"
2023 Upper Deck Marvel Wandavision,2023 Upper Deck Marvel Wandavision - 2023 Upper Deck Marvel Wandavision,72,White Vision,1,76334,2023 Upper Deck Marvel Wandavision - White Vision,"Move to existing subset ""2023 Upper Deck Marvel Wandavision - White Vision"" (id 5483)"
2023 Upper Deck Marvel Wandavision,2023 Upper Deck Marvel Wandavision - 2023 Upper Deck Marvel Wandavision,73,Green Vision,1,76336,2023 Upper Deck Marvel Wandavision - Green Vision,"Move to existing subset ""2023 Upper Deck Marvel Wandavision - Green Vision"" (id 5438)"
2023 Upper Deck Marvel Wandavision,2023 Upper Deck Marvel Wandavision - 2023 Upper Deck Marvel Wandavision,73,White Vision,1,76371,2023 Upper Deck Marvel Wandavision - White Vision,"Move to existing subset ""2023 Upper Deck Marvel Wandavision - White Vision"" (id 5483)"
2023 Upper Deck Marvel Wandavision,2023 Upper Deck Marvel Wandavision - 2023 Upper Deck Marvel Wandavision,74,Black,1,76223,2023 Upper Deck Marvel Wandavision - Black and White,"Move to existing subset ""2023 Upper Deck Marvel Wandavision - Black and White"" (id 5436)"
2023 Upper Deck Marvel Wandavision,2023 Upper Deck Marvel Wandavision - 2023 Upper Deck Marvel Wandavision,74,White Vision,1,76395,2023 Upper Deck Marvel Wandavision - White Vision,"Move to existing subset ""2023 Upper Deck Marvel Wandavision - White Vision"" (id 5483)"
2023 Upper Deck Marvel Wandavision,2023 Upper Deck Marvel Wandavision - 2023 Upper Deck Marvel Wandavision,76,Gold,1,76216,2023 Upper Deck Marvel Wandavision - Gold,"Move to existing subset ""2023 Upper Deck Marvel Wandavision - Gold"" (id 5437)"
2023 Upper Deck Marvel Wandavision,2023 Upper Deck Marvel Wandavision - 2023 Upper Deck Marvel Wandavision,76,White Vision,1,76250,2023 Upper Deck Marvel Wandavision - White Vision,"Move to existing subset ""2023 Upper Deck Marvel Wandavision - White Vision"" (id 5483)"
2023 Upper Deck Marvel Wandavision,2023 Upper Deck Marvel Wandavision - 2023 Upper Deck Marvel Wandavision,79,Gold,1,76294,2023 Upper Deck Marvel Wandavision - Gold,"Move to existing subset ""2023 Upper Deck Marvel Wandavision - Gold"" (id 5437)"
2023 Upper Deck Marvel Wandavision,2023 Upper Deck Marvel Wandavision - 2023 Upper Deck Marvel Wandavision,79,White Vision,1,76357,2023 Upper Deck Marvel Wandavision - White Vision,"Move to existing subset ""2023 Upper Deck Marvel Wandavision - White Vision"" (id 5483)"
2023 Upper Deck Marvel Wandavision,2023 Upper Deck Marvel Wandavision - 2023 Upper Deck Marvel Wandavision,11,Gold,1,76200,2023 Upper Deck Marvel Wandavision - Gold,"Move to existing subset ""2023 Upper Deck Marvel Wandavision - Gold"" (id 5437)"
2023 Upper Deck Marvel Wandavision,2023 Upper Deck Marvel Wandavision - 2023 Upper Deck Marvel Wandavision,14,White Vision,1,76273,2023 Upper Deck Marvel Wandavision - White Vision,"Move to existing subset ""2023 Upper Deck Marvel Wandavision - White Vision"" (id 5483)"
2023 Upper Deck Marvel Wandavision,2023 Upper Deck Marvel Wandavision - 2023 Upper Deck Marvel Wandavision,16,White Vision,1,76363,2023 Upper Deck Marvel Wandavision - White Vision,"Move to existing subset ""2023 Upper Deck Marvel Wandavision - White Vision"" (id 5483)"
2023 Upper Deck Marvel Wandavision,2023 Upper Deck Marvel Wandavision - 2023 Upper Deck Marvel Wandavision,30,Gold,1,76300,2023 Upper Deck Marvel Wandavision - Gold,"Move to existing subset ""2023 Upper Deck Marvel Wandavision - Gold"" (id 5437)"
2023 Upper Deck Marvel Wandavision,2023 Upper Deck Marvel Wandavision - 2023 Upper Deck Marvel Wandavision,43,Gold,1,76483,2023 Upper Deck Marvel Wandavision - Gold,"Move to existing subset ""2023 Upper Deck Marvel Wandavision - Gold"" (id 5437)"
2023 Upper Deck Marvel Wandavision,2023 Upper Deck Marvel Wandavision - 2023 Upper Deck Marvel Wandavision,51,Green Vision,1,76231,2023 Upper Deck Marvel Wandavision - Green Vision,"Move to existing subset ""2023 Upper Deck Marvel Wandavision - Green Vision"" (id 5438)"
2023 Upper Deck Marvel Wandavision,2023 Upper Deck Marvel Wandavision - 2023 Upper Deck Marvel Wandavision,6,White Vision,1,76237,2023 Upper Deck Marvel Wandavision - White Vision,"Move to existing subset ""2023 Upper Deck Marvel Wandavision - White Vision"" (id 5483)"
2023 Upper Deck Marvel Wandavision,2023 Upper Deck Marvel Wandavision - 2023 Upper Deck Marvel Wandavision,78,White Vision,1,76276,2023 Upper Deck Marvel Wandavision - White Vision,"Move to existing subset ""2023 Upper Deck Marvel Wandavision - White Vision"" (id 5483)"
2023 Upper Deck Marvel Wandavision,2023 Upper Deck Marvel Wandavision - 2023 Upper Deck Marvel Wandavision,81,White Vision,1,76364,2023 Upper Deck Marvel Wandavision - White Vision,"Move to existing subset ""2023 Upper Deck Marvel Wandavision - White Vision"" (id 5483)"
2023-24 Upper Deck Marvel Annual,2023-24 Upper Deck Marvel Annual - Number 1 Spot,N1S-1,2023,1,105004,2023-24 Upper Deck Marvel Annual - 2023-24 Upper Deck Marvel Annual,"Move to existing subset ""2023-24 Upper Deck Marvel Annual - 2023-24 Upper Deck Marvel Annual"" (id 5502)"
2023-24 Upper Deck Marvel Annual,2023-24 Upper Deck Marvel Annual - Number 1 Spot,N1S-10,2023,1,105013,2023-24 Upper Deck Marvel Annual - 2023-24 Upper Deck Marvel Annual,"Move to existing subset ""2023-24 Upper Deck Marvel Annual - 2023-24 Upper Deck Marvel Annual"" (id 5502)"
2023-24 Upper Deck Marvel Annual,2023-24 Upper Deck Marvel Annual - Number 1 Spot,N1S-11,2023,1,105014,2023-24 Upper Deck Marvel Annual - 2023-24 Upper Deck Marvel Annual,"Move to existing subset ""2023-24 Upper Deck Marvel Annual - 2023-24 Upper Deck Marvel Annual"" (id 5502)"
2023-24 Upper Deck Marvel Annual,2023-24 Upper Deck Marvel Annual - Number 1 Spot,N1S-12,2023,1,105015,2023-24 Upper Deck Marvel Annual - 2023-24 Upper Deck Marvel Annual,"Move to existing subset ""2023-24 Upper Deck Marvel Annual - 2023-24 Upper Deck Marvel Annual"" (id 5502)"
2023-24 Upper Deck Marvel Annual,2023-24 Upper Deck Marvel Annual - Number 1 Spot,N1S-13,2023,1,105016,2023-24 Upper Deck Marvel Annual - 2023-24 Upper Deck Marvel Annual,"Move to existing subset ""2023-24 Upper Deck Marvel Annual - 2023-24 Upper Deck Marvel Annual"" (id 5502)"
2023-24 Upper Deck Marvel Annual,2023-24 Upper Deck Marvel Annual - Number 1 Spot,N1S-14,2023,1,105017,2023-24 Upper Deck Marvel Annual - 2023-24 Upper Deck Marvel Annual,"Move to existing subset ""2023-24 Upper Deck Marvel Annual - 2023-24 Upper Deck Marvel Annual"" (id 5502)"
2023-24 Upper Deck Marvel Annual,2023-24 Upper Deck Marvel Annual - Number 1 Spot,N1S-15,2023,1,105018,2023-24 Upper Deck Marvel Annual - 2023-24 Upper Deck Marvel Annual,"Move to existing subset ""2023-24 Upper Deck Marvel Annual - 2023-24 Upper Deck Marvel Annual"" (id 5502)"
2023-24 Upper Deck Marvel Annual,2023-24 Upper Deck Marvel Annual - Number 1 Spot,N1S-16,2023,1,105019,2023-24 Upper Deck Marvel Annual - 2023-24 Upper Deck Marvel Annual,"Move to existing subset ""2023-24 Upper Deck Marvel Annual - 2023-24 Upper Deck Marvel Annual"" (id 5502)"
2023-24 Upper Deck Marvel Annual,2023-24 Upper Deck Marvel Annual - Number 1 Spot,N1S-17,2023,1,105020,2023-24 Upper Deck Marvel Annual - 2023-24 Upper Deck Marvel Annual,"Move to existing subset ""2023-24 Upper Deck Marvel Annual - 2023-24 Upper Deck Marvel Annual"" (id 5502)"
2023-24 Upper Deck Marvel Annual,2023-24 Upper Deck Marvel Annual - Number 1 Spot,N1S-18,2023,1,105021,2023-24 Upper Deck Marvel Annual - 2023-24 Upper Deck Marvel Annual,"Move to existing subset ""2023-24 Upper Deck Marvel Annual - 2023-24 Upper Deck Marvel Annual"" (id 5502)"
2023-24 Upper Deck Marvel Annual,2023-24 Upper Deck Marvel Annual - Number 1 Spot,N1S-19,2023,1,105022,2023-24 Upper Deck Marvel Annual - 2023-24 Upper Deck Marvel Annual,"Move to existing subset ""2023-24 Upper Deck Marvel Annual - 2023-24 Upper Deck Marvel Annual"" (id 5502)"
2023-24 Upper Deck Marvel Annual,2023-24 Upper Deck Marvel Annual - Number 1 Spot,N1S-2,2023,1,105005,2023-24 Upper Deck Marvel Annual - 2023-24 Upper Deck Marvel Annual,"Move to existing subset ""2023-24 Upper Deck Marvel Annual - 2023-24 Upper Deck Marvel Annual"" (id 5502)"
2023-24 Upper Deck Marvel Annual,2023-24 Upper Deck Marvel Annual - Number 1 Spot,N1S-20,2023,1,105023,2023-24 Upper Deck Marvel Annual - 2023-24 Upper Deck Marvel Annual,"Move to existing subset ""2023-24 Upper Deck Marvel Annual - 2023-24 Upper Deck Marvel Annual"" (id 5502)"
2023-24 Upper Deck Marvel Annual,2023-24 Upper Deck Marvel Annual - Number 1 Spot,N1S-21,2023,1,105024,2023-24 Upper Deck Marvel Annual - 2023-24 Upper Deck Marvel Annual,"Move to existing subset ""2023-24 Upper Deck Marvel Annual - 2023-24 Upper Deck Marvel Annual"" (id 5502)"
2023-24 Upper Deck Marvel Annual,2023-24 Upper Deck Marvel Annual - Number 1 Spot,N1S-22,2023,1,105025,2023-24 Upper Deck Marvel Annual - 2023-24 Upper Deck Marvel Annual,"Move to existing subset ""2023-24 Upper Deck Marvel Annual - 2023-24 Upper Deck Marvel Annual"" (id 5502)"
2023-24 Upper Deck Marvel Annual,2023-24 Upper Deck Marvel Annual - Number 1 Spot,N1S-23,2023,1,105026,2023-24 Upper Deck Marvel Annual - 2023-24 Upper Deck Marvel Annual,"Move to existing subset ""2023-24 Upper Deck Marvel Annual - 2023-24 Upper Deck Marvel Annual"" (id 5502)"
2023-24 Upper Deck Marvel Annual,2023-24 Upper Deck Marvel Annual - Number 1 Spot,N1S-24,2023,1,105027,2023-24 Upper Deck Marvel Annual - 2023-24 Upper Deck Marvel Annual,"Move to existing subset ""2023-24 Upper Deck Marvel Annual - 2023-24 Upper Deck Marvel Annual"" (id 5502)"
2023-24 Upper Deck Marvel Annual,2023-24 Upper Deck Marvel Annual - Number 1 Spot,N1S-25,2023,1,105028,2023-24 Upper Deck Marvel Annual - 2023-24 Upper Deck Marvel Annual,"Move to existing subset ""2023-24 Upper Deck Marvel Annual - 2023-24 Upper Deck Marvel Annual"" (id 5502)"
2023-24 Upper Deck Marvel Annual,2023-24 Upper Deck Marvel Annual - Number 1 Spot,N1S-3,2023,1,105006,2023-24 Upper Deck Marvel Annual - 2023-24 Upper Deck Marvel Annual,"Move to existing subset ""2023-24 Upper Deck Marvel Annual - 2023-24 Upper Deck Marvel Annual"" (id 5502)"
2023-24 Upper Deck Marvel Annual,2023-24 Upper Deck Marvel Annual - Number 1 Spot,N1S-4,2023,1,105007,2023-24 Upper Deck Marvel Annual - 2023-24 Upper Deck Marvel Annual,"Move to existing subset ""2023-24 Upper Deck Marvel Annual - 2023-24 Upper Deck Marvel Annual"" (id 5502)"
2023-24 Upper Deck Marvel Annual,2023-24 Upper Deck Marvel Annual - Number 1 Spot,N1S-5,2023,1,105008,2023-24 Upper Deck Marvel Annual - 2023-24 Upper Deck Marvel Annual,"Move to existing subset ""2023-24 Upper Deck Marvel Annual - 2023-24 Upper Deck Marvel Annual"" (id 5502)"
2023-24 Upper Deck Marvel Annual,2023-24 Upper Deck Marvel Annual - Number 1 Spot,N1S-6,2023,1,105009,2023-24 Upper Deck Marvel Annual - 2023-24 Upper Deck Marvel Annual,"Move to existing subset ""2023-24 Upper Deck Marvel Annual - 2023-24 Upper Deck Marvel Annual"" (id 5502)"
2023-24 Upper Deck Marvel Annual,2023-24 Upper Deck Marvel Annual - Number 1 Spot,N1S-7,2023,1,105010,2023-24 Upper Deck Marvel Annual - 2023-24 Upper Deck Marvel Annual,"Move to existing subset ""2023-24 Upper Deck Marvel Annual - 2023-24 Upper Deck Marvel Annual"" (id 5502)"
2023-24 Upper Deck Marvel Annual,2023-24 Upper Deck Marvel Annual - Number 1 Spot,N1S-8,2023,1,105011,2023-24 Upper Deck Marvel Annual - 2023-24 Upper Deck Marvel Annual,"Move to existing subset ""2023-24 Upper Deck Marvel Annual - 2023-24 Upper Deck Marvel Annual"" (id 5502)"
2023-24 Upper Deck Marvel Annual,2023-24 Upper Deck Marvel Annual - Number 1 Spot,N1S-9,2023,1,105012,2023-24 Upper Deck Marvel Annual - 2023-24 Upper Deck Marvel Annual,"Move to existing subset ""2023-24 Upper Deck Marvel Annual - 2023-24 Upper Deck Marvel Annual"" (id 5502)"
2024 Upper Deck Marvel Studios Series 1,2024 Upper Deck Marvel Studios Series 1 - 2024 Upper Deck Marvel Studios Series 1,18,Outburst Gold,1,77380,2024 Upper Deck Marvel Studios Series 1 - Outburst Gold,"Move to existing subset ""2024 Upper Deck Marvel Studios Series 1 - Outburst Gold"" (id 6173)"
2024 Upper Deck Marvel Studios Series 1,2024 Upper Deck Marvel Studios Series 1 - 2024 Upper Deck Marvel Studios Series 1,18,Outburst Red,1,77381,2024 Upper Deck Marvel Studios Series 1 - Outburst Red,"Move to existing subset ""2024 Upper Deck Marvel Studios Series 1 - Outburst Red"" (id 6174)"
2024 Upper Deck Marvel Studios Series 1,2024 Upper Deck Marvel Studios Series 1 - 2024 Upper Deck Marvel Studios Series 1,18,Outburst,1,77384,2024 Upper Deck Marvel Studios Series 1 - Outburst,"Move to existing subset ""2024 Upper Deck Marvel Studios Series 1 - Outburst"" (id 6172)"
2024 Upper Deck Marvel Studios Series 1,2024 Upper Deck Marvel Studios Series 1 - 2024 Upper Deck Marvel Studios Series 1,18,High Gloss,1,77385,2024 Upper Deck Marvel Studios Series 1 - High Gloss,"Move to existing subset ""2024 Upper Deck Marvel Studios Series 1 - High Gloss"" (id 6162)"
2024 Upper Deck Marvel Studios Series 1,2024 Upper Deck Marvel Studios Series 1 - 2024 Upper Deck Marvel Studios Series 1,25,Outburst Gold,1,77389,2024 Upper Deck Marvel Studios Series 1 - Outburst Gold,"Move to existing subset ""2024 Upper Deck Marvel Studios Series 1 - Outburst Gold"" (id 6173)"
2024 Upper Deck Marvel Studios Series 1,2024 Upper Deck Marvel Studios Series 1 - 2024 Upper Deck Marvel Studios Series 1,25,Outburst Red,1,77390,2024 Upper Deck Marvel Studios Series 1 - Outburst Red,"Move to existing subset ""2024 Upper Deck Marvel Studios Series 1 - Outburst Red"" (id 6174)"
2024 Upper Deck Marvel Studios Series 1,2024 Upper Deck Marvel Studios Series 1 - 2024 Upper Deck Marvel Studios Series 1,25,High Gloss,1,77393,2024 Upper Deck Marvel Studios Series 1 - High Gloss,"Move to existing subset ""2024 Upper Deck Marvel Studios Series 1 - High Gloss"" (id 6162)"
2024 Upper Deck Marvel Studios Series 1,2024 Upper Deck Marvel Studios Series 1 - 2024 Upper Deck Marvel Studios Series 1,25,Outburst,1,77394,2024 Upper Deck Marvel Studios Series 1 - Outburst,"Move to existing subset ""2024 Upper Deck Marvel Studios Series 1 - Outburst"" (id 6172)"
2024 Upper Deck Marvel Studios Series 1,2024 Upper Deck Marvel Studios Series 1 - 2024 Upper Deck Marvel Studios Series 1,34,Outburst Gold,1,77396,2024 Upper Deck Marvel Studios Series 1 - Outburst Gold,"Move to existing subset ""2024 Upper Deck Marvel Studios Series 1 - Outburst Gold"" (id 6173)"
2024 Upper Deck Marvel Studios Series 1,2024 Upper Deck Marvel Studios Series 1 - 2024 Upper Deck Marvel Studios Series 1,34,Outburst Red,1,77397,2024 Upper Deck Marvel Studios Series 1 - Outburst Red,"Move to existing subset ""2024 Upper Deck Marvel Studios Series 1 - Outburst Red"" (id 6174)"
2024 Upper Deck Marvel Studios Series 1,2024 Upper Deck Marvel Studios Series 1 - 2024 Upper Deck Marvel Studios Series 1,34,Outburst,1,77400,2024 Upper Deck Marvel Studios Series 1 - Outburst,"Move to existing subset ""2024 Upper Deck Marvel Studios Series 1 - Outburst"" (id 6172)"
2024 Upper Deck Marvel Studios Series 1,2024 Upper Deck Marvel Studios Series 1 - 2024 Upper Deck Marvel Studios Series 1,34,High Gloss,1,77401,2024 Upper Deck Marvel Studios Series 1 - High Gloss,"Move to existing subset ""2024 Upper Deck Marvel Studios Series 1 - High Gloss"" (id 6162)"
2024 Upper Deck Marvel Studios Series 1,2024 Upper Deck Marvel Studios Series 1 - 2024 Upper Deck Marvel Studios Series 1,39,Outburst Gold,1,77404,2024 Upper Deck Marvel Studios Series 1 - Outburst Gold,"Move to existing subset ""2024 Upper Deck Marvel Studios Series 1 - Outburst Gold"" (id 6173)"
2024 Upper Deck Marvel Studios Series 1,2024 Upper Deck Marvel Studios Series 1 - 2024 Upper Deck Marvel Studios Series 1,39,Outburst Red,1,77406,2024 Upper Deck Marvel Studios Series 1 - Outburst Red,"Move to existing subset ""2024 Upper Deck Marvel Studios Series 1 - Outburst Red"" (id 6174)"
2024 Upper Deck Marvel Studios Series 1,2024 Upper Deck Marvel Studios Series 1 - 2024 Upper Deck Marvel Studios Series 1,39,Outburst,1,77409,2024 Upper Deck Marvel Studios Series 1 - Outburst,"Move to existing subset ""2024 Upper Deck Marvel Studios Series 1 - Outburst"" (id 6172)"
2024 Upper Deck Marvel Studios Series 1,2024 Upper Deck Marvel Studios Series 1 - 2024 Upper Deck Marvel Studios Series 1,39,High Gloss,1,77410,2024 Upper Deck Marvel Studios Series 1 - High Gloss,"Move to existing subset ""2024 Upper Deck Marvel Studios Series 1 - High Gloss"" (id 6162)"
2024 Upper Deck Marvel Studios Series 1,2024 Upper Deck Marvel Studios Series 1 - 2024 Upper Deck Marvel Studios Series 1,4,Outburst Gold,1,77364,2024 Upper Deck Marvel Studios Series 1 - Outburst Gold,"Move to existing subset ""2024 Upper Deck Marvel Studios Series 1 - Outburst Gold"" (id 6173)"
2024 Upper Deck Marvel Studios Series 1,2024 Upper Deck Marvel Studios Series 1 - 2024 Upper Deck Marvel Studios Series 1,4,Outburst Red,1,77365,2024 Upper Deck Marvel Studios Series 1 - Outburst Red,"Move to existing subset ""2024 Upper Deck Marvel Studios Series 1 - Outburst Red"" (id 6174)"
2024 Upper Deck Marvel Studios Series 1,2024 Upper Deck Marvel Studios Series 1 - 2024 Upper Deck Marvel Studios Series 1,4,Outburst,1,77369,2024 Upper Deck Marvel Studios Series 1 - Outburst,"Move to existing subset ""2024 Upper Deck Marvel Studios Series 1 - Outburst"" (id 6172)"
2024 Upper Deck Marvel Studios Series 1,2024 Upper Deck Marvel Studios Series 1 - 2024 Upper Deck Marvel Studios Series 1,4,High Gloss,1,77370,2024 Upper Deck Marvel Studios Series 1 - High Gloss,"Move to existing subset ""2024 Upper Deck Marvel Studios Series 1 - High Gloss"" (id 6162)"
2024 Upper Deck Marvel Studios Series 1,2024 Upper Deck Marvel Studios Series 1 - 2024 Upper Deck Marvel Studios Series 1,47,Outburst Gold,1,77411,2024 Upper Deck Marvel Studios Series 1 - Outburst Gold,"Move to existing subset ""2024 Upper Deck Marvel Studios Series 1 - Outburst Gold"" (id 6173)"
2024 Upper Deck Marvel Studios Series 1,2024 Upper Deck Marvel Studios Series 1 - 2024 Upper Deck Marvel Studios Series 1,47,Outburst Red,1,77412,2024 Upper Deck Marvel Studios Series 1 - Outburst Red,"Move to existing subset ""2024 Upper Deck Marvel Studios Series 1 - Outburst Red"" (id 6174)"
2024 Upper Deck Marvel Studios Series 1,2024 Upper Deck Marvel Studios Series 1 - 2024 Upper Deck Marvel Studios Series 1,47,Outburst,1,77415,2024 Upper Deck Marvel Studios Series 1 - Outburst,"Move to existing subset ""2024 Upper Deck Marvel Studios Series 1 - Outburst"" (id 6172)"
2024 Upper Deck Marvel Studios Series 1,2024 Upper Deck Marvel Studios Series 1 - 2024 Upper Deck Marvel Studios Series 1,47,High Gloss,1,77416,2024 Upper Deck Marvel Studios Series 1 - High Gloss,"Move to existing subset ""2024 Upper Deck Marvel Studios Series 1 - High Gloss"" (id 6162)"
2024 Upper Deck Marvel Studios Series 1,2024 Upper Deck Marvel Studios Series 1 - 2024 Upper Deck Marvel Studios Series 1,65,Outburst Gold,1,77434,2024 Upper Deck Marvel Studios Series 1 - Outburst Gold,"Move to existing subset ""2024 Upper Deck Marvel Studios Series 1 - Outburst Gold"" (id 6173)"
2024 Upper Deck Marvel Studios Series 1,2024 Upper Deck Marvel Studios Series 1 - 2024 Upper Deck Marvel Studios Series 1,65,Outburst Red,1,77435,2024 Upper Deck Marvel Studios Series 1 - Outburst Red,"Move to existing subset ""2024 Upper Deck Marvel Studios Series 1 - Outburst Red"" (id 6174)"
2024 Upper Deck Marvel Studios Series 1,2024 Upper Deck Marvel Studios Series 1 - 2024 Upper Deck Marvel Studios Series 1,65,Outburst,1,77438,2024 Upper Deck Marvel Studios Series 1 - Outburst,"Move to existing subset ""2024 Upper Deck Marvel Studios Series 1 - Outburst"" (id 6172)"
2024 Upper Deck Marvel Studios Series 1,2024 Upper Deck Marvel Studios Series 1 - 2024 Upper Deck Marvel Studios Series 1,65,High Gloss,1,77439,2024 Upper Deck Marvel Studios Series 1 - High Gloss,"Move to existing subset ""2024 Upper Deck Marvel Studios Series 1 - High Gloss"" (id 6162)"
2024 Upper Deck Marvel Studios Series 1,2024 Upper Deck Marvel Studios Series 1 - 2024 Upper Deck Marvel Studios Series 1,72,Outburst Gold,1,77443,2024 Upper Deck Marvel Studios Series 1 - Outburst Gold,"Move to existing subset ""2024 Upper Deck Marvel Studios Series 1 - Outburst Gold"" (id 6173)"
2024 Upper Deck Marvel Studios Series 1,2024 Upper Deck Marvel Studios Series 1 - 2024 Upper Deck Marvel Studios Series 1,72,Outburst Red,1,77444,2024 Upper Deck Marvel Studios Series 1 - Outburst Red,"Move to existing subset ""2024 Upper Deck Marvel Studios Series 1 - Outburst Red"" (id 6174)"
2024 Upper Deck Marvel Studios Series 1,2024 Upper Deck Marvel Studios Series 1 - 2024 Upper Deck Marvel Studios Series 1,72,Outburst,1,77447,2024 Upper Deck Marvel Studios Series 1 - Outburst,"Move to existing subset ""2024 Upper Deck Marvel Studios Series 1 - Outburst"" (id 6172)"
2024 Upper Deck Marvel Studios Series 1,2024 Upper Deck Marvel Studios Series 1 - 2024 Upper Deck Marvel Studios Series 1,72,High Gloss,1,77448,2024 Upper Deck Marvel Studios Series 1 - High Gloss,"Move to existing subset ""2024 Upper Deck Marvel Studios Series 1 - High Gloss"" (id 6162)"
2024 Upper Deck Marvel Studios Series 1,2024 Upper Deck Marvel Studios Series 1 - 2024 Upper Deck Marvel Studios Series 1,77,Outburst Gold,1,77450,2024 Upper Deck Marvel Studios Series 1 - Outburst Gold,"Move to existing subset ""2024 Upper Deck Marvel Studios Series 1 - Outburst Gold"" (id 6173)"
2024 Upper Deck Marvel Studios Series 1,2024 Upper Deck Marvel Studios Series 1 - 2024 Upper Deck Marvel Studios Series 1,77,Outburst Red,1,77451,2024 Upper Deck Marvel Studios Series 1 - Outburst Red,"Move to existing subset ""2024 Upper Deck Marvel Studios Series 1 - Outburst Red"" (id 6174)"
2024 Upper Deck Marvel Studios Series 1,2024 Upper Deck Marvel Studios Series 1 - 2024 Upper Deck Marvel Studios Series 1,77,Outburst,1,77455,2024 Upper Deck Marvel Studios Series 1 - Outburst,"Move to existing subset ""2024 Upper Deck Marvel Studios Series 1 - Outburst"" (id 6172)"
2024 Upper Deck Marvel Studios Series 1,2024 Upper Deck Marvel Studios Series 1 - 2024 Upper Deck Marvel Studios Series 1,77,High Gloss,1,77456,2024 Upper Deck Marvel Studios Series 1 - High Gloss,"Move to existing subset ""2024 Upper Deck Marvel Studios Series 1 - High Gloss"" (id 6162)"
2024 Upper Deck Marvel Studios Series 1,2024 Upper Deck Marvel Studios Series 1 - 2024 Upper Deck Marvel Studios Series 1,81,High Gloss,1,77458,2024 Upper Deck Marvel Studios Series 1 - High Gloss,"Move to existing subset ""2024 Upper Deck Marvel Studios Series 1 - High Gloss"" (id 6162)"
2024 Upper Deck Marvel Studios Series 1,2024 Upper Deck Marvel Studios Series 1 - 2024 Upper Deck Marvel Studios Series 1,81,Outburst,1,77459,2024 Upper Deck Marvel Studios Series 1 - Outburst,"Move to existing subset ""2024 Upper Deck Marvel Studios Series 1 - Outburst"" (id 6172)"
2024 Upper Deck Marvel Studios Series 1,2024 Upper Deck Marvel Studios Series 1 - 2024 Upper Deck Marvel Studios Series 1,81,Outburst Gold,1,77461,2024 Upper Deck Marvel Studios Series 1 - Outburst Gold,"Move to existing subset ""2024 Upper Deck Marvel Studios Series 1 - Outburst Gold"" (id 6173)"
2024 Upper Deck Marvel Studios Series 1,2024 Upper Deck Marvel Studios Series 1 - 2024 Upper Deck Marvel Studios Series 1,81,Outburst Red,1,77462,2024 Upper Deck Marvel Studios Series 1 - Outburst Red,"Move to existing subset ""2024 Upper Deck Marvel Studios Series 1 - Outburst Red"" (id 6174)"
2024 Upper Deck Marvel Studios Series 1,2024 Upper Deck Marvel Studios Series 1 - 2024 Upper Deck Marvel Studios Series 1,94,Outburst Gold,1,77472,2024 Upper Deck Marvel Studios Series 1 - Outburst Gold,"Move to existing subset ""2024 Upper Deck Marvel Studios Series 1 - Outburst Gold"" (id 6173)"
2024 Upper Deck Marvel Studios Series 1,2024 Upper Deck Marvel Studios Series 1 - 2024 Upper Deck Marvel Studios Series 1,94,Outburst Red,1,77473,2024 Upper Deck Marvel Studios Series 1 - Outburst Red,"Move to existing subset ""2024 Upper Deck Marvel Studios Series 1 - Outburst Red"" (id 6174)"
2024 Upper Deck Marvel Studios Series 1,2024 Upper Deck Marvel Studios Series 1 - 2024 Upper Deck Marvel Studios Series 1,94,Outburst,1,77476,2024 Upper Deck Marvel Studios Series 1 - Outburst,"Move to existing subset ""2024 Upper Deck Marvel Studios Series 1 - Outburst"" (id 6172)"
2024 Upper Deck Marvel Studios Series 1,2024 Upper Deck Marvel Studios Series 1 - 2024 Upper Deck Marvel Studios Series 1,94,High Gloss,1,77477,2024 Upper Deck Marvel Studios Series 1 - High Gloss,"Move to existing subset ""2024 Upper Deck Marvel Studios Series 1 - High Gloss"" (id 6162)"
2024 Upper Deck Marvel Studios Series 1,2024 Upper Deck Marvel Studios Series 1 - 2024 Upper Deck Marvel Studios Series 1,107,Outburst Gold,1,80212,2024 Upper Deck Marvel Studios Series 1 - Outburst Gold,"Move to existing subset ""2024 Upper Deck Marvel Studios Series 1 - Outburst Gold"" (id 6173)"
2024 Upper Deck Marvel Studios Series 1,2024 Upper Deck Marvel Studios Series 1 - 2024 Upper Deck Marvel Studios Series 1,107,Outburst Red,1,80213,2024 Upper Deck Marvel Studios Series 1 - Outburst Red,"Move to existing subset ""2024 Upper Deck Marvel Studios Series 1 - Outburst Red"" (id 6174)"
2024 Upper Deck Marvel Studios Series 1,2024 Upper Deck Marvel Studios Series 1 - 2024 Upper Deck Marvel Studios Series 1,107,Outburst,1,80216,2024 Upper Deck Marvel Studios Series 1 - Outburst,"Move to existing subset ""2024 Upper Deck Marvel Studios Series 1 - Outburst"" (id 6172)"
2024 Upper Deck Marvel Studios Series 1,2024 Upper Deck Marvel Studios Series 1 - 2024 Upper Deck Marvel Studios Series 1,107,High Gloss,1,80217,2024 Upper Deck Marvel Studios Series 1 - High Gloss,"Move to existing subset ""2024 Upper Deck Marvel Studios Series 1 - High Gloss"" (id 6162)"
2024 Upper Deck Marvel Studios Series 1,2024 Upper Deck Marvel Studios Series 1 - 2024 Upper Deck Marvel Studios Series 1,114,Outburst Red,1,80222,2024 Upper Deck Marvel Studios Series 1 - Outburst Red,"Move to existing subset ""2024 Upper Deck Marvel Studios Series 1 - Outburst Red"" (id 6174)"
2024 Upper Deck Marvel Studios Series 1,2024 Upper Deck Marvel Studios Series 1 - 2024 Upper Deck Marvel Studios Series 1,114,Outburst,1,80225,2024 Upper Deck Marvel Studios Series 1 - Outburst,"Move to existing subset ""2024 Upper Deck Marvel Studios Series 1 - Outburst"" (id 6172)"
2024 Upper Deck Marvel Studios Series 1,2024 Upper Deck Marvel Studios Series 1 - 2024 Upper Deck Marvel Studios Series 1,114,High Gloss,1,80226,2024 Upper Deck Marvel Studios Series 1 - High Gloss,"Move to existing subset ""2024 Upper Deck Marvel Studios Series 1 - High Gloss"" (id 6162)"
2024 Upper Deck Marvel Studios Series 1,2024 Upper Deck Marvel Studios Series 1 - 2024 Upper Deck Marvel Studios Series 1,12,High Gloss,1,77373,2024 Upper Deck Marvel Studios Series 1 - High Gloss,"Move to existing subset ""2024 Upper Deck Marvel Studios Series 1 - High Gloss"" (id 6162)"
2024 Upper Deck Marvel Studios Series 1,2024 Upper Deck Marvel Studios Series 1 - 2024 Upper Deck Marvel Studios Series 1,12,Outburst,1,77376,2024 Upper Deck Marvel Studios Series 1 - Outburst,"Move to existing subset ""2024 Upper Deck Marvel Studios Series 1 - Outburst"" (id 6172)"
2024 Upper Deck Marvel Studios Series 1,2024 Upper Deck Marvel Studios Series 1 - 2024 Upper Deck Marvel Studios Series 1,12,Outburst Red,1,77378,2024 Upper Deck Marvel Studios Series 1 - Outburst Red,"Move to existing subset ""2024 Upper Deck Marvel Studios Series 1 - Outburst Red"" (id 6174)"
2024 Upper Deck Marvel Studios Series 1,2024 Upper Deck Marvel Studios Series 1 - 2024 Upper Deck Marvel Studios Series 1,50,Outburst Red,1,77420,2024 Upper Deck Marvel Studios Series 1 - Outburst Red,"Move to existing subset ""2024 Upper Deck Marvel Studios Series 1 - Outburst Red"" (id 6174)"
2024 Upper Deck Marvel Studios Series 1,2024 Upper Deck Marvel Studios Series 1 - 2024 Upper Deck Marvel Studios Series 1,50,Outburst,1,77424,2024 Upper Deck Marvel Studios Series 1 - Outburst,"Move to existing subset ""2024 Upper Deck Marvel Studios Series 1 - Outburst"" (id 6172)"
2024 Upper Deck Marvel Studios Series 1,2024 Upper Deck Marvel Studios Series 1 - 2024 Upper Deck Marvel Studios Series 1,50,High Gloss,1,77425,2024 Upper Deck Marvel Studios Series 1 - High Gloss,"Move to existing subset ""2024 Upper Deck Marvel Studios Series 1 - High Gloss"" (id 6162)"
2024 Upper Deck Marvel Studios Series 1,2024 Upper Deck Marvel Studios Series 1 - 2024 Upper Deck Marvel Studios Series 1,57,Outburst Gold,1,77426,2024 Upper Deck Marvel Studios Series 1 - Outburst Gold,"Move to existing subset ""2024 Upper Deck Marvel Studios Series 1 - Outburst Gold"" (id 6173)"
2024 Upper Deck Marvel Studios Series 1,2024 Upper Deck Marvel Studios Series 1 - 2024 Upper Deck Marvel Studios Series 1,57,Outburst Red,1,77427,2024 Upper Deck Marvel Studios Series 1 - Outburst Red,"Move to existing subset ""2024 Upper Deck Marvel Studios Series 1 - Outburst Red"" (id 6174)"
2024 Upper Deck Marvel Studios Series 1,2024 Upper Deck Marvel Studios Series 1 - 2024 Upper Deck Marvel Studios Series 1,57,Outburst,1,77429,2024 Upper Deck Marvel Studios Series 1 - Outburst,"Move to existing subset ""2024 Upper Deck Marvel Studios Series 1 - Outburst"" (id 6172)"
2024 Upper Deck Marvel Studios Series 1,2024 Upper Deck Marvel Studios Series 1 - 2024 Upper Deck Marvel Studios Series 1,57,High Gloss,1,77430,2024 Upper Deck Marvel Studios Series 1 - High Gloss,"Move to existing subset ""2024 Upper Deck Marvel Studios Series 1 - High Gloss"" (id 6162)"
2024 Upper Deck Marvel Studios Series 1,2024 Upper Deck Marvel Studios Series 1 - 2024 Upper Deck Marvel Studios Series 1,100,Outburst Gold,1,80207,2024 Upper Deck Marvel Studios Series 1 - Outburst Gold,"Move to existing subset ""2024 Upper Deck Marvel Studios Series 1 - Outburst Gold"" (id 6173)"
2024 Upper Deck Marvel Studios Series 1,2024 Upper Deck Marvel Studios Series 1 - 2024 Upper Deck Marvel Studios Series 1,100,Outburst Red,1,80208,2024 Upper Deck Marvel Studios Series 1 - Outburst Red,"Move to existing subset ""2024 Upper Deck Marvel Studios Series 1 - Outburst Red"" (id 6174)"
2024 Upper Deck Marvel Studios Series 1,2024 Upper Deck Marvel Studios Series 1 - 2024 Upper Deck Marvel Studios Series 1,100,High Gloss,1,80210,2024 Upper Deck Marvel Studios Series 1 - High Gloss,"Move to existing subset ""2024 Upper Deck Marvel Studios Series 1 - High Gloss"" (id 6162)"
2024 Upper Deck Marvel Studios Series 1,2024 Upper Deck Marvel Studios Series 1 - 2024 Upper Deck Marvel Studios Series 1,101,Outburst,1,80205,2024 Upper Deck Marvel Studios Series 1 - Outburst,"Move to existing subset ""2024 Upper Deck Marvel Studios Series 1 - Outburst"" (id 6172)"
2024 Upper Deck Marvel Studios Series 1,2024 Upper Deck Marvel Studios Series 1 - 2024 Upper Deck Marvel Studios Series 1,101,High Gloss,1,80206,2024 Upper Deck Marvel Studios Series 1 - High Gloss,"Move to existing subset ""2024 Upper Deck Marvel Studios Series 1 - High Gloss"" (id 6162)"
2024 Upper Deck Marvel Studios Series 1,2024 Upper Deck Marvel Studios Series 1 - 2024 Upper Deck Marvel Studios Series 1,87,Outburst Red,1,77464,2024 Upper Deck Marvel Studios Series 1 - Outburst Red,"Move to existing subset ""2024 Upper Deck Marvel Studios Series 1 - Outburst Red"" (id 6174)"
2024 Upper Deck Marvel Studios Series 1,2024 Upper Deck Marvel Studios Series 1 - 2024 Upper Deck Marvel Studios Series 1,87,High Gloss,1,77466,2024 Upper Deck Marvel Studios Series 1 - High Gloss,"Move to existing subset ""2024 Upper Deck Marvel Studios Series 1 - High Gloss"" (id 6162)"
2024 Upper Deck Marvel Studios Series 1,2024 Upper Deck Marvel Studios Series 1 - 2024 Upper Deck Marvel Studios Series 1,87,Outburst Gold,1,77467,2024 Upper Deck Marvel Studios Series 1 - Outburst Gold,"Move to existing subset ""2024 Upper Deck Marvel Studios Series 1 - Outburst Gold"" (id 6173)"
2024 Upper Deck Marvel Studios Series 1,2024 Upper Deck Marvel Studios Series 1 - 2024 Upper Deck Marvel Studios Series 1,88,Outburst Red,1,77468,2024 Upper Deck Marvel Studios Series 1 - Outburst Red,"Move to existing subset ""2024 Upper Deck Marvel Studios Series 1 - Outburst Red"" (id 6174)"
2024 Upper Deck Marvel Studios Series 1,2024 Upper Deck Marvel Studios Series 1 - 2024 Upper Deck Marvel Studios Series 1,88,Outburst,1,77470,2024 Upper Deck Marvel Studios Series 1 - Outburst,"Move to existing subset ""2024 Upper Deck Marvel Studios Series 1 - Outburst"" (id 6172)"
2024 Upper Deck Marvel Studios Series 1,2024 Upper Deck Marvel Studios Series 1 - 2024 Upper Deck Marvel Studios Series 1,88,High Gloss,1,77471,2024 Upper Deck Marvel Studios Series 1 - High Gloss,"Move to existing subset ""2024 Upper Deck Marvel Studios Series 1 - High Gloss"" (id 6162)"
2024 Upper Deck Marvel Studios Series 1,2024 Upper Deck Marvel Studios Series 1 - 2024 Upper Deck Marvel Studios Series 1,11,Outburst Gold,1,77374,2024 Upper Deck Marvel Studios Series 1 - Outburst Gold,"Move to existing subset ""2024 Upper Deck Marvel Studios Series 1 - Outburst Gold"" (id 6173)"
2024 Upper Deck Marvel Studios Series 1,2024 Upper Deck Marvel Studios Series 1 - 2024 Upper Deck Marvel Studios Series 1,11,High Gloss,1,77377,2024 Upper Deck Marvel Studios Series 1 - High Gloss,"Move to existing subset ""2024 Upper Deck Marvel Studios Series 1 - High Gloss"" (id 6162)"
2024 Upper Deck Marvel Studios Series 1,2024 Upper Deck Marvel Studios Series 1 - 2024 Upper Deck Marvel Studios Series 1,49,Outburst Red,1,77418,2024 Upper Deck Marvel Studios Series 1 - Outburst Red,"Move to existing subset ""2024 Upper Deck Marvel Studios Series 1 - Outburst Red"" (id 6174)"
2024 Upper Deck Marvel Studios Series 1,2024 Upper Deck Marvel Studios Series 1 - 2024 Upper Deck Marvel Studios Series 1,49,High Gloss,1,77422,2024 Upper Deck Marvel Studios Series 1 - High Gloss,"Move to existing subset ""2024 Upper Deck Marvel Studios Series 1 - High Gloss"" (id 6162)"
2024 Upper Deck Marvel Studios Series 1,2024 Upper Deck Marvel Studios Series 1 - 2024 Upper Deck Marvel Studios Series 1,58,Outburst Red,1,77431,2024 Upper Deck Marvel Studios Series 1 - Outburst Red,"Move to existing subset ""2024 Upper Deck Marvel Studios Series 1 - Outburst Red"" (id 6174)"
2024 Upper Deck Marvel Studios Series 1,2024 Upper Deck Marvel Studios Series 1 - 2024 Upper Deck Marvel Studios Series 1,58,Outburst,1,77433,2024 Upper Deck Marvel Studios Series 1 - Outburst,"Move to existing subset ""2024 Upper Deck Marvel Studios Series 1 - Outburst"" (id 6172)"
2024 Upper Deck Marvel Studios Series 1,2024 Upper Deck Marvel Studios Series 1 - 2024 Upper Deck Marvel Studios Series 1,108,Outburst,1,80219,2024 Upper Deck Marvel Studios Series 1 - Outburst,"Move to existing subset ""2024 Upper Deck Marvel Studios Series 1 - Outburst"" (id 6172)"
2024 Upper Deck Marvel Studios Series 1,2024 Upper Deck Marvel Studios Series 1 - 2024 Upper Deck Marvel Studios Series 1,130,Outburst Red,1,77343,2024 Upper Deck Marvel Studios Series 1 - Outburst Red,"Move to existing subset ""2024 Upper Deck Marvel Studios Series 1 - Outburst Red"" (id 6174)"
2024 Upper Deck Marvel Studios Series 1,2024 Upper Deck Marvel Studios Series 1 - 2024 Upper Deck Marvel Studios Series 1,130,Outburst,1,77345,2024 Upper Deck Marvel Studios Series 1 - Outburst,"Move to existing subset ""2024 Upper Deck Marvel Studios Series 1 - Outburst"" (id 6172)"
2024 Upper Deck Marvel Studios Series 1,2024 Upper Deck Marvel Studios Series 1 - 2024 Upper Deck Marvel Studios Series 1,19,Outburst,1,77387,2024 Upper Deck Marvel Studios Series 1 - Outburst,"Move to existing subset ""2024 Upper Deck Marvel Studios Series 1 - Outburst"" (id 6172)"
2024 Upper Deck Marvel Studios Series 1,2024 Upper Deck Marvel Studios Series 1 - 2024 Upper Deck Marvel Studios Series 1,3,Outburst Gold,1,77368,2024 Upper Deck Marvel Studios Series 1 - Outburst Gold,"Move to existing subset ""2024 Upper Deck Marvel Studios Series 1 - Outburst Gold"" (id 6173)"
2024 Upper Deck Marvel Studios Series 1,2024 Upper Deck Marvel Studios Series 1 - 2024 Upper Deck Marvel Studios Series 1,40,Outburst,1,77405,2024 Upper Deck Marvel Studios Series 1 - Outburst,"Move to existing subset ""2024 Upper Deck Marvel Studios Series 1 - Outburst"" (id 6172)"
2024 Upper Deck Marvel Studios Series 1,2024 Upper Deck Marvel Studios Series 1 - 2024 Upper Deck Marvel Studios Series 1,71,Outburst Gold,1,77441,2024 Upper Deck Marvel Studios Series 1 - Outburst Gold,"Move to existing subset ""2024 Upper Deck Marvel Studios Series 1 - Outburst Gold"" (id 6173)"
2024 Upper Deck Marvel Studios Series 1,2024 Upper Deck Marvel Studios Series 1 - 2024 Upper Deck Marvel Studios Series 1,78,Outburst,1,77452,2024 Upper Deck Marvel Studios Series 1 - Outburst,"Move to existing subset ""2024 Upper Deck Marvel Studios Series 1 - Outburst"" (id 6172)"
2024 Upper Deck Marvel Studios Series 1,2024 Upper Deck Marvel Studios Series 1 - 2024 Upper Deck Marvel Studios Series 1,109,Outburst Red,1,77344,2024 Upper Deck Marvel Studios Series 1 - Outburst Red,"Move to existing subset ""2024 Upper Deck Marvel Studios Series 1 - Outburst Red"" (id 6174)"
2024 Upper Deck Marvel Studios Series 1,2024 Upper Deck Marvel Studios Series 1 - 2024 Upper Deck Marvel Studios Series 1,113,Outburst Gold,1,80220,2024 Upper Deck Marvel Studios Series 1 - Outburst Gold,"Move to existing subset ""2024 Upper Deck Marvel Studios Series 1 - Outburst Gold"" (id 6173)"
2024 Upper Deck Marvel Studios Series 1,2024 Upper Deck Marvel Studios Series 1 - 2024 Upper Deck Marvel Studios Series 1,119,Outburst,1,77358,2024 Upper Deck Marvel Studios Series 1 - Outburst,"Move to existing subset ""2024 Upper Deck Marvel Studios Series 1 - Outburst"" (id 6172)"
2024 Upper Deck Marvel Studios Series 1,2024 Upper Deck Marvel Studios Series 1 - 2024 Upper Deck Marvel Studios Series 1,24,Outburst Gold,1,77388,2024 Upper Deck Marvel Studios Series 1 - Outburst Gold,"Move to existing subset ""2024 Upper Deck Marvel Studios Series 1 - Outburst Gold"" (id 6173)"
2024 Upper Deck Marvel Studios Series 1,2024 Upper Deck Marvel Studios Series 1 - 2024 Upper Deck Marvel Studios Series 1,26,Outburst,1,77395,2024 Upper Deck Marvel Studios Series 1 - Outburst,"Move to existing subset ""2024 Upper Deck Marvel Studios Series 1 - Outburst"" (id 6172)"
2024 Upper Deck Marvel Studios Series 1,2024 Upper Deck Marvel Studios Series 1 - 2024 Upper Deck Marvel Studios Series 1,30,High Gloss,1,77348,2024 Upper Deck Marvel Studios Series 1 - High Gloss,"Move to existing subset ""2024 Upper Deck Marvel Studios Series 1 - High Gloss"" (id 6162)"
2024 Upper Deck Marvel Studios Series 1,2024 Upper Deck Marvel Studios Series 1 - 2024 Upper Deck Marvel Studios Series 1,35,Outburst,1,77402,2024 Upper Deck Marvel Studios Series 1 - Outburst,"Move to existing subset ""2024 Upper Deck Marvel Studios Series 1 - Outburst"" (id 6172)"
2024 Upper Deck Marvel Studios Series 1,2024 Upper Deck Marvel Studios Series 1 - 2024 Upper Deck Marvel Studios Series 1,46,Outburst Gold,1,77417,2024 Upper Deck Marvel Studios Series 1 - Outburst Gold,"Move to existing subset ""2024 Upper Deck Marvel Studios Series 1 - Outburst Gold"" (id 6173)"
2024 Upper Deck Marvel Studios Series 1,2024 Upper Deck Marvel Studios Series 1 - 2024 Upper Deck Marvel Studios Series 1,66,Outburst,1,77440,2024 Upper Deck Marvel Studios Series 1 - Outburst,"Move to existing subset ""2024 Upper Deck Marvel Studios Series 1 - Outburst"" (id 6172)"
2024 Upper Deck Marvel Studios Series 1,2024 Upper Deck Marvel Studios Series 1 - 2024 Upper Deck Marvel Studios Series 1,82,Outburst,1,77460,2024 Upper Deck Marvel Studios Series 1 - Outburst,"Move to existing subset ""2024 Upper Deck Marvel Studios Series 1 - Outburst"" (id 6172)"
2024 Upper Deck Marvel Studios Series 1,2024 Upper Deck Marvel Studios Series 1 - 2024 Upper Deck Marvel Studios Series 1,95,Outburst,1,80203,2024 Upper Deck Marvel Studios Series 1 - Outburst,"Move to existing subset ""2024 Upper Deck Marvel Studios Series 1 - Outburst"" (id 6172)"
2024 Upper Deck Marvel Studios Series 1,2024 Upper Deck Marvel Studios Series 1 - Dazzlers Blue,1,Pink,1,77577,2024 Upper Deck Marvel Studios Series 1 - Dazzlers Pink,"Move to existing subset ""2024 Upper Deck Marvel Studios Series 1 - Dazzlers Pink"" (id 6155)"
2024 Upper Deck Marvel Studios Series 1,2024 Upper Deck Marvel Studios Series 1 - Dazzlers Blue,1,Green,1,77621,2024 Upper Deck Marvel Studios Series 1 - Dazzlers Green,"Move to existing subset ""2024 Upper Deck Marvel Studios Series 1 - Dazzlers Green"" (id 6154)"
2024 Upper Deck Marvel Studios Series 1,2024 Upper Deck Marvel Studios Series 1 - Dazzlers Blue,1,Blue,1,77622,2024 Upper Deck Marvel Studios Series 1 - Fluorescence Blue,"Move to existing subset ""2024 Upper Deck Marvel Studios Series 1 - Fluorescence Blue"" (id 6157)"
2024 Upper Deck Marvel Studios Series 1,2024 Upper Deck Marvel Studios Series 1 - Dazzlers Blue,10,Blue,1,77576,2024 Upper Deck Marvel Studios Series 1 - Fluorescence Blue,"Move to existing subset ""2024 Upper Deck Marvel Studios Series 1 - Fluorescence Blue"" (id 6157)"
2024 Upper Deck Marvel Studios Series 1,2024 Upper Deck Marvel Studios Series 1 - Dazzlers Blue,10,Green,1,77594,2024 Upper Deck Marvel Studios Series 1 - Dazzlers Green,"Move to existing subset ""2024 Upper Deck Marvel Studios Series 1 - Dazzlers Green"" (id 6154)"
2024 Upper Deck Marvel Studios Series 1,2024 Upper Deck Marvel Studios Series 1 - Dazzlers Blue,10,Pink,1,77644,2024 Upper Deck Marvel Studios Series 1 - Dazzlers Pink,"Move to existing subset ""2024 Upper Deck Marvel Studios Series 1 - Dazzlers Pink"" (id 6155)"
2024 Upper Deck Marvel Studios Series 1,2024 Upper Deck Marvel Studios Series 1 - Dazzlers Blue,11,Green,1,77591,2024 Upper Deck Marvel Studios Series 1 - Dazzlers Green,"Move to existing subset ""2024 Upper Deck Marvel Studios Series 1 - Dazzlers Green"" (id 6154)"
2024 Upper Deck Marvel Studios Series 1,2024 Upper Deck Marvel Studios Series 1 - Dazzlers Blue,11,Blue,1,77616,2024 Upper Deck Marvel Studios Series 1 - Fluorescence Blue,"Move to existing subset ""2024 Upper Deck Marvel Studios Series 1 - Fluorescence Blue"" (id 6157)"
2024 Upper Deck Marvel Studios Series 1,2024 Upper Deck Marvel Studios Series 1 - Dazzlers Blue,11,Pink,1,77662,2024 Upper Deck Marvel Studios Series 1 - Dazzlers Pink,"Move to existing subset ""2024 Upper Deck Marvel Studios Series 1 - Dazzlers Pink"" (id 6155)"
2024 Upper Deck Marvel Studios Series 1,2024 Upper Deck Marvel Studios Series 1 - Dazzlers Blue,12,Green,1,77586,2024 Upper Deck Marvel Studios Series 1 - Dazzlers Green,"Move to existing subset ""2024 Upper Deck Marvel Studios Series 1 - Dazzlers Green"" (id 6154)"
2024 Upper Deck Marvel Studios Series 1,2024 Upper Deck Marvel Studios Series 1 - Dazzlers Blue,12,Pink,1,77637,2024 Upper Deck Marvel Studios Series 1 - Dazzlers Pink,"Move to existing subset ""2024 Upper Deck Marvel Studios Series 1 - Dazzlers Pink"" (id 6155)"
2024 Upper Deck Marvel Studios Series 1,2024 Upper Deck Marvel Studios Series 1 - Dazzlers Blue,12,Blue,1,77647,2024 Upper Deck Marvel Studios Series 1 - Fluorescence Blue,"Move to existing subset ""2024 Upper Deck Marvel Studios Series 1 - Fluorescence Blue"" (id 6157)"
2024 Upper Deck Marvel Studios Series 1,2024 Upper Deck Marvel Studios Series 1 - Dazzlers Blue,13,Pink,1,77640,2024 Upper Deck Marvel Studios Series 1 - Dazzlers Pink,"Move to existing subset ""2024 Upper Deck Marvel Studios Series 1 - Dazzlers Pink"" (id 6155)"
2024 Upper Deck Marvel Studios Series 1,2024 Upper Deck Marvel Studios Series 1 - Dazzlers Blue,13,Green,1,77646,2024 Upper Deck Marvel Studios Series 1 - Dazzlers Green,"Move to existing subset ""2024 Upper Deck Marvel Studios Series 1 - Dazzlers Green"" (id 6154)"
2024 Upper Deck Marvel Studios Series 1,2024 Upper Deck Marvel Studios Series 1 - Dazzlers Blue,13,Blue,1,77649,2024 Upper Deck Marvel Studios Series 1 - Fluorescence Blue,"Move to existing subset ""2024 Upper Deck Marvel Studios Series 1 - Fluorescence Blue"" (id 6157)"
2024 Upper Deck Marvel Studios Series 1,2024 Upper Deck Marvel Studios Series 1 - Dazzlers Blue,14,Pink,1,77639,2024 Upper Deck Marvel Studios Series 1 - Dazzlers Pink,"Move to existing subset ""2024 Upper Deck Marvel Studios Series 1 - Dazzlers Pink"" (id 6155)"
2024 Upper Deck Marvel Studios Series 1,2024 Upper Deck Marvel Studios Series 1 - Dazzlers Blue,14,Green,1,77645,2024 Upper Deck Marvel Studios Series 1 - Dazzlers Green,"Move to existing subset ""2024 Upper Deck Marvel Studios Series 1 - Dazzlers Green"" (id 6154)"
2024 Upper Deck Marvel Studios Series 1,2024 Upper Deck Marvel Studios Series 1 - Dazzlers Blue,14,Blue,1,77648,2024 Upper Deck Marvel Studios Series 1 - Fluorescence Blue,"Move to existing subset ""2024 Upper Deck Marvel Studios Series 1 - Fluorescence Blue"" (id 6157)"
2024 Upper Deck Marvel Studios Series 1,2024 Upper Deck Marvel Studios Series 1 - Dazzlers Blue,15,Green,1,77597,2024 Upper Deck Marvel Studios Series 1 - Dazzlers Green,"Move to existing subset ""2024 Upper Deck Marvel Studios Series 1 - Dazzlers Green"" (id 6154)"
2024 Upper Deck Marvel Studios Series 1,2024 Upper Deck Marvel Studios Series 1 - Dazzlers Blue,15,Pink,1,77642,2024 Upper Deck Marvel Studios Series 1 - Dazzlers Pink,"Move to existing subset ""2024 Upper Deck Marvel Studios Series 1 - Dazzlers Pink"" (id 6155)"
2024 Upper Deck Marvel Studios Series 1,2024 Upper Deck Marvel Studios Series 1 - Dazzlers Blue,15,Blue,1,77653,2024 Upper Deck Marvel Studios Series 1 - Fluorescence Blue,"Move to existing subset ""2024 Upper Deck Marvel Studios Series 1 - Fluorescence Blue"" (id 6157)"
2024 Upper Deck Marvel Studios Series 1,2024 Upper Deck Marvel Studios Series 1 - Dazzlers Blue,16,Pink,1,77626,2024 Upper Deck Marvel Studios Series 1 - Dazzlers Pink,"Move to existing subset ""2024 Upper Deck Marvel Studios Series 1 - Dazzlers Pink"" (id 6155)"
2024 Upper Deck Marvel Studios Series 1,2024 Upper Deck Marvel Studios Series 1 - Dazzlers Blue,16,Blue,1,77652,2024 Upper Deck Marvel Studios Series 1 - Fluorescence Blue,"Move to existing subset ""2024 Upper Deck Marvel Studios Series 1 - Fluorescence Blue"" (id 6157)"
2024 Upper Deck Marvel Studios Series 1,2024 Upper Deck Marvel Studios Series 1 - Dazzlers Blue,16,Green,1,77655,2024 Upper Deck Marvel Studios Series 1 - Dazzlers Green,"Move to existing subset ""2024 Upper Deck Marvel Studios Series 1 - Dazzlers Green"" (id 6154)"
2024 Upper Deck Marvel Studios Series 1,2024 Upper Deck Marvel Studios Series 1 - Dazzlers Blue,17,Green,1,77599,2024 Upper Deck Marvel Studios Series 1 - Dazzlers Green,"Move to existing subset ""2024 Upper Deck Marvel Studios Series 1 - Dazzlers Green"" (id 6154)"
2024 Upper Deck Marvel Studios Series 1,2024 Upper Deck Marvel Studios Series 1 - Dazzlers Blue,17,Pink,1,77625,2024 Upper Deck Marvel Studios Series 1 - Dazzlers Pink,"Move to existing subset ""2024 Upper Deck Marvel Studios Series 1 - Dazzlers Pink"" (id 6155)"
2024 Upper Deck Marvel Studios Series 1,2024 Upper Deck Marvel Studios Series 1 - Dazzlers Blue,17,Blue,1,77651,2024 Upper Deck Marvel Studios Series 1 - Fluorescence Blue,"Move to existing subset ""2024 Upper Deck Marvel Studios Series 1 - Fluorescence Blue"" (id 6157)"
2024 Upper Deck Marvel Studios Series 1,2024 Upper Deck Marvel Studios Series 1 - Dazzlers Blue,18,Pink,1,77583,2024 Upper Deck Marvel Studios Series 1 - Dazzlers Pink,"Move to existing subset ""2024 Upper Deck Marvel Studios Series 1 - Dazzlers Pink"" (id 6155)"
2024 Upper Deck Marvel Studios Series 1,2024 Upper Deck Marvel Studios Series 1 - Dazzlers Blue,18,Green,1,77598,2024 Upper Deck Marvel Studios Series 1 - Dazzlers Green,"Move to existing subset ""2024 Upper Deck Marvel Studios Series 1 - Dazzlers Green"" (id 6154)"
2024 Upper Deck Marvel Studios Series 1,2024 Upper Deck Marvel Studios Series 1 - Dazzlers Blue,18,Blue,1,77650,2024 Upper Deck Marvel Studios Series 1 - Fluorescence Blue,"Move to existing subset ""2024 Upper Deck Marvel Studios Series 1 - Fluorescence Blue"" (id 6157)"
2024 Upper Deck Marvel Studios Series 1,2024 Upper Deck Marvel Studios Series 1 - Dazzlers Blue,19,Blue,1,77579,2024 Upper Deck Marvel Studios Series 1 - Fluorescence Blue,"Move to existing subset ""2024 Upper Deck Marvel Studios Series 1 - Fluorescence Blue"" (id 6157)"
2024 Upper Deck Marvel Studios Series 1,2024 Upper Deck Marvel Studios Series 1 - Dazzlers Blue,19,Pink,1,77582,2024 Upper Deck Marvel Studios Series 1 - Dazzlers Pink,"Move to existing subset ""2024 Upper Deck Marvel Studios Series 1 - Dazzlers Pink"" (id 6155)"
2024 Upper Deck Marvel Studios Series 1,2024 Upper Deck Marvel Studios Series 1 - Dazzlers Blue,19,Green,1,77656,2024 Upper Deck Marvel Studios Series 1 - Dazzlers Green,"Move to existing subset ""2024 Upper Deck Marvel Studios Series 1 - Dazzlers Green"" (id 6154)"
2024 Upper Deck Marvel Studios Series 1,2024 Upper Deck Marvel Studios Series 1 - Dazzlers Blue,2,Blue,1,77605,2024 Upper Deck Marvel Studios Series 1 - Fluorescence Blue,"Move to existing subset ""2024 Upper Deck Marvel Studios Series 1 - Fluorescence Blue"" (id 6157)"
2024 Upper Deck Marvel Studios Series 1,2024 Upper Deck Marvel Studios Series 1 - Dazzlers Blue,2,Pink,1,77610,2024 Upper Deck Marvel Studios Series 1 - Dazzlers Pink,"Move to existing subset ""2024 Upper Deck Marvel Studios Series 1 - Dazzlers Pink"" (id 6155)"
2024 Upper Deck Marvel Studios Series 1,2024 Upper Deck Marvel Studios Series 1 - Dazzlers Blue,2,Green,1,77619,2024 Upper Deck Marvel Studios Series 1 - Dazzlers Green,"Move to existing subset ""2024 Upper Deck Marvel Studios Series 1 - Dazzlers Green"" (id 6154)"
2024 Upper Deck Marvel Studios Series 1,2024 Upper Deck Marvel Studios Series 1 - Dazzlers Blue,20,Blue,1,77578,2024 Upper Deck Marvel Studios Series 1 - Fluorescence Blue,"Move to existing subset ""2024 Upper Deck Marvel Studios Series 1 - Fluorescence Blue"" (id 6157)"
2024 Upper Deck Marvel Studios Series 1,2024 Upper Deck Marvel Studios Series 1 - Dazzlers Blue,20,Pink,1,77581,2024 Upper Deck Marvel Studios Series 1 - Dazzlers Pink,"Move to existing subset ""2024 Upper Deck Marvel Studios Series 1 - Dazzlers Pink"" (id 6155)"
2024 Upper Deck Marvel Studios Series 1,2024 Upper Deck Marvel Studios Series 1 - Dazzlers Blue,20,Green,1,77595,2024 Upper Deck Marvel Studios Series 1 - Dazzlers Green,"Move to existing subset ""2024 Upper Deck Marvel Studios Series 1 - Dazzlers Green"" (id 6154)"
2024 Upper Deck Marvel Studios Series 1,2024 Upper Deck Marvel Studios Series 1 - Dazzlers Blue,21,Pink,1,77627,2024 Upper Deck Marvel Studios Series 1 - Dazzlers Pink,"Move to existing subset ""2024 Upper Deck Marvel Studios Series 1 - Dazzlers Pink"" (id 6155)"
2024 Upper Deck Marvel Studios Series 1,2024 Upper Deck Marvel Studios Series 1 - Dazzlers Blue,21,Blue,1,77635,2024 Upper Deck Marvel Studios Series 1 - Fluorescence Blue,"Move to existing subset ""2024 Upper Deck Marvel Studios Series 1 - Fluorescence Blue"" (id 6157)"
2024 Upper Deck Marvel Studios Series 1,2024 Upper Deck Marvel Studios Series 1 - Dazzlers Blue,21,Green,1,77657,2024 Upper Deck Marvel Studios Series 1 - Dazzlers Green,"Move to existing subset ""2024 Upper Deck Marvel Studios Series 1 - Dazzlers Green"" (id 6154)"
2024 Upper Deck Marvel Studios Series 1,2024 Upper Deck Marvel Studios Series 1 - Dazzlers Blue,22,Pink,1,77628,2024 Upper Deck Marvel Studios Series 1 - Dazzlers Pink,"Move to existing subset ""2024 Upper Deck Marvel Studios Series 1 - Dazzlers Pink"" (id 6155)"
2024 Upper Deck Marvel Studios Series 1,2024 Upper Deck Marvel Studios Series 1 - Dazzlers Blue,22,Blue,1,77636,2024 Upper Deck Marvel Studios Series 1 - Fluorescence Blue,"Move to existing subset ""2024 Upper Deck Marvel Studios Series 1 - Fluorescence Blue"" (id 6157)"
2024 Upper Deck Marvel Studios Series 1,2024 Upper Deck Marvel Studios Series 1 - Dazzlers Blue,22,Green,1,77666,2024 Upper Deck Marvel Studios Series 1 - Dazzlers Green,"Move to existing subset ""2024 Upper Deck Marvel Studios Series 1 - Dazzlers Green"" (id 6154)"
2024 Upper Deck Marvel Studios Series 1,2024 Upper Deck Marvel Studios Series 1 - Dazzlers Blue,23,Pink,1,77624,2024 Upper Deck Marvel Studios Series 1 - Dazzlers Pink,"Move to existing subset ""2024 Upper Deck Marvel Studios Series 1 - Dazzlers Pink"" (id 6155)"
2024 Upper Deck Marvel Studios Series 1,2024 Upper Deck Marvel Studios Series 1 - Dazzlers Blue,23,Blue,1,77631,2024 Upper Deck Marvel Studios Series 1 - Fluorescence Blue,"Move to existing subset ""2024 Upper Deck Marvel Studios Series 1 - Fluorescence Blue"" (id 6157)"
2024 Upper Deck Marvel Studios Series 1,2024 Upper Deck Marvel Studios Series 1 - Dazzlers Blue,23,Green,1,77654,2024 Upper Deck Marvel Studios Series 1 - Dazzlers Green,"Move to existing subset ""2024 Upper Deck Marvel Studios Series 1 - Dazzlers Green"" (id 6154)"
2024 Upper Deck Marvel Studios Series 1,2024 Upper Deck Marvel Studios Series 1 - Dazzlers Blue,24,Green,1,77596,2024 Upper Deck Marvel Studios Series 1 - Dazzlers Green,"Move to existing subset ""2024 Upper Deck Marvel Studios Series 1 - Dazzlers Green"" (id 6154)"
2024 Upper Deck Marvel Studios Series 1,2024 Upper Deck Marvel Studios Series 1 - Dazzlers Blue,24,Pink,1,77623,2024 Upper Deck Marvel Studios Series 1 - Dazzlers Pink,"Move to existing subset ""2024 Upper Deck Marvel Studios Series 1 - Dazzlers Pink"" (id 6155)"
2024 Upper Deck Marvel Studios Series 1,2024 Upper Deck Marvel Studios Series 1 - Dazzlers Blue,24,Blue,1,77629,2024 Upper Deck Marvel Studios Series 1 - Fluorescence Blue,"Move to existing subset ""2024 Upper Deck Marvel Studios Series 1 - Fluorescence Blue"" (id 6157)"
2024 Upper Deck Marvel Studios Series 1,2024 Upper Deck Marvel Studios Series 1 - Dazzlers Blue,25,Blue,1,77585,2024 Upper Deck Marvel Studios Series 1 - Fluorescence Blue,"Move to existing subset ""2024 Upper Deck Marvel Studios Series 1 - Fluorescence Blue"" (id 6157)"
2024 Upper Deck Marvel Studios Series 1,2024 Upper Deck Marvel Studios Series 1 - Dazzlers Blue,25,Green,1,77590,2024 Upper Deck Marvel Studios Series 1 - Dazzlers Green,"Move to existing subset ""2024 Upper Deck Marvel Studios Series 1 - Dazzlers Green"" (id 6154)"
2024 Upper Deck Marvel Studios Series 1,2024 Upper Deck Marvel Studios Series 1 - Dazzlers Blue,25,Pink,1,77664,2024 Upper Deck Marvel Studios Series 1 - Dazzlers Pink,"Move to existing subset ""2024 Upper Deck Marvel Studios Series 1 - Dazzlers Pink"" (id 6155)"
2024 Upper Deck Marvel Studios Series 1,2024 Upper Deck Marvel Studios Series 1 - Dazzlers Blue,26,Green,1,77611,2024 Upper Deck Marvel Studios Series 1 - Dazzlers Green,"Move to existing subset ""2024 Upper Deck Marvel Studios Series 1 - Dazzlers Green"" (id 6154)"
2024 Upper Deck Marvel Studios Series 1,2024 Upper Deck Marvel Studios Series 1 - Dazzlers Blue,26,Blue,1,77634,2024 Upper Deck Marvel Studios Series 1 - Fluorescence Blue,"Move to existing subset ""2024 Upper Deck Marvel Studios Series 1 - Fluorescence Blue"" (id 6157)"
2024 Upper Deck Marvel Studios Series 1,2024 Upper Deck Marvel Studios Series 1 - Dazzlers Blue,26,Pink,1,77663,2024 Upper Deck Marvel Studios Series 1 - Dazzlers Pink,"Move to existing subset ""2024 Upper Deck Marvel Studios Series 1 - Dazzlers Pink"" (id 6155)"
2024 Upper Deck Marvel Studios Series 1,2024 Upper Deck Marvel Studios Series 1 - Dazzlers Blue,27,Blue,1,77632,2024 Upper Deck Marvel Studios Series 1 - Fluorescence Blue,"Move to existing subset ""2024 Upper Deck Marvel Studios Series 1 - Fluorescence Blue"" (id 6157)"
2024 Upper Deck Marvel Studios Series 1,2024 Upper Deck Marvel Studios Series 1 - Dazzlers Blue,27,Pink,1,77660,2024 Upper Deck Marvel Studios Series 1 - Dazzlers Pink,"Move to existing subset ""2024 Upper Deck Marvel Studios Series 1 - Dazzlers Pink"" (id 6155)"
2024 Upper Deck Marvel Studios Series 1,2024 Upper Deck Marvel Studios Series 1 - Dazzlers Blue,27,Green,1,77668,2024 Upper Deck Marvel Studios Series 1 - Dazzlers Green,"Move to existing subset ""2024 Upper Deck Marvel Studios Series 1 - Dazzlers Green"" (id 6154)"
2024 Upper Deck Marvel Studios Series 1,2024 Upper Deck Marvel Studios Series 1 - Dazzlers Blue,28,Green,1,77609,2024 Upper Deck Marvel Studios Series 1 - Dazzlers Green,"Move to existing subset ""2024 Upper Deck Marvel Studios Series 1 - Dazzlers Green"" (id 6154)"
2024 Upper Deck Marvel Studios Series 1,2024 Upper Deck Marvel Studios Series 1 - Dazzlers Blue,28,Blue,1,77633,2024 Upper Deck Marvel Studios Series 1 - Fluorescence Blue,"Move to existing subset ""2024 Upper Deck Marvel Studios Series 1 - Fluorescence Blue"" (id 6157)"
2024 Upper Deck Marvel Studios Series 1,2024 Upper Deck Marvel Studios Series 1 - Dazzlers Blue,28,Pink,1,77661,2024 Upper Deck Marvel Studios Series 1 - Dazzlers Pink,"Move to existing subset ""2024 Upper Deck Marvel Studios Series 1 - Dazzlers Pink"" (id 6155)"
2024 Upper Deck Marvel Studios Series 1,2024 Upper Deck Marvel Studios Series 1 - Dazzlers Blue,29,Green,1,77606,2024 Upper Deck Marvel Studios Series 1 - Dazzlers Green,"Move to existing subset ""2024 Upper Deck Marvel Studios Series 1 - Dazzlers Green"" (id 6154)"
2024 Upper Deck Marvel Studios Series 1,2024 Upper Deck Marvel Studios Series 1 - Dazzlers Blue,29,Blue,1,77630,2024 Upper Deck Marvel Studios Series 1 - Fluorescence Blue,"Move to existing subset ""2024 Upper Deck Marvel Studios Series 1 - Fluorescence Blue"" (id 6157)"
2024 Upper Deck Marvel Studios Series 1,2024 Upper Deck Marvel Studios Series 1 - Dazzlers Blue,29,Pink,1,77658,2024 Upper Deck Marvel Studios Series 1 - Dazzlers Pink,"Move to existing subset ""2024 Upper Deck Marvel Studios Series 1 - Dazzlers Pink"" (id 6155)"
2024 Upper Deck Marvel Studios Series 1,2024 Upper Deck Marvel Studios Series 1 - Dazzlers Blue,3,Pink,1,77607,2024 Upper Deck Marvel Studios Series 1 - Dazzlers Pink,"Move to existing subset ""2024 Upper Deck Marvel Studios Series 1 - Dazzlers Pink"" (id 6155)"
2024 Upper Deck Marvel Studios Series 1,2024 Upper Deck Marvel Studios Series 1 - Dazzlers Blue,3,Blue,1,77613,2024 Upper Deck Marvel Studios Series 1 - Fluorescence Blue,"Move to existing subset ""2024 Upper Deck Marvel Studios Series 1 - Fluorescence Blue"" (id 6157)"
2024 Upper Deck Marvel Studios Series 1,2024 Upper Deck Marvel Studios Series 1 - Dazzlers Blue,3,Green,1,77667,2024 Upper Deck Marvel Studios Series 1 - Dazzlers Green,"Move to existing subset ""2024 Upper Deck Marvel Studios Series 1 - Dazzlers Green"" (id 6154)"
2024 Upper Deck Marvel Studios Series 1,2024 Upper Deck Marvel Studios Series 1 - Dazzlers Blue,30,Green,1,77608,2024 Upper Deck Marvel Studios Series 1 - Dazzlers Green,"Move to existing subset ""2024 Upper Deck Marvel Studios Series 1 - Dazzlers Green"" (id 6154)"
2024 Upper Deck Marvel Studios Series 1,2024 Upper Deck Marvel Studios Series 1 - Dazzlers Blue,30,Blue,1,77618,2024 Upper Deck Marvel Studios Series 1 - Fluorescence Blue,"Move to existing subset ""2024 Upper Deck Marvel Studios Series 1 - Fluorescence Blue"" (id 6157)"
2024 Upper Deck Marvel Studios Series 1,2024 Upper Deck Marvel Studios Series 1 - Dazzlers Blue,30,Pink,1,77659,2024 Upper Deck Marvel Studios Series 1 - Dazzlers Pink,"Move to existing subset ""2024 Upper Deck Marvel Studios Series 1 - Dazzlers Pink"" (id 6155)"
2024 Upper Deck Marvel Studios Series 1,2024 Upper Deck Marvel Studios Series 1 - Dazzlers Blue,4,Blue,1,77580,2024 Upper Deck Marvel Studios Series 1 - Fluorescence Blue,"Move to existing subset ""2024 Upper Deck Marvel Studios Series 1 - Fluorescence Blue"" (id 6157)"
2024 Upper Deck Marvel Studios Series 1,2024 Upper Deck Marvel Studios Series 1 - Dazzlers Blue,4,Pink,1,77587,2024 Upper Deck Marvel Studios Series 1 - Dazzlers Pink,"Move to existing subset ""2024 Upper Deck Marvel Studios Series 1 - Dazzlers Pink"" (id 6155)"
2024 Upper Deck Marvel Studios Series 1,2024 Upper Deck Marvel Studios Series 1 - Dazzlers Blue,4,Green,1,77593,2024 Upper Deck Marvel Studios Series 1 - Dazzlers Green,"Move to existing subset ""2024 Upper Deck Marvel Studios Series 1 - Dazzlers Green"" (id 6154)"
2024 Upper Deck Marvel Studios Series 1,2024 Upper Deck Marvel Studios Series 1 - Dazzlers Blue,5,Blue,1,77574,2024 Upper Deck Marvel Studios Series 1 - Fluorescence Blue,"Move to existing subset ""2024 Upper Deck Marvel Studios Series 1 - Fluorescence Blue"" (id 6157)"
2024 Upper Deck Marvel Studios Series 1,2024 Upper Deck Marvel Studios Series 1 - Dazzlers Blue,5,Green,1,77588,2024 Upper Deck Marvel Studios Series 1 - Dazzlers Green,"Move to existing subset ""2024 Upper Deck Marvel Studios Series 1 - Dazzlers Green"" (id 6154)"
2024 Upper Deck Marvel Studios Series 1,2024 Upper Deck Marvel Studios Series 1 - Dazzlers Blue,5,Pink,1,77665,2024 Upper Deck Marvel Studios Series 1 - Dazzlers Pink,"Move to existing subset ""2024 Upper Deck Marvel Studios Series 1 - Dazzlers Pink"" (id 6155)"
2024 Upper Deck Marvel Studios Series 1,2024 Upper Deck Marvel Studios Series 1 - Dazzlers Blue,6,Blue,1,77612,2024 Upper Deck Marvel Studios Series 1 - Fluorescence Blue,"Move to existing subset ""2024 Upper Deck Marvel Studios Series 1 - Fluorescence Blue"" (id 6157)"
2024 Upper Deck Marvel Studios Series 1,2024 Upper Deck Marvel Studios Series 1 - Dazzlers Blue,6,Green,1,77617,2024 Upper Deck Marvel Studios Series 1 - Dazzlers Green,"Move to existing subset ""2024 Upper Deck Marvel Studios Series 1 - Dazzlers Green"" (id 6154)"
2024 Upper Deck Marvel Studios Series 1,2024 Upper Deck Marvel Studios Series 1 - Dazzlers Blue,6,Pink,1,77638,2024 Upper Deck Marvel Studios Series 1 - Dazzlers Pink,"Move to existing subset ""2024 Upper Deck Marvel Studios Series 1 - Dazzlers Pink"" (id 6155)"
2024 Upper Deck Marvel Studios Series 1,2024 Upper Deck Marvel Studios Series 1 - Dazzlers Blue,7,Pink,1,77575,2024 Upper Deck Marvel Studios Series 1 - Dazzlers Pink,"Move to existing subset ""2024 Upper Deck Marvel Studios Series 1 - Dazzlers Pink"" (id 6155)"
2024 Upper Deck Marvel Studios Series 1,2024 Upper Deck Marvel Studios Series 1 - Dazzlers Blue,7,Blue,1,77615,2024 Upper Deck Marvel Studios Series 1 - Fluorescence Blue,"Move to existing subset ""2024 Upper Deck Marvel Studios Series 1 - Fluorescence Blue"" (id 6157)"
2024 Upper Deck Marvel Studios Series 1,2024 Upper Deck Marvel Studios Series 1 - Dazzlers Blue,7,Green,1,77620,2024 Upper Deck Marvel Studios Series 1 - Dazzlers Green,"Move to existing subset ""2024 Upper Deck Marvel Studios Series 1 - Dazzlers Green"" (id 6154)"
2024 Upper Deck Marvel Studios Series 1,2024 Upper Deck Marvel Studios Series 1 - Dazzlers Blue,8,Green,1,77589,2024 Upper Deck Marvel Studios Series 1 - Dazzlers Green,"Move to existing subset ""2024 Upper Deck Marvel Studios Series 1 - Dazzlers Green"" (id 6154)"
2024 Upper Deck Marvel Studios Series 1,2024 Upper Deck Marvel Studios Series 1 - Dazzlers Blue,8,Blue,1,77614,2024 Upper Deck Marvel Studios Series 1 - Fluorescence Blue,"Move to existing subset ""2024 Upper Deck Marvel Studios Series 1 - Fluorescence Blue"" (id 6157)"
2024 Upper Deck Marvel Studios Series 1,2024 Upper Deck Marvel Studios Series 1 - Dazzlers Blue,8,Pink,1,77641,2024 Upper Deck Marvel Studios Series 1 - Dazzlers Pink,"Move to existing subset ""2024 Upper Deck Marvel Studios Series 1 - Dazzlers Pink"" (id 6155)"
2024 Upper Deck Marvel Studios Series 1,2024 Upper Deck Marvel Studios Series 1 - Dazzlers Blue,9,Blue,1,77584,2024 Upper Deck Marvel Studios Series 1 - Fluorescence Blue,"Move to existing subset ""2024 Upper Deck Marvel Studios Series 1 - Fluorescence Blue"" (id 6157)"
2024 Upper Deck Marvel Studios Series 1,2024 Upper Deck Marvel Studios Series 1 - Dazzlers Blue,9,Green,1,77592,2024 Upper Deck Marvel Studios Series 1 - Dazzlers Green,"Move to existing subset ""2024 Upper Deck Marvel Studios Series 1 - Dazzlers Green"" (id 6154)"
2024 Upper Deck Marvel Studios Series 1,2024 Upper Deck Marvel Studios Series 1 - Dazzlers Blue,9,Pink,1,77643,2024 Upper Deck Marvel Studios Series 1 - Dazzlers Pink,"Move to existing subset ""2024 Upper Deck Marvel Studios Series 1 - Dazzlers Pink"" (id 6155)"
2024 Upper Deck Marvel Studios Series 1,2024 Upper Deck Marvel Studios Series 1 - HoloGrFx,1,Orange,1,77700,2024 Upper Deck Marvel Studios Series 1 - HoloGrFx Orange,"Move to existing subset ""2024 Upper Deck Marvel Studios Series 1 - HoloGrFx Orange"" (id 6166)"
2024 Upper Deck Marvel Studios Series 1,2024 Upper Deck Marvel Studios Series 1 - HoloGrFx,1,Green,1,77701,2024 Upper Deck Marvel Studios Series 1 - Dazzlers Green,"Move to existing subset ""2024 Upper Deck Marvel Studios Series 1 - Dazzlers Green"" (id 6154)"
2024 Upper Deck Marvel Studios Series 1,2024 Upper Deck Marvel Studios Series 1 - HoloGrFx,1,Gold,1,77702,2024 Upper Deck Marvel Studios Series 1 - +Footage Gold,"Move to existing subset ""2024 Upper Deck Marvel Studios Series 1 - +Footage Gold"" (id 6149)"
2024 Upper Deck Marvel Studios Series 1,2024 Upper Deck Marvel Studios Series 1 - HoloGrFx,10,Orange,1,77717,2024 Upper Deck Marvel Studios Series 1 - HoloGrFx Orange,"Move to existing subset ""2024 Upper Deck Marvel Studios Series 1 - HoloGrFx Orange"" (id 6166)"
2024 Upper Deck Marvel Studios Series 1,2024 Upper Deck Marvel Studios Series 1 - HoloGrFx,10,Green,1,77730,2024 Upper Deck Marvel Studios Series 1 - Dazzlers Green,"Move to existing subset ""2024 Upper Deck Marvel Studios Series 1 - Dazzlers Green"" (id 6154)"
2024 Upper Deck Marvel Studios Series 1,2024 Upper Deck Marvel Studios Series 1 - HoloGrFx,10,Gold,1,77731,2024 Upper Deck Marvel Studios Series 1 - +Footage Gold,"Move to existing subset ""2024 Upper Deck Marvel Studios Series 1 - +Footage Gold"" (id 6149)"
2024 Upper Deck Marvel Studios Series 1,2024 Upper Deck Marvel Studios Series 1 - HoloGrFx,11,Orange,1,77746,2024 Upper Deck Marvel Studios Series 1 - HoloGrFx Orange,"Move to existing subset ""2024 Upper Deck Marvel Studios Series 1 - HoloGrFx Orange"" (id 6166)"
2024 Upper Deck Marvel Studios Series 1,2024 Upper Deck Marvel Studios Series 1 - HoloGrFx,11,Green,1,77747,2024 Upper Deck Marvel Studios Series 1 - Dazzlers Green,"Move to existing subset ""2024 Upper Deck Marvel Studios Series 1 - Dazzlers Green"" (id 6154)"
2024 Upper Deck Marvel Studios Series 1,2024 Upper Deck Marvel Studios Series 1 - HoloGrFx,11,Gold,1,77748,2024 Upper Deck Marvel Studios Series 1 - +Footage Gold,"Move to existing subset ""2024 Upper Deck Marvel Studios Series 1 - +Footage Gold"" (id 6149)"
2024 Upper Deck Marvel Studios Series 1,2024 Upper Deck Marvel Studios Series 1 - HoloGrFx,12,Gold,1,77504,2024 Upper Deck Marvel Studios Series 1 - +Footage Gold,"Move to existing subset ""2024 Upper Deck Marvel Studios Series 1 - +Footage Gold"" (id 6149)"
2024 Upper Deck Marvel Studios Series 1,2024 Upper Deck Marvel Studios Series 1 - HoloGrFx,12,Orange,1,77749,2024 Upper Deck Marvel Studios Series 1 - HoloGrFx Orange,"Move to existing subset ""2024 Upper Deck Marvel Studios Series 1 - HoloGrFx Orange"" (id 6166)"
2024 Upper Deck Marvel Studios Series 1,2024 Upper Deck Marvel Studios Series 1 - HoloGrFx,12,Green,1,77750,2024 Upper Deck Marvel Studios Series 1 - Dazzlers Green,"Move to existing subset ""2024 Upper Deck Marvel Studios Series 1 - Dazzlers Green"" (id 6154)"
2024 Upper Deck Marvel Studios Series 1,2024 Upper Deck Marvel Studios Series 1 - HoloGrFx,13,Orange,1,77674,2024 Upper Deck Marvel Studios Series 1 - HoloGrFx Orange,"Move to existing subset ""2024 Upper Deck Marvel Studios Series 1 - HoloGrFx Orange"" (id 6166)"
2024 Upper Deck Marvel Studios Series 1,2024 Upper Deck Marvel Studios Series 1 - HoloGrFx,13,Green,1,77675,2024 Upper Deck Marvel Studios Series 1 - Dazzlers Green,"Move to existing subset ""2024 Upper Deck Marvel Studios Series 1 - Dazzlers Green"" (id 6154)"
2024 Upper Deck Marvel Studios Series 1,2024 Upper Deck Marvel Studios Series 1 - HoloGrFx,13,Gold,1,77751,2024 Upper Deck Marvel Studios Series 1 - +Footage Gold,"Move to existing subset ""2024 Upper Deck Marvel Studios Series 1 - +Footage Gold"" (id 6149)"
2024 Upper Deck Marvel Studios Series 1,2024 Upper Deck Marvel Studios Series 1 - HoloGrFx,14,Orange,1,77669,2024 Upper Deck Marvel Studios Series 1 - HoloGrFx Orange,"Move to existing subset ""2024 Upper Deck Marvel Studios Series 1 - HoloGrFx Orange"" (id 6166)"
2024 Upper Deck Marvel Studios Series 1,2024 Upper Deck Marvel Studios Series 1 - HoloGrFx,14,Green,1,77670,2024 Upper Deck Marvel Studios Series 1 - Dazzlers Green,"Move to existing subset ""2024 Upper Deck Marvel Studios Series 1 - Dazzlers Green"" (id 6154)"
2024 Upper Deck Marvel Studios Series 1,2024 Upper Deck Marvel Studios Series 1 - HoloGrFx,14,Gold,1,77671,2024 Upper Deck Marvel Studios Series 1 - +Footage Gold,"Move to existing subset ""2024 Upper Deck Marvel Studios Series 1 - +Footage Gold"" (id 6149)"
2024 Upper Deck Marvel Studios Series 1,2024 Upper Deck Marvel Studios Series 1 - HoloGrFx,15,Green,1,77672,2024 Upper Deck Marvel Studios Series 1 - Dazzlers Green,"Move to existing subset ""2024 Upper Deck Marvel Studios Series 1 - Dazzlers Green"" (id 6154)"
2024 Upper Deck Marvel Studios Series 1,2024 Upper Deck Marvel Studios Series 1 - HoloGrFx,15,Gold,1,77673,2024 Upper Deck Marvel Studios Series 1 - +Footage Gold,"Move to existing subset ""2024 Upper Deck Marvel Studios Series 1 - +Footage Gold"" (id 6149)"
2024 Upper Deck Marvel Studios Series 1,2024 Upper Deck Marvel Studios Series 1 - HoloGrFx,15,Orange,1,77714,2024 Upper Deck Marvel Studios Series 1 - HoloGrFx Orange,"Move to existing subset ""2024 Upper Deck Marvel Studios Series 1 - HoloGrFx Orange"" (id 6166)"
2024 Upper Deck Marvel Studios Series 1,2024 Upper Deck Marvel Studios Series 1 - HoloGrFx,16,Orange,1,77712,2024 Upper Deck Marvel Studios Series 1 - HoloGrFx Orange,"Move to existing subset ""2024 Upper Deck Marvel Studios Series 1 - HoloGrFx Orange"" (id 6166)"
2024 Upper Deck Marvel Studios Series 1,2024 Upper Deck Marvel Studios Series 1 - HoloGrFx,16,Green,1,77715,2024 Upper Deck Marvel Studios Series 1 - Dazzlers Green,"Move to existing subset ""2024 Upper Deck Marvel Studios Series 1 - Dazzlers Green"" (id 6154)"
2024 Upper Deck Marvel Studios Series 1,2024 Upper Deck Marvel Studios Series 1 - HoloGrFx,16,Gold,1,77716,2024 Upper Deck Marvel Studios Series 1 - +Footage Gold,"Move to existing subset ""2024 Upper Deck Marvel Studios Series 1 - +Footage Gold"" (id 6149)"
2024 Upper Deck Marvel Studios Series 1,2024 Upper Deck Marvel Studios Series 1 - HoloGrFx,17,Orange,1,77709,2024 Upper Deck Marvel Studios Series 1 - HoloGrFx Orange,"Move to existing subset ""2024 Upper Deck Marvel Studios Series 1 - HoloGrFx Orange"" (id 6166)"
2024 Upper Deck Marvel Studios Series 1,2024 Upper Deck Marvel Studios Series 1 - HoloGrFx,17,Green,1,77710,2024 Upper Deck Marvel Studios Series 1 - Dazzlers Green,"Move to existing subset ""2024 Upper Deck Marvel Studios Series 1 - Dazzlers Green"" (id 6154)"
2024 Upper Deck Marvel Studios Series 1,2024 Upper Deck Marvel Studios Series 1 - HoloGrFx,17,Gold,1,77711,2024 Upper Deck Marvel Studios Series 1 - +Footage Gold,"Move to existing subset ""2024 Upper Deck Marvel Studios Series 1 - +Footage Gold"" (id 6149)"
2024 Upper Deck Marvel Studios Series 1,2024 Upper Deck Marvel Studios Series 1 - HoloGrFx,18,Orange,1,77687,2024 Upper Deck Marvel Studios Series 1 - HoloGrFx Orange,"Move to existing subset ""2024 Upper Deck Marvel Studios Series 1 - HoloGrFx Orange"" (id 6166)"
2024 Upper Deck Marvel Studios Series 1,2024 Upper Deck Marvel Studios Series 1 - HoloGrFx,18,Green,1,77688,2024 Upper Deck Marvel Studios Series 1 - Dazzlers Green,"Move to existing subset ""2024 Upper Deck Marvel Studios Series 1 - Dazzlers Green"" (id 6154)"
2024 Upper Deck Marvel Studios Series 1,2024 Upper Deck Marvel Studios Series 1 - HoloGrFx,18,Gold,1,77689,2024 Upper Deck Marvel Studios Series 1 - +Footage Gold,"Move to existing subset ""2024 Upper Deck Marvel Studios Series 1 - +Footage Gold"" (id 6149)"
2024 Upper Deck Marvel Studios Series 1,2024 Upper Deck Marvel Studios Series 1 - HoloGrFx,19,Orange,1,77691,2024 Upper Deck Marvel Studios Series 1 - HoloGrFx Orange,"Move to existing subset ""2024 Upper Deck Marvel Studios Series 1 - HoloGrFx Orange"" (id 6166)"
2024 Upper Deck Marvel Studios Series 1,2024 Upper Deck Marvel Studios Series 1 - HoloGrFx,19,Green,1,77692,2024 Upper Deck Marvel Studios Series 1 - Dazzlers Green,"Move to existing subset ""2024 Upper Deck Marvel Studios Series 1 - Dazzlers Green"" (id 6154)"
2024 Upper Deck Marvel Studios Series 1,2024 Upper Deck Marvel Studios Series 1 - HoloGrFx,19,Gold,1,77693,2024 Upper Deck Marvel Studios Series 1 - +Footage Gold,"Move to existing subset ""2024 Upper Deck Marvel Studios Series 1 - +Footage Gold"" (id 6149)"
2024 Upper Deck Marvel Studios Series 1,2024 Upper Deck Marvel Studios Series 1 - HoloGrFx,2,Gold,1,77495,2024 Upper Deck Marvel Studios Series 1 - +Footage Gold,"Move to existing subset ""2024 Upper Deck Marvel Studios Series 1 - +Footage Gold"" (id 6149)"
2024 Upper Deck Marvel Studios Series 1,2024 Upper Deck Marvel Studios Series 1 - HoloGrFx,2,Orange,1,77727,2024 Upper Deck Marvel Studios Series 1 - HoloGrFx Orange,"Move to existing subset ""2024 Upper Deck Marvel Studios Series 1 - HoloGrFx Orange"" (id 6166)"
2024 Upper Deck Marvel Studios Series 1,2024 Upper Deck Marvel Studios Series 1 - HoloGrFx,2,Green,1,77728,2024 Upper Deck Marvel Studios Series 1 - Dazzlers Green,"Move to existing subset ""2024 Upper Deck Marvel Studios Series 1 - Dazzlers Green"" (id 6154)"
2024 Upper Deck Marvel Studios Series 1,2024 Upper Deck Marvel Studios Series 1 - HoloGrFx,20,Orange,1,77755,2024 Upper Deck Marvel Studios Series 1 - HoloGrFx Orange,"Move to existing subset ""2024 Upper Deck Marvel Studios Series 1 - HoloGrFx Orange"" (id 6166)"
2024 Upper Deck Marvel Studios Series 1,2024 Upper Deck Marvel Studios Series 1 - HoloGrFx,20,Green,1,77756,2024 Upper Deck Marvel Studios Series 1 - Dazzlers Green,"Move to existing subset ""2024 Upper Deck Marvel Studios Series 1 - Dazzlers Green"" (id 6154)"
2024 Upper Deck Marvel Studios Series 1,2024 Upper Deck Marvel Studios Series 1 - HoloGrFx,20,Gold,1,77757,2024 Upper Deck Marvel Studios Series 1 - +Footage Gold,"Move to existing subset ""2024 Upper Deck Marvel Studios Series 1 - +Footage Gold"" (id 6149)"
2024 Upper Deck Marvel Studios Series 1,2024 Upper Deck Marvel Studios Series 1 - HoloGrFx,21,Orange,1,77752,2024 Upper Deck Marvel Studios Series 1 - HoloGrFx Orange,"Move to existing subset ""2024 Upper Deck Marvel Studios Series 1 - HoloGrFx Orange"" (id 6166)"
2024 Upper Deck Marvel Studios Series 1,2024 Upper Deck Marvel Studios Series 1 - HoloGrFx,21,Green,1,77753,2024 Upper Deck Marvel Studios Series 1 - Dazzlers Green,"Move to existing subset ""2024 Upper Deck Marvel Studios Series 1 - Dazzlers Green"" (id 6154)"
2024 Upper Deck Marvel Studios Series 1,2024 Upper Deck Marvel Studios Series 1 - HoloGrFx,21,Gold,1,77754,2024 Upper Deck Marvel Studios Series 1 - +Footage Gold,"Move to existing subset ""2024 Upper Deck Marvel Studios Series 1 - +Footage Gold"" (id 6149)"
2024 Upper Deck Marvel Studios Series 1,2024 Upper Deck Marvel Studios Series 1 - HoloGrFx,22,Gold,1,77479,2024 Upper Deck Marvel Studios Series 1 - +Footage Gold,"Move to existing subset ""2024 Upper Deck Marvel Studios Series 1 - +Footage Gold"" (id 6149)"
2024 Upper Deck Marvel Studios Series 1,2024 Upper Deck Marvel Studios Series 1 - HoloGrFx,22,Orange,1,77741,2024 Upper Deck Marvel Studios Series 1 - HoloGrFx Orange,"Move to existing subset ""2024 Upper Deck Marvel Studios Series 1 - HoloGrFx Orange"" (id 6166)"
2024 Upper Deck Marvel Studios Series 1,2024 Upper Deck Marvel Studios Series 1 - HoloGrFx,22,Green,1,77743,2024 Upper Deck Marvel Studios Series 1 - Dazzlers Green,"Move to existing subset ""2024 Upper Deck Marvel Studios Series 1 - Dazzlers Green"" (id 6154)"
2024 Upper Deck Marvel Studios Series 1,2024 Upper Deck Marvel Studios Series 1 - HoloGrFx,23,Orange,1,77738,2024 Upper Deck Marvel Studios Series 1 - HoloGrFx Orange,"Move to existing subset ""2024 Upper Deck Marvel Studios Series 1 - HoloGrFx Orange"" (id 6166)"
2024 Upper Deck Marvel Studios Series 1,2024 Upper Deck Marvel Studios Series 1 - HoloGrFx,23,Green,1,77739,2024 Upper Deck Marvel Studios Series 1 - Dazzlers Green,"Move to existing subset ""2024 Upper Deck Marvel Studios Series 1 - Dazzlers Green"" (id 6154)"
2024 Upper Deck Marvel Studios Series 1,2024 Upper Deck Marvel Studios Series 1 - HoloGrFx,23,Gold,1,77740,2024 Upper Deck Marvel Studios Series 1 - +Footage Gold,"Move to existing subset ""2024 Upper Deck Marvel Studios Series 1 - +Footage Gold"" (id 6149)"
2024 Upper Deck Marvel Studios Series 1,2024 Upper Deck Marvel Studios Series 1 - HoloGrFx,24,Orange,1,77742,2024 Upper Deck Marvel Studios Series 1 - HoloGrFx Orange,"Move to existing subset ""2024 Upper Deck Marvel Studios Series 1 - HoloGrFx Orange"" (id 6166)"
2024 Upper Deck Marvel Studios Series 1,2024 Upper Deck Marvel Studios Series 1 - HoloGrFx,24,Green,1,77744,2024 Upper Deck Marvel Studios Series 1 - Dazzlers Green,"Move to existing subset ""2024 Upper Deck Marvel Studios Series 1 - Dazzlers Green"" (id 6154)"
2024 Upper Deck Marvel Studios Series 1,2024 Upper Deck Marvel Studios Series 1 - HoloGrFx,24,Gold,1,77745,2024 Upper Deck Marvel Studios Series 1 - +Footage Gold,"Move to existing subset ""2024 Upper Deck Marvel Studios Series 1 - +Footage Gold"" (id 6149)"
2024 Upper Deck Marvel Studios Series 1,2024 Upper Deck Marvel Studios Series 1 - HoloGrFx,25,Orange,1,77676,2024 Upper Deck Marvel Studios Series 1 - HoloGrFx Orange,"Move to existing subset ""2024 Upper Deck Marvel Studios Series 1 - HoloGrFx Orange"" (id 6166)"
2024 Upper Deck Marvel Studios Series 1,2024 Upper Deck Marvel Studios Series 1 - HoloGrFx,25,Green,1,77677,2024 Upper Deck Marvel Studios Series 1 - Dazzlers Green,"Move to existing subset ""2024 Upper Deck Marvel Studios Series 1 - Dazzlers Green"" (id 6154)"
2024 Upper Deck Marvel Studios Series 1,2024 Upper Deck Marvel Studios Series 1 - HoloGrFx,25,Gold,1,77678,2024 Upper Deck Marvel Studios Series 1 - +Footage Gold,"Move to existing subset ""2024 Upper Deck Marvel Studios Series 1 - +Footage Gold"" (id 6149)"
2024 Upper Deck Marvel Studios Series 1,2024 Upper Deck Marvel Studios Series 1 - HoloGrFx,26,Gold,1,77497,2024 Upper Deck Marvel Studios Series 1 - +Footage Gold,"Move to existing subset ""2024 Upper Deck Marvel Studios Series 1 - +Footage Gold"" (id 6149)"
2024 Upper Deck Marvel Studios Series 1,2024 Upper Deck Marvel Studios Series 1 - HoloGrFx,26,Orange,1,77679,2024 Upper Deck Marvel Studios Series 1 - HoloGrFx Orange,"Move to existing subset ""2024 Upper Deck Marvel Studios Series 1 - HoloGrFx Orange"" (id 6166)"
2024 Upper Deck Marvel Studios Series 1,2024 Upper Deck Marvel Studios Series 1 - HoloGrFx,26,Green,1,77680,2024 Upper Deck Marvel Studios Series 1 - Dazzlers Green,"Move to existing subset ""2024 Upper Deck Marvel Studios Series 1 - Dazzlers Green"" (id 6154)"
2024 Upper Deck Marvel Studios Series 1,2024 Upper Deck Marvel Studios Series 1 - HoloGrFx,27,Orange,1,77478,2024 Upper Deck Marvel Studios Series 1 - HoloGrFx Orange,"Move to existing subset ""2024 Upper Deck Marvel Studios Series 1 - HoloGrFx Orange"" (id 6166)"
2024 Upper Deck Marvel Studios Series 1,2024 Upper Deck Marvel Studios Series 1 - HoloGrFx,27,Gold,1,77487,2024 Upper Deck Marvel Studios Series 1 - +Footage Gold,"Move to existing subset ""2024 Upper Deck Marvel Studios Series 1 - +Footage Gold"" (id 6149)"
2024 Upper Deck Marvel Studios Series 1,2024 Upper Deck Marvel Studios Series 1 - HoloGrFx,27,Green,1,77699,2024 Upper Deck Marvel Studios Series 1 - Dazzlers Green,"Move to existing subset ""2024 Upper Deck Marvel Studios Series 1 - Dazzlers Green"" (id 6154)"
2024 Upper Deck Marvel Studios Series 1,2024 Upper Deck Marvel Studios Series 1 - HoloGrFx,28,Orange,1,77695,2024 Upper Deck Marvel Studios Series 1 - HoloGrFx Orange,"Move to existing subset ""2024 Upper Deck Marvel Studios Series 1 - HoloGrFx Orange"" (id 6166)"
2024 Upper Deck Marvel Studios Series 1,2024 Upper Deck Marvel Studios Series 1 - HoloGrFx,28,Green,1,77696,2024 Upper Deck Marvel Studios Series 1 - Dazzlers Green,"Move to existing subset ""2024 Upper Deck Marvel Studios Series 1 - Dazzlers Green"" (id 6154)"
2024 Upper Deck Marvel Studios Series 1,2024 Upper Deck Marvel Studios Series 1 - HoloGrFx,28,Gold,1,77697,2024 Upper Deck Marvel Studios Series 1 - +Footage Gold,"Move to existing subset ""2024 Upper Deck Marvel Studios Series 1 - +Footage Gold"" (id 6149)"
2024 Upper Deck Marvel Studios Series 1,2024 Upper Deck Marvel Studios Series 1 - HoloGrFx,29,Gold,1,77480,2024 Upper Deck Marvel Studios Series 1 - +Footage Gold,"Move to existing subset ""2024 Upper Deck Marvel Studios Series 1 - +Footage Gold"" (id 6149)"
2024 Upper Deck Marvel Studios Series 1,2024 Upper Deck Marvel Studios Series 1 - HoloGrFx,29,Orange,1,77721,2024 Upper Deck Marvel Studios Series 1 - HoloGrFx Orange,"Move to existing subset ""2024 Upper Deck Marvel Studios Series 1 - HoloGrFx Orange"" (id 6166)"
2024 Upper Deck Marvel Studios Series 1,2024 Upper Deck Marvel Studios Series 1 - HoloGrFx,29,Green,1,77722,2024 Upper Deck Marvel Studios Series 1 - Dazzlers Green,"Move to existing subset ""2024 Upper Deck Marvel Studios Series 1 - Dazzlers Green"" (id 6154)"
2024 Upper Deck Marvel Studios Series 1,2024 Upper Deck Marvel Studios Series 1 - HoloGrFx,3,Orange,1,77723,2024 Upper Deck Marvel Studios Series 1 - HoloGrFx Orange,"Move to existing subset ""2024 Upper Deck Marvel Studios Series 1 - HoloGrFx Orange"" (id 6166)"
2024 Upper Deck Marvel Studios Series 1,2024 Upper Deck Marvel Studios Series 1 - HoloGrFx,3,Green,1,77724,2024 Upper Deck Marvel Studios Series 1 - Dazzlers Green,"Move to existing subset ""2024 Upper Deck Marvel Studios Series 1 - Dazzlers Green"" (id 6154)"
2024 Upper Deck Marvel Studios Series 1,2024 Upper Deck Marvel Studios Series 1 - HoloGrFx,3,Gold,1,77725,2024 Upper Deck Marvel Studios Series 1 - +Footage Gold,"Move to existing subset ""2024 Upper Deck Marvel Studios Series 1 - +Footage Gold"" (id 6149)"
2024 Upper Deck Marvel Studios Series 1,2024 Upper Deck Marvel Studios Series 1 - HoloGrFx,30,Orange,1,77718,2024 Upper Deck Marvel Studios Series 1 - HoloGrFx Orange,"Move to existing subset ""2024 Upper Deck Marvel Studios Series 1 - HoloGrFx Orange"" (id 6166)"
2024 Upper Deck Marvel Studios Series 1,2024 Upper Deck Marvel Studios Series 1 - HoloGrFx,30,Green,1,77719,2024 Upper Deck Marvel Studios Series 1 - Dazzlers Green,"Move to existing subset ""2024 Upper Deck Marvel Studios Series 1 - Dazzlers Green"" (id 6154)"
2024 Upper Deck Marvel Studios Series 1,2024 Upper Deck Marvel Studios Series 1 - HoloGrFx,30,Gold,1,77720,2024 Upper Deck Marvel Studios Series 1 - +Footage Gold,"Move to existing subset ""2024 Upper Deck Marvel Studios Series 1 - +Footage Gold"" (id 6149)"
2024 Upper Deck Marvel Studios Series 1,2024 Upper Deck Marvel Studios Series 1 - HoloGrFx,4,Orange,1,77681,2024 Upper Deck Marvel Studios Series 1 - HoloGrFx Orange,"Move to existing subset ""2024 Upper Deck Marvel Studios Series 1 - HoloGrFx Orange"" (id 6166)"
2024 Upper Deck Marvel Studios Series 1,2024 Upper Deck Marvel Studios Series 1 - HoloGrFx,4,Green,1,77682,2024 Upper Deck Marvel Studios Series 1 - Dazzlers Green,"Move to existing subset ""2024 Upper Deck Marvel Studios Series 1 - Dazzlers Green"" (id 6154)"
2024 Upper Deck Marvel Studios Series 1,2024 Upper Deck Marvel Studios Series 1 - HoloGrFx,4,Gold,1,77683,2024 Upper Deck Marvel Studios Series 1 - +Footage Gold,"Move to existing subset ""2024 Upper Deck Marvel Studios Series 1 - +Footage Gold"" (id 6149)"
2024 Upper Deck Marvel Studios Series 1,2024 Upper Deck Marvel Studios Series 1 - HoloGrFx,5,Gold,1,77481,2024 Upper Deck Marvel Studios Series 1 - +Footage Gold,"Move to existing subset ""2024 Upper Deck Marvel Studios Series 1 - +Footage Gold"" (id 6149)"
2024 Upper Deck Marvel Studios Series 1,2024 Upper Deck Marvel Studios Series 1 - HoloGrFx,5,Orange,1,77684,2024 Upper Deck Marvel Studios Series 1 - HoloGrFx Orange,"Move to existing subset ""2024 Upper Deck Marvel Studios Series 1 - HoloGrFx Orange"" (id 6166)"
2024 Upper Deck Marvel Studios Series 1,2024 Upper Deck Marvel Studios Series 1 - HoloGrFx,5,Green,1,77685,2024 Upper Deck Marvel Studios Series 1 - Dazzlers Green,"Move to existing subset ""2024 Upper Deck Marvel Studios Series 1 - Dazzlers Green"" (id 6154)"
2024 Upper Deck Marvel Studios Series 1,2024 Upper Deck Marvel Studios Series 1 - HoloGrFx,6,Gold,1,77686,2024 Upper Deck Marvel Studios Series 1 - +Footage Gold,"Move to existing subset ""2024 Upper Deck Marvel Studios Series 1 - +Footage Gold"" (id 6149)"
2024 Upper Deck Marvel Studios Series 1,2024 Upper Deck Marvel Studios Series 1 - HoloGrFx,6,Orange,1,77707,2024 Upper Deck Marvel Studios Series 1 - HoloGrFx Orange,"Move to existing subset ""2024 Upper Deck Marvel Studios Series 1 - HoloGrFx Orange"" (id 6166)"
2024 Upper Deck Marvel Studios Series 1,2024 Upper Deck Marvel Studios Series 1 - HoloGrFx,6,Green,1,77708,2024 Upper Deck Marvel Studios Series 1 - Dazzlers Green,"Move to existing subset ""2024 Upper Deck Marvel Studios Series 1 - Dazzlers Green"" (id 6154)"
2024 Upper Deck Marvel Studios Series 1,2024 Upper Deck Marvel Studios Series 1 - HoloGrFx,7,Orange,1,77703,2024 Upper Deck Marvel Studios Series 1 - HoloGrFx Orange,"Move to existing subset ""2024 Upper Deck Marvel Studios Series 1 - HoloGrFx Orange"" (id 6166)"
2024 Upper Deck Marvel Studios Series 1,2024 Upper Deck Marvel Studios Series 1 - HoloGrFx,7,Green,1,77704,2024 Upper Deck Marvel Studios Series 1 - Dazzlers Green,"Move to existing subset ""2024 Upper Deck Marvel Studios Series 1 - Dazzlers Green"" (id 6154)"
2024 Upper Deck Marvel Studios Series 1,2024 Upper Deck Marvel Studios Series 1 - HoloGrFx,7,Gold,1,77705,2024 Upper Deck Marvel Studios Series 1 - +Footage Gold,"Move to existing subset ""2024 Upper Deck Marvel Studios Series 1 - +Footage Gold"" (id 6149)"
2024 Upper Deck Marvel Studios Series 1,2024 Upper Deck Marvel Studios Series 1 - HoloGrFx,8,Orange,1,77482,2024 Upper Deck Marvel Studios Series 1 - HoloGrFx Orange,"Move to existing subset ""2024 Upper Deck Marvel Studios Series 1 - HoloGrFx Orange"" (id 6166)"
2024 Upper Deck Marvel Studios Series 1,2024 Upper Deck Marvel Studios Series 1 - HoloGrFx,8,Gold,1,77503,2024 Upper Deck Marvel Studios Series 1 - +Footage Gold,"Move to existing subset ""2024 Upper Deck Marvel Studios Series 1 - +Footage Gold"" (id 6149)"
2024 Upper Deck Marvel Studios Series 1,2024 Upper Deck Marvel Studios Series 1 - HoloGrFx,8,Green,1,77735,2024 Upper Deck Marvel Studios Series 1 - Dazzlers Green,"Move to existing subset ""2024 Upper Deck Marvel Studios Series 1 - Dazzlers Green"" (id 6154)"
2024 Upper Deck Marvel Studios Series 1,2024 Upper Deck Marvel Studios Series 1 - HoloGrFx,9,Orange,1,77732,2024 Upper Deck Marvel Studios Series 1 - HoloGrFx Orange,"Move to existing subset ""2024 Upper Deck Marvel Studios Series 1 - HoloGrFx Orange"" (id 6166)"
2024 Upper Deck Marvel Studios Series 1,2024 Upper Deck Marvel Studios Series 1 - HoloGrFx,9,Green,1,77733,2024 Upper Deck Marvel Studios Series 1 - Dazzlers Green,"Move to existing subset ""2024 Upper Deck Marvel Studios Series 1 - Dazzlers Green"" (id 6154)"
2024 Upper Deck Marvel Studios Series 1,2024 Upper Deck Marvel Studios Series 1 - HoloGrFx,9,Gold,1,77759,2024 Upper Deck Marvel Studios Series 1 - +Footage Gold,"Move to existing subset ""2024 Upper Deck Marvel Studios Series 1 - +Footage Gold"" (id 6149)"
2024 Upper Deck Marvel Studios Series 1,2024 Upper Deck Marvel Studios Series 1 - Marquees,1,Gold,1,77514,2024 Upper Deck Marvel Studios Series 1 - +Footage Gold,"Move to existing subset ""2024 Upper Deck Marvel Studios Series 1 - +Footage Gold"" (id 6149)"
2024 Upper Deck Marvel Studios Series 1,2024 Upper Deck Marvel Studios Series 1 - Marquees,10,Gold,1,77509,2024 Upper Deck Marvel Studios Series 1 - +Footage Gold,"Move to existing subset ""2024 Upper Deck Marvel Studios Series 1 - +Footage Gold"" (id 6149)"
2024 Upper Deck Marvel Studios Series 1,2024 Upper Deck Marvel Studios Series 1 - Marquees,11,Gold,1,77511,2024 Upper Deck Marvel Studios Series 1 - +Footage Gold,"Move to existing subset ""2024 Upper Deck Marvel Studios Series 1 - +Footage Gold"" (id 6149)"
2024 Upper Deck Marvel Studios Series 1,2024 Upper Deck Marvel Studios Series 1 - Marquees,12,Gold,1,77766,2024 Upper Deck Marvel Studios Series 1 - +Footage Gold,"Move to existing subset ""2024 Upper Deck Marvel Studios Series 1 - +Footage Gold"" (id 6149)"
2024 Upper Deck Marvel Studios Series 1,2024 Upper Deck Marvel Studios Series 1 - Marquees,13,Gold,1,77516,2024 Upper Deck Marvel Studios Series 1 - +Footage Gold,"Move to existing subset ""2024 Upper Deck Marvel Studios Series 1 - +Footage Gold"" (id 6149)"
2024 Upper Deck Marvel Studios Series 1,2024 Upper Deck Marvel Studios Series 1 - Marquees,2,Gold,1,77525,2024 Upper Deck Marvel Studios Series 1 - +Footage Gold,"Move to existing subset ""2024 Upper Deck Marvel Studios Series 1 - +Footage Gold"" (id 6149)"
2024 Upper Deck Marvel Studios Series 1,2024 Upper Deck Marvel Studios Series 1 - Marquees,3,Gold,1,77760,2024 Upper Deck Marvel Studios Series 1 - +Footage Gold,"Move to existing subset ""2024 Upper Deck Marvel Studios Series 1 - +Footage Gold"" (id 6149)"
2024 Upper Deck Marvel Studios Series 1,2024 Upper Deck Marvel Studios Series 1 - Marquees,4,Gold,1,77522,2024 Upper Deck Marvel Studios Series 1 - +Footage Gold,"Move to existing subset ""2024 Upper Deck Marvel Studios Series 1 - +Footage Gold"" (id 6149)"
2024 Upper Deck Marvel Studios Series 1,2024 Upper Deck Marvel Studios Series 1 - Marquees,5,Gold,1,77519,2024 Upper Deck Marvel Studios Series 1 - +Footage Gold,"Move to existing subset ""2024 Upper Deck Marvel Studios Series 1 - +Footage Gold"" (id 6149)"
2024 Upper Deck Marvel Studios Series 1,2024 Upper Deck Marvel Studios Series 1 - Marquees,6,Gold,1,77512,2024 Upper Deck Marvel Studios Series 1 - +Footage Gold,"Move to existing subset ""2024 Upper Deck Marvel Studios Series 1 - +Footage Gold"" (id 6149)"
2024 Upper Deck Marvel Studios Series 1,2024 Upper Deck Marvel Studios Series 1 - Marquees,7,Gold,1,77772,2024 Upper Deck Marvel Studios Series 1 - +Footage Gold,"Move to existing subset ""2024 Upper Deck Marvel Studios Series 1 - +Footage Gold"" (id 6149)"
2024 Upper Deck Marvel Studios Series 1,2024 Upper Deck Marvel Studios Series 1 - Marquees,8,Gold,1,77520,2024 Upper Deck Marvel Studios Series 1 - +Footage Gold,"Move to existing subset ""2024 Upper Deck Marvel Studios Series 1 - +Footage Gold"" (id 6149)"
2024 Upper Deck Marvel Studios Series 1,2024 Upper Deck Marvel Studios Series 1 - Marquees,9,Gold,1,77521,2024 Upper Deck Marvel Studios Series 1 - +Footage Gold,"Move to existing subset ""2024 Upper Deck Marvel Studios Series 1 - +Footage Gold"" (id 6149)"
2024 Upper Deck Marvel Studios Series 1,2024 Upper Deck Marvel Studios Series 1 - UD Canvas,15,Black White,1,77841,2024 Upper Deck Marvel Studios Series 1 - UD Canvas Black and White,"Move to existing subset ""2024 Upper Deck Marvel Studios Series 1 - UD Canvas Black and White"" (id 6183)"
2024 Upper Deck Women of Marvel,2024 Upper Deck Women of Marvel - 2024 Upper Deck Women of Marvel,13,Copper Foil Lt FX,1,78075,2024 Upper Deck Women of Marvel - Foil Lt Fx Copper,"Move to existing subset ""2024 Upper Deck Women of Marvel - Foil Lt Fx Copper"" (id 6265)"
2024 Upper Deck Women of Marvel,2024 Upper Deck Women of Marvel - 2024 Upper Deck Women of Marvel,13,Green Foil Lt FX,1,78076,2024 Upper Deck Women of Marvel - Foil Lt Fx Green,"Move to existing subset ""2024 Upper Deck Women of Marvel - Foil Lt Fx Green"" (id 6267)"
2024 Upper Deck Women of Marvel,2024 Upper Deck Women of Marvel - 2024 Upper Deck Women of Marvel,13,Gold Foil Lt FX,1,78078,2024 Upper Deck Women of Marvel - Foil Lt Fx Gold,"Move to existing subset ""2024 Upper Deck Women of Marvel - Foil Lt Fx Gold"" (id 6266)"
2024 Upper Deck Women of Marvel,2024 Upper Deck Women of Marvel - 2024 Upper Deck Women of Marvel,13,Blue Foil Lt FX,1,78079,2024 Upper Deck Women of Marvel - Foil Lt Fx Blue,"Move to existing subset ""2024 Upper Deck Women of Marvel - Foil Lt Fx Blue"" (id 6264)"
2024 Upper Deck Women of Marvel,2024 Upper Deck Women of Marvel - 2024 Upper Deck Women of Marvel,13,Purple Foil Lt FX,1,78146,2024 Upper Deck Women of Marvel - Foil Lt Fx Purple,"Move to existing subset ""2024 Upper Deck Women of Marvel - Foil Lt Fx Purple"" (id 6268)"
2024 Upper Deck Women of Marvel,2024 Upper Deck Women of Marvel - 2024 Upper Deck Women of Marvel,13,Red Foil Lt FX,1,78148,2024 Upper Deck Women of Marvel - Foil Lt Fx Red,"Move to existing subset ""2024 Upper Deck Women of Marvel - Foil Lt Fx Red"" (id 6269)"
2024 Upper Deck Women of Marvel,2024 Upper Deck Women of Marvel - 2024 Upper Deck Women of Marvel,19,Copper Foil Lt FX,1,78077,2024 Upper Deck Women of Marvel - Foil Lt Fx Copper,"Move to existing subset ""2024 Upper Deck Women of Marvel - Foil Lt Fx Copper"" (id 6265)"
2024 Upper Deck Women of Marvel,2024 Upper Deck Women of Marvel - 2024 Upper Deck Women of Marvel,19,Green Foil Lt FX,1,78080,2024 Upper Deck Women of Marvel - Foil Lt Fx Green,"Move to existing subset ""2024 Upper Deck Women of Marvel - Foil Lt Fx Green"" (id 6267)"
2024 Upper Deck Women of Marvel,2024 Upper Deck Women of Marvel - 2024 Upper Deck Women of Marvel,19,Gold Foil Lt FX,1,78081,2024 Upper Deck Women of Marvel - Foil Lt Fx Gold,"Move to existing subset ""2024 Upper Deck Women of Marvel - Foil Lt Fx Gold"" (id 6266)"
2024 Upper Deck Women of Marvel,2024 Upper Deck Women of Marvel - 2024 Upper Deck Women of Marvel,19,Blue Foil Lt FX,1,78082,2024 Upper Deck Women of Marvel - Foil Lt Fx Blue,"Move to existing subset ""2024 Upper Deck Women of Marvel - Foil Lt Fx Blue"" (id 6264)"
2024 Upper Deck Women of Marvel,2024 Upper Deck Women of Marvel - 2024 Upper Deck Women of Marvel,19,Purple Foil Lt FX,1,78147,2024 Upper Deck Women of Marvel - Foil Lt Fx Purple,"Move to existing subset ""2024 Upper Deck Women of Marvel - Foil Lt Fx Purple"" (id 6268)"
2024 Upper Deck Women of Marvel,2024 Upper Deck Women of Marvel - 2024 Upper Deck Women of Marvel,19,Red Foil Lt FX,1,78149,2024 Upper Deck Women of Marvel - Foil Lt Fx Red,"Move to existing subset ""2024 Upper Deck Women of Marvel - Foil Lt Fx Red"" (id 6269)"
2024 Upper Deck Women of Marvel,2024 Upper Deck Women of Marvel - 2024 Upper Deck Women of Marvel,23,Red Foil Lt FX,1,78160,2024 Upper Deck Women of Marvel - Foil Lt Fx Red,"Move to existing subset ""2024 Upper Deck Women of Marvel - Foil Lt Fx Red"" (id 6269)"
2024 Upper Deck Women of Marvel,2024 Upper Deck Women of Marvel - 2024 Upper Deck Women of Marvel,23,Purple Foil Lt FX,1,78255,2024 Upper Deck Women of Marvel - Foil Lt Fx Purple,"Move to existing subset ""2024 Upper Deck Women of Marvel - Foil Lt Fx Purple"" (id 6268)"
2024 Upper Deck Women of Marvel,2024 Upper Deck Women of Marvel - 2024 Upper Deck Women of Marvel,23,Copper Foil Lt FX,1,78256,2024 Upper Deck Women of Marvel - Foil Lt Fx Copper,"Move to existing subset ""2024 Upper Deck Women of Marvel - Foil Lt Fx Copper"" (id 6265)"
2024 Upper Deck Women of Marvel,2024 Upper Deck Women of Marvel - 2024 Upper Deck Women of Marvel,23,Green Foil Lt FX,1,78257,2024 Upper Deck Women of Marvel - Foil Lt Fx Green,"Move to existing subset ""2024 Upper Deck Women of Marvel - Foil Lt Fx Green"" (id 6267)"
2024 Upper Deck Women of Marvel,2024 Upper Deck Women of Marvel - 2024 Upper Deck Women of Marvel,23,Gold Foil Lt FX,1,78258,2024 Upper Deck Women of Marvel - Foil Lt Fx Gold,"Move to existing subset ""2024 Upper Deck Women of Marvel - Foil Lt Fx Gold"" (id 6266)"
2024 Upper Deck Women of Marvel,2024 Upper Deck Women of Marvel - 2024 Upper Deck Women of Marvel,23,Blue Foil Lt FX,1,78259,2024 Upper Deck Women of Marvel - Foil Lt Fx Blue,"Move to existing subset ""2024 Upper Deck Women of Marvel - Foil Lt Fx Blue"" (id 6264)"
2024 Upper Deck Women of Marvel,2024 Upper Deck Women of Marvel - 2024 Upper Deck Women of Marvel,24,Purple Foil Lt FX,1,78083,2024 Upper Deck Women of Marvel - Foil Lt Fx Purple,"Move to existing subset ""2024 Upper Deck Women of Marvel - Foil Lt Fx Purple"" (id 6268)"
2024 Upper Deck Women of Marvel,2024 Upper Deck Women of Marvel - 2024 Upper Deck Women of Marvel,24,Red Foil Lt FX,1,78088,2024 Upper Deck Women of Marvel - Foil Lt Fx Red,"Move to existing subset ""2024 Upper Deck Women of Marvel - Foil Lt Fx Red"" (id 6269)"
2024 Upper Deck Women of Marvel,2024 Upper Deck Women of Marvel - 2024 Upper Deck Women of Marvel,24,Copper Foil Lt FX,1,78153,2024 Upper Deck Women of Marvel - Foil Lt Fx Copper,"Move to existing subset ""2024 Upper Deck Women of Marvel - Foil Lt Fx Copper"" (id 6265)"
2024 Upper Deck Women of Marvel,2024 Upper Deck Women of Marvel - 2024 Upper Deck Women of Marvel,24,Green Foil Lt FX,1,78154,2024 Upper Deck Women of Marvel - Foil Lt Fx Green,"Move to existing subset ""2024 Upper Deck Women of Marvel - Foil Lt Fx Green"" (id 6267)"
2024 Upper Deck Women of Marvel,2024 Upper Deck Women of Marvel - 2024 Upper Deck Women of Marvel,24,Gold Foil Lt FX,1,78155,2024 Upper Deck Women of Marvel - Foil Lt Fx Gold,"Move to existing subset ""2024 Upper Deck Women of Marvel - Foil Lt Fx Gold"" (id 6266)"
2024 Upper Deck Women of Marvel,2024 Upper Deck Women of Marvel - 2024 Upper Deck Women of Marvel,24,Blue Foil Lt FX,1,78156,2024 Upper Deck Women of Marvel - Foil Lt Fx Blue,"Move to existing subset ""2024 Upper Deck Women of Marvel - Foil Lt Fx Blue"" (id 6264)"
2024 Upper Deck Women of Marvel,2024 Upper Deck Women of Marvel - 2024 Upper Deck Women of Marvel,29,Purple Foil Lt FX,1,78206,2024 Upper Deck Women of Marvel - Foil Lt Fx Purple,"Move to existing subset ""2024 Upper Deck Women of Marvel - Foil Lt Fx Purple"" (id 6268)"
2024 Upper Deck Women of Marvel,2024 Upper Deck Women of Marvel - 2024 Upper Deck Women of Marvel,29,Copper Foil Lt FX,1,78207,2024 Upper Deck Women of Marvel - Foil Lt Fx Copper,"Move to existing subset ""2024 Upper Deck Women of Marvel - Foil Lt Fx Copper"" (id 6265)"
2024 Upper Deck Women of Marvel,2024 Upper Deck Women of Marvel - 2024 Upper Deck Women of Marvel,29,Green Foil Lt FX,1,78208,2024 Upper Deck Women of Marvel - Foil Lt Fx Green,"Move to existing subset ""2024 Upper Deck Women of Marvel - Foil Lt Fx Green"" (id 6267)"
2024 Upper Deck Women of Marvel,2024 Upper Deck Women of Marvel - 2024 Upper Deck Women of Marvel,29,Gold Foil Lt FX,1,78209,2024 Upper Deck Women of Marvel - Foil Lt Fx Gold,"Move to existing subset ""2024 Upper Deck Women of Marvel - Foil Lt Fx Gold"" (id 6266)"
2024 Upper Deck Women of Marvel,2024 Upper Deck Women of Marvel - 2024 Upper Deck Women of Marvel,29,Blue Foil Lt FX,1,78210,2024 Upper Deck Women of Marvel - Foil Lt Fx Blue,"Move to existing subset ""2024 Upper Deck Women of Marvel - Foil Lt Fx Blue"" (id 6264)"
2024 Upper Deck Women of Marvel,2024 Upper Deck Women of Marvel - 2024 Upper Deck Women of Marvel,29,Red Foil Lt FX,1,78211,2024 Upper Deck Women of Marvel - Foil Lt Fx Red,"Move to existing subset ""2024 Upper Deck Women of Marvel - Foil Lt Fx Red"" (id 6269)"
2024 Upper Deck Women of Marvel,2024 Upper Deck Women of Marvel - 2024 Upper Deck Women of Marvel,3,Blue Foil Lt FX,1,78050,2024 Upper Deck Women of Marvel - Foil Lt Fx Blue,"Move to existing subset ""2024 Upper Deck Women of Marvel - Foil Lt Fx Blue"" (id 6264)"
2024 Upper Deck Women of Marvel,2024 Upper Deck Women of Marvel - 2024 Upper Deck Women of Marvel,3,Purple Foil Lt FX,1,78225,2024 Upper Deck Women of Marvel - Foil Lt Fx Purple,"Move to existing subset ""2024 Upper Deck Women of Marvel - Foil Lt Fx Purple"" (id 6268)"
2024 Upper Deck Women of Marvel,2024 Upper Deck Women of Marvel - 2024 Upper Deck Women of Marvel,3,Copper Foil Lt FX,1,78226,2024 Upper Deck Women of Marvel - Foil Lt Fx Copper,"Move to existing subset ""2024 Upper Deck Women of Marvel - Foil Lt Fx Copper"" (id 6265)"
2024 Upper Deck Women of Marvel,2024 Upper Deck Women of Marvel - 2024 Upper Deck Women of Marvel,3,Green Foil Lt FX,1,78227,2024 Upper Deck Women of Marvel - Foil Lt Fx Green,"Move to existing subset ""2024 Upper Deck Women of Marvel - Foil Lt Fx Green"" (id 6267)"
2024 Upper Deck Women of Marvel,2024 Upper Deck Women of Marvel - 2024 Upper Deck Women of Marvel,3,Gold Foil Lt FX,1,78228,2024 Upper Deck Women of Marvel - Foil Lt Fx Gold,"Move to existing subset ""2024 Upper Deck Women of Marvel - Foil Lt Fx Gold"" (id 6266)"
2024 Upper Deck Women of Marvel,2024 Upper Deck Women of Marvel - 2024 Upper Deck Women of Marvel,3,Red Foil Lt FX,1,78229,2024 Upper Deck Women of Marvel - Foil Lt Fx Red,"Move to existing subset ""2024 Upper Deck Women of Marvel - Foil Lt Fx Red"" (id 6269)"
2024 Upper Deck Women of Marvel,2024 Upper Deck Women of Marvel - 2024 Upper Deck Women of Marvel,30,Purple Foil Lt FX,1,78164,2024 Upper Deck Women of Marvel - Foil Lt Fx Purple,"Move to existing subset ""2024 Upper Deck Women of Marvel - Foil Lt Fx Purple"" (id 6268)"
2024 Upper Deck Women of Marvel,2024 Upper Deck Women of Marvel - 2024 Upper Deck Women of Marvel,30,Copper Foil Lt FX,1,78165,2024 Upper Deck Women of Marvel - Foil Lt Fx Copper,"Move to existing subset ""2024 Upper Deck Women of Marvel - Foil Lt Fx Copper"" (id 6265)"
2024 Upper Deck Women of Marvel,2024 Upper Deck Women of Marvel - 2024 Upper Deck Women of Marvel,30,Green Foil Lt FX,1,78166,2024 Upper Deck Women of Marvel - Foil Lt Fx Green,"Move to existing subset ""2024 Upper Deck Women of Marvel - Foil Lt Fx Green"" (id 6267)"
2024 Upper Deck Women of Marvel,2024 Upper Deck Women of Marvel - 2024 Upper Deck Women of Marvel,30,Gold Foil Lt FX,1,78167,2024 Upper Deck Women of Marvel - Foil Lt Fx Gold,"Move to existing subset ""2024 Upper Deck Women of Marvel - Foil Lt Fx Gold"" (id 6266)"
2024 Upper Deck Women of Marvel,2024 Upper Deck Women of Marvel - 2024 Upper Deck Women of Marvel,30,Red Foil Lt FX,1,78168,2024 Upper Deck Women of Marvel - Foil Lt Fx Red,"Move to existing subset ""2024 Upper Deck Women of Marvel - Foil Lt Fx Red"" (id 6269)"
2024 Upper Deck Women of Marvel,2024 Upper Deck Women of Marvel - 2024 Upper Deck Women of Marvel,30,Blue Foil Lt FX,1,78212,2024 Upper Deck Women of Marvel - Foil Lt Fx Blue,"Move to existing subset ""2024 Upper Deck Women of Marvel - Foil Lt Fx Blue"" (id 6264)"
2024 Upper Deck Women of Marvel,2024 Upper Deck Women of Marvel - 2024 Upper Deck Women of Marvel,31,Purple Foil Lt FX,1,78091,2024 Upper Deck Women of Marvel - Foil Lt Fx Purple,"Move to existing subset ""2024 Upper Deck Women of Marvel - Foil Lt Fx Purple"" (id 6268)"
2024 Upper Deck Women of Marvel,2024 Upper Deck Women of Marvel - 2024 Upper Deck Women of Marvel,31,Green Foil Lt FX,1,78092,2024 Upper Deck Women of Marvel - Foil Lt Fx Green,"Move to existing subset ""2024 Upper Deck Women of Marvel - Foil Lt Fx Green"" (id 6267)"
2024 Upper Deck Women of Marvel,2024 Upper Deck Women of Marvel - 2024 Upper Deck Women of Marvel,31,Red Foil Lt FX,1,78093,2024 Upper Deck Women of Marvel - Foil Lt Fx Red,"Move to existing subset ""2024 Upper Deck Women of Marvel - Foil Lt Fx Red"" (id 6269)"
2024 Upper Deck Women of Marvel,2024 Upper Deck Women of Marvel - 2024 Upper Deck Women of Marvel,31,Copper Foil Lt FX,1,78161,2024 Upper Deck Women of Marvel - Foil Lt Fx Copper,"Move to existing subset ""2024 Upper Deck Women of Marvel - Foil Lt Fx Copper"" (id 6265)"
2024 Upper Deck Women of Marvel,2024 Upper Deck Women of Marvel - 2024 Upper Deck Women of Marvel,31,Gold Foil Lt FX,1,78162,2024 Upper Deck Women of Marvel - Foil Lt Fx Gold,"Move to existing subset ""2024 Upper Deck Women of Marvel - Foil Lt Fx Gold"" (id 6266)"
2024 Upper Deck Women of Marvel,2024 Upper Deck Women of Marvel - 2024 Upper Deck Women of Marvel,31,Blue Foil Lt FX,1,78163,2024 Upper Deck Women of Marvel - Foil Lt Fx Blue,"Move to existing subset ""2024 Upper Deck Women of Marvel - Foil Lt Fx Blue"" (id 6264)"
2024 Upper Deck Women of Marvel,2024 Upper Deck Women of Marvel - 2024 Upper Deck Women of Marvel,39,Purple Foil Lt FX,1,78103,2024 Upper Deck Women of Marvel - Foil Lt Fx Purple,"Move to existing subset ""2024 Upper Deck Women of Marvel - Foil Lt Fx Purple"" (id 6268)"
2024 Upper Deck Women of Marvel,2024 Upper Deck Women of Marvel - 2024 Upper Deck Women of Marvel,39,Copper Foil Lt FX,1,78104,2024 Upper Deck Women of Marvel - Foil Lt Fx Copper,"Move to existing subset ""2024 Upper Deck Women of Marvel - Foil Lt Fx Copper"" (id 6265)"
2024 Upper Deck Women of Marvel,2024 Upper Deck Women of Marvel - 2024 Upper Deck Women of Marvel,39,Green Foil Lt FX,1,78105,2024 Upper Deck Women of Marvel - Foil Lt Fx Green,"Move to existing subset ""2024 Upper Deck Women of Marvel - Foil Lt Fx Green"" (id 6267)"
2024 Upper Deck Women of Marvel,2024 Upper Deck Women of Marvel - 2024 Upper Deck Women of Marvel,39,Red Foil Lt FX,1,78106,2024 Upper Deck Women of Marvel - Foil Lt Fx Red,"Move to existing subset ""2024 Upper Deck Women of Marvel - Foil Lt Fx Red"" (id 6269)"
2024 Upper Deck Women of Marvel,2024 Upper Deck Women of Marvel - 2024 Upper Deck Women of Marvel,39,Gold Foil Lt FX,1,78171,2024 Upper Deck Women of Marvel - Foil Lt Fx Gold,"Move to existing subset ""2024 Upper Deck Women of Marvel - Foil Lt Fx Gold"" (id 6266)"
2024 Upper Deck Women of Marvel,2024 Upper Deck Women of Marvel - 2024 Upper Deck Women of Marvel,39,Blue Foil Lt FX,1,78172,2024 Upper Deck Women of Marvel - Foil Lt Fx Blue,"Move to existing subset ""2024 Upper Deck Women of Marvel - Foil Lt Fx Blue"" (id 6264)"
2024 Upper Deck Women of Marvel,2024 Upper Deck Women of Marvel - 2024 Upper Deck Women of Marvel,44,Purple Foil Lt FX,1,78219,2024 Upper Deck Women of Marvel - Foil Lt Fx Purple,"Move to existing subset ""2024 Upper Deck Women of Marvel - Foil Lt Fx Purple"" (id 6268)"
2024 Upper Deck Women of Marvel,2024 Upper Deck Women of Marvel - 2024 Upper Deck Women of Marvel,44,Green Foil Lt FX,1,78220,2024 Upper Deck Women of Marvel - Foil Lt Fx Green,"Move to existing subset ""2024 Upper Deck Women of Marvel - Foil Lt Fx Green"" (id 6267)"
2024 Upper Deck Women of Marvel,2024 Upper Deck Women of Marvel - 2024 Upper Deck Women of Marvel,44,Red Foil Lt FX,1,78221,2024 Upper Deck Women of Marvel - Foil Lt Fx Red,"Move to existing subset ""2024 Upper Deck Women of Marvel - Foil Lt Fx Red"" (id 6269)"
2024 Upper Deck Women of Marvel,2024 Upper Deck Women of Marvel - 2024 Upper Deck Women of Marvel,44,Copper Foil Lt FX,1,78279,2024 Upper Deck Women of Marvel - Foil Lt Fx Copper,"Move to existing subset ""2024 Upper Deck Women of Marvel - Foil Lt Fx Copper"" (id 6265)"
2024 Upper Deck Women of Marvel,2024 Upper Deck Women of Marvel - 2024 Upper Deck Women of Marvel,44,Gold Foil Lt FX,1,78282,2024 Upper Deck Women of Marvel - Foil Lt Fx Gold,"Move to existing subset ""2024 Upper Deck Women of Marvel - Foil Lt Fx Gold"" (id 6266)"
2024 Upper Deck Women of Marvel,2024 Upper Deck Women of Marvel - 2024 Upper Deck Women of Marvel,44,Blue Foil Lt FX,1,78283,2024 Upper Deck Women of Marvel - Foil Lt Fx Blue,"Move to existing subset ""2024 Upper Deck Women of Marvel - Foil Lt Fx Blue"" (id 6264)"
2024 Upper Deck Women of Marvel,2024 Upper Deck Women of Marvel - 2024 Upper Deck Women of Marvel,45,Purple Foil Lt FX,1,78178,2024 Upper Deck Women of Marvel - Foil Lt Fx Purple,"Move to existing subset ""2024 Upper Deck Women of Marvel - Foil Lt Fx Purple"" (id 6268)"
2024 Upper Deck Women of Marvel,2024 Upper Deck Women of Marvel - 2024 Upper Deck Women of Marvel,45,Copper Foil Lt FX,1,78214,2024 Upper Deck Women of Marvel - Foil Lt Fx Copper,"Move to existing subset ""2024 Upper Deck Women of Marvel - Foil Lt Fx Copper"" (id 6265)"
2024 Upper Deck Women of Marvel,2024 Upper Deck Women of Marvel - 2024 Upper Deck Women of Marvel,45,Green Foil Lt FX,1,78215,2024 Upper Deck Women of Marvel - Foil Lt Fx Green,"Move to existing subset ""2024 Upper Deck Women of Marvel - Foil Lt Fx Green"" (id 6267)"
2024 Upper Deck Women of Marvel,2024 Upper Deck Women of Marvel - 2024 Upper Deck Women of Marvel,45,Gold Foil Lt FX,1,78216,2024 Upper Deck Women of Marvel - Foil Lt Fx Gold,"Move to existing subset ""2024 Upper Deck Women of Marvel - Foil Lt Fx Gold"" (id 6266)"
2024 Upper Deck Women of Marvel,2024 Upper Deck Women of Marvel - 2024 Upper Deck Women of Marvel,45,Blue Foil Lt FX,1,78217,2024 Upper Deck Women of Marvel - Foil Lt Fx Blue,"Move to existing subset ""2024 Upper Deck Women of Marvel - Foil Lt Fx Blue"" (id 6264)"
2024 Upper Deck Women of Marvel,2024 Upper Deck Women of Marvel - 2024 Upper Deck Women of Marvel,45,Red Foil Lt FX,1,78218,2024 Upper Deck Women of Marvel - Foil Lt Fx Red,"Move to existing subset ""2024 Upper Deck Women of Marvel - Foil Lt Fx Red"" (id 6269)"
2024 Upper Deck Women of Marvel,2024 Upper Deck Women of Marvel - 2024 Upper Deck Women of Marvel,46,Purple Foil Lt FX,1,78176,2024 Upper Deck Women of Marvel - Foil Lt Fx Purple,"Move to existing subset ""2024 Upper Deck Women of Marvel - Foil Lt Fx Purple"" (id 6268)"
2024 Upper Deck Women of Marvel,2024 Upper Deck Women of Marvel - 2024 Upper Deck Women of Marvel,46,Copper Foil Lt FX,1,78177,2024 Upper Deck Women of Marvel - Foil Lt Fx Copper,"Move to existing subset ""2024 Upper Deck Women of Marvel - Foil Lt Fx Copper"" (id 6265)"
2024 Upper Deck Women of Marvel,2024 Upper Deck Women of Marvel - 2024 Upper Deck Women of Marvel,46,Green Foil Lt FX,1,78179,2024 Upper Deck Women of Marvel - Foil Lt Fx Green,"Move to existing subset ""2024 Upper Deck Women of Marvel - Foil Lt Fx Green"" (id 6267)"
2024 Upper Deck Women of Marvel,2024 Upper Deck Women of Marvel - 2024 Upper Deck Women of Marvel,46,Gold Foil Lt FX,1,78180,2024 Upper Deck Women of Marvel - Foil Lt Fx Gold,"Move to existing subset ""2024 Upper Deck Women of Marvel - Foil Lt Fx Gold"" (id 6266)"
2024 Upper Deck Women of Marvel,2024 Upper Deck Women of Marvel - 2024 Upper Deck Women of Marvel,46,Blue Foil Lt FX,1,78181,2024 Upper Deck Women of Marvel - Foil Lt Fx Blue,"Move to existing subset ""2024 Upper Deck Women of Marvel - Foil Lt Fx Blue"" (id 6264)"
2024 Upper Deck Women of Marvel,2024 Upper Deck Women of Marvel - 2024 Upper Deck Women of Marvel,46,Red Foil Lt FX,1,78182,2024 Upper Deck Women of Marvel - Foil Lt Fx Red,"Move to existing subset ""2024 Upper Deck Women of Marvel - Foil Lt Fx Red"" (id 6269)"
2024 Upper Deck Women of Marvel,2024 Upper Deck Women of Marvel - 2024 Upper Deck Women of Marvel,5,Purple Foil Lt FX,1,78052,2024 Upper Deck Women of Marvel - Foil Lt Fx Purple,"Move to existing subset ""2024 Upper Deck Women of Marvel - Foil Lt Fx Purple"" (id 6268)"
2024 Upper Deck Women of Marvel,2024 Upper Deck Women of Marvel - 2024 Upper Deck Women of Marvel,5,Copper Foil Lt FX,1,78053,2024 Upper Deck Women of Marvel - Foil Lt Fx Copper,"Move to existing subset ""2024 Upper Deck Women of Marvel - Foil Lt Fx Copper"" (id 6265)"
2024 Upper Deck Women of Marvel,2024 Upper Deck Women of Marvel - 2024 Upper Deck Women of Marvel,5,Green Foil Lt FX,1,78054,2024 Upper Deck Women of Marvel - Foil Lt Fx Green,"Move to existing subset ""2024 Upper Deck Women of Marvel - Foil Lt Fx Green"" (id 6267)"
2024 Upper Deck Women of Marvel,2024 Upper Deck Women of Marvel - 2024 Upper Deck Women of Marvel,5,Gold Foil Lt FX,1,78055,2024 Upper Deck Women of Marvel - Foil Lt Fx Gold,"Move to existing subset ""2024 Upper Deck Women of Marvel - Foil Lt Fx Gold"" (id 6266)"
2024 Upper Deck Women of Marvel,2024 Upper Deck Women of Marvel - 2024 Upper Deck Women of Marvel,5,Blue Foil Lt FX,1,78056,2024 Upper Deck Women of Marvel - Foil Lt Fx Blue,"Move to existing subset ""2024 Upper Deck Women of Marvel - Foil Lt Fx Blue"" (id 6264)"
2024 Upper Deck Women of Marvel,2024 Upper Deck Women of Marvel - 2024 Upper Deck Women of Marvel,5,Red Foil Lt FX,1,78057,2024 Upper Deck Women of Marvel - Foil Lt Fx Red,"Move to existing subset ""2024 Upper Deck Women of Marvel - Foil Lt Fx Red"" (id 6269)"
2024 Upper Deck Women of Marvel,2024 Upper Deck Women of Marvel - 2024 Upper Deck Women of Marvel,51,Purple Foil Lt FX,1,78115,2024 Upper Deck Women of Marvel - Foil Lt Fx Purple,"Move to existing subset ""2024 Upper Deck Women of Marvel - Foil Lt Fx Purple"" (id 6268)"
2024 Upper Deck Women of Marvel,2024 Upper Deck Women of Marvel - 2024 Upper Deck Women of Marvel,51,Green Foil Lt FX,1,78117,2024 Upper Deck Women of Marvel - Foil Lt Fx Green,"Move to existing subset ""2024 Upper Deck Women of Marvel - Foil Lt Fx Green"" (id 6267)"
2024 Upper Deck Women of Marvel,2024 Upper Deck Women of Marvel - 2024 Upper Deck Women of Marvel,51,Gold Foil Lt FX,1,78119,2024 Upper Deck Women of Marvel - Foil Lt Fx Gold,"Move to existing subset ""2024 Upper Deck Women of Marvel - Foil Lt Fx Gold"" (id 6266)"
2024 Upper Deck Women of Marvel,2024 Upper Deck Women of Marvel - 2024 Upper Deck Women of Marvel,51,Red Foil Lt FX,1,78121,2024 Upper Deck Women of Marvel - Foil Lt Fx Red,"Move to existing subset ""2024 Upper Deck Women of Marvel - Foil Lt Fx Red"" (id 6269)"
2024 Upper Deck Women of Marvel,2024 Upper Deck Women of Marvel - 2024 Upper Deck Women of Marvel,51,Copper Foil Lt FX,1,78185,2024 Upper Deck Women of Marvel - Foil Lt Fx Copper,"Move to existing subset ""2024 Upper Deck Women of Marvel - Foil Lt Fx Copper"" (id 6265)"
2024 Upper Deck Women of Marvel,2024 Upper Deck Women of Marvel - 2024 Upper Deck Women of Marvel,51,Blue Foil Lt FX,1,78189,2024 Upper Deck Women of Marvel - Foil Lt Fx Blue,"Move to existing subset ""2024 Upper Deck Women of Marvel - Foil Lt Fx Blue"" (id 6264)"
2024 Upper Deck Women of Marvel,2024 Upper Deck Women of Marvel - 2024 Upper Deck Women of Marvel,56,Purple Foil Lt FX,1,78107,2024 Upper Deck Women of Marvel - Foil Lt Fx Purple,"Move to existing subset ""2024 Upper Deck Women of Marvel - Foil Lt Fx Purple"" (id 6268)"
2024 Upper Deck Women of Marvel,2024 Upper Deck Women of Marvel - 2024 Upper Deck Women of Marvel,56,Copper Foil Lt FX,1,78108,2024 Upper Deck Women of Marvel - Foil Lt Fx Copper,"Move to existing subset ""2024 Upper Deck Women of Marvel - Foil Lt Fx Copper"" (id 6265)"
2024 Upper Deck Women of Marvel,2024 Upper Deck Women of Marvel - 2024 Upper Deck Women of Marvel,56,Green Foil Lt FX,1,78110,2024 Upper Deck Women of Marvel - Foil Lt Fx Green,"Move to existing subset ""2024 Upper Deck Women of Marvel - Foil Lt Fx Green"" (id 6267)"
2024 Upper Deck Women of Marvel,2024 Upper Deck Women of Marvel - 2024 Upper Deck Women of Marvel,56,Gold Foil Lt FX,1,78111,2024 Upper Deck Women of Marvel - Foil Lt Fx Gold,"Move to existing subset ""2024 Upper Deck Women of Marvel - Foil Lt Fx Gold"" (id 6266)"
2024 Upper Deck Women of Marvel,2024 Upper Deck Women of Marvel - 2024 Upper Deck Women of Marvel,56,Blue Foil Lt FX,1,78112,2024 Upper Deck Women of Marvel - Foil Lt Fx Blue,"Move to existing subset ""2024 Upper Deck Women of Marvel - Foil Lt Fx Blue"" (id 6264)"
2024 Upper Deck Women of Marvel,2024 Upper Deck Women of Marvel - 2024 Upper Deck Women of Marvel,56,Red Foil Lt FX,1,78292,2024 Upper Deck Women of Marvel - Foil Lt Fx Red,"Move to existing subset ""2024 Upper Deck Women of Marvel - Foil Lt Fx Red"" (id 6269)"
2024 Upper Deck Women of Marvel,2024 Upper Deck Women of Marvel - 2024 Upper Deck Women of Marvel,61,Purple Foil Lt FX,1,78122,2024 Upper Deck Women of Marvel - Foil Lt Fx Purple,"Move to existing subset ""2024 Upper Deck Women of Marvel - Foil Lt Fx Purple"" (id 6268)"
2024 Upper Deck Women of Marvel,2024 Upper Deck Women of Marvel - 2024 Upper Deck Women of Marvel,61,Copper Foil Lt FX,1,78123,2024 Upper Deck Women of Marvel - Foil Lt Fx Copper,"Move to existing subset ""2024 Upper Deck Women of Marvel - Foil Lt Fx Copper"" (id 6265)"
2024 Upper Deck Women of Marvel,2024 Upper Deck Women of Marvel - 2024 Upper Deck Women of Marvel,61,Green Foil Lt FX,1,78124,2024 Upper Deck Women of Marvel - Foil Lt Fx Green,"Move to existing subset ""2024 Upper Deck Women of Marvel - Foil Lt Fx Green"" (id 6267)"
2024 Upper Deck Women of Marvel,2024 Upper Deck Women of Marvel - 2024 Upper Deck Women of Marvel,61,Gold Foil Lt FX,1,78125,2024 Upper Deck Women of Marvel - Foil Lt Fx Gold,"Move to existing subset ""2024 Upper Deck Women of Marvel - Foil Lt Fx Gold"" (id 6266)"
2024 Upper Deck Women of Marvel,2024 Upper Deck Women of Marvel - 2024 Upper Deck Women of Marvel,61,Red Foil Lt FX,1,78126,2024 Upper Deck Women of Marvel - Foil Lt Fx Red,"Move to existing subset ""2024 Upper Deck Women of Marvel - Foil Lt Fx Red"" (id 6269)"
2024 Upper Deck Women of Marvel,2024 Upper Deck Women of Marvel - 2024 Upper Deck Women of Marvel,61,Blue Foil Lt FX,1,78230,2024 Upper Deck Women of Marvel - Foil Lt Fx Blue,"Move to existing subset ""2024 Upper Deck Women of Marvel - Foil Lt Fx Blue"" (id 6264)"
2024 Upper Deck Women of Marvel,2024 Upper Deck Women of Marvel - 2024 Upper Deck Women of Marvel,7,Purple Foil Lt FX,1,78233,2024 Upper Deck Women of Marvel - Foil Lt Fx Purple,"Move to existing subset ""2024 Upper Deck Women of Marvel - Foil Lt Fx Purple"" (id 6268)"
2024 Upper Deck Women of Marvel,2024 Upper Deck Women of Marvel - 2024 Upper Deck Women of Marvel,7,Copper Foil Lt FX,1,78234,2024 Upper Deck Women of Marvel - Foil Lt Fx Copper,"Move to existing subset ""2024 Upper Deck Women of Marvel - Foil Lt Fx Copper"" (id 6265)"
2024 Upper Deck Women of Marvel,2024 Upper Deck Women of Marvel - 2024 Upper Deck Women of Marvel,7,Green Foil Lt FX,1,78235,2024 Upper Deck Women of Marvel - Foil Lt Fx Green,"Move to existing subset ""2024 Upper Deck Women of Marvel - Foil Lt Fx Green"" (id 6267)"
2024 Upper Deck Women of Marvel,2024 Upper Deck Women of Marvel - 2024 Upper Deck Women of Marvel,7,Gold Foil Lt FX,1,78236,2024 Upper Deck Women of Marvel - Foil Lt Fx Gold,"Move to existing subset ""2024 Upper Deck Women of Marvel - Foil Lt Fx Gold"" (id 6266)"
2024 Upper Deck Women of Marvel,2024 Upper Deck Women of Marvel - 2024 Upper Deck Women of Marvel,7,Blue Foil Lt FX,1,78237,2024 Upper Deck Women of Marvel - Foil Lt Fx Blue,"Move to existing subset ""2024 Upper Deck Women of Marvel - Foil Lt Fx Blue"" (id 6264)"
2024 Upper Deck Women of Marvel,2024 Upper Deck Women of Marvel - 2024 Upper Deck Women of Marvel,7,Red Foil Lt FX,1,78238,2024 Upper Deck Women of Marvel - Foil Lt Fx Red,"Move to existing subset ""2024 Upper Deck Women of Marvel - Foil Lt Fx Red"" (id 6269)"
2024 Upper Deck Women of Marvel,2024 Upper Deck Women of Marvel - 2024 Upper Deck Women of Marvel,70,Copper Foil Lt FX,1,78198,2024 Upper Deck Women of Marvel - Foil Lt Fx Copper,"Move to existing subset ""2024 Upper Deck Women of Marvel - Foil Lt Fx Copper"" (id 6265)"
2024 Upper Deck Women of Marvel,2024 Upper Deck Women of Marvel - 2024 Upper Deck Women of Marvel,70,Purple Foil Lt FX,1,78199,2024 Upper Deck Women of Marvel - Foil Lt Fx Purple,"Move to existing subset ""2024 Upper Deck Women of Marvel - Foil Lt Fx Purple"" (id 6268)"
2024 Upper Deck Women of Marvel,2024 Upper Deck Women of Marvel - 2024 Upper Deck Women of Marvel,70,Green Foil Lt FX,1,78200,2024 Upper Deck Women of Marvel - Foil Lt Fx Green,"Move to existing subset ""2024 Upper Deck Women of Marvel - Foil Lt Fx Green"" (id 6267)"
2024 Upper Deck Women of Marvel,2024 Upper Deck Women of Marvel - 2024 Upper Deck Women of Marvel,70,Gold Foil Lt FX,1,78201,2024 Upper Deck Women of Marvel - Foil Lt Fx Gold,"Move to existing subset ""2024 Upper Deck Women of Marvel - Foil Lt Fx Gold"" (id 6266)"
2024 Upper Deck Women of Marvel,2024 Upper Deck Women of Marvel - 2024 Upper Deck Women of Marvel,70,Red Foil Lt FX,1,78203,2024 Upper Deck Women of Marvel - Foil Lt Fx Red,"Move to existing subset ""2024 Upper Deck Women of Marvel - Foil Lt Fx Red"" (id 6269)"
2024 Upper Deck Women of Marvel,2024 Upper Deck Women of Marvel - 2024 Upper Deck Women of Marvel,70,Blue Foil Lt FX,1,78248,2024 Upper Deck Women of Marvel - Foil Lt Fx Blue,"Move to existing subset ""2024 Upper Deck Women of Marvel - Foil Lt Fx Blue"" (id 6264)"
2024 Upper Deck Women of Marvel,2024 Upper Deck Women of Marvel - 2024 Upper Deck Women of Marvel,72,Purple Foil Lt FX,1,78087,2024 Upper Deck Women of Marvel - Foil Lt Fx Purple,"Move to existing subset ""2024 Upper Deck Women of Marvel - Foil Lt Fx Purple"" (id 6268)"
2024 Upper Deck Women of Marvel,2024 Upper Deck Women of Marvel - 2024 Upper Deck Women of Marvel,72,Green Foil Lt FX,1,78089,2024 Upper Deck Women of Marvel - Foil Lt Fx Green,"Move to existing subset ""2024 Upper Deck Women of Marvel - Foil Lt Fx Green"" (id 6267)"
2024 Upper Deck Women of Marvel,2024 Upper Deck Women of Marvel - 2024 Upper Deck Women of Marvel,72,Red Foil Lt FX,1,78090,2024 Upper Deck Women of Marvel - Foil Lt Fx Red,"Move to existing subset ""2024 Upper Deck Women of Marvel - Foil Lt Fx Red"" (id 6269)"
2024 Upper Deck Women of Marvel,2024 Upper Deck Women of Marvel - 2024 Upper Deck Women of Marvel,72,Copper Foil Lt FX,1,78157,2024 Upper Deck Women of Marvel - Foil Lt Fx Copper,"Move to existing subset ""2024 Upper Deck Women of Marvel - Foil Lt Fx Copper"" (id 6265)"
2024 Upper Deck Women of Marvel,2024 Upper Deck Women of Marvel - 2024 Upper Deck Women of Marvel,72,Gold Foil Lt FX,1,78158,2024 Upper Deck Women of Marvel - Foil Lt Fx Gold,"Move to existing subset ""2024 Upper Deck Women of Marvel - Foil Lt Fx Gold"" (id 6266)"
2024 Upper Deck Women of Marvel,2024 Upper Deck Women of Marvel - 2024 Upper Deck Women of Marvel,72,Blue Foil Lt FX,1,78159,2024 Upper Deck Women of Marvel - Foil Lt Fx Blue,"Move to existing subset ""2024 Upper Deck Women of Marvel - Foil Lt Fx Blue"" (id 6264)"
2024 Upper Deck Women of Marvel,2024 Upper Deck Women of Marvel - 2024 Upper Deck Women of Marvel,9,Purple Foil Lt FX,1,78060,2024 Upper Deck Women of Marvel - Foil Lt Fx Purple,"Move to existing subset ""2024 Upper Deck Women of Marvel - Foil Lt Fx Purple"" (id 6268)"
2024 Upper Deck Women of Marvel,2024 Upper Deck Women of Marvel - 2024 Upper Deck Women of Marvel,9,Copper Foil Lt FX,1,78061,2024 Upper Deck Women of Marvel - Foil Lt Fx Copper,"Move to existing subset ""2024 Upper Deck Women of Marvel - Foil Lt Fx Copper"" (id 6265)"
2024 Upper Deck Women of Marvel,2024 Upper Deck Women of Marvel - 2024 Upper Deck Women of Marvel,9,Green Foil Lt FX,1,78062,2024 Upper Deck Women of Marvel - Foil Lt Fx Green,"Move to existing subset ""2024 Upper Deck Women of Marvel - Foil Lt Fx Green"" (id 6267)"
2024 Upper Deck Women of Marvel,2024 Upper Deck Women of Marvel - 2024 Upper Deck Women of Marvel,9,Gold Foil Lt FX,1,78063,2024 Upper Deck Women of Marvel - Foil Lt Fx Gold,"Move to existing subset ""2024 Upper Deck Women of Marvel - Foil Lt Fx Gold"" (id 6266)"
2024 Upper Deck Women of Marvel,2024 Upper Deck Women of Marvel - 2024 Upper Deck Women of Marvel,9,Blue Foil Lt FX,1,78064,2024 Upper Deck Women of Marvel - Foil Lt Fx Blue,"Move to existing subset ""2024 Upper Deck Women of Marvel - Foil Lt Fx Blue"" (id 6264)"
2024 Upper Deck Women of Marvel,2024 Upper Deck Women of Marvel - 2024 Upper Deck Women of Marvel,9,Red Foil Lt FX,1,78065,2024 Upper Deck Women of Marvel - Foil Lt Fx Red,"Move to existing subset ""2024 Upper Deck Women of Marvel - Foil Lt Fx Red"" (id 6269)"
2024 Upper Deck Women of Marvel,2024 Upper Deck Women of Marvel - 2024 Upper Deck Women of Marvel,16,Purple Foil Lt FX,1,78242,2024 Upper Deck Women of Marvel - Foil Lt Fx Purple,"Move to existing subset ""2024 Upper Deck Women of Marvel - Foil Lt Fx Purple"" (id 6268)"
2024 Upper Deck Women of Marvel,2024 Upper Deck Women of Marvel - 2024 Upper Deck Women of Marvel,16,Copper Foil Lt FX,1,78243,2024 Upper Deck Women of Marvel - Foil Lt Fx Copper,"Move to existing subset ""2024 Upper Deck Women of Marvel - Foil Lt Fx Copper"" (id 6265)"
2024 Upper Deck Women of Marvel,2024 Upper Deck Women of Marvel - 2024 Upper Deck Women of Marvel,16,Green Foil Lt FX,1,78244,2024 Upper Deck Women of Marvel - Foil Lt Fx Green,"Move to existing subset ""2024 Upper Deck Women of Marvel - Foil Lt Fx Green"" (id 6267)"
2024 Upper Deck Women of Marvel,2024 Upper Deck Women of Marvel - 2024 Upper Deck Women of Marvel,16,Gold Foil Lt FX,1,78245,2024 Upper Deck Women of Marvel - Foil Lt Fx Gold,"Move to existing subset ""2024 Upper Deck Women of Marvel - Foil Lt Fx Gold"" (id 6266)"
2024 Upper Deck Women of Marvel,2024 Upper Deck Women of Marvel - 2024 Upper Deck Women of Marvel,16,Red Foil Lt FX,1,78246,2024 Upper Deck Women of Marvel - Foil Lt Fx Red,"Move to existing subset ""2024 Upper Deck Women of Marvel - Foil Lt Fx Red"" (id 6269)"
2024 Upper Deck Women of Marvel,2024 Upper Deck Women of Marvel - 2024 Upper Deck Women of Marvel,17,Red Foil Lt FX,1,78071,2024 Upper Deck Women of Marvel - Foil Lt Fx Red,"Move to existing subset ""2024 Upper Deck Women of Marvel - Foil Lt Fx Red"" (id 6269)"
2024 Upper Deck Women of Marvel,2024 Upper Deck Women of Marvel - 2024 Upper Deck Women of Marvel,17,Copper Foil Lt FX,1,78142,2024 Upper Deck Women of Marvel - Foil Lt Fx Copper,"Move to existing subset ""2024 Upper Deck Women of Marvel - Foil Lt Fx Copper"" (id 6265)"
2024 Upper Deck Women of Marvel,2024 Upper Deck Women of Marvel - 2024 Upper Deck Women of Marvel,17,Green Foil Lt FX,1,78143,2024 Upper Deck Women of Marvel - Foil Lt Fx Green,"Move to existing subset ""2024 Upper Deck Women of Marvel - Foil Lt Fx Green"" (id 6267)"
2024 Upper Deck Women of Marvel,2024 Upper Deck Women of Marvel - 2024 Upper Deck Women of Marvel,17,Gold Foil Lt FX,1,78144,2024 Upper Deck Women of Marvel - Foil Lt Fx Gold,"Move to existing subset ""2024 Upper Deck Women of Marvel - Foil Lt Fx Gold"" (id 6266)"
2024 Upper Deck Women of Marvel,2024 Upper Deck Women of Marvel - 2024 Upper Deck Women of Marvel,17,Blue Foil Lt FX,1,78145,2024 Upper Deck Women of Marvel - Foil Lt Fx Blue,"Move to existing subset ""2024 Upper Deck Women of Marvel - Foil Lt Fx Blue"" (id 6264)"
2024 Upper Deck Women of Marvel,2024 Upper Deck Women of Marvel - 2024 Upper Deck Women of Marvel,18,Purple Foil Lt FX,1,78202,2024 Upper Deck Women of Marvel - Foil Lt Fx Purple,"Move to existing subset ""2024 Upper Deck Women of Marvel - Foil Lt Fx Purple"" (id 6268)"
2024 Upper Deck Women of Marvel,2024 Upper Deck Women of Marvel - 2024 Upper Deck Women of Marvel,18,Green Foil Lt FX,1,78204,2024 Upper Deck Women of Marvel - Foil Lt Fx Green,"Move to existing subset ""2024 Upper Deck Women of Marvel - Foil Lt Fx Green"" (id 6267)"
2024 Upper Deck Women of Marvel,2024 Upper Deck Women of Marvel - 2024 Upper Deck Women of Marvel,18,Red Foil Lt FX,1,78205,2024 Upper Deck Women of Marvel - Foil Lt Fx Red,"Move to existing subset ""2024 Upper Deck Women of Marvel - Foil Lt Fx Red"" (id 6269)"
2024 Upper Deck Women of Marvel,2024 Upper Deck Women of Marvel - 2024 Upper Deck Women of Marvel,18,Gold Foil Lt FX,1,78251,2024 Upper Deck Women of Marvel - Foil Lt Fx Gold,"Move to existing subset ""2024 Upper Deck Women of Marvel - Foil Lt Fx Gold"" (id 6266)"
2024 Upper Deck Women of Marvel,2024 Upper Deck Women of Marvel - 2024 Upper Deck Women of Marvel,18,Blue Foil Lt FX,1,78252,2024 Upper Deck Women of Marvel - Foil Lt Fx Blue,"Move to existing subset ""2024 Upper Deck Women of Marvel - Foil Lt Fx Blue"" (id 6264)"
2024 Upper Deck Women of Marvel,2024 Upper Deck Women of Marvel - 2024 Upper Deck Women of Marvel,26,Purple Foil Lt FX,1,78261,2024 Upper Deck Women of Marvel - Foil Lt Fx Purple,"Move to existing subset ""2024 Upper Deck Women of Marvel - Foil Lt Fx Purple"" (id 6268)"
2024 Upper Deck Women of Marvel,2024 Upper Deck Women of Marvel - 2024 Upper Deck Women of Marvel,26,Green Foil Lt FX,1,78262,2024 Upper Deck Women of Marvel - Foil Lt Fx Green,"Move to existing subset ""2024 Upper Deck Women of Marvel - Foil Lt Fx Green"" (id 6267)"
2024 Upper Deck Women of Marvel,2024 Upper Deck Women of Marvel - 2024 Upper Deck Women of Marvel,26,Gold Foil Lt FX,1,78263,2024 Upper Deck Women of Marvel - Foil Lt Fx Gold,"Move to existing subset ""2024 Upper Deck Women of Marvel - Foil Lt Fx Gold"" (id 6266)"
2024 Upper Deck Women of Marvel,2024 Upper Deck Women of Marvel - 2024 Upper Deck Women of Marvel,26,Blue Foil Lt FX,1,78264,2024 Upper Deck Women of Marvel - Foil Lt Fx Blue,"Move to existing subset ""2024 Upper Deck Women of Marvel - Foil Lt Fx Blue"" (id 6264)"
2024 Upper Deck Women of Marvel,2024 Upper Deck Women of Marvel - 2024 Upper Deck Women of Marvel,26,Red Foil Lt FX,1,78265,2024 Upper Deck Women of Marvel - Foil Lt Fx Red,"Move to existing subset ""2024 Upper Deck Women of Marvel - Foil Lt Fx Red"" (id 6269)"
2024 Upper Deck Women of Marvel,2024 Upper Deck Women of Marvel - 2024 Upper Deck Women of Marvel,32,Purple Foil Lt FX,1,78094,2024 Upper Deck Women of Marvel - Foil Lt Fx Purple,"Move to existing subset ""2024 Upper Deck Women of Marvel - Foil Lt Fx Purple"" (id 6268)"
2024 Upper Deck Women of Marvel,2024 Upper Deck Women of Marvel - 2024 Upper Deck Women of Marvel,32,Copper Foil Lt FX,1,78095,2024 Upper Deck Women of Marvel - Foil Lt Fx Copper,"Move to existing subset ""2024 Upper Deck Women of Marvel - Foil Lt Fx Copper"" (id 6265)"
2024 Upper Deck Women of Marvel,2024 Upper Deck Women of Marvel - 2024 Upper Deck Women of Marvel,32,Green Foil Lt FX,1,78096,2024 Upper Deck Women of Marvel - Foil Lt Fx Green,"Move to existing subset ""2024 Upper Deck Women of Marvel - Foil Lt Fx Green"" (id 6267)"
2024 Upper Deck Women of Marvel,2024 Upper Deck Women of Marvel - 2024 Upper Deck Women of Marvel,32,Gold Foil Lt FX,1,78097,2024 Upper Deck Women of Marvel - Foil Lt Fx Gold,"Move to existing subset ""2024 Upper Deck Women of Marvel - Foil Lt Fx Gold"" (id 6266)"
2024 Upper Deck Women of Marvel,2024 Upper Deck Women of Marvel - 2024 Upper Deck Women of Marvel,32,Blue Foil Lt FX,1,78098,2024 Upper Deck Women of Marvel - Foil Lt Fx Blue,"Move to existing subset ""2024 Upper Deck Women of Marvel - Foil Lt Fx Blue"" (id 6264)"
2024 Upper Deck Women of Marvel,2024 Upper Deck Women of Marvel - 2024 Upper Deck Women of Marvel,36,Blue Foil Lt FX,1,78223,2024 Upper Deck Women of Marvel - Foil Lt Fx Blue,"Move to existing subset ""2024 Upper Deck Women of Marvel - Foil Lt Fx Blue"" (id 6264)"
2024 Upper Deck Women of Marvel,2024 Upper Deck Women of Marvel - 2024 Upper Deck Women of Marvel,36,Purple Foil Lt FX,1,78271,2024 Upper Deck Women of Marvel - Foil Lt Fx Purple,"Move to existing subset ""2024 Upper Deck Women of Marvel - Foil Lt Fx Purple"" (id 6268)"
2024 Upper Deck Women of Marvel,2024 Upper Deck Women of Marvel - 2024 Upper Deck Women of Marvel,36,Copper Foil Lt FX,1,78272,2024 Upper Deck Women of Marvel - Foil Lt Fx Copper,"Move to existing subset ""2024 Upper Deck Women of Marvel - Foil Lt Fx Copper"" (id 6265)"
2024 Upper Deck Women of Marvel,2024 Upper Deck Women of Marvel - 2024 Upper Deck Women of Marvel,36,Green Foil Lt FX,1,78274,2024 Upper Deck Women of Marvel - Foil Lt Fx Green,"Move to existing subset ""2024 Upper Deck Women of Marvel - Foil Lt Fx Green"" (id 6267)"
2024 Upper Deck Women of Marvel,2024 Upper Deck Women of Marvel - 2024 Upper Deck Women of Marvel,36,Gold Foil Lt FX,1,78276,2024 Upper Deck Women of Marvel - Foil Lt Fx Gold,"Move to existing subset ""2024 Upper Deck Women of Marvel - Foil Lt Fx Gold"" (id 6266)"
2024 Upper Deck Women of Marvel,2024 Upper Deck Women of Marvel - 2024 Upper Deck Women of Marvel,38,Purple Foil Lt FX,1,78169,2024 Upper Deck Women of Marvel - Foil Lt Fx Purple,"Move to existing subset ""2024 Upper Deck Women of Marvel - Foil Lt Fx Purple"" (id 6268)"
2024 Upper Deck Women of Marvel,2024 Upper Deck Women of Marvel - 2024 Upper Deck Women of Marvel,38,Copper Foil Lt FX,1,78170,2024 Upper Deck Women of Marvel - Foil Lt Fx Copper,"Move to existing subset ""2024 Upper Deck Women of Marvel - Foil Lt Fx Copper"" (id 6265)"
2024 Upper Deck Women of Marvel,2024 Upper Deck Women of Marvel - 2024 Upper Deck Women of Marvel,38,Green Foil Lt FX,1,78173,2024 Upper Deck Women of Marvel - Foil Lt Fx Green,"Move to existing subset ""2024 Upper Deck Women of Marvel - Foil Lt Fx Green"" (id 6267)"
2024 Upper Deck Women of Marvel,2024 Upper Deck Women of Marvel - 2024 Upper Deck Women of Marvel,38,Gold Foil Lt FX,1,78174,2024 Upper Deck Women of Marvel - Foil Lt Fx Gold,"Move to existing subset ""2024 Upper Deck Women of Marvel - Foil Lt Fx Gold"" (id 6266)"
2024 Upper Deck Women of Marvel,2024 Upper Deck Women of Marvel - 2024 Upper Deck Women of Marvel,38,Red Foil Lt FX,1,78175,2024 Upper Deck Women of Marvel - Foil Lt Fx Red,"Move to existing subset ""2024 Upper Deck Women of Marvel - Foil Lt Fx Red"" (id 6269)"
2024 Upper Deck Women of Marvel,2024 Upper Deck Women of Marvel - 2024 Upper Deck Women of Marvel,43,Purple Foil Lt FX,1,78277,2024 Upper Deck Women of Marvel - Foil Lt Fx Purple,"Move to existing subset ""2024 Upper Deck Women of Marvel - Foil Lt Fx Purple"" (id 6268)"
2024 Upper Deck Women of Marvel,2024 Upper Deck Women of Marvel - 2024 Upper Deck Women of Marvel,43,Copper Foil Lt FX,1,78278,2024 Upper Deck Women of Marvel - Foil Lt Fx Copper,"Move to existing subset ""2024 Upper Deck Women of Marvel - Foil Lt Fx Copper"" (id 6265)"
2024 Upper Deck Women of Marvel,2024 Upper Deck Women of Marvel - 2024 Upper Deck Women of Marvel,43,Green Foil Lt FX,1,78280,2024 Upper Deck Women of Marvel - Foil Lt Fx Green,"Move to existing subset ""2024 Upper Deck Women of Marvel - Foil Lt Fx Green"" (id 6267)"
2024 Upper Deck Women of Marvel,2024 Upper Deck Women of Marvel - 2024 Upper Deck Women of Marvel,43,Gold Foil Lt FX,1,78281,2024 Upper Deck Women of Marvel - Foil Lt Fx Gold,"Move to existing subset ""2024 Upper Deck Women of Marvel - Foil Lt Fx Gold"" (id 6266)"
2024 Upper Deck Women of Marvel,2024 Upper Deck Women of Marvel - 2024 Upper Deck Women of Marvel,43,Red Foil Lt FX,1,78284,2024 Upper Deck Women of Marvel - Foil Lt Fx Red,"Move to existing subset ""2024 Upper Deck Women of Marvel - Foil Lt Fx Red"" (id 6269)"
2024 Upper Deck Women of Marvel,2024 Upper Deck Women of Marvel - 2024 Upper Deck Women of Marvel,49,Copper Foil Lt FX,1,78109,2024 Upper Deck Women of Marvel - Foil Lt Fx Copper,"Move to existing subset ""2024 Upper Deck Women of Marvel - Foil Lt Fx Copper"" (id 6265)"
2024 Upper Deck Women of Marvel,2024 Upper Deck Women of Marvel - 2024 Upper Deck Women of Marvel,49,Gold Foil Lt FX,1,78113,2024 Upper Deck Women of Marvel - Foil Lt Fx Gold,"Move to existing subset ""2024 Upper Deck Women of Marvel - Foil Lt Fx Gold"" (id 6266)"
2024 Upper Deck Women of Marvel,2024 Upper Deck Women of Marvel - 2024 Upper Deck Women of Marvel,49,Blue Foil Lt FX,1,78114,2024 Upper Deck Women of Marvel - Foil Lt Fx Blue,"Move to existing subset ""2024 Upper Deck Women of Marvel - Foil Lt Fx Blue"" (id 6264)"
2024 Upper Deck Women of Marvel,2024 Upper Deck Women of Marvel - 2024 Upper Deck Women of Marvel,49,Purple Foil Lt FX,1,78290,2024 Upper Deck Women of Marvel - Foil Lt Fx Purple,"Move to existing subset ""2024 Upper Deck Women of Marvel - Foil Lt Fx Purple"" (id 6268)"
2024 Upper Deck Women of Marvel,2024 Upper Deck Women of Marvel - 2024 Upper Deck Women of Marvel,49,Green Foil Lt FX,1,78291,2024 Upper Deck Women of Marvel - Foil Lt Fx Green,"Move to existing subset ""2024 Upper Deck Women of Marvel - Foil Lt Fx Green"" (id 6267)"
2024 Upper Deck Women of Marvel,2024 Upper Deck Women of Marvel - 2024 Upper Deck Women of Marvel,57,Purple Foil Lt FX,1,78285,2024 Upper Deck Women of Marvel - Foil Lt Fx Purple,"Move to existing subset ""2024 Upper Deck Women of Marvel - Foil Lt Fx Purple"" (id 6268)"
2024 Upper Deck Women of Marvel,2024 Upper Deck Women of Marvel - 2024 Upper Deck Women of Marvel,57,Copper Foil Lt FX,1,78286,2024 Upper Deck Women of Marvel - Foil Lt Fx Copper,"Move to existing subset ""2024 Upper Deck Women of Marvel - Foil Lt Fx Copper"" (id 6265)"
2024 Upper Deck Women of Marvel,2024 Upper Deck Women of Marvel - 2024 Upper Deck Women of Marvel,57,Green Foil Lt FX,1,78287,2024 Upper Deck Women of Marvel - Foil Lt Fx Green,"Move to existing subset ""2024 Upper Deck Women of Marvel - Foil Lt Fx Green"" (id 6267)"
2024 Upper Deck Women of Marvel,2024 Upper Deck Women of Marvel - 2024 Upper Deck Women of Marvel,57,Gold Foil Lt FX,1,78288,2024 Upper Deck Women of Marvel - Foil Lt Fx Gold,"Move to existing subset ""2024 Upper Deck Women of Marvel - Foil Lt Fx Gold"" (id 6266)"
2024 Upper Deck Women of Marvel,2024 Upper Deck Women of Marvel - 2024 Upper Deck Women of Marvel,57,Blue Foil Lt FX,1,78289,2024 Upper Deck Women of Marvel - Foil Lt Fx Blue,"Move to existing subset ""2024 Upper Deck Women of Marvel - Foil Lt Fx Blue"" (id 6264)"
2024 Upper Deck Women of Marvel,2024 Upper Deck Women of Marvel - 2024 Upper Deck Women of Marvel,66,Copper Foil Lt FX,1,78191,2024 Upper Deck Women of Marvel - Foil Lt Fx Copper,"Move to existing subset ""2024 Upper Deck Women of Marvel - Foil Lt Fx Copper"" (id 6265)"
2024 Upper Deck Women of Marvel,2024 Upper Deck Women of Marvel - 2024 Upper Deck Women of Marvel,66,Purple Foil Lt FX,1,78192,2024 Upper Deck Women of Marvel - Foil Lt Fx Purple,"Move to existing subset ""2024 Upper Deck Women of Marvel - Foil Lt Fx Purple"" (id 6268)"
2024 Upper Deck Women of Marvel,2024 Upper Deck Women of Marvel - 2024 Upper Deck Women of Marvel,66,Green Foil Lt FX,1,78193,2024 Upper Deck Women of Marvel - Foil Lt Fx Green,"Move to existing subset ""2024 Upper Deck Women of Marvel - Foil Lt Fx Green"" (id 6267)"
2024 Upper Deck Women of Marvel,2024 Upper Deck Women of Marvel - 2024 Upper Deck Women of Marvel,66,Gold Foil Lt FX,1,78194,2024 Upper Deck Women of Marvel - Foil Lt Fx Gold,"Move to existing subset ""2024 Upper Deck Women of Marvel - Foil Lt Fx Gold"" (id 6266)"
2024 Upper Deck Women of Marvel,2024 Upper Deck Women of Marvel - 2024 Upper Deck Women of Marvel,66,Blue Foil Lt FX,1,78195,2024 Upper Deck Women of Marvel - Foil Lt Fx Blue,"Move to existing subset ""2024 Upper Deck Women of Marvel - Foil Lt Fx Blue"" (id 6264)"
2024 Upper Deck Women of Marvel,2024 Upper Deck Women of Marvel - 2024 Upper Deck Women of Marvel,69,Purple Foil Lt FX,1,78067,2024 Upper Deck Women of Marvel - Foil Lt Fx Purple,"Move to existing subset ""2024 Upper Deck Women of Marvel - Foil Lt Fx Purple"" (id 6268)"
2024 Upper Deck Women of Marvel,2024 Upper Deck Women of Marvel - 2024 Upper Deck Women of Marvel,69,Copper Foil Lt FX,1,78068,2024 Upper Deck Women of Marvel - Foil Lt Fx Copper,"Move to existing subset ""2024 Upper Deck Women of Marvel - Foil Lt Fx Copper"" (id 6265)"
2024 Upper Deck Women of Marvel,2024 Upper Deck Women of Marvel - 2024 Upper Deck Women of Marvel,69,Green Foil Lt FX,1,78070,2024 Upper Deck Women of Marvel - Foil Lt Fx Green,"Move to existing subset ""2024 Upper Deck Women of Marvel - Foil Lt Fx Green"" (id 6267)"
2024 Upper Deck Women of Marvel,2024 Upper Deck Women of Marvel - 2024 Upper Deck Women of Marvel,69,Gold Foil Lt FX,1,78072,2024 Upper Deck Women of Marvel - Foil Lt Fx Gold,"Move to existing subset ""2024 Upper Deck Women of Marvel - Foil Lt Fx Gold"" (id 6266)"
2024 Upper Deck Women of Marvel,2024 Upper Deck Women of Marvel - 2024 Upper Deck Women of Marvel,69,Blue Foil Lt FX,1,78074,2024 Upper Deck Women of Marvel - Foil Lt Fx Blue,"Move to existing subset ""2024 Upper Deck Women of Marvel - Foil Lt Fx Blue"" (id 6264)"
2024 Upper Deck Women of Marvel,2024 Upper Deck Women of Marvel - 2024 Upper Deck Women of Marvel,10,Blue Foil Lt FX,1,78051,2024 Upper Deck Women of Marvel - Foil Lt Fx Blue,"Move to existing subset ""2024 Upper Deck Women of Marvel - Foil Lt Fx Blue"" (id 6264)"
2024 Upper Deck Women of Marvel,2024 Upper Deck Women of Marvel - 2024 Upper Deck Women of Marvel,10,Copper Foil Lt FX,1,78239,2024 Upper Deck Women of Marvel - Foil Lt Fx Copper,"Move to existing subset ""2024 Upper Deck Women of Marvel - Foil Lt Fx Copper"" (id 6265)"
2024 Upper Deck Women of Marvel,2024 Upper Deck Women of Marvel - 2024 Upper Deck Women of Marvel,10,Green Foil Lt FX,1,78240,2024 Upper Deck Women of Marvel - Foil Lt Fx Green,"Move to existing subset ""2024 Upper Deck Women of Marvel - Foil Lt Fx Green"" (id 6267)"
2024 Upper Deck Women of Marvel,2024 Upper Deck Women of Marvel - 2024 Upper Deck Women of Marvel,10,Gold Foil Lt FX,1,78241,2024 Upper Deck Women of Marvel - Foil Lt Fx Gold,"Move to existing subset ""2024 Upper Deck Women of Marvel - Foil Lt Fx Gold"" (id 6266)"
2024 Upper Deck Women of Marvel,2024 Upper Deck Women of Marvel - 2024 Upper Deck Women of Marvel,35,Purple Foil Lt FX,1,78269,2024 Upper Deck Women of Marvel - Foil Lt Fx Purple,"Move to existing subset ""2024 Upper Deck Women of Marvel - Foil Lt Fx Purple"" (id 6268)"
2024 Upper Deck Women of Marvel,2024 Upper Deck Women of Marvel - 2024 Upper Deck Women of Marvel,35,Green Foil Lt FX,1,78270,2024 Upper Deck Women of Marvel - Foil Lt Fx Green,"Move to existing subset ""2024 Upper Deck Women of Marvel - Foil Lt Fx Green"" (id 6267)"
2024 Upper Deck Women of Marvel,2024 Upper Deck Women of Marvel - 2024 Upper Deck Women of Marvel,35,Gold Foil Lt FX,1,78273,2024 Upper Deck Women of Marvel - Foil Lt Fx Gold,"Move to existing subset ""2024 Upper Deck Women of Marvel - Foil Lt Fx Gold"" (id 6266)"
2024 Upper Deck Women of Marvel,2024 Upper Deck Women of Marvel - 2024 Upper Deck Women of Marvel,35,Red Foil Lt FX,1,78275,2024 Upper Deck Women of Marvel - Foil Lt Fx Red,"Move to existing subset ""2024 Upper Deck Women of Marvel - Foil Lt Fx Red"" (id 6269)"
2024 Upper Deck Women of Marvel,2024 Upper Deck Women of Marvel - 2024 Upper Deck Women of Marvel,40,Copper Foil Lt FX,1,78099,2024 Upper Deck Women of Marvel - Foil Lt Fx Copper,"Move to existing subset ""2024 Upper Deck Women of Marvel - Foil Lt Fx Copper"" (id 6265)"
2024 Upper Deck Women of Marvel,2024 Upper Deck Women of Marvel - 2024 Upper Deck Women of Marvel,40,Green Foil Lt FX,1,78100,2024 Upper Deck Women of Marvel - Foil Lt Fx Green,"Move to existing subset ""2024 Upper Deck Women of Marvel - Foil Lt Fx Green"" (id 6267)"
2024 Upper Deck Women of Marvel,2024 Upper Deck Women of Marvel - 2024 Upper Deck Women of Marvel,40,Gold Foil Lt FX,1,78101,2024 Upper Deck Women of Marvel - Foil Lt Fx Gold,"Move to existing subset ""2024 Upper Deck Women of Marvel - Foil Lt Fx Gold"" (id 6266)"
2024 Upper Deck Women of Marvel,2024 Upper Deck Women of Marvel - 2024 Upper Deck Women of Marvel,40,Blue Foil Lt FX,1,78102,2024 Upper Deck Women of Marvel - Foil Lt Fx Blue,"Move to existing subset ""2024 Upper Deck Women of Marvel - Foil Lt Fx Blue"" (id 6264)"
2024 Upper Deck Women of Marvel,2024 Upper Deck Women of Marvel - 2024 Upper Deck Women of Marvel,58,Purple Foil Lt FX,1,78186,2024 Upper Deck Women of Marvel - Foil Lt Fx Purple,"Move to existing subset ""2024 Upper Deck Women of Marvel - Foil Lt Fx Purple"" (id 6268)"
2024 Upper Deck Women of Marvel,2024 Upper Deck Women of Marvel - 2024 Upper Deck Women of Marvel,58,Green Foil Lt FX,1,78188,2024 Upper Deck Women of Marvel - Foil Lt Fx Green,"Move to existing subset ""2024 Upper Deck Women of Marvel - Foil Lt Fx Green"" (id 6267)"
2024 Upper Deck Women of Marvel,2024 Upper Deck Women of Marvel - 2024 Upper Deck Women of Marvel,58,Red Foil Lt FX,1,78190,2024 Upper Deck Women of Marvel - Foil Lt Fx Red,"Move to existing subset ""2024 Upper Deck Women of Marvel - Foil Lt Fx Red"" (id 6269)"
2024 Upper Deck Women of Marvel,2024 Upper Deck Women of Marvel - 2024 Upper Deck Women of Marvel,58,Blue Foil Lt FX,1,78224,2024 Upper Deck Women of Marvel - Foil Lt Fx Blue,"Move to existing subset ""2024 Upper Deck Women of Marvel - Foil Lt Fx Blue"" (id 6264)"
2024 Upper Deck Women of Marvel,2024 Upper Deck Women of Marvel - 2024 Upper Deck Women of Marvel,68,Purple Foil Lt FX,1,78138,2024 Upper Deck Women of Marvel - Foil Lt Fx Purple,"Move to existing subset ""2024 Upper Deck Women of Marvel - Foil Lt Fx Purple"" (id 6268)"
2024 Upper Deck Women of Marvel,2024 Upper Deck Women of Marvel - 2024 Upper Deck Women of Marvel,68,Green Foil Lt FX,1,78139,2024 Upper Deck Women of Marvel - Foil Lt Fx Green,"Move to existing subset ""2024 Upper Deck Women of Marvel - Foil Lt Fx Green"" (id 6267)"
2024 Upper Deck Women of Marvel,2024 Upper Deck Women of Marvel - 2024 Upper Deck Women of Marvel,68,Gold Foil Lt FX,1,78140,2024 Upper Deck Women of Marvel - Foil Lt Fx Gold,"Move to existing subset ""2024 Upper Deck Women of Marvel - Foil Lt Fx Gold"" (id 6266)"
2024 Upper Deck Women of Marvel,2024 Upper Deck Women of Marvel - 2024 Upper Deck Women of Marvel,68,Blue Foil Lt FX,1,78141,2024 Upper Deck Women of Marvel - Foil Lt Fx Blue,"Move to existing subset ""2024 Upper Deck Women of Marvel - Foil Lt Fx Blue"" (id 6264)"
2024 Upper Deck Women of Marvel,2024 Upper Deck Women of Marvel - 2024 Upper Deck Women of Marvel,73,Copper Foil Lt FX,1,78133,2024 Upper Deck Women of Marvel - Foil Lt Fx Copper,"Move to existing subset ""2024 Upper Deck Women of Marvel - Foil Lt Fx Copper"" (id 6265)"
2024 Upper Deck Women of Marvel,2024 Upper Deck Women of Marvel - 2024 Upper Deck Women of Marvel,73,Green Foil Lt FX,1,78135,2024 Upper Deck Women of Marvel - Foil Lt Fx Green,"Move to existing subset ""2024 Upper Deck Women of Marvel - Foil Lt Fx Green"" (id 6267)"
2024 Upper Deck Women of Marvel,2024 Upper Deck Women of Marvel - 2024 Upper Deck Women of Marvel,73,Gold Foil Lt FX,1,78136,2024 Upper Deck Women of Marvel - Foil Lt Fx Gold,"Move to existing subset ""2024 Upper Deck Women of Marvel - Foil Lt Fx Gold"" (id 6266)"
2024 Upper Deck Women of Marvel,2024 Upper Deck Women of Marvel - 2024 Upper Deck Women of Marvel,73,Blue Foil Lt FX,1,78137,2024 Upper Deck Women of Marvel - Foil Lt Fx Blue,"Move to existing subset ""2024 Upper Deck Women of Marvel - Foil Lt Fx Blue"" (id 6264)"
2024 Upper Deck Women of Marvel,2024 Upper Deck Women of Marvel - 2024 Upper Deck Women of Marvel,12,Purple Foil Lt FX,1,78247,2024 Upper Deck Women of Marvel - Foil Lt Fx Purple,"Move to existing subset ""2024 Upper Deck Women of Marvel - Foil Lt Fx Purple"" (id 6268)"
2024 Upper Deck Women of Marvel,2024 Upper Deck Women of Marvel - 2024 Upper Deck Women of Marvel,12,Green Foil Lt FX,1,78249,2024 Upper Deck Women of Marvel - Foil Lt Fx Green,"Move to existing subset ""2024 Upper Deck Women of Marvel - Foil Lt Fx Green"" (id 6267)"
2024 Upper Deck Women of Marvel,2024 Upper Deck Women of Marvel - 2024 Upper Deck Women of Marvel,12,Red Foil Lt FX,1,78250,2024 Upper Deck Women of Marvel - Foil Lt Fx Red,"Move to existing subset ""2024 Upper Deck Women of Marvel - Foil Lt Fx Red"" (id 6269)"
2024 Upper Deck Women of Marvel,2024 Upper Deck Women of Marvel - 2024 Upper Deck Women of Marvel,15,Green Foil Lt FX,1,78059,2024 Upper Deck Women of Marvel - Foil Lt Fx Green,"Move to existing subset ""2024 Upper Deck Women of Marvel - Foil Lt Fx Green"" (id 6267)"
2024 Upper Deck Women of Marvel,2024 Upper Deck Women of Marvel - 2024 Upper Deck Women of Marvel,15,Purple Foil Lt FX,1,78130,2024 Upper Deck Women of Marvel - Foil Lt Fx Purple,"Move to existing subset ""2024 Upper Deck Women of Marvel - Foil Lt Fx Purple"" (id 6268)"
2024 Upper Deck Women of Marvel,2024 Upper Deck Women of Marvel - 2024 Upper Deck Women of Marvel,15,Red Foil Lt FX,1,78131,2024 Upper Deck Women of Marvel - Foil Lt Fx Red,"Move to existing subset ""2024 Upper Deck Women of Marvel - Foil Lt Fx Red"" (id 6269)"
2024 Upper Deck Women of Marvel,2024 Upper Deck Women of Marvel - 2024 Upper Deck Women of Marvel,25,Copper Foil Lt FX,1,78084,2024 Upper Deck Women of Marvel - Foil Lt Fx Copper,"Move to existing subset ""2024 Upper Deck Women of Marvel - Foil Lt Fx Copper"" (id 6265)"
2024 Upper Deck Women of Marvel,2024 Upper Deck Women of Marvel - 2024 Upper Deck Women of Marvel,25,Gold Foil Lt FX,1,78085,2024 Upper Deck Women of Marvel - Foil Lt Fx Gold,"Move to existing subset ""2024 Upper Deck Women of Marvel - Foil Lt Fx Gold"" (id 6266)"
2024 Upper Deck Women of Marvel,2024 Upper Deck Women of Marvel - 2024 Upper Deck Women of Marvel,25,Blue Foil Lt FX,1,78086,2024 Upper Deck Women of Marvel - Foil Lt Fx Blue,"Move to existing subset ""2024 Upper Deck Women of Marvel - Foil Lt Fx Blue"" (id 6264)"
2024 Upper Deck Women of Marvel,2024 Upper Deck Women of Marvel - 2024 Upper Deck Women of Marvel,27,Copper Foil Lt FX,1,78266,2024 Upper Deck Women of Marvel - Foil Lt Fx Copper,"Move to existing subset ""2024 Upper Deck Women of Marvel - Foil Lt Fx Copper"" (id 6265)"
2024 Upper Deck Women of Marvel,2024 Upper Deck Women of Marvel - 2024 Upper Deck Women of Marvel,27,Gold Foil Lt FX,1,78267,2024 Upper Deck Women of Marvel - Foil Lt Fx Gold,"Move to existing subset ""2024 Upper Deck Women of Marvel - Foil Lt Fx Gold"" (id 6266)"
2024 Upper Deck Women of Marvel,2024 Upper Deck Women of Marvel - 2024 Upper Deck Women of Marvel,27,Blue Foil Lt FX,1,78268,2024 Upper Deck Women of Marvel - Foil Lt Fx Blue,"Move to existing subset ""2024 Upper Deck Women of Marvel - Foil Lt Fx Blue"" (id 6264)"
2024 Upper Deck Women of Marvel,2024 Upper Deck Women of Marvel - 2024 Upper Deck Women of Marvel,4,Copper Foil Lt FX,1,78127,2024 Upper Deck Women of Marvel - Foil Lt Fx Copper,"Move to existing subset ""2024 Upper Deck Women of Marvel - Foil Lt Fx Copper"" (id 6265)"
2024 Upper Deck Women of Marvel,2024 Upper Deck Women of Marvel - 2024 Upper Deck Women of Marvel,4,Green Foil Lt FX,1,78128,2024 Upper Deck Women of Marvel - Foil Lt Fx Green,"Move to existing subset ""2024 Upper Deck Women of Marvel - Foil Lt Fx Green"" (id 6267)"
2024 Upper Deck Women of Marvel,2024 Upper Deck Women of Marvel - 2024 Upper Deck Women of Marvel,4,Gold Foil Lt FX,1,78129,2024 Upper Deck Women of Marvel - Foil Lt Fx Gold,"Move to existing subset ""2024 Upper Deck Women of Marvel - Foil Lt Fx Gold"" (id 6266)"
2024 Upper Deck Women of Marvel,2024 Upper Deck Women of Marvel - 2024 Upper Deck Women of Marvel,50,Purple Foil Lt FX,1,78183,2024 Upper Deck Women of Marvel - Foil Lt Fx Purple,"Move to existing subset ""2024 Upper Deck Women of Marvel - Foil Lt Fx Purple"" (id 6268)"
2024 Upper Deck Women of Marvel,2024 Upper Deck Women of Marvel - 2024 Upper Deck Women of Marvel,50,Green Foil Lt FX,1,78184,2024 Upper Deck Women of Marvel - Foil Lt Fx Green,"Move to existing subset ""2024 Upper Deck Women of Marvel - Foil Lt Fx Green"" (id 6267)"
2024 Upper Deck Women of Marvel,2024 Upper Deck Women of Marvel - 2024 Upper Deck Women of Marvel,50,Red Foil Lt FX,1,78187,2024 Upper Deck Women of Marvel - Foil Lt Fx Red,"Move to existing subset ""2024 Upper Deck Women of Marvel - Foil Lt Fx Red"" (id 6269)"
2024 Upper Deck Women of Marvel,2024 Upper Deck Women of Marvel - 2024 Upper Deck Women of Marvel,52,Copper Foil Lt FX,1,78116,2024 Upper Deck Women of Marvel - Foil Lt Fx Copper,"Move to existing subset ""2024 Upper Deck Women of Marvel - Foil Lt Fx Copper"" (id 6265)"
2024 Upper Deck Women of Marvel,2024 Upper Deck Women of Marvel - 2024 Upper Deck Women of Marvel,52,Green Foil Lt FX,1,78118,2024 Upper Deck Women of Marvel - Foil Lt Fx Green,"Move to existing subset ""2024 Upper Deck Women of Marvel - Foil Lt Fx Green"" (id 6267)"
2024 Upper Deck Women of Marvel,2024 Upper Deck Women of Marvel - 2024 Upper Deck Women of Marvel,52,Blue Foil Lt FX,1,78120,2024 Upper Deck Women of Marvel - Foil Lt Fx Blue,"Move to existing subset ""2024 Upper Deck Women of Marvel - Foil Lt Fx Blue"" (id 6264)"
2024 Upper Deck Women of Marvel,2024 Upper Deck Women of Marvel - 2024 Upper Deck Women of Marvel,67,Blue Foil Lt FX,1,78066,2024 Upper Deck Women of Marvel - Foil Lt Fx Blue,"Move to existing subset ""2024 Upper Deck Women of Marvel - Foil Lt Fx Blue"" (id 6264)"
2024 Upper Deck Women of Marvel,2024 Upper Deck Women of Marvel - 2024 Upper Deck Women of Marvel,67,Copper Foil Lt FX,1,78132,2024 Upper Deck Women of Marvel - Foil Lt Fx Copper,"Move to existing subset ""2024 Upper Deck Women of Marvel - Foil Lt Fx Copper"" (id 6265)"
2024 Upper Deck Women of Marvel,2024 Upper Deck Women of Marvel - 2024 Upper Deck Women of Marvel,67,Gold Foil Lt FX,1,78134,2024 Upper Deck Women of Marvel - Foil Lt Fx Gold,"Move to existing subset ""2024 Upper Deck Women of Marvel - Foil Lt Fx Gold"" (id 6266)"
2024 Upper Deck Women of Marvel,2024 Upper Deck Women of Marvel - 2024 Upper Deck Women of Marvel,20,Copper Foil Lt FX,1,78150,2024 Upper Deck Women of Marvel - Foil Lt Fx Copper,"Move to existing subset ""2024 Upper Deck Women of Marvel - Foil Lt Fx Copper"" (id 6265)"
2024 Upper Deck Women of Marvel,2024 Upper Deck Women of Marvel - 2024 Upper Deck Women of Marvel,20,Blue Foil Lt FX,1,78151,2024 Upper Deck Women of Marvel - Foil Lt Fx Blue,"Move to existing subset ""2024 Upper Deck Women of Marvel - Foil Lt Fx Blue"" (id 6264)"
2024 Upper Deck Women of Marvel,2024 Upper Deck Women of Marvel - 2024 Upper Deck Women of Marvel,22,Purple Foil Lt FX,1,78254,2024 Upper Deck Women of Marvel - Foil Lt Fx Purple,"Move to existing subset ""2024 Upper Deck Women of Marvel - Foil Lt Fx Purple"" (id 6268)"
2024 Upper Deck Women of Marvel,2024 Upper Deck Women of Marvel - 2024 Upper Deck Women of Marvel,22,Red Foil Lt FX,1,78260,2024 Upper Deck Women of Marvel - Foil Lt Fx Red,"Move to existing subset ""2024 Upper Deck Women of Marvel - Foil Lt Fx Red"" (id 6269)"
2024 Upper Deck Women of Marvel,2024 Upper Deck Women of Marvel - 2024 Upper Deck Women of Marvel,28,Red Foil Lt FX,1,78213,2024 Upper Deck Women of Marvel - Foil Lt Fx Red,"Move to existing subset ""2024 Upper Deck Women of Marvel - Foil Lt Fx Red"" (id 6269)"
2024 Upper Deck Women of Marvel,2024 Upper Deck Women of Marvel - 2024 Upper Deck Women of Marvel,28,Copper Foil Lt FX,1,78222,2024 Upper Deck Women of Marvel - Foil Lt Fx Copper,"Move to existing subset ""2024 Upper Deck Women of Marvel - Foil Lt Fx Copper"" (id 6265)"
2024 Upper Deck Women of Marvel,2024 Upper Deck Women of Marvel - 2024 Upper Deck Women of Marvel,65,Copper Foil Lt FX,1,78231,2024 Upper Deck Women of Marvel - Foil Lt Fx Copper,"Move to existing subset ""2024 Upper Deck Women of Marvel - Foil Lt Fx Copper"" (id 6265)"
2024 Upper Deck Women of Marvel,2024 Upper Deck Women of Marvel - 2024 Upper Deck Women of Marvel,65,Blue Foil Lt FX,1,78232,2024 Upper Deck Women of Marvel - Foil Lt Fx Blue,"Move to existing subset ""2024 Upper Deck Women of Marvel - Foil Lt Fx Blue"" (id 6264)"
2024 Upper Deck Women of Marvel,2024 Upper Deck Women of Marvel - 2024 Upper Deck Women of Marvel,75,Blue Foil Lt FX,1,78073,2024 Upper Deck Women of Marvel - Foil Lt Fx Blue,"Move to existing subset ""2024 Upper Deck Women of Marvel - Foil Lt Fx Blue"" (id 6264)"
2024 Upper Deck Women of Marvel,2024 Upper Deck Women of Marvel - 2024 Upper Deck Women of Marvel,75,Red Foil Lt FX,1,78253,2024 Upper Deck Women of Marvel - Foil Lt Fx Red,"Move to existing subset ""2024 Upper Deck Women of Marvel - Foil Lt Fx Red"" (id 6269)"
2024 Upper Deck Women of Marvel,2024 Upper Deck Women of Marvel - 2024 Upper Deck Women of Marvel,8,Purple Foil Lt FX,1,78196,2024 Upper Deck Women of Marvel - Foil Lt Fx Purple,"Move to existing subset ""2024 Upper Deck Women of Marvel - Foil Lt Fx Purple"" (id 6268)"
2024 Upper Deck Women of Marvel,2024 Upper Deck Women of Marvel - 2024 Upper Deck Women of Marvel,8,Red Foil Lt FX,1,78197,2024 Upper Deck Women of Marvel - Foil Lt Fx Red,"Move to existing subset ""2024 Upper Deck Women of Marvel - Foil Lt Fx Red"" (id 6269)"
2024 Upper Deck Women of Marvel,2024 Upper Deck Women of Marvel - 2024 Upper Deck Women of Marvel,11,Purple Foil Lt FX,1,78069,2024 Upper Deck Women of Marvel - Foil Lt Fx Purple,"Move to existing subset ""2024 Upper Deck Women of Marvel - Foil Lt Fx Purple"" (id 6268)"
2024 Upper Deck Women of Marvel,2024 Upper Deck Women of Marvel - 2024 Upper Deck Women of Marvel,63,Blue Foil Lt FX,1,78058,2024 Upper Deck Women of Marvel - Foil Lt Fx Blue,"Move to existing subset ""2024 Upper Deck Women of Marvel - Foil Lt Fx Blue"" (id 6264)"
2024 Upper Deck Women of Marvel,2024 Upper Deck Women of Marvel - 2024 Upper Deck Women of Marvel,71,Blue Foil Lt FX,1,78152,2024 Upper Deck Women of Marvel - Foil Lt Fx Blue,"Move to existing subset ""2024 Upper Deck Women of Marvel - Foil Lt Fx Blue"" (id 6264)"
2024 Upper Deck Women of Marvel,2024 Upper Deck Women of Marvel - Battle Time,1,Foil Lt Fx Red,1,78332,2024 Upper Deck Women of Marvel - Foil Lt Fx Red,"Move to existing subset ""2024 Upper Deck Women of Marvel - Foil Lt Fx Red"" (id 6269)"
2024 Upper Deck Women of Marvel,2024 Upper Deck Women of Marvel - Battle Time,1,Foil Lt Fx Purple,1,78347,2024 Upper Deck Women of Marvel - Foil Lt Fx Purple,"Move to existing subset ""2024 Upper Deck Women of Marvel - Foil Lt Fx Purple"" (id 6268)"
2024 Upper Deck Women of Marvel,2024 Upper Deck Women of Marvel - Battle Time,1,Foil Lt Fx Copper,1,78348,2024 Upper Deck Women of Marvel - Foil Lt Fx Copper,"Move to existing subset ""2024 Upper Deck Women of Marvel - Foil Lt Fx Copper"" (id 6265)"
2024 Upper Deck Women of Marvel,2024 Upper Deck Women of Marvel - Battle Time,1,Foil Lt Fx Green,1,78349,2024 Upper Deck Women of Marvel - Foil Lt Fx Green,"Move to existing subset ""2024 Upper Deck Women of Marvel - Foil Lt Fx Green"" (id 6267)"
2024 Upper Deck Women of Marvel,2024 Upper Deck Women of Marvel - Battle Time,1,Foil Lt Fx Gold,1,78350,2024 Upper Deck Women of Marvel - Foil Lt Fx Gold,"Move to existing subset ""2024 Upper Deck Women of Marvel - Foil Lt Fx Gold"" (id 6266)"
2024 Upper Deck Women of Marvel,2024 Upper Deck Women of Marvel - Battle Time,1,Foil Lt Fx Blue,1,78351,2024 Upper Deck Women of Marvel - Foil Lt Fx Blue,"Move to existing subset ""2024 Upper Deck Women of Marvel - Foil Lt Fx Blue"" (id 6264)"
2024 Upper Deck Women of Marvel,2024 Upper Deck Women of Marvel - Battle Time,11,Foil Lt Fx Copper,1,78326,2024 Upper Deck Women of Marvel - Foil Lt Fx Copper,"Move to existing subset ""2024 Upper Deck Women of Marvel - Foil Lt Fx Copper"" (id 6265)"
2024 Upper Deck Women of Marvel,2024 Upper Deck Women of Marvel - Battle Time,11,Foil Lt Fx Gold,1,78328,2024 Upper Deck Women of Marvel - Foil Lt Fx Gold,"Move to existing subset ""2024 Upper Deck Women of Marvel - Foil Lt Fx Gold"" (id 6266)"
2024 Upper Deck Women of Marvel,2024 Upper Deck Women of Marvel - Battle Time,11,Foil Lt Fx Blue,1,78329,2024 Upper Deck Women of Marvel - Foil Lt Fx Blue,"Move to existing subset ""2024 Upper Deck Women of Marvel - Foil Lt Fx Blue"" (id 6264)"
2024 Upper Deck Women of Marvel,2024 Upper Deck Women of Marvel - Battle Time,11,Foil Lt Fx Purple,1,78340,2024 Upper Deck Women of Marvel - Foil Lt Fx Purple,"Move to existing subset ""2024 Upper Deck Women of Marvel - Foil Lt Fx Purple"" (id 6268)"
2024 Upper Deck Women of Marvel,2024 Upper Deck Women of Marvel - Battle Time,11,Foil Lt Fx Green,1,78341,2024 Upper Deck Women of Marvel - Foil Lt Fx Green,"Move to existing subset ""2024 Upper Deck Women of Marvel - Foil Lt Fx Green"" (id 6267)"
2024 Upper Deck Women of Marvel,2024 Upper Deck Women of Marvel - Battle Time,11,Foil Lt Fx Red,1,78342,2024 Upper Deck Women of Marvel - Foil Lt Fx Red,"Move to existing subset ""2024 Upper Deck Women of Marvel - Foil Lt Fx Red"" (id 6269)"
2024 Upper Deck Women of Marvel,2024 Upper Deck Women of Marvel - Battle Time,16,Foil Lt Fx Blue,1,78331,2024 Upper Deck Women of Marvel - Foil Lt Fx Blue,"Move to existing subset ""2024 Upper Deck Women of Marvel - Foil Lt Fx Blue"" (id 6264)"
2024 Upper Deck Women of Marvel,2024 Upper Deck Women of Marvel - Battle Time,16,Foil Lt Fx Red,1,78339,2024 Upper Deck Women of Marvel - Foil Lt Fx Red,"Move to existing subset ""2024 Upper Deck Women of Marvel - Foil Lt Fx Red"" (id 6269)"
2024 Upper Deck Women of Marvel,2024 Upper Deck Women of Marvel - Battle Time,16,Foil Lt Fx Purple,1,78343,2024 Upper Deck Women of Marvel - Foil Lt Fx Purple,"Move to existing subset ""2024 Upper Deck Women of Marvel - Foil Lt Fx Purple"" (id 6268)"
2024 Upper Deck Women of Marvel,2024 Upper Deck Women of Marvel - Battle Time,16,Foil Lt Fx Copper,1,78344,2024 Upper Deck Women of Marvel - Foil Lt Fx Copper,"Move to existing subset ""2024 Upper Deck Women of Marvel - Foil Lt Fx Copper"" (id 6265)"
2024 Upper Deck Women of Marvel,2024 Upper Deck Women of Marvel - Battle Time,16,Foil Lt Fx Green,1,78345,2024 Upper Deck Women of Marvel - Foil Lt Fx Green,"Move to existing subset ""2024 Upper Deck Women of Marvel - Foil Lt Fx Green"" (id 6267)"
2024 Upper Deck Women of Marvel,2024 Upper Deck Women of Marvel - Battle Time,16,Foil Lt Fx Gold,1,78346,2024 Upper Deck Women of Marvel - Foil Lt Fx Gold,"Move to existing subset ""2024 Upper Deck Women of Marvel - Foil Lt Fx Gold"" (id 6266)"
2024 Upper Deck Women of Marvel,2024 Upper Deck Women of Marvel - Battle Time,2,Foil Lt Fx Purple,1,78333,2024 Upper Deck Women of Marvel - Foil Lt Fx Purple,"Move to existing subset ""2024 Upper Deck Women of Marvel - Foil Lt Fx Purple"" (id 6268)"
2024 Upper Deck Women of Marvel,2024 Upper Deck Women of Marvel - Battle Time,2,Foil Lt Fx Copper,1,78334,2024 Upper Deck Women of Marvel - Foil Lt Fx Copper,"Move to existing subset ""2024 Upper Deck Women of Marvel - Foil Lt Fx Copper"" (id 6265)"
2024 Upper Deck Women of Marvel,2024 Upper Deck Women of Marvel - Battle Time,2,Foil Lt Fx Green,1,78335,2024 Upper Deck Women of Marvel - Foil Lt Fx Green,"Move to existing subset ""2024 Upper Deck Women of Marvel - Foil Lt Fx Green"" (id 6267)"
2024 Upper Deck Women of Marvel,2024 Upper Deck Women of Marvel - Battle Time,2,Foil Lt Fx Blue,1,78336,2024 Upper Deck Women of Marvel - Foil Lt Fx Blue,"Move to existing subset ""2024 Upper Deck Women of Marvel - Foil Lt Fx Blue"" (id 6264)"
2024 Upper Deck Women of Marvel,2024 Upper Deck Women of Marvel - Battle Time,2,Foil Lt Fx Gold,1,78337,2024 Upper Deck Women of Marvel - Foil Lt Fx Gold,"Move to existing subset ""2024 Upper Deck Women of Marvel - Foil Lt Fx Gold"" (id 6266)"
2024 Upper Deck Women of Marvel,2024 Upper Deck Women of Marvel - Battle Time,2,Foil Lt Fx Red,1,78338,2024 Upper Deck Women of Marvel - Foil Lt Fx Red,"Move to existing subset ""2024 Upper Deck Women of Marvel - Foil Lt Fx Red"" (id 6269)"
2024 Upper Deck Women of Marvel,2024 Upper Deck Women of Marvel - Battle Time,12,Foil Lt Fx Purple,1,78356,2024 Upper Deck Women of Marvel - Foil Lt Fx Purple,"Move to existing subset ""2024 Upper Deck Women of Marvel - Foil Lt Fx Purple"" (id 6268)"
2024 Upper Deck Women of Marvel,2024 Upper Deck Women of Marvel - Battle Time,12,Foil Lt Fx Copper,1,78357,2024 Upper Deck Women of Marvel - Foil Lt Fx Copper,"Move to existing subset ""2024 Upper Deck Women of Marvel - Foil Lt Fx Copper"" (id 6265)"
2024 Upper Deck Women of Marvel,2024 Upper Deck Women of Marvel - Battle Time,12,Foil Lt Fx Green,1,78358,2024 Upper Deck Women of Marvel - Foil Lt Fx Green,"Move to existing subset ""2024 Upper Deck Women of Marvel - Foil Lt Fx Green"" (id 6267)"
2024 Upper Deck Women of Marvel,2024 Upper Deck Women of Marvel - Battle Time,12,Foil Lt Fx Gold,1,78359,2024 Upper Deck Women of Marvel - Foil Lt Fx Gold,"Move to existing subset ""2024 Upper Deck Women of Marvel - Foil Lt Fx Gold"" (id 6266)"
2024 Upper Deck Women of Marvel,2024 Upper Deck Women of Marvel - Battle Time,12,Foil Lt Fx Blue,1,78360,2024 Upper Deck Women of Marvel - Foil Lt Fx Blue,"Move to existing subset ""2024 Upper Deck Women of Marvel - Foil Lt Fx Blue"" (id 6264)"
2024 Upper Deck Women of Marvel,2024 Upper Deck Women of Marvel - Battle Time,3,Foil Lt Fx Purple,1,78308,2024 Upper Deck Women of Marvel - Foil Lt Fx Purple,"Move to existing subset ""2024 Upper Deck Women of Marvel - Foil Lt Fx Purple"" (id 6268)"
2024 Upper Deck Women of Marvel,2024 Upper Deck Women of Marvel - Battle Time,3,Foil Lt Fx Copper,1,78309,2024 Upper Deck Women of Marvel - Foil Lt Fx Copper,"Move to existing subset ""2024 Upper Deck Women of Marvel - Foil Lt Fx Copper"" (id 6265)"
2024 Upper Deck Women of Marvel,2024 Upper Deck Women of Marvel - Battle Time,3,Foil Lt Fx Green,1,78310,2024 Upper Deck Women of Marvel - Foil Lt Fx Green,"Move to existing subset ""2024 Upper Deck Women of Marvel - Foil Lt Fx Green"" (id 6267)"
2024 Upper Deck Women of Marvel,2024 Upper Deck Women of Marvel - Battle Time,3,Foil Lt Fx Gold,1,78311,2024 Upper Deck Women of Marvel - Foil Lt Fx Gold,"Move to existing subset ""2024 Upper Deck Women of Marvel - Foil Lt Fx Gold"" (id 6266)"
2024 Upper Deck Women of Marvel,2024 Upper Deck Women of Marvel - Battle Time,3,Foil Lt Fx Blue,1,78312,2024 Upper Deck Women of Marvel - Foil Lt Fx Blue,"Move to existing subset ""2024 Upper Deck Women of Marvel - Foil Lt Fx Blue"" (id 6264)"
2024 Upper Deck Women of Marvel,2024 Upper Deck Women of Marvel - Battle Time,4,Foil Lt Fx Green,1,78313,2024 Upper Deck Women of Marvel - Foil Lt Fx Green,"Move to existing subset ""2024 Upper Deck Women of Marvel - Foil Lt Fx Green"" (id 6267)"
2024 Upper Deck Women of Marvel,2024 Upper Deck Women of Marvel - Battle Time,4,Foil Lt Fx Gold,1,78314,2024 Upper Deck Women of Marvel - Foil Lt Fx Gold,"Move to existing subset ""2024 Upper Deck Women of Marvel - Foil Lt Fx Gold"" (id 6266)"
2024 Upper Deck Women of Marvel,2024 Upper Deck Women of Marvel - Battle Time,4,Foil Lt Fx Blue,1,78315,2024 Upper Deck Women of Marvel - Foil Lt Fx Blue,"Move to existing subset ""2024 Upper Deck Women of Marvel - Foil Lt Fx Blue"" (id 6264)"
2024 Upper Deck Women of Marvel,2024 Upper Deck Women of Marvel - Battle Time,4,Foil Lt Fx Purple,1,78318,2024 Upper Deck Women of Marvel - Foil Lt Fx Purple,"Move to existing subset ""2024 Upper Deck Women of Marvel - Foil Lt Fx Purple"" (id 6268)"
2024 Upper Deck Women of Marvel,2024 Upper Deck Women of Marvel - Battle Time,4,Foil Lt Fx Red,1,78322,2024 Upper Deck Women of Marvel - Foil Lt Fx Red,"Move to existing subset ""2024 Upper Deck Women of Marvel - Foil Lt Fx Red"" (id 6269)"
2024 Upper Deck Women of Marvel,2024 Upper Deck Women of Marvel - Battle Time,5,Foil Lt Fx Purple,1,78316,2024 Upper Deck Women of Marvel - Foil Lt Fx Purple,"Move to existing subset ""2024 Upper Deck Women of Marvel - Foil Lt Fx Purple"" (id 6268)"
2024 Upper Deck Women of Marvel,2024 Upper Deck Women of Marvel - Battle Time,5,Foil Lt Fx Copper,1,78317,2024 Upper Deck Women of Marvel - Foil Lt Fx Copper,"Move to existing subset ""2024 Upper Deck Women of Marvel - Foil Lt Fx Copper"" (id 6265)"
2024 Upper Deck Women of Marvel,2024 Upper Deck Women of Marvel - Battle Time,5,Foil Lt Fx Gold,1,78319,2024 Upper Deck Women of Marvel - Foil Lt Fx Gold,"Move to existing subset ""2024 Upper Deck Women of Marvel - Foil Lt Fx Gold"" (id 6266)"
2024 Upper Deck Women of Marvel,2024 Upper Deck Women of Marvel - Battle Time,5,Foil Lt Fx Blue,1,78320,2024 Upper Deck Women of Marvel - Foil Lt Fx Blue,"Move to existing subset ""2024 Upper Deck Women of Marvel - Foil Lt Fx Blue"" (id 6264)"
2024 Upper Deck Women of Marvel,2024 Upper Deck Women of Marvel - Battle Time,5,Foil Lt Fx Red,1,78321,2024 Upper Deck Women of Marvel - Foil Lt Fx Red,"Move to existing subset ""2024 Upper Deck Women of Marvel - Foil Lt Fx Red"" (id 6269)"
2024 Upper Deck Women of Marvel,2024 Upper Deck Women of Marvel - Battle Time,9,Foil Lt Fx Purple,1,78364,2024 Upper Deck Women of Marvel - Foil Lt Fx Purple,"Move to existing subset ""2024 Upper Deck Women of Marvel - Foil Lt Fx Purple"" (id 6268)"
2024 Upper Deck Women of Marvel,2024 Upper Deck Women of Marvel - Battle Time,9,Foil Lt Fx Copper,1,78365,2024 Upper Deck Women of Marvel - Foil Lt Fx Copper,"Move to existing subset ""2024 Upper Deck Women of Marvel - Foil Lt Fx Copper"" (id 6265)"
2024 Upper Deck Women of Marvel,2024 Upper Deck Women of Marvel - Battle Time,9,Foil Lt Fx Green,1,78366,2024 Upper Deck Women of Marvel - Foil Lt Fx Green,"Move to existing subset ""2024 Upper Deck Women of Marvel - Foil Lt Fx Green"" (id 6267)"
2024 Upper Deck Women of Marvel,2024 Upper Deck Women of Marvel - Battle Time,9,Foil Lt Fx Blue,1,78367,2024 Upper Deck Women of Marvel - Foil Lt Fx Blue,"Move to existing subset ""2024 Upper Deck Women of Marvel - Foil Lt Fx Blue"" (id 6264)"
2024 Upper Deck Women of Marvel,2024 Upper Deck Women of Marvel - Battle Time,9,Foil Lt Fx Gold,1,78368,2024 Upper Deck Women of Marvel - Foil Lt Fx Gold,"Move to existing subset ""2024 Upper Deck Women of Marvel - Foil Lt Fx Gold"" (id 6266)"
2024 Upper Deck Women of Marvel,2024 Upper Deck Women of Marvel - Battle Time,15,Foil Lt Fx Purple,1,78324,2024 Upper Deck Women of Marvel - Foil Lt Fx Purple,"Move to existing subset ""2024 Upper Deck Women of Marvel - Foil Lt Fx Purple"" (id 6268)"
2024 Upper Deck Women of Marvel,2024 Upper Deck Women of Marvel - Battle Time,15,Foil Lt Fx Red,1,78325,2024 Upper Deck Women of Marvel - Foil Lt Fx Red,"Move to existing subset ""2024 Upper Deck Women of Marvel - Foil Lt Fx Red"" (id 6269)"
2024 Upper Deck Women of Marvel,2024 Upper Deck Women of Marvel - Battle Time,15,Foil Lt Fx Copper,1,78362,2024 Upper Deck Women of Marvel - Foil Lt Fx Copper,"Move to existing subset ""2024 Upper Deck Women of Marvel - Foil Lt Fx Copper"" (id 6265)"
2024 Upper Deck Women of Marvel,2024 Upper Deck Women of Marvel - Battle Time,17,Foil Lt Fx Copper,1,78352,2024 Upper Deck Women of Marvel - Foil Lt Fx Copper,"Move to existing subset ""2024 Upper Deck Women of Marvel - Foil Lt Fx Copper"" (id 6265)"
2024 Upper Deck Women of Marvel,2024 Upper Deck Women of Marvel - Battle Time,17,Foil Lt Fx Gold,1,78353,2024 Upper Deck Women of Marvel - Foil Lt Fx Gold,"Move to existing subset ""2024 Upper Deck Women of Marvel - Foil Lt Fx Gold"" (id 6266)"
2024 Upper Deck Women of Marvel,2024 Upper Deck Women of Marvel - Battle Time,17,Foil Lt Fx Blue,1,78354,2024 Upper Deck Women of Marvel - Foil Lt Fx Blue,"Move to existing subset ""2024 Upper Deck Women of Marvel - Foil Lt Fx Blue"" (id 6264)"
2024 Upper Deck Women of Marvel,2024 Upper Deck Women of Marvel - Battle Time,10,Foil Lt Fx Red,1,78330,2024 Upper Deck Women of Marvel - Foil Lt Fx Red,"Move to existing subset ""2024 Upper Deck Women of Marvel - Foil Lt Fx Red"" (id 6269)"
2024 Upper Deck Women of Marvel,2024 Upper Deck Women of Marvel - Battle Time,8,Foil Lt Fx Purple,1,78361,2024 Upper Deck Women of Marvel - Foil Lt Fx Purple,"Move to existing subset ""2024 Upper Deck Women of Marvel - Foil Lt Fx Purple"" (id 6268)"
2024 Upper Deck Women of Marvel,2024 Upper Deck Women of Marvel - Battle Time,8,Foil Lt Fx Red,1,78363,2024 Upper Deck Women of Marvel - Foil Lt Fx Red,"Move to existing subset ""2024 Upper Deck Women of Marvel - Foil Lt Fx Red"" (id 6269)"
2025 Topps Chrome Marvel,2025 Topps Chrome Marvel - 35 Years of Ghost Rider Shadowbox,1,SuperFractor,1,78770,2025 Topps Chrome Marvel - SuperFractor,"Move to existing subset ""2025 Topps Chrome Marvel - SuperFractor"" (id 6543)"
2025 Topps Chrome Marvel,2025 Topps Chrome Marvel - 35 Years of Ghost Rider Shadowbox,1,Red Wave Refractor,1,78786,2025 Topps Chrome Marvel - Air Marvel Red Wave Refractor,"Move to existing subset ""2025 Topps Chrome Marvel - Air Marvel Red Wave Refractor"" (id 2494)"
2025 Topps Chrome Marvel,2025 Topps Chrome Marvel - 35 Years of Ghost Rider Shadowbox,1,Black Refractor,1,78788,2025 Topps Chrome Marvel - Air Marvel Black Refractor,"Move to existing subset ""2025 Topps Chrome Marvel - Air Marvel Black Refractor"" (id 2493)"
2025 Topps Chrome Marvel,2025 Topps Chrome Marvel - 35 Years of Ghost Rider Shadowbox,1,Mini-Diamonds Refractor,1,78792,2025 Topps Chrome Marvel - 60 Years of S.H.I.E.L.D. Mini-Diamonds Refractor,"Move to existing subset ""2025 Topps Chrome Marvel - 60 Years of S.H.I.E.L.D. Mini-Diamonds Refractor"" (id 6471)"
2025 Topps Chrome Marvel,2025 Topps Chrome Marvel - 35 Years of Ghost Rider Shadowbox,2,SuperFractor,1,78784,2025 Topps Chrome Marvel - SuperFractor,"Move to existing subset ""2025 Topps Chrome Marvel - SuperFractor"" (id 6543)"
2025 Topps Chrome Marvel,2025 Topps Chrome Marvel - 35 Years of Ghost Rider Shadowbox,2,Mini-Diamonds Refractor,1,78785,2025 Topps Chrome Marvel - 60 Years of S.H.I.E.L.D. Mini-Diamonds Refractor,"Move to existing subset ""2025 Topps Chrome Marvel - 60 Years of S.H.I.E.L.D. Mini-Diamonds Refractor"" (id 6471)"
2025 Topps Chrome Marvel,2025 Topps Chrome Marvel - 35 Years of Ghost Rider Shadowbox,2,Red Wave Refractor,1,78787,2025 Topps Chrome Marvel - Air Marvel Red Wave Refractor,"Move to existing subset ""2025 Topps Chrome Marvel - Air Marvel Red Wave Refractor"" (id 2494)"
2025 Topps Chrome Marvel,2025 Topps Chrome Marvel - 35 Years of Ghost Rider Shadowbox,2,Black Refractor,1,78789,2025 Topps Chrome Marvel - Air Marvel Black Refractor,"Move to existing subset ""2025 Topps Chrome Marvel - Air Marvel Black Refractor"" (id 2493)"
2025 Topps Chrome Marvel,2025 Topps Chrome Marvel - 35 Years of Ghost Rider Shadowbox,3,SuperFractor,1,78777,2025 Topps Chrome Marvel - SuperFractor,"Move to existing subset ""2025 Topps Chrome Marvel - SuperFractor"" (id 6543)"
2025 Topps Chrome Marvel,2025 Topps Chrome Marvel - 35 Years of Ghost Rider Shadowbox,3,Mini-Diamonds Refractor,1,78778,2025 Topps Chrome Marvel - 60 Years of S.H.I.E.L.D. Mini-Diamonds Refractor,"Move to existing subset ""2025 Topps Chrome Marvel - 60 Years of S.H.I.E.L.D. Mini-Diamonds Refractor"" (id 6471)"
2025 Topps Chrome Marvel,2025 Topps Chrome Marvel - 35 Years of Ghost Rider Shadowbox,3,Red Wave Refractor,1,78780,2025 Topps Chrome Marvel - Air Marvel Red Wave Refractor,"Move to existing subset ""2025 Topps Chrome Marvel - Air Marvel Red Wave Refractor"" (id 2494)"
2025 Topps Chrome Marvel,2025 Topps Chrome Marvel - 35 Years of Ghost Rider Shadowbox,3,Black Refractor,1,78782,2025 Topps Chrome Marvel - Air Marvel Black Refractor,"Move to existing subset ""2025 Topps Chrome Marvel - Air Marvel Black Refractor"" (id 2493)"
2025 Topps Chrome Marvel,2025 Topps Chrome Marvel - 35 Years of Ghost Rider Shadowbox,4,SuperFractor,1,78776,2025 Topps Chrome Marvel - SuperFractor,"Move to existing subset ""2025 Topps Chrome Marvel - SuperFractor"" (id 6543)"
2025 Topps Chrome Marvel,2025 Topps Chrome Marvel - 35 Years of Ghost Rider Shadowbox,4,Mini-Diamonds Refractor,1,78779,2025 Topps Chrome Marvel - 60 Years of S.H.I.E.L.D. Mini-Diamonds Refractor,"Move to existing subset ""2025 Topps Chrome Marvel - 60 Years of S.H.I.E.L.D. Mini-Diamonds Refractor"" (id 6471)"
2025 Topps Chrome Marvel,2025 Topps Chrome Marvel - 35 Years of Ghost Rider Shadowbox,4,Red Wave Refractor,1,78781,2025 Topps Chrome Marvel - Air Marvel Red Wave Refractor,"Move to existing subset ""2025 Topps Chrome Marvel - Air Marvel Red Wave Refractor"" (id 2494)"
2025 Topps Chrome Marvel,2025 Topps Chrome Marvel - 35 Years of Ghost Rider Shadowbox,4,Black Refractor,1,78783,2025 Topps Chrome Marvel - Air Marvel Black Refractor,"Move to existing subset ""2025 Topps Chrome Marvel - Air Marvel Black Refractor"" (id 2493)"
2025 Topps Chrome Marvel,2025 Topps Chrome Marvel - 35 Years of Ghost Rider Shadowbox,5,Black Refractor,1,78773,2025 Topps Chrome Marvel - Air Marvel Black Refractor,"Move to existing subset ""2025 Topps Chrome Marvel - Air Marvel Black Refractor"" (id 2493)"
2025 Topps Chrome Marvel,2025 Topps Chrome Marvel - 35 Years of Ghost Rider Shadowbox,5,Mini-Diamonds Refractor,1,78774,2025 Topps Chrome Marvel - 60 Years of S.H.I.E.L.D. Mini-Diamonds Refractor,"Move to existing subset ""2025 Topps Chrome Marvel - 60 Years of S.H.I.E.L.D. Mini-Diamonds Refractor"" (id 6471)"
2025 Topps Chrome Marvel,2025 Topps Chrome Marvel - 35 Years of Ghost Rider Shadowbox,5,SuperFractor,1,78790,2025 Topps Chrome Marvel - SuperFractor,"Move to existing subset ""2025 Topps Chrome Marvel - SuperFractor"" (id 6543)"
2025 Topps Chrome Marvel,2025 Topps Chrome Marvel - 35 Years of Ghost Rider Shadowbox,5,Red Wave Refractor,1,78791,2025 Topps Chrome Marvel - Air Marvel Red Wave Refractor,"Move to existing subset ""2025 Topps Chrome Marvel - Air Marvel Red Wave Refractor"" (id 2494)"
2025 Topps Chrome Marvel,2025 Topps Chrome Marvel - 50 Years of Nightcrawler Superfractor,1,SuperFractor,1,78798,2025 Topps Chrome Marvel - SuperFractor,"Move to existing subset ""2025 Topps Chrome Marvel - SuperFractor"" (id 6543)"
2025 Topps Chrome Marvel,2025 Topps Chrome Marvel - 50 Years of Nightcrawler Superfractor,1,Mini-Diamonds Refractor,1,78799,2025 Topps Chrome Marvel - 60 Years of S.H.I.E.L.D. Mini-Diamonds Refractor,"Move to existing subset ""2025 Topps Chrome Marvel - 60 Years of S.H.I.E.L.D. Mini-Diamonds Refractor"" (id 6471)"
2025 Topps Chrome Marvel,2025 Topps Chrome Marvel - 50 Years of Nightcrawler Superfractor,1,Red Wave Refractor,1,78800,2025 Topps Chrome Marvel - Air Marvel Red Wave Refractor,"Move to existing subset ""2025 Topps Chrome Marvel - Air Marvel Red Wave Refractor"" (id 2494)"
2025 Topps Chrome Marvel,2025 Topps Chrome Marvel - 50 Years of Nightcrawler Superfractor,1,Black Refractor,1,78801,2025 Topps Chrome Marvel - Air Marvel Black Refractor,"Move to existing subset ""2025 Topps Chrome Marvel - Air Marvel Black Refractor"" (id 2493)"
2025 Topps Chrome Marvel,2025 Topps Chrome Marvel - 50 Years of Nightcrawler Superfractor,2,Mini-Diamonds Refractor,1,78802,2025 Topps Chrome Marvel - 60 Years of S.H.I.E.L.D. Mini-Diamonds Refractor,"Move to existing subset ""2025 Topps Chrome Marvel - 60 Years of S.H.I.E.L.D. Mini-Diamonds Refractor"" (id 6471)"
2025 Topps Chrome Marvel,2025 Topps Chrome Marvel - 50 Years of Nightcrawler Superfractor,2,Red Wave Refractor,1,78804,2025 Topps Chrome Marvel - Air Marvel Red Wave Refractor,"Move to existing subset ""2025 Topps Chrome Marvel - Air Marvel Red Wave Refractor"" (id 2494)"
2025 Topps Chrome Marvel,2025 Topps Chrome Marvel - 50 Years of Nightcrawler Superfractor,2,Black Refractor,1,78806,2025 Topps Chrome Marvel - Air Marvel Black Refractor,"Move to existing subset ""2025 Topps Chrome Marvel - Air Marvel Black Refractor"" (id 2493)"
2025 Topps Chrome Marvel,2025 Topps Chrome Marvel - 50 Years of Nightcrawler Superfractor,2,SuperFractor,1,78808,2025 Topps Chrome Marvel - SuperFractor,"Move to existing subset ""2025 Topps Chrome Marvel - SuperFractor"" (id 6543)"
2025 Topps Chrome Marvel,2025 Topps Chrome Marvel - 50 Years of Nightcrawler Superfractor,3,Mini-Diamonds Refractor,1,78803,2025 Topps Chrome Marvel - 60 Years of S.H.I.E.L.D. Mini-Diamonds Refractor,"Move to existing subset ""2025 Topps Chrome Marvel - 60 Years of S.H.I.E.L.D. Mini-Diamonds Refractor"" (id 6471)"
2025 Topps Chrome Marvel,2025 Topps Chrome Marvel - 50 Years of Nightcrawler Superfractor,3,Red Wave Refractor,1,78805,2025 Topps Chrome Marvel - Air Marvel Red Wave Refractor,"Move to existing subset ""2025 Topps Chrome Marvel - Air Marvel Red Wave Refractor"" (id 2494)"
2025 Topps Chrome Marvel,2025 Topps Chrome Marvel - 50 Years of Nightcrawler Superfractor,3,Black Refractor,1,78807,2025 Topps Chrome Marvel - Air Marvel Black Refractor,"Move to existing subset ""2025 Topps Chrome Marvel - Air Marvel Black Refractor"" (id 2493)"
2025 Topps Chrome Marvel,2025 Topps Chrome Marvel - 50 Years of Nightcrawler Superfractor,3,SuperFractor,1,78814,2025 Topps Chrome Marvel - SuperFractor,"Move to existing subset ""2025 Topps Chrome Marvel - SuperFractor"" (id 6543)"
2025 Topps Chrome Marvel,2025 Topps Chrome Marvel - 50 Years of Nightcrawler Superfractor,4,Mini-Diamonds Refractor,1,78809,2025 Topps Chrome Marvel - 60 Years of S.H.I.E.L.D. Mini-Diamonds Refractor,"Move to existing subset ""2025 Topps Chrome Marvel - 60 Years of S.H.I.E.L.D. Mini-Diamonds Refractor"" (id 6471)"
2025 Topps Chrome Marvel,2025 Topps Chrome Marvel - 50 Years of Nightcrawler Superfractor,4,Red Wave Refractor,1,78811,2025 Topps Chrome Marvel - Air Marvel Red Wave Refractor,"Move to existing subset ""2025 Topps Chrome Marvel - Air Marvel Red Wave Refractor"" (id 2494)"
2025 Topps Chrome Marvel,2025 Topps Chrome Marvel - 50 Years of Nightcrawler Superfractor,4,Black Refractor,1,78812,2025 Topps Chrome Marvel - Air Marvel Black Refractor,"Move to existing subset ""2025 Topps Chrome Marvel - Air Marvel Black Refractor"" (id 2493)"
2025 Topps Chrome Marvel,2025 Topps Chrome Marvel - 50 Years of Nightcrawler Superfractor,4,SuperFractor,1,78815,2025 Topps Chrome Marvel - SuperFractor,"Move to existing subset ""2025 Topps Chrome Marvel - SuperFractor"" (id 6543)"
2025 Topps Chrome Marvel,2025 Topps Chrome Marvel - 50 Years of Nightcrawler Superfractor,5,Red Wave Refractor,1,78797,2025 Topps Chrome Marvel - Air Marvel Red Wave Refractor,"Move to existing subset ""2025 Topps Chrome Marvel - Air Marvel Red Wave Refractor"" (id 2494)"
2025 Topps Chrome Marvel,2025 Topps Chrome Marvel - 50 Years of Nightcrawler Superfractor,5,Mini-Diamonds Refractor,1,78810,2025 Topps Chrome Marvel - 60 Years of S.H.I.E.L.D. Mini-Diamonds Refractor,"Move to existing subset ""2025 Topps Chrome Marvel - 60 Years of S.H.I.E.L.D. Mini-Diamonds Refractor"" (id 6471)"
2025 Topps Chrome Marvel,2025 Topps Chrome Marvel - 50 Years of Nightcrawler Superfractor,5,Black Refractor,1,78813,2025 Topps Chrome Marvel - Air Marvel Black Refractor,"Move to existing subset ""2025 Topps Chrome Marvel - Air Marvel Black Refractor"" (id 2493)"
2025 Topps Chrome Marvel,2025 Topps Chrome Marvel - 50 Years of Nightcrawler Superfractor,5,SuperFractor,1,78816,2025 Topps Chrome Marvel - SuperFractor,"Move to existing subset ""2025 Topps Chrome Marvel - SuperFractor"" (id 6543)"
2025 Topps Chrome Marvel,2025 Topps Chrome Marvel - Air Marvel Shadowbox,1,SuperFractor,1,78829,2025 Topps Chrome Marvel - SuperFractor,"Move to existing subset ""2025 Topps Chrome Marvel - SuperFractor"" (id 6543)"
2025 Topps Chrome Marvel,2025 Topps Chrome Marvel - Air Marvel Shadowbox,1,Mini-Diamonds Refractor,1,78830,2025 Topps Chrome Marvel - 60 Years of S.H.I.E.L.D. Mini-Diamonds Refractor,"Move to existing subset ""2025 Topps Chrome Marvel - 60 Years of S.H.I.E.L.D. Mini-Diamonds Refractor"" (id 6471)"
2025 Topps Chrome Marvel,2025 Topps Chrome Marvel - Air Marvel Shadowbox,1,Black Refractor,1,78831,2025 Topps Chrome Marvel - Air Marvel Black Refractor,"Move to existing subset ""2025 Topps Chrome Marvel - Air Marvel Black Refractor"" (id 2493)"
2025 Topps Chrome Marvel,2025 Topps Chrome Marvel - Air Marvel Shadowbox,1,Red Wave Refractor,1,78866,2025 Topps Chrome Marvel - Air Marvel Red Wave Refractor,"Move to existing subset ""2025 Topps Chrome Marvel - Air Marvel Red Wave Refractor"" (id 2494)"
2025 Topps Chrome Marvel,2025 Topps Chrome Marvel - Air Marvel Shadowbox,10,SuperFractor,1,78859,2025 Topps Chrome Marvel - SuperFractor,"Move to existing subset ""2025 Topps Chrome Marvel - SuperFractor"" (id 6543)"
2025 Topps Chrome Marvel,2025 Topps Chrome Marvel - Air Marvel Shadowbox,10,Mini-Diamonds Refractor,1,78861,2025 Topps Chrome Marvel - 60 Years of S.H.I.E.L.D. Mini-Diamonds Refractor,"Move to existing subset ""2025 Topps Chrome Marvel - 60 Years of S.H.I.E.L.D. Mini-Diamonds Refractor"" (id 6471)"
2025 Topps Chrome Marvel,2025 Topps Chrome Marvel - Air Marvel Shadowbox,10,Red Wave Refractor,1,78863,2025 Topps Chrome Marvel - Air Marvel Red Wave Refractor,"Move to existing subset ""2025 Topps Chrome Marvel - Air Marvel Red Wave Refractor"" (id 2494)"
2025 Topps Chrome Marvel,2025 Topps Chrome Marvel - Air Marvel Shadowbox,10,Black Refractor,1,78864,2025 Topps Chrome Marvel - Air Marvel Black Refractor,"Move to existing subset ""2025 Topps Chrome Marvel - Air Marvel Black Refractor"" (id 2493)"
2025 Topps Chrome Marvel,2025 Topps Chrome Marvel - Air Marvel Shadowbox,2,Red Wave Refractor,1,78817,2025 Topps Chrome Marvel - Air Marvel Red Wave Refractor,"Move to existing subset ""2025 Topps Chrome Marvel - Air Marvel Red Wave Refractor"" (id 2494)"
2025 Topps Chrome Marvel,2025 Topps Chrome Marvel - Air Marvel Shadowbox,2,SuperFractor,1,78834,2025 Topps Chrome Marvel - SuperFractor,"Move to existing subset ""2025 Topps Chrome Marvel - SuperFractor"" (id 6543)"
2025 Topps Chrome Marvel,2025 Topps Chrome Marvel - Air Marvel Shadowbox,2,Mini-Diamonds Refractor,1,78836,2025 Topps Chrome Marvel - 60 Years of S.H.I.E.L.D. Mini-Diamonds Refractor,"Move to existing subset ""2025 Topps Chrome Marvel - 60 Years of S.H.I.E.L.D. Mini-Diamonds Refractor"" (id 6471)"
2025 Topps Chrome Marvel,2025 Topps Chrome Marvel - Air Marvel Shadowbox,2,Black Refractor,1,78838,2025 Topps Chrome Marvel - Air Marvel Black Refractor,"Move to existing subset ""2025 Topps Chrome Marvel - Air Marvel Black Refractor"" (id 2493)"
2025 Topps Chrome Marvel,2025 Topps Chrome Marvel - Air Marvel Shadowbox,3,SuperFractor,1,78832,2025 Topps Chrome Marvel - SuperFractor,"Move to existing subset ""2025 Topps Chrome Marvel - SuperFractor"" (id 6543)"
2025 Topps Chrome Marvel,2025 Topps Chrome Marvel - Air Marvel Shadowbox,3,Mini-Diamonds Refractor,1,78833,2025 Topps Chrome Marvel - 60 Years of S.H.I.E.L.D. Mini-Diamonds Refractor,"Move to existing subset ""2025 Topps Chrome Marvel - 60 Years of S.H.I.E.L.D. Mini-Diamonds Refractor"" (id 6471)"
2025 Topps Chrome Marvel,2025 Topps Chrome Marvel - Air Marvel Shadowbox,3,Red Wave Refractor,1,78835,2025 Topps Chrome Marvel - Air Marvel Red Wave Refractor,"Move to existing subset ""2025 Topps Chrome Marvel - Air Marvel Red Wave Refractor"" (id 2494)"
2025 Topps Chrome Marvel,2025 Topps Chrome Marvel - Air Marvel Shadowbox,3,Black Refractor,1,78837,2025 Topps Chrome Marvel - Air Marvel Black Refractor,"Move to existing subset ""2025 Topps Chrome Marvel - Air Marvel Black Refractor"" (id 2493)"
2025 Topps Chrome Marvel,2025 Topps Chrome Marvel - Air Marvel Shadowbox,4,SuperFractor,1,78828,2025 Topps Chrome Marvel - SuperFractor,"Move to existing subset ""2025 Topps Chrome Marvel - SuperFractor"" (id 6543)"
2025 Topps Chrome Marvel,2025 Topps Chrome Marvel - Air Marvel Shadowbox,4,Mini-Diamonds Refractor,1,78839,2025 Topps Chrome Marvel - 60 Years of S.H.I.E.L.D. Mini-Diamonds Refractor,"Move to existing subset ""2025 Topps Chrome Marvel - 60 Years of S.H.I.E.L.D. Mini-Diamonds Refractor"" (id 6471)"
2025 Topps Chrome Marvel,2025 Topps Chrome Marvel - Air Marvel Shadowbox,4,Red Wave Refractor,1,78840,2025 Topps Chrome Marvel - Air Marvel Red Wave Refractor,"Move to existing subset ""2025 Topps Chrome Marvel - Air Marvel Red Wave Refractor"" (id 2494)"
2025 Topps Chrome Marvel,2025 Topps Chrome Marvel - Air Marvel Shadowbox,4,Black Refractor,1,78841,2025 Topps Chrome Marvel - Air Marvel Black Refractor,"Move to existing subset ""2025 Topps Chrome Marvel - Air Marvel Black Refractor"" (id 2493)"
2025 Topps Chrome Marvel,2025 Topps Chrome Marvel - Air Marvel Shadowbox,5,Mini-Diamonds Refractor,1,78842,2025 Topps Chrome Marvel - 60 Years of S.H.I.E.L.D. Mini-Diamonds Refractor,"Move to existing subset ""2025 Topps Chrome Marvel - 60 Years of S.H.I.E.L.D. Mini-Diamonds Refractor"" (id 6471)"
2025 Topps Chrome Marvel,2025 Topps Chrome Marvel - Air Marvel Shadowbox,5,Red Wave Refractor,1,78843,2025 Topps Chrome Marvel - Air Marvel Red Wave Refractor,"Move to existing subset ""2025 Topps Chrome Marvel - Air Marvel Red Wave Refractor"" (id 2494)"
2025 Topps Chrome Marvel,2025 Topps Chrome Marvel - Air Marvel Shadowbox,5,Black Refractor,1,78844,2025 Topps Chrome Marvel - Air Marvel Black Refractor,"Move to existing subset ""2025 Topps Chrome Marvel - Air Marvel Black Refractor"" (id 2493)"
2025 Topps Chrome Marvel,2025 Topps Chrome Marvel - Air Marvel Shadowbox,5,SuperFractor,1,78845,2025 Topps Chrome Marvel - SuperFractor,"Move to existing subset ""2025 Topps Chrome Marvel - SuperFractor"" (id 6543)"
2025 Topps Chrome Marvel,2025 Topps Chrome Marvel - Air Marvel Shadowbox,6,SuperFractor,1,78846,2025 Topps Chrome Marvel - SuperFractor,"Move to existing subset ""2025 Topps Chrome Marvel - SuperFractor"" (id 6543)"
2025 Topps Chrome Marvel,2025 Topps Chrome Marvel - Air Marvel Shadowbox,6,Mini-Diamonds Refractor,1,78848,2025 Topps Chrome Marvel - 60 Years of S.H.I.E.L.D. Mini-Diamonds Refractor,"Move to existing subset ""2025 Topps Chrome Marvel - 60 Years of S.H.I.E.L.D. Mini-Diamonds Refractor"" (id 6471)"
2025 Topps Chrome Marvel,2025 Topps Chrome Marvel - Air Marvel Shadowbox,6,Red Wave Refractor,1,78850,2025 Topps Chrome Marvel - Air Marvel Red Wave Refractor,"Move to existing subset ""2025 Topps Chrome Marvel - Air Marvel Red Wave Refractor"" (id 2494)"
2025 Topps Chrome Marvel,2025 Topps Chrome Marvel - Air Marvel Shadowbox,6,Black Refractor,1,78852,2025 Topps Chrome Marvel - Air Marvel Black Refractor,"Move to existing subset ""2025 Topps Chrome Marvel - Air Marvel Black Refractor"" (id 2493)"
2025 Topps Chrome Marvel,2025 Topps Chrome Marvel - Air Marvel Shadowbox,7,Mini-Diamonds Refractor,1,78847,2025 Topps Chrome Marvel - 60 Years of S.H.I.E.L.D. Mini-Diamonds Refractor,"Move to existing subset ""2025 Topps Chrome Marvel - 60 Years of S.H.I.E.L.D. Mini-Diamonds Refractor"" (id 6471)"
2025 Topps Chrome Marvel,2025 Topps Chrome Marvel - Air Marvel Shadowbox,7,Red Wave Refractor,1,78849,2025 Topps Chrome Marvel - Air Marvel Red Wave Refractor,"Move to existing subset ""2025 Topps Chrome Marvel - Air Marvel Red Wave Refractor"" (id 2494)"
2025 Topps Chrome Marvel,2025 Topps Chrome Marvel - Air Marvel Shadowbox,7,Black Refractor,1,78851,2025 Topps Chrome Marvel - Air Marvel Black Refractor,"Move to existing subset ""2025 Topps Chrome Marvel - Air Marvel Black Refractor"" (id 2493)"
2025 Topps Chrome Marvel,2025 Topps Chrome Marvel - Air Marvel Shadowbox,7,SuperFractor,1,78854,2025 Topps Chrome Marvel - SuperFractor,"Move to existing subset ""2025 Topps Chrome Marvel - SuperFractor"" (id 6543)"
2025 Topps Chrome Marvel,2025 Topps Chrome Marvel - Air Marvel Shadowbox,8,SuperFractor,1,78853,2025 Topps Chrome Marvel - SuperFractor,"Move to existing subset ""2025 Topps Chrome Marvel - SuperFractor"" (id 6543)"
2025 Topps Chrome Marvel,2025 Topps Chrome Marvel - Air Marvel Shadowbox,8,Red Wave Refractor,1,78856,2025 Topps Chrome Marvel - Air Marvel Red Wave Refractor,"Move to existing subset ""2025 Topps Chrome Marvel - Air Marvel Red Wave Refractor"" (id 2494)"
2025 Topps Chrome Marvel,2025 Topps Chrome Marvel - Air Marvel Shadowbox,8,Black Refractor,1,78858,2025 Topps Chrome Marvel - Air Marvel Black Refractor,"Move to existing subset ""2025 Topps Chrome Marvel - Air Marvel Black Refractor"" (id 2493)"
2025 Topps Chrome Marvel,2025 Topps Chrome Marvel - Air Marvel Shadowbox,8,Mini-Diamonds Refractor,1,78862,2025 Topps Chrome Marvel - 60 Years of S.H.I.E.L.D. Mini-Diamonds Refractor,"Move to existing subset ""2025 Topps Chrome Marvel - 60 Years of S.H.I.E.L.D. Mini-Diamonds Refractor"" (id 6471)"
2025 Topps Chrome Marvel,2025 Topps Chrome Marvel - Air Marvel Shadowbox,9,Black Refractor,1,78827,2025 Topps Chrome Marvel - Air Marvel Black Refractor,"Move to existing subset ""2025 Topps Chrome Marvel - Air Marvel Black Refractor"" (id 2493)"
2025 Topps Chrome Marvel,2025 Topps Chrome Marvel - Air Marvel Shadowbox,9,Mini-Diamonds Refractor,1,78855,2025 Topps Chrome Marvel - 60 Years of S.H.I.E.L.D. Mini-Diamonds Refractor,"Move to existing subset ""2025 Topps Chrome Marvel - 60 Years of S.H.I.E.L.D. Mini-Diamonds Refractor"" (id 6471)"
2025 Topps Chrome Marvel,2025 Topps Chrome Marvel - Air Marvel Shadowbox,9,Red Wave Refractor,1,78857,2025 Topps Chrome Marvel - Air Marvel Red Wave Refractor,"Move to existing subset ""2025 Topps Chrome Marvel - Air Marvel Red Wave Refractor"" (id 2494)"
2025 Topps Chrome Marvel,2025 Topps Chrome Marvel - Air Marvel Shadowbox,9,SuperFractor,1,78860,2025 Topps Chrome Marvel - SuperFractor,"Move to existing subset ""2025 Topps Chrome Marvel - SuperFractor"" (id 6543)"
2025 Topps Chrome Marvel,2025 Topps Chrome Marvel - Future Stars,1,Orange Refractor,1,79229,2025 Topps Chrome Marvel - Human Torch Refractor (Red & Orange),"Move to existing subset ""2025 Topps Chrome Marvel - Human Torch Refractor (Red & Orange)"" (id 6512)"
2025 Topps Chrome Marvel,2025 Topps Chrome Marvel - Future Stars,1,Black Refractor,1,79233,2025 Topps Chrome Marvel - Air Marvel Black Refractor,"Move to existing subset ""2025 Topps Chrome Marvel - Air Marvel Black Refractor"" (id 2493)"
2025 Topps Chrome Marvel,2025 Topps Chrome Marvel - Future Stars,1,SuperFractor,1,79239,2025 Topps Chrome Marvel - SuperFractor,"Move to existing subset ""2025 Topps Chrome Marvel - SuperFractor"" (id 6543)"
2025 Topps Chrome Marvel,2025 Topps Chrome Marvel - Future Stars,1,Red Wave Refractor,1,79240,2025 Topps Chrome Marvel - Air Marvel Red Wave Refractor,"Move to existing subset ""2025 Topps Chrome Marvel - Air Marvel Red Wave Refractor"" (id 2494)"
2025 Topps Chrome Marvel,2025 Topps Chrome Marvel - Future Stars,2,SuperFractor,1,78735,2025 Topps Chrome Marvel - SuperFractor,"Move to existing subset ""2025 Topps Chrome Marvel - SuperFractor"" (id 6543)"
2025 Topps Chrome Marvel,2025 Topps Chrome Marvel - Future Stars,2,Orange Refractor,1,79226,2025 Topps Chrome Marvel - Human Torch Refractor (Red & Orange),"Move to existing subset ""2025 Topps Chrome Marvel - Human Torch Refractor (Red & Orange)"" (id 6512)"
2025 Topps Chrome Marvel,2025 Topps Chrome Marvel - Future Stars,2,Red Wave Refractor,1,79241,2025 Topps Chrome Marvel - Air Marvel Red Wave Refractor,"Move to existing subset ""2025 Topps Chrome Marvel - Air Marvel Red Wave Refractor"" (id 2494)"
2025 Topps Chrome Marvel,2025 Topps Chrome Marvel - Future Stars,2,Black Refractor,1,79242,2025 Topps Chrome Marvel - Air Marvel Black Refractor,"Move to existing subset ""2025 Topps Chrome Marvel - Air Marvel Black Refractor"" (id 2493)"
2025 Topps Chrome Marvel,2025 Topps Chrome Marvel - Future Stars,3,Orange Refractor,1,79219,2025 Topps Chrome Marvel - Human Torch Refractor (Red & Orange),"Move to existing subset ""2025 Topps Chrome Marvel - Human Torch Refractor (Red & Orange)"" (id 6512)"
2025 Topps Chrome Marvel,2025 Topps Chrome Marvel - Future Stars,3,Black Refractor,1,79232,2025 Topps Chrome Marvel - Air Marvel Black Refractor,"Move to existing subset ""2025 Topps Chrome Marvel - Air Marvel Black Refractor"" (id 2493)"
2025 Topps Chrome Marvel,2025 Topps Chrome Marvel - Future Stars,3,SuperFractor,1,79248,2025 Topps Chrome Marvel - SuperFractor,"Move to existing subset ""2025 Topps Chrome Marvel - SuperFractor"" (id 6543)"
2025 Topps Chrome Marvel,2025 Topps Chrome Marvel - Future Stars,3,Red Wave Refractor,1,79249,2025 Topps Chrome Marvel - Air Marvel Red Wave Refractor,"Move to existing subset ""2025 Topps Chrome Marvel - Air Marvel Red Wave Refractor"" (id 2494)"
2025 Topps Chrome Marvel,2025 Topps Chrome Marvel - Future Stars,4,Orange Refractor,1,79220,2025 Topps Chrome Marvel - Human Torch Refractor (Red & Orange),"Move to existing subset ""2025 Topps Chrome Marvel - Human Torch Refractor (Red & Orange)"" (id 6512)"
2025 Topps Chrome Marvel,2025 Topps Chrome Marvel - Future Stars,4,SuperFractor,1,79243,2025 Topps Chrome Marvel - SuperFractor,"Move to existing subset ""2025 Topps Chrome Marvel - SuperFractor"" (id 6543)"
2025 Topps Chrome Marvel,2025 Topps Chrome Marvel - Future Stars,4,Red Wave Refractor,1,79244,2025 Topps Chrome Marvel - Air Marvel Red Wave Refractor,"Move to existing subset ""2025 Topps Chrome Marvel - Air Marvel Red Wave Refractor"" (id 2494)"
2025 Topps Chrome Marvel,2025 Topps Chrome Marvel - Future Stars,4,Black Refractor,1,79245,2025 Topps Chrome Marvel - Air Marvel Black Refractor,"Move to existing subset ""2025 Topps Chrome Marvel - Air Marvel Black Refractor"" (id 2493)"
2025 Topps Chrome Marvel,2025 Topps Chrome Marvel - Future Stars,5,SuperFractor,1,79217,2025 Topps Chrome Marvel - SuperFractor,"Move to existing subset ""2025 Topps Chrome Marvel - SuperFractor"" (id 6543)"
2025 Topps Chrome Marvel,2025 Topps Chrome Marvel - Future Stars,5,Black Refractor,1,79221,2025 Topps Chrome Marvel - Air Marvel Black Refractor,"Move to existing subset ""2025 Topps Chrome Marvel - Air Marvel Black Refractor"" (id 2493)"
2025 Topps Chrome Marvel,2025 Topps Chrome Marvel - Future Stars,5,Red Wave Refractor,1,79223,2025 Topps Chrome Marvel - Air Marvel Red Wave Refractor,"Move to existing subset ""2025 Topps Chrome Marvel - Air Marvel Red Wave Refractor"" (id 2494)"
2025 Topps Chrome Marvel,2025 Topps Chrome Marvel - Future Stars,5,Orange Refractor,1,79231,2025 Topps Chrome Marvel - Human Torch Refractor (Red & Orange),"Move to existing subset ""2025 Topps Chrome Marvel - Human Torch Refractor (Red & Orange)"" (id 6512)"
2025 Topps Chrome Marvel,2025 Topps Chrome Marvel - Future Stars,6,Black Refractor,1,79227,2025 Topps Chrome Marvel - Air Marvel Black Refractor,"Move to existing subset ""2025 Topps Chrome Marvel - Air Marvel Black Refractor"" (id 2493)"
2025 Topps Chrome Marvel,2025 Topps Chrome Marvel - Future Stars,6,Orange Refractor,1,79230,2025 Topps Chrome Marvel - Human Torch Refractor (Red & Orange),"Move to existing subset ""2025 Topps Chrome Marvel - Human Torch Refractor (Red & Orange)"" (id 6512)"
2025 Topps Chrome Marvel,2025 Topps Chrome Marvel - Future Stars,6,SuperFractor,1,79250,2025 Topps Chrome Marvel - SuperFractor,"Move to existing subset ""2025 Topps Chrome Marvel - SuperFractor"" (id 6543)"
2025 Topps Chrome Marvel,2025 Topps Chrome Marvel - Future Stars,6,Red Wave Refractor,1,79251,2025 Topps Chrome Marvel - Air Marvel Red Wave Refractor,"Move to existing subset ""2025 Topps Chrome Marvel - Air Marvel Red Wave Refractor"" (id 2494)"
2025 Topps Chrome Marvel,2025 Topps Chrome Marvel - Future Stars,7,Orange Refractor,1,79218,2025 Topps Chrome Marvel - Human Torch Refractor (Red & Orange),"Move to existing subset ""2025 Topps Chrome Marvel - Human Torch Refractor (Red & Orange)"" (id 6512)"
2025 Topps Chrome Marvel,2025 Topps Chrome Marvel - Future Stars,7,Black Refractor,1,79234,2025 Topps Chrome Marvel - Air Marvel Black Refractor,"Move to existing subset ""2025 Topps Chrome Marvel - Air Marvel Black Refractor"" (id 2493)"
2025 Topps Chrome Marvel,2025 Topps Chrome Marvel - Future Stars,7,SuperFractor,1,79246,2025 Topps Chrome Marvel - SuperFractor,"Move to existing subset ""2025 Topps Chrome Marvel - SuperFractor"" (id 6543)"
2025 Topps Chrome Marvel,2025 Topps Chrome Marvel - Future Stars,7,Red Wave Refractor,1,79247,2025 Topps Chrome Marvel - Air Marvel Red Wave Refractor,"Move to existing subset ""2025 Topps Chrome Marvel - Air Marvel Red Wave Refractor"" (id 2494)"
2025 Topps Chrome Marvel,2025 Topps Chrome Marvel - Future Stars,8,Black Refractor,1,78734,2025 Topps Chrome Marvel - Air Marvel Black Refractor,"Move to existing subset ""2025 Topps Chrome Marvel - Air Marvel Black Refractor"" (id 2493)"
2025 Topps Chrome Marvel,2025 Topps Chrome Marvel - Future Stars,8,Red Wave Refractor,1,79215,2025 Topps Chrome Marvel - Air Marvel Red Wave Refractor,"Move to existing subset ""2025 Topps Chrome Marvel - Air Marvel Red Wave Refractor"" (id 2494)"
2025 Topps Chrome Marvel,2025 Topps Chrome Marvel - Future Stars,8,Orange Refractor,1,79225,2025 Topps Chrome Marvel - Human Torch Refractor (Red & Orange),"Move to existing subset ""2025 Topps Chrome Marvel - Human Torch Refractor (Red & Orange)"" (id 6512)"
2025 Topps Chrome Marvel,2025 Topps Chrome Marvel - Future Stars,8,SuperFractor,1,79253,2025 Topps Chrome Marvel - SuperFractor,"Move to existing subset ""2025 Topps Chrome Marvel - SuperFractor"" (id 6543)"
2025 Topps Chrome Marvel,2025 Topps Chrome Marvel - Galactic Legends,1,Black Refractor,1,79279,2025 Topps Chrome Marvel - Air Marvel Black Refractor,"Move to existing subset ""2025 Topps Chrome Marvel - Air Marvel Black Refractor"" (id 2493)"
2025 Topps Chrome Marvel,2025 Topps Chrome Marvel - Galactic Legends,1,Refractor,1,79283,2025 Topps Chrome Marvel - Refractor,"Move to existing subset ""2025 Topps Chrome Marvel - Refractor"" (id 6540)"
2025 Topps Chrome Marvel,2025 Topps Chrome Marvel - Galactic Legends,1,SuperFractor,1,79305,2025 Topps Chrome Marvel - SuperFractor,"Move to existing subset ""2025 Topps Chrome Marvel - SuperFractor"" (id 6543)"
2025 Topps Chrome Marvel,2025 Topps Chrome Marvel - Galactic Legends,1,Red Wave Refractor,1,79307,2025 Topps Chrome Marvel - Air Marvel Red Wave Refractor,"Move to existing subset ""2025 Topps Chrome Marvel - Air Marvel Red Wave Refractor"" (id 2494)"
2025 Topps Chrome Marvel,2025 Topps Chrome Marvel - Galactic Legends,10,Red Wave Refractor,1,79266,2025 Topps Chrome Marvel - Air Marvel Red Wave Refractor,"Move to existing subset ""2025 Topps Chrome Marvel - Air Marvel Red Wave Refractor"" (id 2494)"
2025 Topps Chrome Marvel,2025 Topps Chrome Marvel - Galactic Legends,10,Black Refractor,1,79268,2025 Topps Chrome Marvel - Air Marvel Black Refractor,"Move to existing subset ""2025 Topps Chrome Marvel - Air Marvel Black Refractor"" (id 2493)"
2025 Topps Chrome Marvel,2025 Topps Chrome Marvel - Galactic Legends,10,Refractor,1,79282,2025 Topps Chrome Marvel - Refractor,"Move to existing subset ""2025 Topps Chrome Marvel - Refractor"" (id 6540)"
2025 Topps Chrome Marvel,2025 Topps Chrome Marvel - Galactic Legends,10,SuperFractor,1,79303,2025 Topps Chrome Marvel - SuperFractor,"Move to existing subset ""2025 Topps Chrome Marvel - SuperFractor"" (id 6543)"
2025 Topps Chrome Marvel,2025 Topps Chrome Marvel - Galactic Legends,2,Black Refractor,1,79269,2025 Topps Chrome Marvel - Air Marvel Black Refractor,"Move to existing subset ""2025 Topps Chrome Marvel - Air Marvel Black Refractor"" (id 2493)"
2025 Topps Chrome Marvel,2025 Topps Chrome Marvel - Galactic Legends,2,Refractor,1,79272,2025 Topps Chrome Marvel - Refractor,"Move to existing subset ""2025 Topps Chrome Marvel - Refractor"" (id 6540)"
2025 Topps Chrome Marvel,2025 Topps Chrome Marvel - Galactic Legends,2,Red Wave Refractor,1,79288,2025 Topps Chrome Marvel - Air Marvel Red Wave Refractor,"Move to existing subset ""2025 Topps Chrome Marvel - Air Marvel Red Wave Refractor"" (id 2494)"
2025 Topps Chrome Marvel,2025 Topps Chrome Marvel - Galactic Legends,2,SuperFractor,1,79301,2025 Topps Chrome Marvel - SuperFractor,"Move to existing subset ""2025 Topps Chrome Marvel - SuperFractor"" (id 6543)"
2025 Topps Chrome Marvel,2025 Topps Chrome Marvel - Galactic Legends,3,Refractor,1,79275,2025 Topps Chrome Marvel - Refractor,"Move to existing subset ""2025 Topps Chrome Marvel - Refractor"" (id 6540)"
2025 Topps Chrome Marvel,2025 Topps Chrome Marvel - Galactic Legends,3,Red Wave Refractor,1,79286,2025 Topps Chrome Marvel - Air Marvel Red Wave Refractor,"Move to existing subset ""2025 Topps Chrome Marvel - Air Marvel Red Wave Refractor"" (id 2494)"
2025 Topps Chrome Marvel,2025 Topps Chrome Marvel - Galactic Legends,3,SuperFractor,1,79308,2025 Topps Chrome Marvel - SuperFractor,"Move to existing subset ""2025 Topps Chrome Marvel - SuperFractor"" (id 6543)"
2025 Topps Chrome Marvel,2025 Topps Chrome Marvel - Galactic Legends,3,Black Refractor,1,79310,2025 Topps Chrome Marvel - Air Marvel Black Refractor,"Move to existing subset ""2025 Topps Chrome Marvel - Air Marvel Black Refractor"" (id 2493)"
2025 Topps Chrome Marvel,2025 Topps Chrome Marvel - Galactic Legends,4,Refractor,1,79280,2025 Topps Chrome Marvel - Refractor,"Move to existing subset ""2025 Topps Chrome Marvel - Refractor"" (id 6540)"
2025 Topps Chrome Marvel,2025 Topps Chrome Marvel - Galactic Legends,4,Black Refractor,1,79285,2025 Topps Chrome Marvel - Air Marvel Black Refractor,"Move to existing subset ""2025 Topps Chrome Marvel - Air Marvel Black Refractor"" (id 2493)"
2025 Topps Chrome Marvel,2025 Topps Chrome Marvel - Galactic Legends,4,SuperFractor,1,79290,2025 Topps Chrome Marvel - SuperFractor,"Move to existing subset ""2025 Topps Chrome Marvel - SuperFractor"" (id 6543)"
2025 Topps Chrome Marvel,2025 Topps Chrome Marvel - Galactic Legends,4,Red Wave Refractor,1,79293,2025 Topps Chrome Marvel - Air Marvel Red Wave Refractor,"Move to existing subset ""2025 Topps Chrome Marvel - Air Marvel Red Wave Refractor"" (id 2494)"
2025 Topps Chrome Marvel,2025 Topps Chrome Marvel - Galactic Legends,5,Refractor,1,79281,2025 Topps Chrome Marvel - Refractor,"Move to existing subset ""2025 Topps Chrome Marvel - Refractor"" (id 6540)"
2025 Topps Chrome Marvel,2025 Topps Chrome Marvel - Galactic Legends,5,SuperFractor,1,79289,2025 Topps Chrome Marvel - SuperFractor,"Move to existing subset ""2025 Topps Chrome Marvel - SuperFractor"" (id 6543)"
2025 Topps Chrome Marvel,2025 Topps Chrome Marvel - Galactic Legends,5,Red Wave Refractor,1,79291,2025 Topps Chrome Marvel - Air Marvel Red Wave Refractor,"Move to existing subset ""2025 Topps Chrome Marvel - Air Marvel Red Wave Refractor"" (id 2494)"
2025 Topps Chrome Marvel,2025 Topps Chrome Marvel - Galactic Legends,5,Black Refractor,1,79294,2025 Topps Chrome Marvel - Air Marvel Black Refractor,"Move to existing subset ""2025 Topps Chrome Marvel - Air Marvel Black Refractor"" (id 2493)"
2025 Topps Chrome Marvel,2025 Topps Chrome Marvel - Galactic Legends,6,Black Refractor,1,78737,2025 Topps Chrome Marvel - Air Marvel Black Refractor,"Move to existing subset ""2025 Topps Chrome Marvel - Air Marvel Black Refractor"" (id 2493)"
2025 Topps Chrome Marvel,2025 Topps Chrome Marvel - Galactic Legends,6,SuperFractor,1,79302,2025 Topps Chrome Marvel - SuperFractor,"Move to existing subset ""2025 Topps Chrome Marvel - SuperFractor"" (id 6543)"
2025 Topps Chrome Marvel,2025 Topps Chrome Marvel - Galactic Legends,6,Red Wave Refractor,1,79314,2025 Topps Chrome Marvel - Air Marvel Red Wave Refractor,"Move to existing subset ""2025 Topps Chrome Marvel - Air Marvel Red Wave Refractor"" (id 2494)"
2025 Topps Chrome Marvel,2025 Topps Chrome Marvel - Galactic Legends,6,Refractor,1,79315,2025 Topps Chrome Marvel - Refractor,"Move to existing subset ""2025 Topps Chrome Marvel - Refractor"" (id 6540)"
2025 Topps Chrome Marvel,2025 Topps Chrome Marvel - Galactic Legends,7,Refractor,1,79256,2025 Topps Chrome Marvel - Refractor,"Move to existing subset ""2025 Topps Chrome Marvel - Refractor"" (id 6540)"
2025 Topps Chrome Marvel,2025 Topps Chrome Marvel - Galactic Legends,7,Black Refractor,1,79261,2025 Topps Chrome Marvel - Air Marvel Black Refractor,"Move to existing subset ""2025 Topps Chrome Marvel - Air Marvel Black Refractor"" (id 2493)"
2025 Topps Chrome Marvel,2025 Topps Chrome Marvel - Galactic Legends,7,SuperFractor,1,79295,2025 Topps Chrome Marvel - SuperFractor,"Move to existing subset ""2025 Topps Chrome Marvel - SuperFractor"" (id 6543)"
2025 Topps Chrome Marvel,2025 Topps Chrome Marvel - Galactic Legends,7,Red Wave Refractor,1,79297,2025 Topps Chrome Marvel - Air Marvel Red Wave Refractor,"Move to existing subset ""2025 Topps Chrome Marvel - Air Marvel Red Wave Refractor"" (id 2494)"
2025 Topps Chrome Marvel,2025 Topps Chrome Marvel - Galactic Legends,8,Refractor,1,79262,2025 Topps Chrome Marvel - Refractor,"Move to existing subset ""2025 Topps Chrome Marvel - Refractor"" (id 6540)"
2025 Topps Chrome Marvel,2025 Topps Chrome Marvel - Galactic Legends,8,Black Refractor,1,79300,2025 Topps Chrome Marvel - Air Marvel Black Refractor,"Move to existing subset ""2025 Topps Chrome Marvel - Air Marvel Black Refractor"" (id 2493)"
2025 Topps Chrome Marvel,2025 Topps Chrome Marvel - Galactic Legends,8,SuperFractor,1,79319,2025 Topps Chrome Marvel - SuperFractor,"Move to existing subset ""2025 Topps Chrome Marvel - SuperFractor"" (id 6543)"
2025 Topps Chrome Marvel,2025 Topps Chrome Marvel - Galactic Legends,8,Red Wave Refractor,1,79321,2025 Topps Chrome Marvel - Air Marvel Red Wave Refractor,"Move to existing subset ""2025 Topps Chrome Marvel - Air Marvel Red Wave Refractor"" (id 2494)"
2025 Topps Chrome Marvel,2025 Topps Chrome Marvel - Galactic Legends,9,Refractor,1,79273,2025 Topps Chrome Marvel - Refractor,"Move to existing subset ""2025 Topps Chrome Marvel - Refractor"" (id 6540)"
2025 Topps Chrome Marvel,2025 Topps Chrome Marvel - Galactic Legends,9,SuperFractor,1,79316,2025 Topps Chrome Marvel - SuperFractor,"Move to existing subset ""2025 Topps Chrome Marvel - SuperFractor"" (id 6543)"
2025 Topps Chrome Marvel,2025 Topps Chrome Marvel - Galactic Legends,9,Red Wave Refractor,1,79318,2025 Topps Chrome Marvel - Air Marvel Red Wave Refractor,"Move to existing subset ""2025 Topps Chrome Marvel - Air Marvel Red Wave Refractor"" (id 2494)"
2025 Topps Chrome Marvel,2025 Topps Chrome Marvel - Galactic Legends,9,Black Refractor,1,79320,2025 Topps Chrome Marvel - Air Marvel Black Refractor,"Move to existing subset ""2025 Topps Chrome Marvel - Air Marvel Black Refractor"" (id 2493)"
2025 Topps Chrome Marvel,2025 Topps Chrome Marvel - Golden Anniversaries,1,SuperFractor,1,79328,2025 Topps Chrome Marvel - SuperFractor,"Move to existing subset ""2025 Topps Chrome Marvel - SuperFractor"" (id 6543)"
2025 Topps Chrome Marvel,2025 Topps Chrome Marvel - Golden Anniversaries,2,SuperFractor,1,79332,2025 Topps Chrome Marvel - SuperFractor,"Move to existing subset ""2025 Topps Chrome Marvel - SuperFractor"" (id 6543)"
2025 Topps Chrome Marvel,2025 Topps Chrome Marvel - Golden Anniversaries,3,SuperFractor,1,79335,2025 Topps Chrome Marvel - SuperFractor,"Move to existing subset ""2025 Topps Chrome Marvel - SuperFractor"" (id 6543)"
2025 Topps Chrome Marvel,2025 Topps Chrome Marvel - Golden Anniversaries,4,SuperFractor,1,79334,2025 Topps Chrome Marvel - SuperFractor,"Move to existing subset ""2025 Topps Chrome Marvel - SuperFractor"" (id 6543)"
2025 Topps Chrome Marvel,2025 Topps Chrome Marvel - Golden Anniversaries,5,SuperFractor,1,79333,2025 Topps Chrome Marvel - SuperFractor,"Move to existing subset ""2025 Topps Chrome Marvel - SuperFractor"" (id 6543)"
2025 Topps Chrome Marvel,2025 Topps Chrome Marvel - Indestructible Black Lazer Refractor,1,SuperFractor,1,79397,2025 Topps Chrome Marvel - SuperFractor,"Move to existing subset ""2025 Topps Chrome Marvel - SuperFractor"" (id 6543)"
2025 Topps Chrome Marvel,2025 Topps Chrome Marvel - Indestructible Black Lazer Refractor,1,Red Lazer Refractor,1,79403,2025 Topps Chrome Marvel - Indestructible Red Lazer Refractor,"Move to existing subset ""2025 Topps Chrome Marvel - Indestructible Red Lazer Refractor"" (id 6514)"
2025 Topps Chrome Marvel,2025 Topps Chrome Marvel - Indestructible Black Lazer Refractor,10,Red Lazer Refractor,1,79419,2025 Topps Chrome Marvel - Indestructible Red Lazer Refractor,"Move to existing subset ""2025 Topps Chrome Marvel - Indestructible Red Lazer Refractor"" (id 6514)"
2025 Topps Chrome Marvel,2025 Topps Chrome Marvel - Indestructible Black Lazer Refractor,10,SuperFractor,1,79423,2025 Topps Chrome Marvel - SuperFractor,"Move to existing subset ""2025 Topps Chrome Marvel - SuperFractor"" (id 6543)"
2025 Topps Chrome Marvel,2025 Topps Chrome Marvel - Indestructible Black Lazer Refractor,2,Red Lazer Refractor,1,79402,2025 Topps Chrome Marvel - Indestructible Red Lazer Refractor,"Move to existing subset ""2025 Topps Chrome Marvel - Indestructible Red Lazer Refractor"" (id 6514)"
2025 Topps Chrome Marvel,2025 Topps Chrome Marvel - Indestructible Black Lazer Refractor,2,SuperFractor,1,79425,2025 Topps Chrome Marvel - SuperFractor,"Move to existing subset ""2025 Topps Chrome Marvel - SuperFractor"" (id 6543)"
2025 Topps Chrome Marvel,2025 Topps Chrome Marvel - Indestructible Black Lazer Refractor,3,Red Lazer Refractor,1,79396,2025 Topps Chrome Marvel - Indestructible Red Lazer Refractor,"Move to existing subset ""2025 Topps Chrome Marvel - Indestructible Red Lazer Refractor"" (id 6514)"
2025 Topps Chrome Marvel,2025 Topps Chrome Marvel - Indestructible Black Lazer Refractor,3,SuperFractor,1,79399,2025 Topps Chrome Marvel - SuperFractor,"Move to existing subset ""2025 Topps Chrome Marvel - SuperFractor"" (id 6543)"
2025 Topps Chrome Marvel,2025 Topps Chrome Marvel - Indestructible Black Lazer Refractor,4,SuperFractor,1,79404,2025 Topps Chrome Marvel - SuperFractor,"Move to existing subset ""2025 Topps Chrome Marvel - SuperFractor"" (id 6543)"
2025 Topps Chrome Marvel,2025 Topps Chrome Marvel - Indestructible Black Lazer Refractor,4,Red Lazer Refractor,1,79409,2025 Topps Chrome Marvel - Indestructible Red Lazer Refractor,"Move to existing subset ""2025 Topps Chrome Marvel - Indestructible Red Lazer Refractor"" (id 6514)"
2025 Topps Chrome Marvel,2025 Topps Chrome Marvel - Indestructible Black Lazer Refractor,5,SuperFractor,1,79405,2025 Topps Chrome Marvel - SuperFractor,"Move to existing subset ""2025 Topps Chrome Marvel - SuperFractor"" (id 6543)"
2025 Topps Chrome Marvel,2025 Topps Chrome Marvel - Indestructible Black Lazer Refractor,5,Red Lazer Refractor,1,79410,2025 Topps Chrome Marvel - Indestructible Red Lazer Refractor,"Move to existing subset ""2025 Topps Chrome Marvel - Indestructible Red Lazer Refractor"" (id 6514)"
2025 Topps Chrome Marvel,2025 Topps Chrome Marvel - Indestructible Black Lazer Refractor,6,SuperFractor,1,79411,2025 Topps Chrome Marvel - SuperFractor,"Move to existing subset ""2025 Topps Chrome Marvel - SuperFractor"" (id 6543)"
2025 Topps Chrome Marvel,2025 Topps Chrome Marvel - Indestructible Black Lazer Refractor,6,Red Lazer Refractor,1,79413,2025 Topps Chrome Marvel - Indestructible Red Lazer Refractor,"Move to existing subset ""2025 Topps Chrome Marvel - Indestructible Red Lazer Refractor"" (id 6514)"
2025 Topps Chrome Marvel,2025 Topps Chrome Marvel - Indestructible Black Lazer Refractor,7,SuperFractor,1,79412,2025 Topps Chrome Marvel - SuperFractor,"Move to existing subset ""2025 Topps Chrome Marvel - SuperFractor"" (id 6543)"
2025 Topps Chrome Marvel,2025 Topps Chrome Marvel - Indestructible Black Lazer Refractor,7,Red Lazer Refractor,1,79417,2025 Topps Chrome Marvel - Indestructible Red Lazer Refractor,"Move to existing subset ""2025 Topps Chrome Marvel - Indestructible Red Lazer Refractor"" (id 6514)"
2025 Topps Chrome Marvel,2025 Topps Chrome Marvel - Indestructible Black Lazer Refractor,8,Red Lazer Refractor,1,79416,2025 Topps Chrome Marvel - Indestructible Red Lazer Refractor,"Move to existing subset ""2025 Topps Chrome Marvel - Indestructible Red Lazer Refractor"" (id 6514)"
2025 Topps Chrome Marvel,2025 Topps Chrome Marvel - Indestructible Black Lazer Refractor,8,SuperFractor,1,79420,2025 Topps Chrome Marvel - SuperFractor,"Move to existing subset ""2025 Topps Chrome Marvel - SuperFractor"" (id 6543)"
2025 Topps Chrome Marvel,2025 Topps Chrome Marvel - Indestructible Black Lazer Refractor,9,SuperFractor,1,79421,2025 Topps Chrome Marvel - SuperFractor,"Move to existing subset ""2025 Topps Chrome Marvel - SuperFractor"" (id 6543)"
2025 Topps Chrome Marvel,2025 Topps Chrome Marvel - Indestructible Black Lazer Refractor,9,Red Lazer Refractor,1,79424,2025 Topps Chrome Marvel - Indestructible Red Lazer Refractor,"Move to existing subset ""2025 Topps Chrome Marvel - Indestructible Red Lazer Refractor"" (id 6514)"
2025 Topps Chrome Marvel,2025 Topps Chrome Marvel - Marvel Anniversaries,10,Orange Refractor,1,78968,2025 Topps Chrome Marvel - Human Torch Refractor (Red & Orange),"Move to existing subset ""2025 Topps Chrome Marvel - Human Torch Refractor (Red & Orange)"" (id 6512)"
2025 Topps Chrome Marvel,2025 Topps Chrome Marvel - Marvel Anniversaries,10,Black Refractor,1,78971,2025 Topps Chrome Marvel - Air Marvel Black Refractor,"Move to existing subset ""2025 Topps Chrome Marvel - Air Marvel Black Refractor"" (id 2493)"
2025 Topps Chrome Marvel,2025 Topps Chrome Marvel - Marvel Anniversaries,10,Red Wave Refractor,1,78978,2025 Topps Chrome Marvel - Air Marvel Red Wave Refractor,"Move to existing subset ""2025 Topps Chrome Marvel - Air Marvel Red Wave Refractor"" (id 2494)"
2025 Topps Chrome Marvel,2025 Topps Chrome Marvel - Marvel Anniversaries,10,SuperFractor,1,78979,2025 Topps Chrome Marvel - SuperFractor,"Move to existing subset ""2025 Topps Chrome Marvel - SuperFractor"" (id 6543)"
2025 Topps Chrome Marvel,2025 Topps Chrome Marvel - Marvel Anniversaries,11,Red Wave Refractor,1,78974,2025 Topps Chrome Marvel - Air Marvel Red Wave Refractor,"Move to existing subset ""2025 Topps Chrome Marvel - Air Marvel Red Wave Refractor"" (id 2494)"
2025 Topps Chrome Marvel,2025 Topps Chrome Marvel - Marvel Anniversaries,11,Orange Refractor,1,78976,2025 Topps Chrome Marvel - Human Torch Refractor (Red & Orange),"Move to existing subset ""2025 Topps Chrome Marvel - Human Torch Refractor (Red & Orange)"" (id 6512)"
2025 Topps Chrome Marvel,2025 Topps Chrome Marvel - Marvel Anniversaries,11,Black Refractor,1,78977,2025 Topps Chrome Marvel - Air Marvel Black Refractor,"Move to existing subset ""2025 Topps Chrome Marvel - Air Marvel Black Refractor"" (id 2493)"
2025 Topps Chrome Marvel,2025 Topps Chrome Marvel - Marvel Anniversaries,11,SuperFractor,1,78987,2025 Topps Chrome Marvel - SuperFractor,"Move to existing subset ""2025 Topps Chrome Marvel - SuperFractor"" (id 6543)"
2025 Topps Chrome Marvel,2025 Topps Chrome Marvel - Marvel Anniversaries,12,Red Wave Refractor,1,78981,2025 Topps Chrome Marvel - Air Marvel Red Wave Refractor,"Move to existing subset ""2025 Topps Chrome Marvel - Air Marvel Red Wave Refractor"" (id 2494)"
2025 Topps Chrome Marvel,2025 Topps Chrome Marvel - Marvel Anniversaries,12,Orange Refractor,1,78983,2025 Topps Chrome Marvel - Human Torch Refractor (Red & Orange),"Move to existing subset ""2025 Topps Chrome Marvel - Human Torch Refractor (Red & Orange)"" (id 6512)"
2025 Topps Chrome Marvel,2025 Topps Chrome Marvel - Marvel Anniversaries,12,Black Refractor,1,78985,2025 Topps Chrome Marvel - Air Marvel Black Refractor,"Move to existing subset ""2025 Topps Chrome Marvel - Air Marvel Black Refractor"" (id 2493)"
2025 Topps Chrome Marvel,2025 Topps Chrome Marvel - Marvel Anniversaries,12,SuperFractor,1,78991,2025 Topps Chrome Marvel - SuperFractor,"Move to existing subset ""2025 Topps Chrome Marvel - SuperFractor"" (id 6543)"
2025 Topps Chrome Marvel,2025 Topps Chrome Marvel - Marvel Anniversaries,13,Orange Refractor,1,78989,2025 Topps Chrome Marvel - Human Torch Refractor (Red & Orange),"Move to existing subset ""2025 Topps Chrome Marvel - Human Torch Refractor (Red & Orange)"" (id 6512)"
2025 Topps Chrome Marvel,2025 Topps Chrome Marvel - Marvel Anniversaries,13,Black Refractor,1,78990,2025 Topps Chrome Marvel - Air Marvel Black Refractor,"Move to existing subset ""2025 Topps Chrome Marvel - Air Marvel Black Refractor"" (id 2493)"
2025 Topps Chrome Marvel,2025 Topps Chrome Marvel - Marvel Anniversaries,13,Red Wave Refractor,1,78995,2025 Topps Chrome Marvel - Air Marvel Red Wave Refractor,"Move to existing subset ""2025 Topps Chrome Marvel - Air Marvel Red Wave Refractor"" (id 2494)"
2025 Topps Chrome Marvel,2025 Topps Chrome Marvel - Marvel Anniversaries,13,SuperFractor,1,78996,2025 Topps Chrome Marvel - SuperFractor,"Move to existing subset ""2025 Topps Chrome Marvel - SuperFractor"" (id 6543)"
2025 Topps Chrome Marvel,2025 Topps Chrome Marvel - Marvel Anniversaries,14,Orange Refractor,1,78993,2025 Topps Chrome Marvel - Human Torch Refractor (Red & Orange),"Move to existing subset ""2025 Topps Chrome Marvel - Human Torch Refractor (Red & Orange)"" (id 6512)"
2025 Topps Chrome Marvel,2025 Topps Chrome Marvel - Marvel Anniversaries,14,Red Wave Refractor,1,79016,2025 Topps Chrome Marvel - Air Marvel Red Wave Refractor,"Move to existing subset ""2025 Topps Chrome Marvel - Air Marvel Red Wave Refractor"" (id 2494)"
2025 Topps Chrome Marvel,2025 Topps Chrome Marvel - Marvel Anniversaries,14,Black Refractor,1,79019,2025 Topps Chrome Marvel - Air Marvel Black Refractor,"Move to existing subset ""2025 Topps Chrome Marvel - Air Marvel Black Refractor"" (id 2493)"
2025 Topps Chrome Marvel,2025 Topps Chrome Marvel - Marvel Anniversaries,14,SuperFractor,1,79021,2025 Topps Chrome Marvel - SuperFractor,"Move to existing subset ""2025 Topps Chrome Marvel - SuperFractor"" (id 6543)"
2025 Topps Chrome Marvel,2025 Topps Chrome Marvel - Marvel Anniversaries,15,Orange Refractor,1,79000,2025 Topps Chrome Marvel - Human Torch Refractor (Red & Orange),"Move to existing subset ""2025 Topps Chrome Marvel - Human Torch Refractor (Red & Orange)"" (id 6512)"
2025 Topps Chrome Marvel,2025 Topps Chrome Marvel - Marvel Anniversaries,15,Black Refractor,1,79001,2025 Topps Chrome Marvel - Air Marvel Black Refractor,"Move to existing subset ""2025 Topps Chrome Marvel - Air Marvel Black Refractor"" (id 2493)"
2025 Topps Chrome Marvel,2025 Topps Chrome Marvel - Marvel Anniversaries,15,Red Wave Refractor,1,79002,2025 Topps Chrome Marvel - Air Marvel Red Wave Refractor,"Move to existing subset ""2025 Topps Chrome Marvel - Air Marvel Red Wave Refractor"" (id 2494)"
2025 Topps Chrome Marvel,2025 Topps Chrome Marvel - Marvel Anniversaries,15,SuperFractor,1,79004,2025 Topps Chrome Marvel - SuperFractor,"Move to existing subset ""2025 Topps Chrome Marvel - SuperFractor"" (id 6543)"
2025 Topps Chrome Marvel,2025 Topps Chrome Marvel - Marvel Anniversaries,16,Orange Refractor,1,79006,2025 Topps Chrome Marvel - Human Torch Refractor (Red & Orange),"Move to existing subset ""2025 Topps Chrome Marvel - Human Torch Refractor (Red & Orange)"" (id 6512)"
2025 Topps Chrome Marvel,2025 Topps Chrome Marvel - Marvel Anniversaries,16,SuperFractor,1,79025,2025 Topps Chrome Marvel - SuperFractor,"Move to existing subset ""2025 Topps Chrome Marvel - SuperFractor"" (id 6543)"
2025 Topps Chrome Marvel,2025 Topps Chrome Marvel - Marvel Anniversaries,16,Red Wave Refractor,1,79028,2025 Topps Chrome Marvel - Air Marvel Red Wave Refractor,"Move to existing subset ""2025 Topps Chrome Marvel - Air Marvel Red Wave Refractor"" (id 2494)"
2025 Topps Chrome Marvel,2025 Topps Chrome Marvel - Marvel Anniversaries,16,Black Refractor,1,79029,2025 Topps Chrome Marvel - Air Marvel Black Refractor,"Move to existing subset ""2025 Topps Chrome Marvel - Air Marvel Black Refractor"" (id 2493)"
2025 Topps Chrome Marvel,2025 Topps Chrome Marvel - Marvel Anniversaries,17,Red Wave Refractor,1,78908,2025 Topps Chrome Marvel - Air Marvel Red Wave Refractor,"Move to existing subset ""2025 Topps Chrome Marvel - Air Marvel Red Wave Refractor"" (id 2494)"
2025 Topps Chrome Marvel,2025 Topps Chrome Marvel - Marvel Anniversaries,17,Orange Refractor,1,79009,2025 Topps Chrome Marvel - Human Torch Refractor (Red & Orange),"Move to existing subset ""2025 Topps Chrome Marvel - Human Torch Refractor (Red & Orange)"" (id 6512)"
2025 Topps Chrome Marvel,2025 Topps Chrome Marvel - Marvel Anniversaries,17,Black Refractor,1,79011,2025 Topps Chrome Marvel - Air Marvel Black Refractor,"Move to existing subset ""2025 Topps Chrome Marvel - Air Marvel Black Refractor"" (id 2493)"
2025 Topps Chrome Marvel,2025 Topps Chrome Marvel - Marvel Anniversaries,17,SuperFractor,1,79041,2025 Topps Chrome Marvel - SuperFractor,"Move to existing subset ""2025 Topps Chrome Marvel - SuperFractor"" (id 6543)"
2025 Topps Chrome Marvel,2025 Topps Chrome Marvel - Marvel Anniversaries,18,Orange Refractor,1,78916,2025 Topps Chrome Marvel - Human Torch Refractor (Red & Orange),"Move to existing subset ""2025 Topps Chrome Marvel - Human Torch Refractor (Red & Orange)"" (id 6512)"
2025 Topps Chrome Marvel,2025 Topps Chrome Marvel - Marvel Anniversaries,18,Red Wave Refractor,1,78922,2025 Topps Chrome Marvel - Air Marvel Red Wave Refractor,"Move to existing subset ""2025 Topps Chrome Marvel - Air Marvel Red Wave Refractor"" (id 2494)"
2025 Topps Chrome Marvel,2025 Topps Chrome Marvel - Marvel Anniversaries,18,Black Refractor,1,78923,2025 Topps Chrome Marvel - Air Marvel Black Refractor,"Move to existing subset ""2025 Topps Chrome Marvel - Air Marvel Black Refractor"" (id 2493)"
2025 Topps Chrome Marvel,2025 Topps Chrome Marvel - Marvel Anniversaries,18,SuperFractor,1,78928,2025 Topps Chrome Marvel - SuperFractor,"Move to existing subset ""2025 Topps Chrome Marvel - SuperFractor"" (id 6543)"
2025 Topps Chrome Marvel,2025 Topps Chrome Marvel - Marvel Anniversaries,19,Red Wave Refractor,1,78930,2025 Topps Chrome Marvel - Air Marvel Red Wave Refractor,"Move to existing subset ""2025 Topps Chrome Marvel - Air Marvel Red Wave Refractor"" (id 2494)"
2025 Topps Chrome Marvel,2025 Topps Chrome Marvel - Marvel Anniversaries,19,Orange Refractor,1,78934,2025 Topps Chrome Marvel - Human Torch Refractor (Red & Orange),"Move to existing subset ""2025 Topps Chrome Marvel - Human Torch Refractor (Red & Orange)"" (id 6512)"
2025 Topps Chrome Marvel,2025 Topps Chrome Marvel - Marvel Anniversaries,19,Black Refractor,1,78935,2025 Topps Chrome Marvel - Air Marvel Black Refractor,"Move to existing subset ""2025 Topps Chrome Marvel - Air Marvel Black Refractor"" (id 2493)"
2025 Topps Chrome Marvel,2025 Topps Chrome Marvel - Marvel Anniversaries,19,SuperFractor,1,78936,2025 Topps Chrome Marvel - SuperFractor,"Move to existing subset ""2025 Topps Chrome Marvel - SuperFractor"" (id 6543)"
2025 Topps Chrome Marvel,2025 Topps Chrome Marvel - Marvel Anniversaries,2,Orange Refractor,1,78901,2025 Topps Chrome Marvel - Human Torch Refractor (Red & Orange),"Move to existing subset ""2025 Topps Chrome Marvel - Human Torch Refractor (Red & Orange)"" (id 6512)"
2025 Topps Chrome Marvel,2025 Topps Chrome Marvel - Marvel Anniversaries,2,Black Refractor,1,78902,2025 Topps Chrome Marvel - Air Marvel Black Refractor,"Move to existing subset ""2025 Topps Chrome Marvel - Air Marvel Black Refractor"" (id 2493)"
2025 Topps Chrome Marvel,2025 Topps Chrome Marvel - Marvel Anniversaries,2,Red Wave Refractor,1,78913,2025 Topps Chrome Marvel - Air Marvel Red Wave Refractor,"Move to existing subset ""2025 Topps Chrome Marvel - Air Marvel Red Wave Refractor"" (id 2494)"
2025 Topps Chrome Marvel,2025 Topps Chrome Marvel - Marvel Anniversaries,2,SuperFractor,1,78914,2025 Topps Chrome Marvel - SuperFractor,"Move to existing subset ""2025 Topps Chrome Marvel - SuperFractor"" (id 6543)"
2025 Topps Chrome Marvel,2025 Topps Chrome Marvel - Marvel Anniversaries,20,Orange Refractor,1,78940,2025 Topps Chrome Marvel - Human Torch Refractor (Red & Orange),"Move to existing subset ""2025 Topps Chrome Marvel - Human Torch Refractor (Red & Orange)"" (id 6512)"
2025 Topps Chrome Marvel,2025 Topps Chrome Marvel - Marvel Anniversaries,20,Black Refractor,1,78942,2025 Topps Chrome Marvel - Air Marvel Black Refractor,"Move to existing subset ""2025 Topps Chrome Marvel - Air Marvel Black Refractor"" (id 2493)"
2025 Topps Chrome Marvel,2025 Topps Chrome Marvel - Marvel Anniversaries,20,Red Wave Refractor,1,78944,2025 Topps Chrome Marvel - Air Marvel Red Wave Refractor,"Move to existing subset ""2025 Topps Chrome Marvel - Air Marvel Red Wave Refractor"" (id 2494)"
2025 Topps Chrome Marvel,2025 Topps Chrome Marvel - Marvel Anniversaries,20,SuperFractor,1,78951,2025 Topps Chrome Marvel - SuperFractor,"Move to existing subset ""2025 Topps Chrome Marvel - SuperFractor"" (id 6543)"
2025 Topps Chrome Marvel,2025 Topps Chrome Marvel - Marvel Anniversaries,21,Red Wave Refractor,1,78946,2025 Topps Chrome Marvel - Air Marvel Red Wave Refractor,"Move to existing subset ""2025 Topps Chrome Marvel - Air Marvel Red Wave Refractor"" (id 2494)"
2025 Topps Chrome Marvel,2025 Topps Chrome Marvel - Marvel Anniversaries,21,Black Refractor,1,78949,2025 Topps Chrome Marvel - Air Marvel Black Refractor,"Move to existing subset ""2025 Topps Chrome Marvel - Air Marvel Black Refractor"" (id 2493)"
2025 Topps Chrome Marvel,2025 Topps Chrome Marvel - Marvel Anniversaries,21,SuperFractor,1,78958,2025 Topps Chrome Marvel - SuperFractor,"Move to existing subset ""2025 Topps Chrome Marvel - SuperFractor"" (id 6543)"
2025 Topps Chrome Marvel,2025 Topps Chrome Marvel - Marvel Anniversaries,21,Orange Refractor,1,79038,2025 Topps Chrome Marvel - Human Torch Refractor (Red & Orange),"Move to existing subset ""2025 Topps Chrome Marvel - Human Torch Refractor (Red & Orange)"" (id 6512)"
2025 Topps Chrome Marvel,2025 Topps Chrome Marvel - Marvel Anniversaries,22,Orange Refractor,1,78956,2025 Topps Chrome Marvel - Human Torch Refractor (Red & Orange),"Move to existing subset ""2025 Topps Chrome Marvel - Human Torch Refractor (Red & Orange)"" (id 6512)"
2025 Topps Chrome Marvel,2025 Topps Chrome Marvel - Marvel Anniversaries,22,Red Wave Refractor,1,78962,2025 Topps Chrome Marvel - Air Marvel Red Wave Refractor,"Move to existing subset ""2025 Topps Chrome Marvel - Air Marvel Red Wave Refractor"" (id 2494)"
2025 Topps Chrome Marvel,2025 Topps Chrome Marvel - Marvel Anniversaries,22,Black Refractor,1,78964,2025 Topps Chrome Marvel - Air Marvel Black Refractor,"Move to existing subset ""2025 Topps Chrome Marvel - Air Marvel Black Refractor"" (id 2493)"
2025 Topps Chrome Marvel,2025 Topps Chrome Marvel - Marvel Anniversaries,22,SuperFractor,1,79042,2025 Topps Chrome Marvel - SuperFractor,"Move to existing subset ""2025 Topps Chrome Marvel - SuperFractor"" (id 6543)"
2025 Topps Chrome Marvel,2025 Topps Chrome Marvel - Marvel Anniversaries,23,Orange Refractor,1,78963,2025 Topps Chrome Marvel - Human Torch Refractor (Red & Orange),"Move to existing subset ""2025 Topps Chrome Marvel - Human Torch Refractor (Red & Orange)"" (id 6512)"
2025 Topps Chrome Marvel,2025 Topps Chrome Marvel - Marvel Anniversaries,23,Red Wave Refractor,1,78970,2025 Topps Chrome Marvel - Air Marvel Red Wave Refractor,"Move to existing subset ""2025 Topps Chrome Marvel - Air Marvel Red Wave Refractor"" (id 2494)"
2025 Topps Chrome Marvel,2025 Topps Chrome Marvel - Marvel Anniversaries,23,Black Refractor,1,78972,2025 Topps Chrome Marvel - Air Marvel Black Refractor,"Move to existing subset ""2025 Topps Chrome Marvel - Air Marvel Black Refractor"" (id 2493)"
2025 Topps Chrome Marvel,2025 Topps Chrome Marvel - Marvel Anniversaries,23,SuperFractor,1,78980,2025 Topps Chrome Marvel - SuperFractor,"Move to existing subset ""2025 Topps Chrome Marvel - SuperFractor"" (id 6543)"
2025 Topps Chrome Marvel,2025 Topps Chrome Marvel - Marvel Anniversaries,24,Black Refractor,1,78984,2025 Topps Chrome Marvel - Air Marvel Black Refractor,"Move to existing subset ""2025 Topps Chrome Marvel - Air Marvel Black Refractor"" (id 2493)"
2025 Topps Chrome Marvel,2025 Topps Chrome Marvel - Marvel Anniversaries,24,Orange Refractor,1,78986,2025 Topps Chrome Marvel - Human Torch Refractor (Red & Orange),"Move to existing subset ""2025 Topps Chrome Marvel - Human Torch Refractor (Red & Orange)"" (id 6512)"
2025 Topps Chrome Marvel,2025 Topps Chrome Marvel - Marvel Anniversaries,24,SuperFractor,1,78997,2025 Topps Chrome Marvel - SuperFractor,"Move to existing subset ""2025 Topps Chrome Marvel - SuperFractor"" (id 6543)"
2025 Topps Chrome Marvel,2025 Topps Chrome Marvel - Marvel Anniversaries,24,Red Wave Refractor,1,78999,2025 Topps Chrome Marvel - Air Marvel Red Wave Refractor,"Move to existing subset ""2025 Topps Chrome Marvel - Air Marvel Red Wave Refractor"" (id 2494)"
2025 Topps Chrome Marvel,2025 Topps Chrome Marvel - Marvel Anniversaries,25,Red Wave Refractor,1,78757,2025 Topps Chrome Marvel - Air Marvel Red Wave Refractor,"Move to existing subset ""2025 Topps Chrome Marvel - Air Marvel Red Wave Refractor"" (id 2494)"
2025 Topps Chrome Marvel,2025 Topps Chrome Marvel - Marvel Anniversaries,25,Orange Refractor,1,78872,2025 Topps Chrome Marvel - Human Torch Refractor (Red & Orange),"Move to existing subset ""2025 Topps Chrome Marvel - Human Torch Refractor (Red & Orange)"" (id 6512)"
2025 Topps Chrome Marvel,2025 Topps Chrome Marvel - Marvel Anniversaries,25,Black Refractor,1,78994,2025 Topps Chrome Marvel - Air Marvel Black Refractor,"Move to existing subset ""2025 Topps Chrome Marvel - Air Marvel Black Refractor"" (id 2493)"
2025 Topps Chrome Marvel,2025 Topps Chrome Marvel - Marvel Anniversaries,25,SuperFractor,1,78998,2025 Topps Chrome Marvel - SuperFractor,"Move to existing subset ""2025 Topps Chrome Marvel - SuperFractor"" (id 6543)"
2025 Topps Chrome Marvel,2025 Topps Chrome Marvel - Marvel Anniversaries,26,SuperFractor,1,79003,2025 Topps Chrome Marvel - SuperFractor,"Move to existing subset ""2025 Topps Chrome Marvel - SuperFractor"" (id 6543)"
2025 Topps Chrome Marvel,2025 Topps Chrome Marvel - Marvel Anniversaries,26,Red Wave Refractor,1,79007,2025 Topps Chrome Marvel - Air Marvel Red Wave Refractor,"Move to existing subset ""2025 Topps Chrome Marvel - Air Marvel Red Wave Refractor"" (id 2494)"
2025 Topps Chrome Marvel,2025 Topps Chrome Marvel - Marvel Anniversaries,26,Black Refractor,1,79018,2025 Topps Chrome Marvel - Air Marvel Black Refractor,"Move to existing subset ""2025 Topps Chrome Marvel - Air Marvel Black Refractor"" (id 2493)"
2025 Topps Chrome Marvel,2025 Topps Chrome Marvel - Marvel Anniversaries,26,Orange Refractor,1,79020,2025 Topps Chrome Marvel - Human Torch Refractor (Red & Orange),"Move to existing subset ""2025 Topps Chrome Marvel - Human Torch Refractor (Red & Orange)"" (id 6512)"
2025 Topps Chrome Marvel,2025 Topps Chrome Marvel - Marvel Anniversaries,27,Black Refractor,1,79022,2025 Topps Chrome Marvel - Air Marvel Black Refractor,"Move to existing subset ""2025 Topps Chrome Marvel - Air Marvel Black Refractor"" (id 2493)"
2025 Topps Chrome Marvel,2025 Topps Chrome Marvel - Marvel Anniversaries,27,Orange Refractor,1,79024,2025 Topps Chrome Marvel - Human Torch Refractor (Red & Orange),"Move to existing subset ""2025 Topps Chrome Marvel - Human Torch Refractor (Red & Orange)"" (id 6512)"
2025 Topps Chrome Marvel,2025 Topps Chrome Marvel - Marvel Anniversaries,27,SuperFractor,1,79026,2025 Topps Chrome Marvel - SuperFractor,"Move to existing subset ""2025 Topps Chrome Marvel - SuperFractor"" (id 6543)"
2025 Topps Chrome Marvel,2025 Topps Chrome Marvel - Marvel Anniversaries,27,Red Wave Refractor,1,79027,2025 Topps Chrome Marvel - Air Marvel Red Wave Refractor,"Move to existing subset ""2025 Topps Chrome Marvel - Air Marvel Red Wave Refractor"" (id 2494)"
2025 Topps Chrome Marvel,2025 Topps Chrome Marvel - Marvel Anniversaries,28,Red Wave Refractor,1,79010,2025 Topps Chrome Marvel - Air Marvel Red Wave Refractor,"Move to existing subset ""2025 Topps Chrome Marvel - Air Marvel Red Wave Refractor"" (id 2494)"
2025 Topps Chrome Marvel,2025 Topps Chrome Marvel - Marvel Anniversaries,28,Orange Refractor,1,79012,2025 Topps Chrome Marvel - Human Torch Refractor (Red & Orange),"Move to existing subset ""2025 Topps Chrome Marvel - Human Torch Refractor (Red & Orange)"" (id 6512)"
2025 Topps Chrome Marvel,2025 Topps Chrome Marvel - Marvel Anniversaries,28,Black Refractor,1,79013,2025 Topps Chrome Marvel - Air Marvel Black Refractor,"Move to existing subset ""2025 Topps Chrome Marvel - Air Marvel Black Refractor"" (id 2493)"
2025 Topps Chrome Marvel,2025 Topps Chrome Marvel - Marvel Anniversaries,28,SuperFractor,1,79014,2025 Topps Chrome Marvel - SuperFractor,"Move to existing subset ""2025 Topps Chrome Marvel - SuperFractor"" (id 6543)"
2025 Topps Chrome Marvel,2025 Topps Chrome Marvel - Marvel Anniversaries,29,Orange Refractor,1,78868,2025 Topps Chrome Marvel - Human Torch Refractor (Red & Orange),"Move to existing subset ""2025 Topps Chrome Marvel - Human Torch Refractor (Red & Orange)"" (id 6512)"
2025 Topps Chrome Marvel,2025 Topps Chrome Marvel - Marvel Anniversaries,29,SuperFractor,1,79032,2025 Topps Chrome Marvel - SuperFractor,"Move to existing subset ""2025 Topps Chrome Marvel - SuperFractor"" (id 6543)"
2025 Topps Chrome Marvel,2025 Topps Chrome Marvel - Marvel Anniversaries,29,Red Wave Refractor,1,79034,2025 Topps Chrome Marvel - Air Marvel Red Wave Refractor,"Move to existing subset ""2025 Topps Chrome Marvel - Air Marvel Red Wave Refractor"" (id 2494)"
2025 Topps Chrome Marvel,2025 Topps Chrome Marvel - Marvel Anniversaries,29,Black Refractor,1,79035,2025 Topps Chrome Marvel - Air Marvel Black Refractor,"Move to existing subset ""2025 Topps Chrome Marvel - Air Marvel Black Refractor"" (id 2493)"
2025 Topps Chrome Marvel,2025 Topps Chrome Marvel - Marvel Anniversaries,3,Red Wave Refractor,1,78909,2025 Topps Chrome Marvel - Air Marvel Red Wave Refractor,"Move to existing subset ""2025 Topps Chrome Marvel - Air Marvel Red Wave Refractor"" (id 2494)"
2025 Topps Chrome Marvel,2025 Topps Chrome Marvel - Marvel Anniversaries,3,Orange Refractor,1,78911,2025 Topps Chrome Marvel - Human Torch Refractor (Red & Orange),"Move to existing subset ""2025 Topps Chrome Marvel - Human Torch Refractor (Red & Orange)"" (id 6512)"
2025 Topps Chrome Marvel,2025 Topps Chrome Marvel - Marvel Anniversaries,3,Black Refractor,1,78912,2025 Topps Chrome Marvel - Air Marvel Black Refractor,"Move to existing subset ""2025 Topps Chrome Marvel - Air Marvel Black Refractor"" (id 2493)"
2025 Topps Chrome Marvel,2025 Topps Chrome Marvel - Marvel Anniversaries,3,SuperFractor,1,78920,2025 Topps Chrome Marvel - SuperFractor,"Move to existing subset ""2025 Topps Chrome Marvel - SuperFractor"" (id 6543)"
2025 Topps Chrome Marvel,2025 Topps Chrome Marvel - Marvel Anniversaries,30,Orange Refractor,1,79031,2025 Topps Chrome Marvel - Human Torch Refractor (Red & Orange),"Move to existing subset ""2025 Topps Chrome Marvel - Human Torch Refractor (Red & Orange)"" (id 6512)"
2025 Topps Chrome Marvel,2025 Topps Chrome Marvel - Marvel Anniversaries,30,Red Wave Refractor,1,79037,2025 Topps Chrome Marvel - Air Marvel Red Wave Refractor,"Move to existing subset ""2025 Topps Chrome Marvel - Air Marvel Red Wave Refractor"" (id 2494)"
2025 Topps Chrome Marvel,2025 Topps Chrome Marvel - Marvel Anniversaries,30,Black Refractor,1,79040,2025 Topps Chrome Marvel - Air Marvel Black Refractor,"Move to existing subset ""2025 Topps Chrome Marvel - Air Marvel Black Refractor"" (id 2493)"
2025 Topps Chrome Marvel,2025 Topps Chrome Marvel - Marvel Anniversaries,30,SuperFractor,1,79043,2025 Topps Chrome Marvel - SuperFractor,"Move to existing subset ""2025 Topps Chrome Marvel - SuperFractor"" (id 6543)"
2025 Topps Chrome Marvel,2025 Topps Chrome Marvel - Marvel Anniversaries,4,Red Wave Refractor,1,78917,2025 Topps Chrome Marvel - Air Marvel Red Wave Refractor,"Move to existing subset ""2025 Topps Chrome Marvel - Air Marvel Red Wave Refractor"" (id 2494)"
2025 Topps Chrome Marvel,2025 Topps Chrome Marvel - Marvel Anniversaries,4,Black Refractor,1,78919,2025 Topps Chrome Marvel - Air Marvel Black Refractor,"Move to existing subset ""2025 Topps Chrome Marvel - Air Marvel Black Refractor"" (id 2493)"
2025 Topps Chrome Marvel,2025 Topps Chrome Marvel - Marvel Anniversaries,4,SuperFractor,1,78921,2025 Topps Chrome Marvel - SuperFractor,"Move to existing subset ""2025 Topps Chrome Marvel - SuperFractor"" (id 6543)"
2025 Topps Chrome Marvel,2025 Topps Chrome Marvel - Marvel Anniversaries,4,Orange Refractor,1,79039,2025 Topps Chrome Marvel - Human Torch Refractor (Red & Orange),"Move to existing subset ""2025 Topps Chrome Marvel - Human Torch Refractor (Red & Orange)"" (id 6512)"
2025 Topps Chrome Marvel,2025 Topps Chrome Marvel - Marvel Anniversaries,5,Red Wave Refractor,1,78924,2025 Topps Chrome Marvel - Air Marvel Red Wave Refractor,"Move to existing subset ""2025 Topps Chrome Marvel - Air Marvel Red Wave Refractor"" (id 2494)"
2025 Topps Chrome Marvel,2025 Topps Chrome Marvel - Marvel Anniversaries,5,Orange Refractor,1,78926,2025 Topps Chrome Marvel - Human Torch Refractor (Red & Orange),"Move to existing subset ""2025 Topps Chrome Marvel - Human Torch Refractor (Red & Orange)"" (id 6512)"
2025 Topps Chrome Marvel,2025 Topps Chrome Marvel - Marvel Anniversaries,5,Black Refractor,1,78927,2025 Topps Chrome Marvel - Air Marvel Black Refractor,"Move to existing subset ""2025 Topps Chrome Marvel - Air Marvel Black Refractor"" (id 2493)"
2025 Topps Chrome Marvel,2025 Topps Chrome Marvel - Marvel Anniversaries,5,SuperFractor,1,78929,2025 Topps Chrome Marvel - SuperFractor,"Move to existing subset ""2025 Topps Chrome Marvel - SuperFractor"" (id 6543)"
2025 Topps Chrome Marvel,2025 Topps Chrome Marvel - Marvel Anniversaries,6,Orange Refractor,1,78933,2025 Topps Chrome Marvel - Human Torch Refractor (Red & Orange),"Move to existing subset ""2025 Topps Chrome Marvel - Human Torch Refractor (Red & Orange)"" (id 6512)"
2025 Topps Chrome Marvel,2025 Topps Chrome Marvel - Marvel Anniversaries,6,Red Wave Refractor,1,78937,2025 Topps Chrome Marvel - Air Marvel Red Wave Refractor,"Move to existing subset ""2025 Topps Chrome Marvel - Air Marvel Red Wave Refractor"" (id 2494)"
2025 Topps Chrome Marvel,2025 Topps Chrome Marvel - Marvel Anniversaries,6,SuperFractor,1,78943,2025 Topps Chrome Marvel - SuperFractor,"Move to existing subset ""2025 Topps Chrome Marvel - SuperFractor"" (id 6543)"
2025 Topps Chrome Marvel,2025 Topps Chrome Marvel - Marvel Anniversaries,6,Black Refractor,1,79044,2025 Topps Chrome Marvel - Air Marvel Black Refractor,"Move to existing subset ""2025 Topps Chrome Marvel - Air Marvel Black Refractor"" (id 2493)"
2025 Topps Chrome Marvel,2025 Topps Chrome Marvel - Marvel Anniversaries,7,Orange Refractor,1,78941,2025 Topps Chrome Marvel - Human Torch Refractor (Red & Orange),"Move to existing subset ""2025 Topps Chrome Marvel - Human Torch Refractor (Red & Orange)"" (id 6512)"
2025 Topps Chrome Marvel,2025 Topps Chrome Marvel - Marvel Anniversaries,7,Red Wave Refractor,1,78945,2025 Topps Chrome Marvel - Air Marvel Red Wave Refractor,"Move to existing subset ""2025 Topps Chrome Marvel - Air Marvel Red Wave Refractor"" (id 2494)"
2025 Topps Chrome Marvel,2025 Topps Chrome Marvel - Marvel Anniversaries,7,Black Refractor,1,78948,2025 Topps Chrome Marvel - Air Marvel Black Refractor,"Move to existing subset ""2025 Topps Chrome Marvel - Air Marvel Black Refractor"" (id 2493)"
2025 Topps Chrome Marvel,2025 Topps Chrome Marvel - Marvel Anniversaries,7,SuperFractor,1,78950,2025 Topps Chrome Marvel - SuperFractor,"Move to existing subset ""2025 Topps Chrome Marvel - SuperFractor"" (id 6543)"
2025 Topps Chrome Marvel,2025 Topps Chrome Marvel - Marvel Anniversaries,8,Red Wave Refractor,1,78952,2025 Topps Chrome Marvel - Air Marvel Red Wave Refractor,"Move to existing subset ""2025 Topps Chrome Marvel - Air Marvel Red Wave Refractor"" (id 2494)"
2025 Topps Chrome Marvel,2025 Topps Chrome Marvel - Marvel Anniversaries,8,Orange Refractor,1,78954,2025 Topps Chrome Marvel - Human Torch Refractor (Red & Orange),"Move to existing subset ""2025 Topps Chrome Marvel - Human Torch Refractor (Red & Orange)"" (id 6512)"
2025 Topps Chrome Marvel,2025 Topps Chrome Marvel - Marvel Anniversaries,8,Black Refractor,1,78957,2025 Topps Chrome Marvel - Air Marvel Black Refractor,"Move to existing subset ""2025 Topps Chrome Marvel - Air Marvel Black Refractor"" (id 2493)"
2025 Topps Chrome Marvel,2025 Topps Chrome Marvel - Marvel Anniversaries,8,SuperFractor,1,78965,2025 Topps Chrome Marvel - SuperFractor,"Move to existing subset ""2025 Topps Chrome Marvel - SuperFractor"" (id 6543)"
2025 Topps Chrome Marvel,2025 Topps Chrome Marvel - Marvel Anniversaries,9,Orange Refractor,1,78960,2025 Topps Chrome Marvel - Human Torch Refractor (Red & Orange),"Move to existing subset ""2025 Topps Chrome Marvel - Human Torch Refractor (Red & Orange)"" (id 6512)"
2025 Topps Chrome Marvel,2025 Topps Chrome Marvel - Marvel Anniversaries,9,Red Wave Refractor,1,78966,2025 Topps Chrome Marvel - Air Marvel Red Wave Refractor,"Move to existing subset ""2025 Topps Chrome Marvel - Air Marvel Red Wave Refractor"" (id 2494)"
2025 Topps Chrome Marvel,2025 Topps Chrome Marvel - Marvel Anniversaries,9,Black Refractor,1,78969,2025 Topps Chrome Marvel - Air Marvel Black Refractor,"Move to existing subset ""2025 Topps Chrome Marvel - Air Marvel Black Refractor"" (id 2493)"
2025 Topps Chrome Marvel,2025 Topps Chrome Marvel - Marvel Anniversaries,9,SuperFractor,1,78973,2025 Topps Chrome Marvel - SuperFractor,"Move to existing subset ""2025 Topps Chrome Marvel - SuperFractor"" (id 6543)"
2025 Topps Chrome Marvel,2025 Topps Chrome Marvel - Marvel Icons,1,Orange Refractor,1,79353,2025 Topps Chrome Marvel - Human Torch Refractor (Red & Orange),"Move to existing subset ""2025 Topps Chrome Marvel - Human Torch Refractor (Red & Orange)"" (id 6512)"
2025 Topps Chrome Marvel,2025 Topps Chrome Marvel - Marvel Icons,1,Black Refractor,1,79362,2025 Topps Chrome Marvel - Air Marvel Black Refractor,"Move to existing subset ""2025 Topps Chrome Marvel - Air Marvel Black Refractor"" (id 2493)"
2025 Topps Chrome Marvel,2025 Topps Chrome Marvel - Marvel Icons,1,SuperFractor,1,79369,2025 Topps Chrome Marvel - SuperFractor,"Move to existing subset ""2025 Topps Chrome Marvel - SuperFractor"" (id 6543)"
2025 Topps Chrome Marvel,2025 Topps Chrome Marvel - Marvel Icons,1,Red Wave Refractor,1,79370,2025 Topps Chrome Marvel - Air Marvel Red Wave Refractor,"Move to existing subset ""2025 Topps Chrome Marvel - Air Marvel Red Wave Refractor"" (id 2494)"
2025 Topps Chrome Marvel,2025 Topps Chrome Marvel - Marvel Icons,10,Black Refractor,1,79348,2025 Topps Chrome Marvel - Air Marvel Black Refractor,"Move to existing subset ""2025 Topps Chrome Marvel - Air Marvel Black Refractor"" (id 2493)"
2025 Topps Chrome Marvel,2025 Topps Chrome Marvel - Marvel Icons,10,Orange Refractor,1,79351,2025 Topps Chrome Marvel - Human Torch Refractor (Red & Orange),"Move to existing subset ""2025 Topps Chrome Marvel - Human Torch Refractor (Red & Orange)"" (id 6512)"
2025 Topps Chrome Marvel,2025 Topps Chrome Marvel - Marvel Icons,10,SuperFractor,1,79386,2025 Topps Chrome Marvel - SuperFractor,"Move to existing subset ""2025 Topps Chrome Marvel - SuperFractor"" (id 6543)"
2025 Topps Chrome Marvel,2025 Topps Chrome Marvel - Marvel Icons,10,Red Wave Refractor,1,79387,2025 Topps Chrome Marvel - Air Marvel Red Wave Refractor,"Move to existing subset ""2025 Topps Chrome Marvel - Air Marvel Red Wave Refractor"" (id 2494)"
2025 Topps Chrome Marvel,2025 Topps Chrome Marvel - Marvel Icons,2,Black Refractor,1,79357,2025 Topps Chrome Marvel - Air Marvel Black Refractor,"Move to existing subset ""2025 Topps Chrome Marvel - Air Marvel Black Refractor"" (id 2493)"
2025 Topps Chrome Marvel,2025 Topps Chrome Marvel - Marvel Icons,2,SuperFractor,1,79358,2025 Topps Chrome Marvel - SuperFractor,"Move to existing subset ""2025 Topps Chrome Marvel - SuperFractor"" (id 6543)"
2025 Topps Chrome Marvel,2025 Topps Chrome Marvel - Marvel Icons,2,Orange Refractor,1,79360,2025 Topps Chrome Marvel - Human Torch Refractor (Red & Orange),"Move to existing subset ""2025 Topps Chrome Marvel - Human Torch Refractor (Red & Orange)"" (id 6512)"
2025 Topps Chrome Marvel,2025 Topps Chrome Marvel - Marvel Icons,2,Red Wave Refractor,1,79363,2025 Topps Chrome Marvel - Air Marvel Red Wave Refractor,"Move to existing subset ""2025 Topps Chrome Marvel - Air Marvel Red Wave Refractor"" (id 2494)"
2025 Topps Chrome Marvel,2025 Topps Chrome Marvel - Marvel Icons,3,Red Wave Refractor,1,79343,2025 Topps Chrome Marvel - Air Marvel Red Wave Refractor,"Move to existing subset ""2025 Topps Chrome Marvel - Air Marvel Red Wave Refractor"" (id 2494)"
2025 Topps Chrome Marvel,2025 Topps Chrome Marvel - Marvel Icons,3,Orange Refractor,1,79349,2025 Topps Chrome Marvel - Human Torch Refractor (Red & Orange),"Move to existing subset ""2025 Topps Chrome Marvel - Human Torch Refractor (Red & Orange)"" (id 6512)"
2025 Topps Chrome Marvel,2025 Topps Chrome Marvel - Marvel Icons,3,SuperFractor,1,79371,2025 Topps Chrome Marvel - SuperFractor,"Move to existing subset ""2025 Topps Chrome Marvel - SuperFractor"" (id 6543)"
2025 Topps Chrome Marvel,2025 Topps Chrome Marvel - Marvel Icons,3,Black Refractor,1,79372,2025 Topps Chrome Marvel - Air Marvel Black Refractor,"Move to existing subset ""2025 Topps Chrome Marvel - Air Marvel Black Refractor"" (id 2493)"
2025 Topps Chrome Marvel,2025 Topps Chrome Marvel - Marvel Icons,4,Orange Refractor,1,79337,2025 Topps Chrome Marvel - Human Torch Refractor (Red & Orange),"Move to existing subset ""2025 Topps Chrome Marvel - Human Torch Refractor (Red & Orange)"" (id 6512)"
2025 Topps Chrome Marvel,2025 Topps Chrome Marvel - Marvel Icons,4,Black Refractor,1,79345,2025 Topps Chrome Marvel - Air Marvel Black Refractor,"Move to existing subset ""2025 Topps Chrome Marvel - Air Marvel Black Refractor"" (id 2493)"
2025 Topps Chrome Marvel,2025 Topps Chrome Marvel - Marvel Icons,4,SuperFractor,1,79380,2025 Topps Chrome Marvel - SuperFractor,"Move to existing subset ""2025 Topps Chrome Marvel - SuperFractor"" (id 6543)"
2025 Topps Chrome Marvel,2025 Topps Chrome Marvel - Marvel Icons,4,Red Wave Refractor,1,79381,2025 Topps Chrome Marvel - Air Marvel Red Wave Refractor,"Move to existing subset ""2025 Topps Chrome Marvel - Air Marvel Red Wave Refractor"" (id 2494)"
2025 Topps Chrome Marvel,2025 Topps Chrome Marvel - Marvel Icons,5,SuperFractor,1,79373,2025 Topps Chrome Marvel - SuperFractor,"Move to existing subset ""2025 Topps Chrome Marvel - SuperFractor"" (id 6543)"
2025 Topps Chrome Marvel,2025 Topps Chrome Marvel - Marvel Icons,5,Red Wave Refractor,1,79375,2025 Topps Chrome Marvel - Air Marvel Red Wave Refractor,"Move to existing subset ""2025 Topps Chrome Marvel - Air Marvel Red Wave Refractor"" (id 2494)"
2025 Topps Chrome Marvel,2025 Topps Chrome Marvel - Marvel Icons,5,Orange Refractor,1,79383,2025 Topps Chrome Marvel - Human Torch Refractor (Red & Orange),"Move to existing subset ""2025 Topps Chrome Marvel - Human Torch Refractor (Red & Orange)"" (id 6512)"
2025 Topps Chrome Marvel,2025 Topps Chrome Marvel - Marvel Icons,5,Black Refractor,1,79384,2025 Topps Chrome Marvel - Air Marvel Black Refractor,"Move to existing subset ""2025 Topps Chrome Marvel - Air Marvel Black Refractor"" (id 2493)"
2025 Topps Chrome Marvel,2025 Topps Chrome Marvel - Marvel Icons,6,SuperFractor,1,78746,2025 Topps Chrome Marvel - SuperFractor,"Move to existing subset ""2025 Topps Chrome Marvel - SuperFractor"" (id 6543)"
2025 Topps Chrome Marvel,2025 Topps Chrome Marvel - Marvel Icons,6,Orange Refractor,1,79359,2025 Topps Chrome Marvel - Human Torch Refractor (Red & Orange),"Move to existing subset ""2025 Topps Chrome Marvel - Human Torch Refractor (Red & Orange)"" (id 6512)"
2025 Topps Chrome Marvel,2025 Topps Chrome Marvel - Marvel Icons,6,Black Refractor,1,79367,2025 Topps Chrome Marvel - Air Marvel Black Refractor,"Move to existing subset ""2025 Topps Chrome Marvel - Air Marvel Black Refractor"" (id 2493)"
2025 Topps Chrome Marvel,2025 Topps Chrome Marvel - Marvel Icons,6,Red Wave Refractor,1,79374,2025 Topps Chrome Marvel - Air Marvel Red Wave Refractor,"Move to existing subset ""2025 Topps Chrome Marvel - Air Marvel Red Wave Refractor"" (id 2494)"
2025 Topps Chrome Marvel,2025 Topps Chrome Marvel - Marvel Icons,7,Black Refractor,1,79344,2025 Topps Chrome Marvel - Air Marvel Black Refractor,"Move to existing subset ""2025 Topps Chrome Marvel - Air Marvel Black Refractor"" (id 2493)"
2025 Topps Chrome Marvel,2025 Topps Chrome Marvel - Marvel Icons,7,Orange Refractor,1,79347,2025 Topps Chrome Marvel - Human Torch Refractor (Red & Orange),"Move to existing subset ""2025 Topps Chrome Marvel - Human Torch Refractor (Red & Orange)"" (id 6512)"
2025 Topps Chrome Marvel,2025 Topps Chrome Marvel - Marvel Icons,7,Red Wave Refractor,1,79355,2025 Topps Chrome Marvel - Air Marvel Red Wave Refractor,"Move to existing subset ""2025 Topps Chrome Marvel - Air Marvel Red Wave Refractor"" (id 2494)"
2025 Topps Chrome Marvel,2025 Topps Chrome Marvel - Marvel Icons,7,SuperFractor,1,79385,2025 Topps Chrome Marvel - SuperFractor,"Move to existing subset ""2025 Topps Chrome Marvel - SuperFractor"" (id 6543)"
2025 Topps Chrome Marvel,2025 Topps Chrome Marvel - Marvel Icons,8,Black Refractor,1,79339,2025 Topps Chrome Marvel - Air Marvel Black Refractor,"Move to existing subset ""2025 Topps Chrome Marvel - Air Marvel Black Refractor"" (id 2493)"
2025 Topps Chrome Marvel,2025 Topps Chrome Marvel - Marvel Icons,8,Orange Refractor,1,79341,2025 Topps Chrome Marvel - Human Torch Refractor (Red & Orange),"Move to existing subset ""2025 Topps Chrome Marvel - Human Torch Refractor (Red & Orange)"" (id 6512)"
2025 Topps Chrome Marvel,2025 Topps Chrome Marvel - Marvel Icons,8,SuperFractor,1,79376,2025 Topps Chrome Marvel - SuperFractor,"Move to existing subset ""2025 Topps Chrome Marvel - SuperFractor"" (id 6543)"
2025 Topps Chrome Marvel,2025 Topps Chrome Marvel - Marvel Icons,8,Red Wave Refractor,1,79377,2025 Topps Chrome Marvel - Air Marvel Red Wave Refractor,"Move to existing subset ""2025 Topps Chrome Marvel - Air Marvel Red Wave Refractor"" (id 2494)"
2025 Topps Chrome Marvel,2025 Topps Chrome Marvel - Marvel Icons,9,SuperFractor,1,79352,2025 Topps Chrome Marvel - SuperFractor,"Move to existing subset ""2025 Topps Chrome Marvel - SuperFractor"" (id 6543)"
2025 Topps Chrome Marvel,2025 Topps Chrome Marvel - Marvel Icons,9,Orange Refractor,1,79361,2025 Topps Chrome Marvel - Human Torch Refractor (Red & Orange),"Move to existing subset ""2025 Topps Chrome Marvel - Human Torch Refractor (Red & Orange)"" (id 6512)"
2025 Topps Chrome Marvel,2025 Topps Chrome Marvel - Marvel Icons,9,Red Wave Refractor,1,79378,2025 Topps Chrome Marvel - Air Marvel Red Wave Refractor,"Move to existing subset ""2025 Topps Chrome Marvel - Air Marvel Red Wave Refractor"" (id 2494)"
2025 Topps Chrome Marvel,2025 Topps Chrome Marvel - Marvel Icons,9,Black Refractor,1,79379,2025 Topps Chrome Marvel - Air Marvel Black Refractor,"Move to existing subset ""2025 Topps Chrome Marvel - Air Marvel Black Refractor"" (id 2493)"
2025 Topps Chrome Marvel,2025 Topps Chrome Marvel - Marvel Reflections,1,Refractor,1,79588,2025 Topps Chrome Marvel - Refractor,"Move to existing subset ""2025 Topps Chrome Marvel - Refractor"" (id 6540)"
2025 Topps Chrome Marvel,2025 Topps Chrome Marvel - Marvel Reflections,2,Refractor,1,79595,2025 Topps Chrome Marvel - Refractor,"Move to existing subset ""2025 Topps Chrome Marvel - Refractor"" (id 6540)"
2025 Topps Chrome Marvel,2025 Topps Chrome Marvel - Marvel Reflections,3,Refractor,1,78753,2025 Topps Chrome Marvel - Refractor,"Move to existing subset ""2025 Topps Chrome Marvel - Refractor"" (id 6540)"
2025 Topps Chrome Marvel,2025 Topps Chrome Marvel - Marvel Reflections,4,Refractor,1,79592,2025 Topps Chrome Marvel - Refractor,"Move to existing subset ""2025 Topps Chrome Marvel - Refractor"" (id 6540)"
2025 Topps Chrome Marvel,2025 Topps Chrome Marvel - Marvel Reflections,5,Refractor,1,79594,2025 Topps Chrome Marvel - Refractor,"Move to existing subset ""2025 Topps Chrome Marvel - Refractor"" (id 6540)"
2025 Topps Chrome Marvel,2025 Topps Chrome Marvel - Mask-Off Facsimile Autographs,2099,SuperFractor,1,79503,2025 Topps Chrome Marvel - SuperFractor,"Move to existing subset ""2025 Topps Chrome Marvel - SuperFractor"" (id 6543)"
2025 Topps Chrome Marvel,2025 Topps Chrome Marvel - Mask-Off Facsimile Autographs,2099,Mini-Diamonds Refractor,1,79504,2025 Topps Chrome Marvel - 60 Years of S.H.I.E.L.D. Mini-Diamonds Refractor,"Move to existing subset ""2025 Topps Chrome Marvel - 60 Years of S.H.I.E.L.D. Mini-Diamonds Refractor"" (id 6471)"
2025 Topps Chrome Marvel,2025 Topps Chrome Marvel - Mask-Off Facsimile Autographs,2099,Red Wave Refractor,1,79505,2025 Topps Chrome Marvel - Air Marvel Red Wave Refractor,"Move to existing subset ""2025 Topps Chrome Marvel - Air Marvel Red Wave Refractor"" (id 2494)"
2025 Topps Chrome Marvel,2025 Topps Chrome Marvel - Mask-Off Facsimile Autographs,2099,Black Refractor,1,79506,2025 Topps Chrome Marvel - Air Marvel Black Refractor,"Move to existing subset ""2025 Topps Chrome Marvel - Air Marvel Black Refractor"" (id 2493)"
2025 Topps Chrome Marvel,2025 Topps Chrome Marvel - The New Avengers 20th Anniversary,1,Gold,1,79516,2025 Topps Chrome Marvel - Marvel Icons Gold Wave,"Move to existing subset ""2025 Topps Chrome Marvel - Marvel Icons Gold Wave"" (id 2532)"
2025 Topps Chrome Marvel,2025 Topps Chrome Marvel - The New Avengers 20th Anniversary,1,Red,1,79524,2025 Topps Chrome Marvel - Marvel Icons Red Wave,"Move to existing subset ""2025 Topps Chrome Marvel - Marvel Icons Red Wave"" (id 2534)"
2025 Topps Chrome Marvel,2025 Topps Chrome Marvel - The New Avengers 20th Anniversary,1,SuperFractor,1,79544,2025 Topps Chrome Marvel - SuperFractor,"Move to existing subset ""2025 Topps Chrome Marvel - SuperFractor"" (id 6543)"
2025 Topps Chrome Marvel,2025 Topps Chrome Marvel - The New Avengers 20th Anniversary,1,Orange,1,79545,2025 Topps Chrome Marvel - Orange,"Move to existing subset ""2025 Topps Chrome Marvel - Orange"" (id 6528)"
2025 Topps Chrome Marvel,2025 Topps Chrome Marvel - The New Avengers 20th Anniversary,1,Black,1,79546,2025 Topps Chrome Marvel - Black,"Move to existing subset ""2025 Topps Chrome Marvel - Black"" (id 6479)"
2025 Topps Chrome Marvel,2025 Topps Chrome Marvel - The New Avengers 20th Anniversary,10,Gold,1,79519,2025 Topps Chrome Marvel - Marvel Icons Gold Wave,"Move to existing subset ""2025 Topps Chrome Marvel - Marvel Icons Gold Wave"" (id 2532)"
2025 Topps Chrome Marvel,2025 Topps Chrome Marvel - The New Avengers 20th Anniversary,10,Orange,1,79556,2025 Topps Chrome Marvel - Orange,"Move to existing subset ""2025 Topps Chrome Marvel - Orange"" (id 6528)"
2025 Topps Chrome Marvel,2025 Topps Chrome Marvel - The New Avengers 20th Anniversary,10,Black,1,79557,2025 Topps Chrome Marvel - Black,"Move to existing subset ""2025 Topps Chrome Marvel - Black"" (id 6479)"
2025 Topps Chrome Marvel,2025 Topps Chrome Marvel - The New Avengers 20th Anniversary,10,SuperFractor,1,79559,2025 Topps Chrome Marvel - SuperFractor,"Move to existing subset ""2025 Topps Chrome Marvel - SuperFractor"" (id 6543)"
2025 Topps Chrome Marvel,2025 Topps Chrome Marvel - The New Avengers 20th Anniversary,10,Red,1,79563,2025 Topps Chrome Marvel - Marvel Icons Red Wave,"Move to existing subset ""2025 Topps Chrome Marvel - Marvel Icons Red Wave"" (id 2534)"
2025 Topps Chrome Marvel,2025 Topps Chrome Marvel - The New Avengers 20th Anniversary,2,Gold,1,79514,2025 Topps Chrome Marvel - Marvel Icons Gold Wave,"Move to existing subset ""2025 Topps Chrome Marvel - Marvel Icons Gold Wave"" (id 2532)"
2025 Topps Chrome Marvel,2025 Topps Chrome Marvel - The New Avengers 20th Anniversary,2,Black,1,79515,2025 Topps Chrome Marvel - Black,"Move to existing subset ""2025 Topps Chrome Marvel - Black"" (id 6479)"
2025 Topps Chrome Marvel,2025 Topps Chrome Marvel - The New Avengers 20th Anniversary,2,Orange,1,79521,2025 Topps Chrome Marvel - Orange,"Move to existing subset ""2025 Topps Chrome Marvel - Orange"" (id 6528)"
2025 Topps Chrome Marvel,2025 Topps Chrome Marvel - The New Avengers 20th Anniversary,2,SuperFractor,1,79540,2025 Topps Chrome Marvel - SuperFractor,"Move to existing subset ""2025 Topps Chrome Marvel - SuperFractor"" (id 6543)"
2025 Topps Chrome Marvel,2025 Topps Chrome Marvel - The New Avengers 20th Anniversary,2,Red,1,79542,2025 Topps Chrome Marvel - Marvel Icons Red Wave,"Move to existing subset ""2025 Topps Chrome Marvel - Marvel Icons Red Wave"" (id 2534)"
2025 Topps Chrome Marvel,2025 Topps Chrome Marvel - The New Avengers 20th Anniversary,3,Gold,1,79520,2025 Topps Chrome Marvel - Marvel Icons Gold Wave,"Move to existing subset ""2025 Topps Chrome Marvel - Marvel Icons Gold Wave"" (id 2532)"
2025 Topps Chrome Marvel,2025 Topps Chrome Marvel - The New Avengers 20th Anniversary,3,SuperFractor,1,79525,2025 Topps Chrome Marvel - SuperFractor,"Move to existing subset ""2025 Topps Chrome Marvel - SuperFractor"" (id 6543)"
2025 Topps Chrome Marvel,2025 Topps Chrome Marvel - The New Avengers 20th Anniversary,3,Orange,1,79529,2025 Topps Chrome Marvel - Orange,"Move to existing subset ""2025 Topps Chrome Marvel - Orange"" (id 6528)"
2025 Topps Chrome Marvel,2025 Topps Chrome Marvel - The New Avengers 20th Anniversary,3,Black,1,79530,2025 Topps Chrome Marvel - Black,"Move to existing subset ""2025 Topps Chrome Marvel - Black"" (id 6479)"
2025 Topps Chrome Marvel,2025 Topps Chrome Marvel - The New Avengers 20th Anniversary,3,Red,1,79531,2025 Topps Chrome Marvel - Marvel Icons Red Wave,"Move to existing subset ""2025 Topps Chrome Marvel - Marvel Icons Red Wave"" (id 2534)"
2025 Topps Chrome Marvel,2025 Topps Chrome Marvel - The New Avengers 20th Anniversary,4,Orange,1,79513,2025 Topps Chrome Marvel - Orange,"Move to existing subset ""2025 Topps Chrome Marvel - Orange"" (id 6528)"
2025 Topps Chrome Marvel,2025 Topps Chrome Marvel - The New Avengers 20th Anniversary,4,SuperFractor,1,79558,2025 Topps Chrome Marvel - SuperFractor,"Move to existing subset ""2025 Topps Chrome Marvel - SuperFractor"" (id 6543)"
2025 Topps Chrome Marvel,2025 Topps Chrome Marvel - The New Avengers 20th Anniversary,4,Black,1,79560,2025 Topps Chrome Marvel - Black,"Move to existing subset ""2025 Topps Chrome Marvel - Black"" (id 6479)"
2025 Topps Chrome Marvel,2025 Topps Chrome Marvel - The New Avengers 20th Anniversary,4,Gold,1,79561,2025 Topps Chrome Marvel - Marvel Icons Gold Wave,"Move to existing subset ""2025 Topps Chrome Marvel - Marvel Icons Gold Wave"" (id 2532)"
2025 Topps Chrome Marvel,2025 Topps Chrome Marvel - The New Avengers 20th Anniversary,4,Red,1,79562,2025 Topps Chrome Marvel - Marvel Icons Red Wave,"Move to existing subset ""2025 Topps Chrome Marvel - Marvel Icons Red Wave"" (id 2534)"
2025 Topps Chrome Marvel,2025 Topps Chrome Marvel - The New Avengers 20th Anniversary,5,SuperFractor,1,79534,2025 Topps Chrome Marvel - SuperFractor,"Move to existing subset ""2025 Topps Chrome Marvel - SuperFractor"" (id 6543)"
2025 Topps Chrome Marvel,2025 Topps Chrome Marvel - The New Avengers 20th Anniversary,5,Red,1,79539,2025 Topps Chrome Marvel - Marvel Icons Red Wave,"Move to existing subset ""2025 Topps Chrome Marvel - Marvel Icons Red Wave"" (id 2534)"
2025 Topps Chrome Marvel,2025 Topps Chrome Marvel - The New Avengers 20th Anniversary,5,Orange,1,79547,2025 Topps Chrome Marvel - Orange,"Move to existing subset ""2025 Topps Chrome Marvel - Orange"" (id 6528)"
2025 Topps Chrome Marvel,2025 Topps Chrome Marvel - The New Avengers 20th Anniversary,5,Black,1,79548,2025 Topps Chrome Marvel - Black,"Move to existing subset ""2025 Topps Chrome Marvel - Black"" (id 6479)"
2025 Topps Chrome Marvel,2025 Topps Chrome Marvel - The New Avengers 20th Anniversary,5,Gold,1,79549,2025 Topps Chrome Marvel - Marvel Icons Gold Wave,"Move to existing subset ""2025 Topps Chrome Marvel - Marvel Icons Gold Wave"" (id 2532)"
2025 Topps Chrome Marvel,2025 Topps Chrome Marvel - The New Avengers 20th Anniversary,6,Gold,1,79507,2025 Topps Chrome Marvel - Marvel Icons Gold Wave,"Move to existing subset ""2025 Topps Chrome Marvel - Marvel Icons Gold Wave"" (id 2532)"
2025 Topps Chrome Marvel,2025 Topps Chrome Marvel - The New Avengers 20th Anniversary,6,Red,1,79508,2025 Topps Chrome Marvel - Marvel Icons Red Wave,"Move to existing subset ""2025 Topps Chrome Marvel - Marvel Icons Red Wave"" (id 2534)"
2025 Topps Chrome Marvel,2025 Topps Chrome Marvel - The New Avengers 20th Anniversary,6,SuperFractor,1,79550,2025 Topps Chrome Marvel - SuperFractor,"Move to existing subset ""2025 Topps Chrome Marvel - SuperFractor"" (id 6543)"
2025 Topps Chrome Marvel,2025 Topps Chrome Marvel - The New Avengers 20th Anniversary,6,Orange,1,79551,2025 Topps Chrome Marvel - Orange,"Move to existing subset ""2025 Topps Chrome Marvel - Orange"" (id 6528)"
2025 Topps Chrome Marvel,2025 Topps Chrome Marvel - The New Avengers 20th Anniversary,6,Black,1,79552,2025 Topps Chrome Marvel - Black,"Move to existing subset ""2025 Topps Chrome Marvel - Black"" (id 6479)"
2025 Topps Chrome Marvel,2025 Topps Chrome Marvel - The New Avengers 20th Anniversary,7,SuperFractor,1,79533,2025 Topps Chrome Marvel - SuperFractor,"Move to existing subset ""2025 Topps Chrome Marvel - SuperFractor"" (id 6543)"
2025 Topps Chrome Marvel,2025 Topps Chrome Marvel - The New Avengers 20th Anniversary,7,Orange,1,79535,2025 Topps Chrome Marvel - Orange,"Move to existing subset ""2025 Topps Chrome Marvel - Orange"" (id 6528)"
2025 Topps Chrome Marvel,2025 Topps Chrome Marvel - The New Avengers 20th Anniversary,7,Black,1,79536,2025 Topps Chrome Marvel - Black,"Move to existing subset ""2025 Topps Chrome Marvel - Black"" (id 6479)"
2025 Topps Chrome Marvel,2025 Topps Chrome Marvel - The New Avengers 20th Anniversary,7,Gold,1,79537,2025 Topps Chrome Marvel - Marvel Icons Gold Wave,"Move to existing subset ""2025 Topps Chrome Marvel - Marvel Icons Gold Wave"" (id 2532)"
2025 Topps Chrome Marvel,2025 Topps Chrome Marvel - The New Avengers 20th Anniversary,7,Red,1,79538,2025 Topps Chrome Marvel - Marvel Icons Red Wave,"Move to existing subset ""2025 Topps Chrome Marvel - Marvel Icons Red Wave"" (id 2534)"
2025 Topps Chrome Marvel,2025 Topps Chrome Marvel - The New Avengers 20th Anniversary,8,Orange,1,79509,2025 Topps Chrome Marvel - Orange,"Move to existing subset ""2025 Topps Chrome Marvel - Orange"" (id 6528)"
2025 Topps Chrome Marvel,2025 Topps Chrome Marvel - The New Avengers 20th Anniversary,8,Gold,1,79517,2025 Topps Chrome Marvel - Marvel Icons Gold Wave,"Move to existing subset ""2025 Topps Chrome Marvel - Marvel Icons Gold Wave"" (id 2532)"
2025 Topps Chrome Marvel,2025 Topps Chrome Marvel - The New Avengers 20th Anniversary,8,SuperFractor,1,79553,2025 Topps Chrome Marvel - SuperFractor,"Move to existing subset ""2025 Topps Chrome Marvel - SuperFractor"" (id 6543)"
2025 Topps Chrome Marvel,2025 Topps Chrome Marvel - The New Avengers 20th Anniversary,8,Black,1,79554,2025 Topps Chrome Marvel - Black,"Move to existing subset ""2025 Topps Chrome Marvel - Black"" (id 6479)"
2025 Topps Chrome Marvel,2025 Topps Chrome Marvel - The New Avengers 20th Anniversary,8,Red,1,79555,2025 Topps Chrome Marvel - Marvel Icons Red Wave,"Move to existing subset ""2025 Topps Chrome Marvel - Marvel Icons Red Wave"" (id 2534)"
2025 Topps Chrome Marvel,2025 Topps Chrome Marvel - The New Avengers 20th Anniversary,9,Orange,1,78740,2025 Topps Chrome Marvel - Orange,"Move to existing subset ""2025 Topps Chrome Marvel - Orange"" (id 6528)"
2025 Topps Chrome Marvel,2025 Topps Chrome Marvel - The New Avengers 20th Anniversary,9,Black,1,79518,2025 Topps Chrome Marvel - Black,"Move to existing subset ""2025 Topps Chrome Marvel - Black"" (id 6479)"
2025 Topps Chrome Marvel,2025 Topps Chrome Marvel - The New Avengers 20th Anniversary,9,Gold,1,79532,2025 Topps Chrome Marvel - Marvel Icons Gold Wave,"Move to existing subset ""2025 Topps Chrome Marvel - Marvel Icons Gold Wave"" (id 2532)"
2025 Topps Chrome Marvel,2025 Topps Chrome Marvel - The New Avengers 20th Anniversary,9,SuperFractor,1,79541,2025 Topps Chrome Marvel - SuperFractor,"Move to existing subset ""2025 Topps Chrome Marvel - SuperFractor"" (id 6543)"
2025 Topps Chrome Marvel,2025 Topps Chrome Marvel - The New Avengers 20th Anniversary,9,Red,1,79543,2025 Topps Chrome Marvel - Marvel Icons Red Wave,"Move to existing subset ""2025 Topps Chrome Marvel - Marvel Icons Red Wave"" (id 2534)"
2025 Topps Chrome Marvel,2025 Topps Chrome Marvel - Topps Patrimony,1,Red Wave Refractor,1,79564,2025 Topps Chrome Marvel - Air Marvel Red Wave Refractor,"Move to existing subset ""2025 Topps Chrome Marvel - Air Marvel Red Wave Refractor"" (id 2494)"
2025 Topps Chrome Marvel,2025 Topps Chrome Marvel - Topps Patrimony,1,SuperFractor,1,79572,2025 Topps Chrome Marvel - SuperFractor,"Move to existing subset ""2025 Topps Chrome Marvel - SuperFractor"" (id 6543)"
2025 Topps Chrome Marvel,2025 Topps Chrome Marvel - Topps Patrimony,1,Black Refractor,1,79576,2025 Topps Chrome Marvel - Air Marvel Black Refractor,"Move to existing subset ""2025 Topps Chrome Marvel - Air Marvel Black Refractor"" (id 2493)"
2025 Topps Chrome Marvel,2025 Topps Chrome Marvel - Topps Patrimony,1,Mini-Diamonds Refractor,1,79581,2025 Topps Chrome Marvel - 60 Years of S.H.I.E.L.D. Mini-Diamonds Refractor,"Move to existing subset ""2025 Topps Chrome Marvel - 60 Years of S.H.I.E.L.D. Mini-Diamonds Refractor"" (id 6471)"
2025 Topps Chrome Marvel,2025 Topps Chrome Marvel - Topps Patrimony,2,SuperFractor,1,78761,2025 Topps Chrome Marvel - SuperFractor,"Move to existing subset ""2025 Topps Chrome Marvel - SuperFractor"" (id 6543)"
2025 Topps Chrome Marvel,2025 Topps Chrome Marvel - Topps Patrimony,2,Black Refractor,1,79567,2025 Topps Chrome Marvel - Air Marvel Black Refractor,"Move to existing subset ""2025 Topps Chrome Marvel - Air Marvel Black Refractor"" (id 2493)"
2025 Topps Chrome Marvel,2025 Topps Chrome Marvel - Topps Patrimony,2,Mini-Diamonds Refractor,1,79570,2025 Topps Chrome Marvel - 60 Years of S.H.I.E.L.D. Mini-Diamonds Refractor,"Move to existing subset ""2025 Topps Chrome Marvel - 60 Years of S.H.I.E.L.D. Mini-Diamonds Refractor"" (id 6471)"
2025 Topps Chrome Marvel,2025 Topps Chrome Marvel - Topps Patrimony,2,Red Wave Refractor,1,79579,2025 Topps Chrome Marvel - Air Marvel Red Wave Refractor,"Move to existing subset ""2025 Topps Chrome Marvel - Air Marvel Red Wave Refractor"" (id 2494)"
2025 Topps Chrome Marvel,2025 Topps Chrome Marvel - Topps Patrimony,3,Mini-Diamonds Refractor,1,79565,2025 Topps Chrome Marvel - 60 Years of S.H.I.E.L.D. Mini-Diamonds Refractor,"Move to existing subset ""2025 Topps Chrome Marvel - 60 Years of S.H.I.E.L.D. Mini-Diamonds Refractor"" (id 6471)"
2025 Topps Chrome Marvel,2025 Topps Chrome Marvel - Topps Patrimony,3,SuperFractor,1,79573,2025 Topps Chrome Marvel - SuperFractor,"Move to existing subset ""2025 Topps Chrome Marvel - SuperFractor"" (id 6543)"
2025 Topps Chrome Marvel,2025 Topps Chrome Marvel - Topps Patrimony,3,Black Refractor,1,79574,2025 Topps Chrome Marvel - Air Marvel Black Refractor,"Move to existing subset ""2025 Topps Chrome Marvel - Air Marvel Black Refractor"" (id 2493)"
2025 Topps Chrome Marvel,2025 Topps Chrome Marvel - Topps Patrimony,3,Red Wave Refractor,1,79578,2025 Topps Chrome Marvel - Air Marvel Red Wave Refractor,"Move to existing subset ""2025 Topps Chrome Marvel - Air Marvel Red Wave Refractor"" (id 2494)"
2025 Topps Chrome Marvel,2025 Topps Chrome Marvel - Topps Patrimony,4,Mini-Diamonds Refractor,1,79577,2025 Topps Chrome Marvel - 60 Years of S.H.I.E.L.D. Mini-Diamonds Refractor,"Move to existing subset ""2025 Topps Chrome Marvel - 60 Years of S.H.I.E.L.D. Mini-Diamonds Refractor"" (id 6471)"
2025 Topps Chrome Marvel,2025 Topps Chrome Marvel - Topps Patrimony,4,Red Wave Refractor,1,79580,2025 Topps Chrome Marvel - Air Marvel Red Wave Refractor,"Move to existing subset ""2025 Topps Chrome Marvel - Air Marvel Red Wave Refractor"" (id 2494)"
2025 Topps Chrome Marvel,2025 Topps Chrome Marvel - Topps Patrimony,4,SuperFractor,1,79582,2025 Topps Chrome Marvel - SuperFractor,"Move to existing subset ""2025 Topps Chrome Marvel - SuperFractor"" (id 6543)"
2025 Topps Chrome Marvel,2025 Topps Chrome Marvel - Topps Patrimony,4,Black Refractor,1,79586,2025 Topps Chrome Marvel - Air Marvel Black Refractor,"Move to existing subset ""2025 Topps Chrome Marvel - Air Marvel Black Refractor"" (id 2493)"
2025 Topps Chrome Marvel,2025 Topps Chrome Marvel - Topps Patrimony,5,Black Refractor,1,79571,2025 Topps Chrome Marvel - Air Marvel Black Refractor,"Move to existing subset ""2025 Topps Chrome Marvel - Air Marvel Black Refractor"" (id 2493)"
2025 Topps Chrome Marvel,2025 Topps Chrome Marvel - Topps Patrimony,5,SuperFractor,1,79583,2025 Topps Chrome Marvel - SuperFractor,"Move to existing subset ""2025 Topps Chrome Marvel - SuperFractor"" (id 6543)"
2025 Topps Chrome Marvel,2025 Topps Chrome Marvel - Topps Patrimony,5,Mini-Diamonds Refractor,1,79584,2025 Topps Chrome Marvel - 60 Years of S.H.I.E.L.D. Mini-Diamonds Refractor,"Move to existing subset ""2025 Topps Chrome Marvel - 60 Years of S.H.I.E.L.D. Mini-Diamonds Refractor"" (id 6471)"
2025 Topps Chrome Marvel,2025 Topps Chrome Marvel - Topps Patrimony,5,Red Wave Refractor,1,79585,2025 Topps Chrome Marvel - Air Marvel Red Wave Refractor,"Move to existing subset ""2025 Topps Chrome Marvel - Air Marvel Red Wave Refractor"" (id 2494)"
2025 Topps Chrome Marvel,2025 Topps Chrome Marvel - X-Men Giant Size 50th Anniversary,1,SuperFractor,1,81348,2025 Topps Chrome Marvel - SuperFractor,"Move to existing subset ""2025 Topps Chrome Marvel - SuperFractor"" (id 6543)"
2025 Topps Chrome Marvel,2025 Topps Chrome Marvel - X-Men Giant Size 50th Anniversary,1,Red Wave Refractor,1,81349,2025 Topps Chrome Marvel - Air Marvel Red Wave Refractor,"Move to existing subset ""2025 Topps Chrome Marvel - Air Marvel Red Wave Refractor"" (id 2494)"
2025 Topps Chrome Marvel,2025 Topps Chrome Marvel - X-Men Giant Size 50th Anniversary,1,Orange Refractor,1,81351,2025 Topps Chrome Marvel - Human Torch Refractor (Red & Orange),"Move to existing subset ""2025 Topps Chrome Marvel - Human Torch Refractor (Red & Orange)"" (id 6512)"
2025 Topps Chrome Marvel,2025 Topps Chrome Marvel - X-Men Giant Size 50th Anniversary,1,Black Refractor,1,81352,2025 Topps Chrome Marvel - Air Marvel Black Refractor,"Move to existing subset ""2025 Topps Chrome Marvel - Air Marvel Black Refractor"" (id 2493)"
2025 Topps Chrome Marvel,2025 Topps Chrome Marvel - X-Men Giant Size 50th Anniversary,10,SuperFractor,1,81366,2025 Topps Chrome Marvel - SuperFractor,"Move to existing subset ""2025 Topps Chrome Marvel - SuperFractor"" (id 6543)"
2025 Topps Chrome Marvel,2025 Topps Chrome Marvel - X-Men Giant Size 50th Anniversary,10,Red Wave Refractor,1,81368,2025 Topps Chrome Marvel - Air Marvel Red Wave Refractor,"Move to existing subset ""2025 Topps Chrome Marvel - Air Marvel Red Wave Refractor"" (id 2494)"
2025 Topps Chrome Marvel,2025 Topps Chrome Marvel - X-Men Giant Size 50th Anniversary,10,Orange Refractor,1,81370,2025 Topps Chrome Marvel - Human Torch Refractor (Red & Orange),"Move to existing subset ""2025 Topps Chrome Marvel - Human Torch Refractor (Red & Orange)"" (id 6512)"
2025 Topps Chrome Marvel,2025 Topps Chrome Marvel - X-Men Giant Size 50th Anniversary,10,Black Refractor,1,81371,2025 Topps Chrome Marvel - Air Marvel Black Refractor,"Move to existing subset ""2025 Topps Chrome Marvel - Air Marvel Black Refractor"" (id 2493)"
2025 Topps Chrome Marvel,2025 Topps Chrome Marvel - X-Men Giant Size 50th Anniversary,2,SuperFractor,1,81373,2025 Topps Chrome Marvel - SuperFractor,"Move to existing subset ""2025 Topps Chrome Marvel - SuperFractor"" (id 6543)"
2025 Topps Chrome Marvel,2025 Topps Chrome Marvel - X-Men Giant Size 50th Anniversary,2,Red Wave Refractor,1,81377,2025 Topps Chrome Marvel - Air Marvel Red Wave Refractor,"Move to existing subset ""2025 Topps Chrome Marvel - Air Marvel Red Wave Refractor"" (id 2494)"
2025 Topps Chrome Marvel,2025 Topps Chrome Marvel - X-Men Giant Size 50th Anniversary,2,Orange Refractor,1,81379,2025 Topps Chrome Marvel - Human Torch Refractor (Red & Orange),"Move to existing subset ""2025 Topps Chrome Marvel - Human Torch Refractor (Red & Orange)"" (id 6512)"
2025 Topps Chrome Marvel,2025 Topps Chrome Marvel - X-Men Giant Size 50th Anniversary,2,Black Refractor,1,81380,2025 Topps Chrome Marvel - Air Marvel Black Refractor,"Move to existing subset ""2025 Topps Chrome Marvel - Air Marvel Black Refractor"" (id 2493)"
2025 Topps Chrome Marvel,2025 Topps Chrome Marvel - X-Men Giant Size 50th Anniversary,3,Red Wave Refractor,1,81353,2025 Topps Chrome Marvel - Air Marvel Red Wave Refractor,"Move to existing subset ""2025 Topps Chrome Marvel - Air Marvel Red Wave Refractor"" (id 2494)"
2025 Topps Chrome Marvel,2025 Topps Chrome Marvel - X-Men Giant Size 50th Anniversary,3,SuperFractor,1,81356,2025 Topps Chrome Marvel - SuperFractor,"Move to existing subset ""2025 Topps Chrome Marvel - SuperFractor"" (id 6543)"
2025 Topps Chrome Marvel,2025 Topps Chrome Marvel - X-Men Giant Size 50th Anniversary,3,Orange Refractor,1,81375,2025 Topps Chrome Marvel - Human Torch Refractor (Red & Orange),"Move to existing subset ""2025 Topps Chrome Marvel - Human Torch Refractor (Red & Orange)"" (id 6512)"
2025 Topps Chrome Marvel,2025 Topps Chrome Marvel - X-Men Giant Size 50th Anniversary,3,Black Refractor,1,81376,2025 Topps Chrome Marvel - Air Marvel Black Refractor,"Move to existing subset ""2025 Topps Chrome Marvel - Air Marvel Black Refractor"" (id 2493)"
2025 Topps Chrome Marvel,2025 Topps Chrome Marvel - X-Men Giant Size 50th Anniversary,4,SuperFractor,1,81354,2025 Topps Chrome Marvel - SuperFractor,"Move to existing subset ""2025 Topps Chrome Marvel - SuperFractor"" (id 6543)"
2025 Topps Chrome Marvel,2025 Topps Chrome Marvel - X-Men Giant Size 50th Anniversary,4,Red Wave Refractor,1,81355,2025 Topps Chrome Marvel - Air Marvel Red Wave Refractor,"Move to existing subset ""2025 Topps Chrome Marvel - Air Marvel Red Wave Refractor"" (id 2494)"
2025 Topps Chrome Marvel,2025 Topps Chrome Marvel - X-Men Giant Size 50th Anniversary,4,Orange Refractor,1,81358,2025 Topps Chrome Marvel - Human Torch Refractor (Red & Orange),"Move to existing subset ""2025 Topps Chrome Marvel - Human Torch Refractor (Red & Orange)"" (id 6512)"
2025 Topps Chrome Marvel,2025 Topps Chrome Marvel - X-Men Giant Size 50th Anniversary,4,Black Refractor,1,81359,2025 Topps Chrome Marvel - Air Marvel Black Refractor,"Move to existing subset ""2025 Topps Chrome Marvel - Air Marvel Black Refractor"" (id 2493)"
2025 Topps Chrome Marvel,2025 Topps Chrome Marvel - X-Men Giant Size 50th Anniversary,5,Orange Refractor,1,81334,2025 Topps Chrome Marvel - Human Torch Refractor (Red & Orange),"Move to existing subset ""2025 Topps Chrome Marvel - Human Torch Refractor (Red & Orange)"" (id 6512)"
2025 Topps Chrome Marvel,2025 Topps Chrome Marvel - X-Men Giant Size 50th Anniversary,5,Black Refractor,1,81336,2025 Topps Chrome Marvel - Air Marvel Black Refractor,"Move to existing subset ""2025 Topps Chrome Marvel - Air Marvel Black Refractor"" (id 2493)"
2025 Topps Chrome Marvel,2025 Topps Chrome Marvel - X-Men Giant Size 50th Anniversary,5,Red Wave Refractor,1,81337,2025 Topps Chrome Marvel - Air Marvel Red Wave Refractor,"Move to existing subset ""2025 Topps Chrome Marvel - Air Marvel Red Wave Refractor"" (id 2494)"
2025 Topps Chrome Marvel,2025 Topps Chrome Marvel - X-Men Giant Size 50th Anniversary,5,SuperFractor,1,81381,2025 Topps Chrome Marvel - SuperFractor,"Move to existing subset ""2025 Topps Chrome Marvel - SuperFractor"" (id 6543)"
2025 Topps Chrome Marvel,2025 Topps Chrome Marvel - X-Men Giant Size 50th Anniversary,6,Orange Refractor,1,81339,2025 Topps Chrome Marvel - Human Torch Refractor (Red & Orange),"Move to existing subset ""2025 Topps Chrome Marvel - Human Torch Refractor (Red & Orange)"" (id 6512)"
2025 Topps Chrome Marvel,2025 Topps Chrome Marvel - X-Men Giant Size 50th Anniversary,6,SuperFractor,1,81360,2025 Topps Chrome Marvel - SuperFractor,"Move to existing subset ""2025 Topps Chrome Marvel - SuperFractor"" (id 6543)"
2025 Topps Chrome Marvel,2025 Topps Chrome Marvel - X-Men Giant Size 50th Anniversary,6,Red Wave Refractor,1,81363,2025 Topps Chrome Marvel - Air Marvel Red Wave Refractor,"Move to existing subset ""2025 Topps Chrome Marvel - Air Marvel Red Wave Refractor"" (id 2494)"
2025 Topps Chrome Marvel,2025 Topps Chrome Marvel - X-Men Giant Size 50th Anniversary,6,Black Refractor,1,81384,2025 Topps Chrome Marvel - Air Marvel Black Refractor,"Move to existing subset ""2025 Topps Chrome Marvel - Air Marvel Black Refractor"" (id 2493)"
2025 Topps Chrome Marvel,2025 Topps Chrome Marvel - X-Men Giant Size 50th Anniversary,7,Orange Refractor,1,81338,2025 Topps Chrome Marvel - Human Torch Refractor (Red & Orange),"Move to existing subset ""2025 Topps Chrome Marvel - Human Torch Refractor (Red & Orange)"" (id 6512)"
2025 Topps Chrome Marvel,2025 Topps Chrome Marvel - X-Men Giant Size 50th Anniversary,7,SuperFractor,1,81361,2025 Topps Chrome Marvel - SuperFractor,"Move to existing subset ""2025 Topps Chrome Marvel - SuperFractor"" (id 6543)"
2025 Topps Chrome Marvel,2025 Topps Chrome Marvel - X-Men Giant Size 50th Anniversary,7,Red Wave Refractor,1,81364,2025 Topps Chrome Marvel - Air Marvel Red Wave Refractor,"Move to existing subset ""2025 Topps Chrome Marvel - Air Marvel Red Wave Refractor"" (id 2494)"
2025 Topps Chrome Marvel,2025 Topps Chrome Marvel - X-Men Giant Size 50th Anniversary,7,Black Refractor,1,81365,2025 Topps Chrome Marvel - Air Marvel Black Refractor,"Move to existing subset ""2025 Topps Chrome Marvel - Air Marvel Black Refractor"" (id 2493)"
2025 Topps Chrome Marvel,2025 Topps Chrome Marvel - X-Men Giant Size 50th Anniversary,8,SuperFractor,1,81385,2025 Topps Chrome Marvel - SuperFractor,"Move to existing subset ""2025 Topps Chrome Marvel - SuperFractor"" (id 6543)"
2025 Topps Chrome Marvel,2025 Topps Chrome Marvel - X-Men Giant Size 50th Anniversary,8,Red Wave Refractor,1,81386,2025 Topps Chrome Marvel - Air Marvel Red Wave Refractor,"Move to existing subset ""2025 Topps Chrome Marvel - Air Marvel Red Wave Refractor"" (id 2494)"
2025 Topps Chrome Marvel,2025 Topps Chrome Marvel - X-Men Giant Size 50th Anniversary,8,Orange Refractor,1,81387,2025 Topps Chrome Marvel - Human Torch Refractor (Red & Orange),"Move to existing subset ""2025 Topps Chrome Marvel - Human Torch Refractor (Red & Orange)"" (id 6512)"
2025 Topps Chrome Marvel,2025 Topps Chrome Marvel - X-Men Giant Size 50th Anniversary,8,Black Refractor,1,81388,2025 Topps Chrome Marvel - Air Marvel Black Refractor,"Move to existing subset ""2025 Topps Chrome Marvel - Air Marvel Black Refractor"" (id 2493)"
2025 Topps Chrome Marvel,2025 Topps Chrome Marvel - X-Men Giant Size 50th Anniversary,9,SuperFractor,1,81367,2025 Topps Chrome Marvel - SuperFractor,"Move to existing subset ""2025 Topps Chrome Marvel - SuperFractor"" (id 6543)"
2025 Topps Chrome Marvel,2025 Topps Chrome Marvel - X-Men Giant Size 50th Anniversary,9,Red Wave Refractor,1,81372,2025 Topps Chrome Marvel - Air Marvel Red Wave Refractor,"Move to existing subset ""2025 Topps Chrome Marvel - Air Marvel Red Wave Refractor"" (id 2494)"
2025 Topps Chrome Marvel,2025 Topps Chrome Marvel - X-Men Giant Size 50th Anniversary,9,Orange Refractor,1,81390,2025 Topps Chrome Marvel - Human Torch Refractor (Red & Orange),"Move to existing subset ""2025 Topps Chrome Marvel - Human Torch Refractor (Red & Orange)"" (id 6512)"
2025 Topps Chrome Marvel,2025 Topps Chrome Marvel - X-Men Giant Size 50th Anniversary,9,Black Refractor,1,81391,2025 Topps Chrome Marvel - Air Marvel Black Refractor,"Move to existing subset ""2025 Topps Chrome Marvel - Air Marvel Black Refractor"" (id 2493)"
2025 Topps Chrome Marvel Studios,2025 Topps Chrome Marvel Studios - 2025 Topps Chrome Marvel Studios,138,Black,1,79706,2025 Topps Chrome Marvel Studios - Marvel Red & Black Lava Refractor,"Move to existing subset ""2025 Topps Chrome Marvel Studios - Marvel Red & Black Lava Refractor"" (id 2548)"
2025 Topps Chrome Marvel Studios,2025 Topps Chrome Marvel Studios - 2025 Topps Chrome Marvel Studios,138,Gold,1,79717,2025 Topps Chrome Marvel Studios - Autographs Gold Refractor,"Move to existing subset ""2025 Topps Chrome Marvel Studios - Autographs Gold Refractor"" (id 6585)"
2025 Topps Chrome Marvel Studios,2025 Topps Chrome Marvel Studios - 2025 Topps Chrome Marvel Studios,138,Green,1,79726,2025 Topps Chrome Marvel Studios - Green Refractor,"Move to existing subset ""2025 Topps Chrome Marvel Studios - Green Refractor"" (id 6623)"
2025 Topps Chrome Marvel Studios,2025 Topps Chrome Marvel Studios - 2025 Topps Chrome Marvel Studios,138,Agatha Lava,1,79730,2025 Topps Chrome Marvel Studios - Agatha Lava Refractor,"Move to existing subset ""2025 Topps Chrome Marvel Studios - Agatha Lava Refractor"" (id 6582)"
2025 Topps Chrome Marvel Studios,2025 Topps Chrome Marvel Studios - 2025 Topps Chrome Marvel Studios,138,Gold Wave,1,79794,2025 Topps Chrome Marvel Studios - Gold Wave Refractor,"Move to existing subset ""2025 Topps Chrome Marvel Studios - Gold Wave Refractor"" (id 6622)"
2025 Topps Chrome Marvel Studios,2025 Topps Chrome Marvel Studios - 2025 Topps Chrome Marvel Studios,1,Sky Blue RayWave,1,79692,2025 Topps Chrome Marvel Studios - Sky Blue RayWave Refractor,"Move to existing subset ""2025 Topps Chrome Marvel Studios - Sky Blue RayWave Refractor"" (id 6645)"
2025 Topps Chrome Marvel Studios,2025 Topps Chrome Marvel Studios - 2025 Topps Chrome Marvel Studios,1,Black,1,79708,2025 Topps Chrome Marvel Studios - Marvel Red & Black Lava Refractor,"Move to existing subset ""2025 Topps Chrome Marvel Studios - Marvel Red & Black Lava Refractor"" (id 2548)"
2025 Topps Chrome Marvel Studios,2025 Topps Chrome Marvel Studios - 2025 Topps Chrome Marvel Studios,1,Rainbow,1,79742,2025 Topps Chrome Marvel Studios - Rainbow Refractor,"Move to existing subset ""2025 Topps Chrome Marvel Studios - Rainbow Refractor"" (id 6639)"
2025 Topps Chrome Marvel Studios,2025 Topps Chrome Marvel Studios - 2025 Topps Chrome Marvel Studios,1,Loki,1,79806,2025 Topps Chrome Marvel Studios - Loki Refractor,"Move to existing subset ""2025 Topps Chrome Marvel Studios - Loki Refractor"" (id 6624)"
2025 Topps Chrome Marvel Studios,2025 Topps Chrome Marvel Studios - 2025 Topps Chrome Marvel Studios,129,Loki,1,79666,2025 Topps Chrome Marvel Studios - Loki Refractor,"Move to existing subset ""2025 Topps Chrome Marvel Studios - Loki Refractor"" (id 6624)"
2025 Topps Chrome Marvel Studios,2025 Topps Chrome Marvel Studios - 2025 Topps Chrome Marvel Studios,129,Gold,1,79685,2025 Topps Chrome Marvel Studios - Autographs Gold Refractor,"Move to existing subset ""2025 Topps Chrome Marvel Studios - Autographs Gold Refractor"" (id 6585)"
2025 Topps Chrome Marvel Studios,2025 Topps Chrome Marvel Studios - 2025 Topps Chrome Marvel Studios,129,Shimmer,1,79716,2025 Topps Chrome Marvel Studios - Shimmer Refractor,"Move to existing subset ""2025 Topps Chrome Marvel Studios - Shimmer Refractor"" (id 6643)"
2025 Topps Chrome Marvel Studios,2025 Topps Chrome Marvel Studios - 2025 Topps Chrome Marvel Studios,129,Sky Blue RayWave,1,79796,2025 Topps Chrome Marvel Studios - Sky Blue RayWave Refractor,"Move to existing subset ""2025 Topps Chrome Marvel Studios - Sky Blue RayWave Refractor"" (id 6645)"
2025 Topps Chrome Marvel Studios,2025 Topps Chrome Marvel Studios - 2025 Topps Chrome Marvel Studios,162,Captain America,1,79765,2025 Topps Chrome Marvel Studios - Captain America Refractor,"Move to existing subset ""2025 Topps Chrome Marvel Studios - Captain America Refractor"" (id 6596)"
2025 Topps Chrome Marvel Studios,2025 Topps Chrome Marvel Studios - 2025 Topps Chrome Marvel Studios,162,Rainbow,1,79789,2025 Topps Chrome Marvel Studios - Rainbow Refractor,"Move to existing subset ""2025 Topps Chrome Marvel Studios - Rainbow Refractor"" (id 6639)"
2025 Topps Chrome Marvel Studios,2025 Topps Chrome Marvel Studios - 2025 Topps Chrome Marvel Studios,162,Shimmer,1,79803,2025 Topps Chrome Marvel Studios - Shimmer Refractor,"Move to existing subset ""2025 Topps Chrome Marvel Studios - Shimmer Refractor"" (id 6643)"
2025 Topps Chrome Marvel Studios,2025 Topps Chrome Marvel Studios - 2025 Topps Chrome Marvel Studios,182,Rainbow,1,79731,2025 Topps Chrome Marvel Studios - Rainbow Refractor,"Move to existing subset ""2025 Topps Chrome Marvel Studios - Rainbow Refractor"" (id 6639)"
2025 Topps Chrome Marvel Studios,2025 Topps Chrome Marvel Studios - 2025 Topps Chrome Marvel Studios,182,Shimmer,1,79792,2025 Topps Chrome Marvel Studios - Shimmer Refractor,"Move to existing subset ""2025 Topps Chrome Marvel Studios - Shimmer Refractor"" (id 6643)"
2025 Topps Chrome Marvel Studios,2025 Topps Chrome Marvel Studios - 2025 Topps Chrome Marvel Studios,182,Gold,1,79800,2025 Topps Chrome Marvel Studios - Autographs Gold Refractor,"Move to existing subset ""2025 Topps Chrome Marvel Studios - Autographs Gold Refractor"" (id 6585)"
2025 Topps Chrome Marvel Studios,2025 Topps Chrome Marvel Studios - 2025 Topps Chrome Marvel Studios,24,Captain America,1,79668,2025 Topps Chrome Marvel Studios - Captain America Refractor,"Move to existing subset ""2025 Topps Chrome Marvel Studios - Captain America Refractor"" (id 6596)"
2025 Topps Chrome Marvel Studios,2025 Topps Chrome Marvel Studios - 2025 Topps Chrome Marvel Studios,24,Black,1,79670,2025 Topps Chrome Marvel Studios - Marvel Red & Black Lava Refractor,"Move to existing subset ""2025 Topps Chrome Marvel Studios - Marvel Red & Black Lava Refractor"" (id 2548)"
2025 Topps Chrome Marvel Studios,2025 Topps Chrome Marvel Studios - 2025 Topps Chrome Marvel Studios,24,Green,1,79763,2025 Topps Chrome Marvel Studios - Green Refractor,"Move to existing subset ""2025 Topps Chrome Marvel Studios - Green Refractor"" (id 6623)"
2025 Topps Chrome Marvel Studios,2025 Topps Chrome Marvel Studios - 2025 Topps Chrome Marvel Studios,134,Orange,1,79721,2025 Topps Chrome Marvel Studios - Autographs Orange Refractor,"Move to existing subset ""2025 Topps Chrome Marvel Studios - Autographs Orange Refractor"" (id 6586)"
2025 Topps Chrome Marvel Studios,2025 Topps Chrome Marvel Studios - 2025 Topps Chrome Marvel Studios,134,Green,1,79776,2025 Topps Chrome Marvel Studios - Green Refractor,"Move to existing subset ""2025 Topps Chrome Marvel Studios - Green Refractor"" (id 6623)"
2025 Topps Chrome Marvel Studios,2025 Topps Chrome Marvel Studios - 2025 Topps Chrome Marvel Studios,161,Rainbow,1,79696,2025 Topps Chrome Marvel Studios - Rainbow Refractor,"Move to existing subset ""2025 Topps Chrome Marvel Studios - Rainbow Refractor"" (id 6639)"
2025 Topps Chrome Marvel Studios,2025 Topps Chrome Marvel Studios - 2025 Topps Chrome Marvel Studios,161,Ms Marvel Speckle,1,79713,2025 Topps Chrome Marvel Studios - Ms. Marvel Speckle Refractor,"Move to existing subset ""2025 Topps Chrome Marvel Studios - Ms. Marvel Speckle Refractor"" (id 2549)"
2025 Topps Chrome Marvel Studios,2025 Topps Chrome Marvel Studios - 2025 Topps Chrome Marvel Studios,161,Black Wave,1,79752,2025 Topps Chrome Marvel Studios - Black Wave Refractor,"Move to existing subset ""2025 Topps Chrome Marvel Studios - Black Wave Refractor"" (id 6595)"
2025 Topps Chrome Marvel Studios,2025 Topps Chrome Marvel Studios - 2025 Topps Chrome Marvel Studios,176,Gold,1,79720,2025 Topps Chrome Marvel Studios - Autographs Gold Refractor,"Move to existing subset ""2025 Topps Chrome Marvel Studios - Autographs Gold Refractor"" (id 6585)"
2025 Topps Chrome Marvel Studios,2025 Topps Chrome Marvel Studios - 2025 Topps Chrome Marvel Studios,176,Captain America,1,79772,2025 Topps Chrome Marvel Studios - Captain America Refractor,"Move to existing subset ""2025 Topps Chrome Marvel Studios - Captain America Refractor"" (id 6596)"
2025 Topps Chrome Marvel Studios,2025 Topps Chrome Marvel Studios - 2025 Topps Chrome Marvel Studios,176,Black,1,79788,2025 Topps Chrome Marvel Studios - Marvel Red & Black Lava Refractor,"Move to existing subset ""2025 Topps Chrome Marvel Studios - Marvel Red & Black Lava Refractor"" (id 2548)"
2025 Topps Chrome Marvel Studios,2025 Topps Chrome Marvel Studios - 2025 Topps Chrome Marvel Studios,193,Ms Marvel Speckle,1,79669,2025 Topps Chrome Marvel Studios - Ms. Marvel Speckle Refractor,"Move to existing subset ""2025 Topps Chrome Marvel Studios - Ms. Marvel Speckle Refractor"" (id 2549)"
2025 Topps Chrome Marvel Studios,2025 Topps Chrome Marvel Studios - 2025 Topps Chrome Marvel Studios,193,Loki,1,79695,2025 Topps Chrome Marvel Studios - Loki Refractor,"Move to existing subset ""2025 Topps Chrome Marvel Studios - Loki Refractor"" (id 6624)"
2025 Topps Chrome Marvel Studios,2025 Topps Chrome Marvel Studios - 2025 Topps Chrome Marvel Studios,193,Green,1,79714,2025 Topps Chrome Marvel Studios - Green Refractor,"Move to existing subset ""2025 Topps Chrome Marvel Studios - Green Refractor"" (id 6623)"
2025 Topps Chrome Marvel Studios,2025 Topps Chrome Marvel Studios - 2025 Topps Chrome Marvel Studios,27,Rainbow,1,79694,2025 Topps Chrome Marvel Studios - Rainbow Refractor,"Move to existing subset ""2025 Topps Chrome Marvel Studios - Rainbow Refractor"" (id 6639)"
2025 Topps Chrome Marvel Studios,2025 Topps Chrome Marvel Studios - 2025 Topps Chrome Marvel Studios,27,Marvel Red Black Lava,1,79698,2025 Topps Chrome Marvel Studios - Marvel Red & Black Lava Refractor,"Move to existing subset ""2025 Topps Chrome Marvel Studios - Marvel Red & Black Lava Refractor"" (id 2548)"
2025 Topps Chrome Marvel Studios,2025 Topps Chrome Marvel Studios - 2025 Topps Chrome Marvel Studios,42,Red,1,79671,2025 Topps Chrome Marvel Studios - Marvel Red & Black Lava Refractor,"Move to existing subset ""2025 Topps Chrome Marvel Studios - Marvel Red & Black Lava Refractor"" (id 2548)"
2025 Topps Chrome Marvel Studios,2025 Topps Chrome Marvel Studios - 2025 Topps Chrome Marvel Studios,42,Orange,1,79739,2025 Topps Chrome Marvel Studios - Autographs Orange Refractor,"Move to existing subset ""2025 Topps Chrome Marvel Studios - Autographs Orange Refractor"" (id 6586)"
2025 Topps Chrome Marvel Studios,2025 Topps Chrome Marvel Studios - 2025 Topps Chrome Marvel Studios,42,Captain America,1,79777,2025 Topps Chrome Marvel Studios - Captain America Refractor,"Move to existing subset ""2025 Topps Chrome Marvel Studios - Captain America Refractor"" (id 6596)"
2025 Topps Chrome Marvel Studios,2025 Topps Chrome Marvel Studios - 2025 Topps Chrome Marvel Studios,43,Shimmer,1,79684,2025 Topps Chrome Marvel Studios - Shimmer Refractor,"Move to existing subset ""2025 Topps Chrome Marvel Studios - Shimmer Refractor"" (id 6643)"
2025 Topps Chrome Marvel Studios,2025 Topps Chrome Marvel Studios - 2025 Topps Chrome Marvel Studios,43,Sky Blue RayWave,1,79736,2025 Topps Chrome Marvel Studios - Sky Blue RayWave Refractor,"Move to existing subset ""2025 Topps Chrome Marvel Studios - Sky Blue RayWave Refractor"" (id 6645)"
2025 Topps Chrome Marvel Studios,2025 Topps Chrome Marvel Studios - 2025 Topps Chrome Marvel Studios,43,Loki,1,79807,2025 Topps Chrome Marvel Studios - Loki Refractor,"Move to existing subset ""2025 Topps Chrome Marvel Studios - Loki Refractor"" (id 6624)"
2025 Topps Chrome Marvel Studios,2025 Topps Chrome Marvel Studios - 2025 Topps Chrome Marvel Studios,61,Rainbow,1,79780,2025 Topps Chrome Marvel Studios - Rainbow Refractor,"Move to existing subset ""2025 Topps Chrome Marvel Studios - Rainbow Refractor"" (id 6639)"
2025 Topps Chrome Marvel Studios,2025 Topps Chrome Marvel Studios - 2025 Topps Chrome Marvel Studios,61,Gold Wave,1,79787,2025 Topps Chrome Marvel Studios - Gold Wave Refractor,"Move to existing subset ""2025 Topps Chrome Marvel Studios - Gold Wave Refractor"" (id 6622)"
2025 Topps Chrome Marvel Studios,2025 Topps Chrome Marvel Studios - 2025 Topps Chrome Marvel Studios,85,Black,1,79757,2025 Topps Chrome Marvel Studios - Marvel Red & Black Lava Refractor,"Move to existing subset ""2025 Topps Chrome Marvel Studios - Marvel Red & Black Lava Refractor"" (id 2548)"
2025 Topps Chrome Marvel Studios,2025 Topps Chrome Marvel Studios - 2025 Topps Chrome Marvel Studios,85,Gold,1,79805,2025 Topps Chrome Marvel Studios - Autographs Gold Refractor,"Move to existing subset ""2025 Topps Chrome Marvel Studios - Autographs Gold Refractor"" (id 6585)"
2025 Topps Chrome Marvel Studios,2025 Topps Chrome Marvel Studios - 2025 Topps Chrome Marvel Studios,96,Sky Blue RayWave,1,79725,2025 Topps Chrome Marvel Studios - Sky Blue RayWave Refractor,"Move to existing subset ""2025 Topps Chrome Marvel Studios - Sky Blue RayWave Refractor"" (id 6645)"
2025 Topps Chrome Marvel Studios,2025 Topps Chrome Marvel Studios - 2025 Topps Chrome Marvel Studios,96,Rainbow,1,79779,2025 Topps Chrome Marvel Studios - Rainbow Refractor,"Move to existing subset ""2025 Topps Chrome Marvel Studios - Rainbow Refractor"" (id 6639)"
2025 Topps Chrome Marvel Studios,2025 Topps Chrome Marvel Studios - 2025 Topps Chrome Marvel Studios,96,Loki,1,79797,2025 Topps Chrome Marvel Studios - Loki Refractor,"Move to existing subset ""2025 Topps Chrome Marvel Studios - Loki Refractor"" (id 6624)"
2025 Topps Chrome Marvel Studios,2025 Topps Chrome Marvel Studios - 2025 Topps Chrome Marvel Studios,105,Captain America,1,79704,2025 Topps Chrome Marvel Studios - Captain America Refractor,"Move to existing subset ""2025 Topps Chrome Marvel Studios - Captain America Refractor"" (id 6596)"
2025 Topps Chrome Marvel Studios,2025 Topps Chrome Marvel Studios - 2025 Topps Chrome Marvel Studios,105,Loki,1,79722,2025 Topps Chrome Marvel Studios - Loki Refractor,"Move to existing subset ""2025 Topps Chrome Marvel Studios - Loki Refractor"" (id 6624)"
2025 Topps Chrome Marvel Studios,2025 Topps Chrome Marvel Studios - 2025 Topps Chrome Marvel Studios,127,Black,1,79702,2025 Topps Chrome Marvel Studios - Marvel Red & Black Lava Refractor,"Move to existing subset ""2025 Topps Chrome Marvel Studios - Marvel Red & Black Lava Refractor"" (id 2548)"
2025 Topps Chrome Marvel Studios,2025 Topps Chrome Marvel Studios - 2025 Topps Chrome Marvel Studios,127,Captain America,1,79755,2025 Topps Chrome Marvel Studios - Captain America Refractor,"Move to existing subset ""2025 Topps Chrome Marvel Studios - Captain America Refractor"" (id 6596)"
2025 Topps Chrome Marvel Studios,2025 Topps Chrome Marvel Studios - 2025 Topps Chrome Marvel Studios,135,Green,1,79738,2025 Topps Chrome Marvel Studios - Green Refractor,"Move to existing subset ""2025 Topps Chrome Marvel Studios - Green Refractor"" (id 6623)"
2025 Topps Chrome Marvel Studios,2025 Topps Chrome Marvel Studios - 2025 Topps Chrome Marvel Studios,135,Captain America,1,79793,2025 Topps Chrome Marvel Studios - Captain America Refractor,"Move to existing subset ""2025 Topps Chrome Marvel Studios - Captain America Refractor"" (id 6596)"
2025 Topps Chrome Marvel Studios,2025 Topps Chrome Marvel Studios - 2025 Topps Chrome Marvel Studios,136,Marvel Red Black Lava,1,79773,2025 Topps Chrome Marvel Studios - Marvel Red & Black Lava Refractor,"Move to existing subset ""2025 Topps Chrome Marvel Studios - Marvel Red & Black Lava Refractor"" (id 2548)"
2025 Topps Chrome Marvel Studios,2025 Topps Chrome Marvel Studios - 2025 Topps Chrome Marvel Studios,136,Sky Blue RayWave,1,79795,2025 Topps Chrome Marvel Studios - Sky Blue RayWave Refractor,"Move to existing subset ""2025 Topps Chrome Marvel Studios - Sky Blue RayWave Refractor"" (id 6645)"
2025 Topps Chrome Marvel Studios,2025 Topps Chrome Marvel Studios - 2025 Topps Chrome Marvel Studios,139,Green,1,79674,2025 Topps Chrome Marvel Studios - Green Refractor,"Move to existing subset ""2025 Topps Chrome Marvel Studios - Green Refractor"" (id 6623)"
2025 Topps Chrome Marvel Studios,2025 Topps Chrome Marvel Studios - 2025 Topps Chrome Marvel Studios,139,Captain America,1,79747,2025 Topps Chrome Marvel Studios - Captain America Refractor,"Move to existing subset ""2025 Topps Chrome Marvel Studios - Captain America Refractor"" (id 6596)"
2025 Topps Chrome Marvel Studios,2025 Topps Chrome Marvel Studios - 2025 Topps Chrome Marvel Studios,18,Ms Marvel Speckle,1,79744,2025 Topps Chrome Marvel Studios - Ms. Marvel Speckle Refractor,"Move to existing subset ""2025 Topps Chrome Marvel Studios - Ms. Marvel Speckle Refractor"" (id 2549)"
2025 Topps Chrome Marvel Studios,2025 Topps Chrome Marvel Studios - 2025 Topps Chrome Marvel Studios,19,Shimmer,1,79791,2025 Topps Chrome Marvel Studios - Shimmer Refractor,"Move to existing subset ""2025 Topps Chrome Marvel Studios - Shimmer Refractor"" (id 6643)"
2025 Topps Chrome Marvel Studios,2025 Topps Chrome Marvel Studios - 2025 Topps Chrome Marvel Studios,19,Orange Geometric,1,79799,2025 Topps Chrome Marvel Studios - Orange Geometric Refractor,"Move to existing subset ""2025 Topps Chrome Marvel Studios - Orange Geometric Refractor"" (id 6631)"
2025 Topps Chrome Marvel Studios,2025 Topps Chrome Marvel Studios - 2025 Topps Chrome Marvel Studios,194,Green,1,79703,2025 Topps Chrome Marvel Studios - Green Refractor,"Move to existing subset ""2025 Topps Chrome Marvel Studios - Green Refractor"" (id 6623)"
2025 Topps Chrome Marvel Studios,2025 Topps Chrome Marvel Studios - 2025 Topps Chrome Marvel Studios,194,Marvel Red Black Lava,1,79786,2025 Topps Chrome Marvel Studios - Marvel Red & Black Lava Refractor,"Move to existing subset ""2025 Topps Chrome Marvel Studios - Marvel Red & Black Lava Refractor"" (id 2548)"
2025 Topps Chrome Marvel Studios,2025 Topps Chrome Marvel Studios - 2025 Topps Chrome Marvel Studios,195,Agatha Lava,1,79750,2025 Topps Chrome Marvel Studios - Agatha Lava Refractor,"Move to existing subset ""2025 Topps Chrome Marvel Studios - Agatha Lava Refractor"" (id 6582)"
2025 Topps Chrome Marvel Studios,2025 Topps Chrome Marvel Studios - 2025 Topps Chrome Marvel Studios,195,Green,1,79760,2025 Topps Chrome Marvel Studios - Green Refractor,"Move to existing subset ""2025 Topps Chrome Marvel Studios - Green Refractor"" (id 6623)"
2025 Topps Chrome Marvel Studios,2025 Topps Chrome Marvel Studios - 2025 Topps Chrome Marvel Studios,196,Sky Blue RayWave,1,79707,2025 Topps Chrome Marvel Studios - Sky Blue RayWave Refractor,"Move to existing subset ""2025 Topps Chrome Marvel Studios - Sky Blue RayWave Refractor"" (id 6645)"
2025 Topps Chrome Marvel Studios,2025 Topps Chrome Marvel Studios - 2025 Topps Chrome Marvel Studios,196,Captain America,1,79781,2025 Topps Chrome Marvel Studios - Captain America Refractor,"Move to existing subset ""2025 Topps Chrome Marvel Studios - Captain America Refractor"" (id 6596)"
2025 Topps Chrome Marvel Studios,2025 Topps Chrome Marvel Studios - 2025 Topps Chrome Marvel Studios,197,Orange Wave,1,79737,2025 Topps Chrome Marvel Studios - Orange Wave Refractor,"Move to existing subset ""2025 Topps Chrome Marvel Studios - Orange Wave Refractor"" (id 6633)"
2025 Topps Chrome Marvel Studios,2025 Topps Chrome Marvel Studios - 2025 Topps Chrome Marvel Studios,200,Orange,1,79741,2025 Topps Chrome Marvel Studios - Autographs Orange Refractor,"Move to existing subset ""2025 Topps Chrome Marvel Studios - Autographs Orange Refractor"" (id 6586)"
2025 Topps Chrome Marvel Studios,2025 Topps Chrome Marvel Studios - 2025 Topps Chrome Marvel Studios,200,Loki,1,79790,2025 Topps Chrome Marvel Studios - Loki Refractor,"Move to existing subset ""2025 Topps Chrome Marvel Studios - Loki Refractor"" (id 6624)"
2025 Topps Chrome Marvel Studios,2025 Topps Chrome Marvel Studios - 2025 Topps Chrome Marvel Studios,55,Captain America,1,79735,2025 Topps Chrome Marvel Studios - Captain America Refractor,"Move to existing subset ""2025 Topps Chrome Marvel Studios - Captain America Refractor"" (id 6596)"
2025 Topps Chrome Marvel Studios,2025 Topps Chrome Marvel Studios - 2025 Topps Chrome Marvel Studios,55,Gold,1,79782,2025 Topps Chrome Marvel Studios - Autographs Gold Refractor,"Move to existing subset ""2025 Topps Chrome Marvel Studios - Autographs Gold Refractor"" (id 6585)"
2025 Topps Chrome Marvel Studios,2025 Topps Chrome Marvel Studios - 2025 Topps Chrome Marvel Studios,59,Shimmer,1,79749,2025 Topps Chrome Marvel Studios - Shimmer Refractor,"Move to existing subset ""2025 Topps Chrome Marvel Studios - Shimmer Refractor"" (id 6643)"
2025 Topps Chrome Marvel Studios,2025 Topps Chrome Marvel Studios - 2025 Topps Chrome Marvel Studios,64,Captain America,1,79697,2025 Topps Chrome Marvel Studios - Captain America Refractor,"Move to existing subset ""2025 Topps Chrome Marvel Studios - Captain America Refractor"" (id 6596)"
2025 Topps Chrome Marvel Studios,2025 Topps Chrome Marvel Studios - 2025 Topps Chrome Marvel Studios,64,Gold,1,79802,2025 Topps Chrome Marvel Studios - Autographs Gold Refractor,"Move to existing subset ""2025 Topps Chrome Marvel Studios - Autographs Gold Refractor"" (id 6585)"
2025 Topps Chrome Marvel Studios,2025 Topps Chrome Marvel Studios - 2025 Topps Chrome Marvel Studios,7,Rainbow,1,79667,2025 Topps Chrome Marvel Studios - Rainbow Refractor,"Move to existing subset ""2025 Topps Chrome Marvel Studios - Rainbow Refractor"" (id 6639)"
2025 Topps Chrome Marvel Studios,2025 Topps Chrome Marvel Studios - 2025 Topps Chrome Marvel Studios,7,Prism,1,79804,2025 Topps Chrome Marvel Studios - Prism Refractor,"Move to existing subset ""2025 Topps Chrome Marvel Studios - Prism Refractor"" (id 6638)"
2025 Topps Chrome Marvel Studios,2025 Topps Chrome Marvel Studios - 2025 Topps Chrome Marvel Studios,76,Orange,1,79709,2025 Topps Chrome Marvel Studios - Autographs Orange Refractor,"Move to existing subset ""2025 Topps Chrome Marvel Studios - Autographs Orange Refractor"" (id 6586)"
2025 Topps Chrome Marvel Studios,2025 Topps Chrome Marvel Studios - 2025 Topps Chrome Marvel Studios,78,Prism,1,79727,2025 Topps Chrome Marvel Studios - Prism Refractor,"Move to existing subset ""2025 Topps Chrome Marvel Studios - Prism Refractor"" (id 6638)"
2025 Topps Chrome Marvel Studios,2025 Topps Chrome Marvel Studios - 2025 Topps Chrome Marvel Studios,8,Ms Marvel Speckle,1,79678,2025 Topps Chrome Marvel Studios - Ms. Marvel Speckle Refractor,"Move to existing subset ""2025 Topps Chrome Marvel Studios - Ms. Marvel Speckle Refractor"" (id 2549)"
2025 Topps Chrome Marvel Studios,2025 Topps Chrome Marvel Studios - 2025 Topps Chrome Marvel Studios,8,Gold,1,79718,2025 Topps Chrome Marvel Studios - Autographs Gold Refractor,"Move to existing subset ""2025 Topps Chrome Marvel Studios - Autographs Gold Refractor"" (id 6585)"
2025 Topps Chrome Marvel Studios,2025 Topps Chrome Marvel Studios - Autographs,23,Orange,1,80100,2025 Topps Chrome Marvel Studios - Autographs Orange Refractor,"Move to existing subset ""2025 Topps Chrome Marvel Studios - Autographs Orange Refractor"" (id 6586)"
2025 Topps Chrome Marvel Studios,2025 Topps Chrome Marvel Studios - Autographs,23,Gold,1,80101,2025 Topps Chrome Marvel Studios - Autographs Gold Refractor,"Move to existing subset ""2025 Topps Chrome Marvel Studios - Autographs Gold Refractor"" (id 6585)"
2025 Topps Chrome Marvel Studios,2025 Topps Chrome Marvel Studios - Autographs,23,Black,1,80110,2025 Topps Chrome Marvel Studios - Marvel Red & Black Lava Refractor,"Move to existing subset ""2025 Topps Chrome Marvel Studios - Marvel Red & Black Lava Refractor"" (id 2548)"
2025 Topps Chrome Marvel Studios,2025 Topps Chrome Marvel Studios - Autographs,23,Red,1,80111,2025 Topps Chrome Marvel Studios - Marvel Red & Black Lava Refractor,"Move to existing subset ""2025 Topps Chrome Marvel Studios - Marvel Red & Black Lava Refractor"" (id 2548)"
2025 Topps Chrome Marvel Studios,2025 Topps Chrome Marvel Studios - Autographs,23,Superfractor,1,80112,2025 Topps Chrome Marvel Studios - Agatha All Along Autographs Superfractor,"Move to existing subset ""2025 Topps Chrome Marvel Studios - Agatha All Along Autographs Superfractor"" (id 6578)"
2025 Topps Chrome Marvel Studios,2025 Topps Chrome Marvel Studios - Daredevil Born Again,1,Orange,1,80157,2025 Topps Chrome Marvel Studios - Autographs Orange Refractor,"Move to existing subset ""2025 Topps Chrome Marvel Studios - Autographs Orange Refractor"" (id 6586)"
2025 Topps Chrome Marvel Studios,2025 Topps Chrome Marvel Studios - Daredevil Born Again,1,Gold,1,80159,2025 Topps Chrome Marvel Studios - Autographs Gold Refractor,"Move to existing subset ""2025 Topps Chrome Marvel Studios - Autographs Gold Refractor"" (id 6585)"
2025 Topps Chrome Marvel Studios,2025 Topps Chrome Marvel Studios - Daredevil Born Again,1,Black,1,80160,2025 Topps Chrome Marvel Studios - Marvel Red & Black Lava Refractor,"Move to existing subset ""2025 Topps Chrome Marvel Studios - Marvel Red & Black Lava Refractor"" (id 2548)"
2025 Topps Chrome Marvel Studios,2025 Topps Chrome Marvel Studios - Daredevil Born Again,1,Superfractor,1,80468,2025 Topps Chrome Marvel Studios - Agatha All Along Autographs Superfractor,"Move to existing subset ""2025 Topps Chrome Marvel Studios - Agatha All Along Autographs Superfractor"" (id 6578)"
2025 Topps Chrome Marvel Studios,2025 Topps Chrome Marvel Studios - Daredevil Born Again,1,Red,1,80473,2025 Topps Chrome Marvel Studios - Marvel Red & Black Lava Refractor,"Move to existing subset ""2025 Topps Chrome Marvel Studios - Marvel Red & Black Lava Refractor"" (id 2548)"
2025 Topps Chrome Marvel Studios,2025 Topps Chrome Marvel Studios - Daredevil Born Again,10,Gold,1,79854,2025 Topps Chrome Marvel Studios - Autographs Gold Refractor,"Move to existing subset ""2025 Topps Chrome Marvel Studios - Autographs Gold Refractor"" (id 6585)"
2025 Topps Chrome Marvel Studios,2025 Topps Chrome Marvel Studios - Daredevil Born Again,10,Black,1,80158,2025 Topps Chrome Marvel Studios - Marvel Red & Black Lava Refractor,"Move to existing subset ""2025 Topps Chrome Marvel Studios - Marvel Red & Black Lava Refractor"" (id 2548)"
2025 Topps Chrome Marvel Studios,2025 Topps Chrome Marvel Studios - Daredevil Born Again,10,Orange,1,80161,2025 Topps Chrome Marvel Studios - Autographs Orange Refractor,"Move to existing subset ""2025 Topps Chrome Marvel Studios - Autographs Orange Refractor"" (id 6586)"
2025 Topps Chrome Marvel Studios,2025 Topps Chrome Marvel Studios - Daredevil Born Again,10,Superfractor,1,80512,2025 Topps Chrome Marvel Studios - Agatha All Along Autographs Superfractor,"Move to existing subset ""2025 Topps Chrome Marvel Studios - Agatha All Along Autographs Superfractor"" (id 6578)"
2025 Topps Chrome Marvel Studios,2025 Topps Chrome Marvel Studios - Daredevil Born Again,10,Red,1,80515,2025 Topps Chrome Marvel Studios - Marvel Red & Black Lava Refractor,"Move to existing subset ""2025 Topps Chrome Marvel Studios - Marvel Red & Black Lava Refractor"" (id 2548)"
2025 Topps Chrome Marvel Studios,2025 Topps Chrome Marvel Studios - Daredevil Born Again,11,Orange,1,80508,2025 Topps Chrome Marvel Studios - Autographs Orange Refractor,"Move to existing subset ""2025 Topps Chrome Marvel Studios - Autographs Orange Refractor"" (id 6586)"
2025 Topps Chrome Marvel Studios,2025 Topps Chrome Marvel Studios - Daredevil Born Again,11,Black,1,80510,2025 Topps Chrome Marvel Studios - Marvel Red & Black Lava Refractor,"Move to existing subset ""2025 Topps Chrome Marvel Studios - Marvel Red & Black Lava Refractor"" (id 2548)"
2025 Topps Chrome Marvel Studios,2025 Topps Chrome Marvel Studios - Daredevil Born Again,11,Gold,1,80511,2025 Topps Chrome Marvel Studios - Autographs Gold Refractor,"Move to existing subset ""2025 Topps Chrome Marvel Studios - Autographs Gold Refractor"" (id 6585)"
2025 Topps Chrome Marvel Studios,2025 Topps Chrome Marvel Studios - Daredevil Born Again,11,Red,1,80581,2025 Topps Chrome Marvel Studios - Marvel Red & Black Lava Refractor,"Move to existing subset ""2025 Topps Chrome Marvel Studios - Marvel Red & Black Lava Refractor"" (id 2548)"
2025 Topps Chrome Marvel Studios,2025 Topps Chrome Marvel Studios - Daredevil Born Again,11,Superfractor,1,80584,2025 Topps Chrome Marvel Studios - Agatha All Along Autographs Superfractor,"Move to existing subset ""2025 Topps Chrome Marvel Studios - Agatha All Along Autographs Superfractor"" (id 6578)"
2025 Topps Chrome Marvel Studios,2025 Topps Chrome Marvel Studios - Daredevil Born Again,12,Superfractor,1,80579,2025 Topps Chrome Marvel Studios - Agatha All Along Autographs Superfractor,"Move to existing subset ""2025 Topps Chrome Marvel Studios - Agatha All Along Autographs Superfractor"" (id 6578)"
2025 Topps Chrome Marvel Studios,2025 Topps Chrome Marvel Studios - Daredevil Born Again,12,Orange,1,80582,2025 Topps Chrome Marvel Studios - Autographs Orange Refractor,"Move to existing subset ""2025 Topps Chrome Marvel Studios - Autographs Orange Refractor"" (id 6586)"
2025 Topps Chrome Marvel Studios,2025 Topps Chrome Marvel Studios - Daredevil Born Again,12,Black,1,80583,2025 Topps Chrome Marvel Studios - Marvel Red & Black Lava Refractor,"Move to existing subset ""2025 Topps Chrome Marvel Studios - Marvel Red & Black Lava Refractor"" (id 2548)"
2025 Topps Chrome Marvel Studios,2025 Topps Chrome Marvel Studios - Daredevil Born Again,12,Gold,1,80585,2025 Topps Chrome Marvel Studios - Autographs Gold Refractor,"Move to existing subset ""2025 Topps Chrome Marvel Studios - Autographs Gold Refractor"" (id 6585)"
2025 Topps Chrome Marvel Studios,2025 Topps Chrome Marvel Studios - Daredevil Born Again,12,Red,1,80586,2025 Topps Chrome Marvel Studios - Marvel Red & Black Lava Refractor,"Move to existing subset ""2025 Topps Chrome Marvel Studios - Marvel Red & Black Lava Refractor"" (id 2548)"
2025 Topps Chrome Marvel Studios,2025 Topps Chrome Marvel Studios - Daredevil Born Again,13,Black,1,80516,2025 Topps Chrome Marvel Studios - Marvel Red & Black Lava Refractor,"Move to existing subset ""2025 Topps Chrome Marvel Studios - Marvel Red & Black Lava Refractor"" (id 2548)"
2025 Topps Chrome Marvel Studios,2025 Topps Chrome Marvel Studios - Daredevil Born Again,13,Red,1,80517,2025 Topps Chrome Marvel Studios - Marvel Red & Black Lava Refractor,"Move to existing subset ""2025 Topps Chrome Marvel Studios - Marvel Red & Black Lava Refractor"" (id 2548)"
2025 Topps Chrome Marvel Studios,2025 Topps Chrome Marvel Studios - Daredevil Born Again,13,Superfractor,1,80518,2025 Topps Chrome Marvel Studios - Agatha All Along Autographs Superfractor,"Move to existing subset ""2025 Topps Chrome Marvel Studios - Agatha All Along Autographs Superfractor"" (id 6578)"
2025 Topps Chrome Marvel Studios,2025 Topps Chrome Marvel Studios - Daredevil Born Again,13,Orange,1,80520,2025 Topps Chrome Marvel Studios - Autographs Orange Refractor,"Move to existing subset ""2025 Topps Chrome Marvel Studios - Autographs Orange Refractor"" (id 6586)"
2025 Topps Chrome Marvel Studios,2025 Topps Chrome Marvel Studios - Daredevil Born Again,13,Gold,1,80578,2025 Topps Chrome Marvel Studios - Autographs Gold Refractor,"Move to existing subset ""2025 Topps Chrome Marvel Studios - Autographs Gold Refractor"" (id 6585)"
2025 Topps Chrome Marvel Studios,2025 Topps Chrome Marvel Studios - Daredevil Born Again,14,Orange,1,80519,2025 Topps Chrome Marvel Studios - Autographs Orange Refractor,"Move to existing subset ""2025 Topps Chrome Marvel Studios - Autographs Orange Refractor"" (id 6586)"
2025 Topps Chrome Marvel Studios,2025 Topps Chrome Marvel Studios - Daredevil Born Again,14,Black,1,80521,2025 Topps Chrome Marvel Studios - Marvel Red & Black Lava Refractor,"Move to existing subset ""2025 Topps Chrome Marvel Studios - Marvel Red & Black Lava Refractor"" (id 2548)"
2025 Topps Chrome Marvel Studios,2025 Topps Chrome Marvel Studios - Daredevil Born Again,14,Gold,1,80522,2025 Topps Chrome Marvel Studios - Autographs Gold Refractor,"Move to existing subset ""2025 Topps Chrome Marvel Studios - Autographs Gold Refractor"" (id 6585)"
2025 Topps Chrome Marvel Studios,2025 Topps Chrome Marvel Studios - Daredevil Born Again,14,Red,1,80523,2025 Topps Chrome Marvel Studios - Marvel Red & Black Lava Refractor,"Move to existing subset ""2025 Topps Chrome Marvel Studios - Marvel Red & Black Lava Refractor"" (id 2548)"
2025 Topps Chrome Marvel Studios,2025 Topps Chrome Marvel Studios - Daredevil Born Again,14,Superfractor,1,80587,2025 Topps Chrome Marvel Studios - Agatha All Along Autographs Superfractor,"Move to existing subset ""2025 Topps Chrome Marvel Studios - Agatha All Along Autographs Superfractor"" (id 6578)"
2025 Topps Chrome Marvel Studios,2025 Topps Chrome Marvel Studios - Daredevil Born Again,15,Orange,1,80588,2025 Topps Chrome Marvel Studios - Autographs Orange Refractor,"Move to existing subset ""2025 Topps Chrome Marvel Studios - Autographs Orange Refractor"" (id 6586)"
2025 Topps Chrome Marvel Studios,2025 Topps Chrome Marvel Studios - Daredevil Born Again,15,Black,1,80589,2025 Topps Chrome Marvel Studios - Marvel Red & Black Lava Refractor,"Move to existing subset ""2025 Topps Chrome Marvel Studios - Marvel Red & Black Lava Refractor"" (id 2548)"
2025 Topps Chrome Marvel Studios,2025 Topps Chrome Marvel Studios - Daredevil Born Again,15,Gold,1,80590,2025 Topps Chrome Marvel Studios - Autographs Gold Refractor,"Move to existing subset ""2025 Topps Chrome Marvel Studios - Autographs Gold Refractor"" (id 6585)"
2025 Topps Chrome Marvel Studios,2025 Topps Chrome Marvel Studios - Daredevil Born Again,15,Red,1,80592,2025 Topps Chrome Marvel Studios - Marvel Red & Black Lava Refractor,"Move to existing subset ""2025 Topps Chrome Marvel Studios - Marvel Red & Black Lava Refractor"" (id 2548)"
2025 Topps Chrome Marvel Studios,2025 Topps Chrome Marvel Studios - Daredevil Born Again,15,Superfractor,1,80595,2025 Topps Chrome Marvel Studios - Agatha All Along Autographs Superfractor,"Move to existing subset ""2025 Topps Chrome Marvel Studios - Agatha All Along Autographs Superfractor"" (id 6578)"
2025 Topps Chrome Marvel Studios,2025 Topps Chrome Marvel Studios - Daredevil Born Again,16,Superfractor,1,80525,2025 Topps Chrome Marvel Studios - Agatha All Along Autographs Superfractor,"Move to existing subset ""2025 Topps Chrome Marvel Studios - Agatha All Along Autographs Superfractor"" (id 6578)"
2025 Topps Chrome Marvel Studios,2025 Topps Chrome Marvel Studios - Daredevil Born Again,16,Black,1,80527,2025 Topps Chrome Marvel Studios - Marvel Red & Black Lava Refractor,"Move to existing subset ""2025 Topps Chrome Marvel Studios - Marvel Red & Black Lava Refractor"" (id 2548)"
2025 Topps Chrome Marvel Studios,2025 Topps Chrome Marvel Studios - Daredevil Born Again,16,Gold,1,80591,2025 Topps Chrome Marvel Studios - Autographs Gold Refractor,"Move to existing subset ""2025 Topps Chrome Marvel Studios - Autographs Gold Refractor"" (id 6585)"
2025 Topps Chrome Marvel Studios,2025 Topps Chrome Marvel Studios - Daredevil Born Again,16,Red,1,80593,2025 Topps Chrome Marvel Studios - Marvel Red & Black Lava Refractor,"Move to existing subset ""2025 Topps Chrome Marvel Studios - Marvel Red & Black Lava Refractor"" (id 2548)"
2025 Topps Chrome Marvel Studios,2025 Topps Chrome Marvel Studios - Daredevil Born Again,16,Orange,1,80596,2025 Topps Chrome Marvel Studios - Autographs Orange Refractor,"Move to existing subset ""2025 Topps Chrome Marvel Studios - Autographs Orange Refractor"" (id 6586)"
2025 Topps Chrome Marvel Studios,2025 Topps Chrome Marvel Studios - Daredevil Born Again,17,Superfractor,1,80469,2025 Topps Chrome Marvel Studios - Agatha All Along Autographs Superfractor,"Move to existing subset ""2025 Topps Chrome Marvel Studios - Agatha All Along Autographs Superfractor"" (id 6578)"
2025 Topps Chrome Marvel Studios,2025 Topps Chrome Marvel Studios - Daredevil Born Again,17,Orange,1,80526,2025 Topps Chrome Marvel Studios - Autographs Orange Refractor,"Move to existing subset ""2025 Topps Chrome Marvel Studios - Autographs Orange Refractor"" (id 6586)"
2025 Topps Chrome Marvel Studios,2025 Topps Chrome Marvel Studios - Daredevil Born Again,17,Gold,1,80528,2025 Topps Chrome Marvel Studios - Autographs Gold Refractor,"Move to existing subset ""2025 Topps Chrome Marvel Studios - Autographs Gold Refractor"" (id 6585)"
2025 Topps Chrome Marvel Studios,2025 Topps Chrome Marvel Studios - Daredevil Born Again,17,Red,1,80535,2025 Topps Chrome Marvel Studios - Marvel Red & Black Lava Refractor,"Move to existing subset ""2025 Topps Chrome Marvel Studios - Marvel Red & Black Lava Refractor"" (id 2548)"
2025 Topps Chrome Marvel Studios,2025 Topps Chrome Marvel Studios - Daredevil Born Again,17,Black,1,80597,2025 Topps Chrome Marvel Studios - Marvel Red & Black Lava Refractor,"Move to existing subset ""2025 Topps Chrome Marvel Studios - Marvel Red & Black Lava Refractor"" (id 2548)"
2025 Topps Chrome Marvel Studios,2025 Topps Chrome Marvel Studios - Daredevil Born Again,18,Orange,1,80534,2025 Topps Chrome Marvel Studios - Autographs Orange Refractor,"Move to existing subset ""2025 Topps Chrome Marvel Studios - Autographs Orange Refractor"" (id 6586)"
2025 Topps Chrome Marvel Studios,2025 Topps Chrome Marvel Studios - Daredevil Born Again,18,Black,1,80536,2025 Topps Chrome Marvel Studios - Marvel Red & Black Lava Refractor,"Move to existing subset ""2025 Topps Chrome Marvel Studios - Marvel Red & Black Lava Refractor"" (id 2548)"
2025 Topps Chrome Marvel Studios,2025 Topps Chrome Marvel Studios - Daredevil Born Again,18,Gold,1,80537,2025 Topps Chrome Marvel Studios - Autographs Gold Refractor,"Move to existing subset ""2025 Topps Chrome Marvel Studios - Autographs Gold Refractor"" (id 6585)"
2025 Topps Chrome Marvel Studios,2025 Topps Chrome Marvel Studios - Daredevil Born Again,18,Red,1,80538,2025 Topps Chrome Marvel Studios - Marvel Red & Black Lava Refractor,"Move to existing subset ""2025 Topps Chrome Marvel Studios - Marvel Red & Black Lava Refractor"" (id 2548)"
2025 Topps Chrome Marvel Studios,2025 Topps Chrome Marvel Studios - Daredevil Born Again,18,Superfractor,1,80539,2025 Topps Chrome Marvel Studios - Agatha All Along Autographs Superfractor,"Move to existing subset ""2025 Topps Chrome Marvel Studios - Agatha All Along Autographs Superfractor"" (id 6578)"
2025 Topps Chrome Marvel Studios,2025 Topps Chrome Marvel Studios - Daredevil Born Again,19,Orange,1,80474,2025 Topps Chrome Marvel Studios - Autographs Orange Refractor,"Move to existing subset ""2025 Topps Chrome Marvel Studios - Autographs Orange Refractor"" (id 6586)"
2025 Topps Chrome Marvel Studios,2025 Topps Chrome Marvel Studios - Daredevil Born Again,19,Black,1,80475,2025 Topps Chrome Marvel Studios - Marvel Red & Black Lava Refractor,"Move to existing subset ""2025 Topps Chrome Marvel Studios - Marvel Red & Black Lava Refractor"" (id 2548)"
2025 Topps Chrome Marvel Studios,2025 Topps Chrome Marvel Studios - Daredevil Born Again,19,Gold,1,80476,2025 Topps Chrome Marvel Studios - Autographs Gold Refractor,"Move to existing subset ""2025 Topps Chrome Marvel Studios - Autographs Gold Refractor"" (id 6585)"
2025 Topps Chrome Marvel Studios,2025 Topps Chrome Marvel Studios - Daredevil Born Again,19,Red,1,80543,2025 Topps Chrome Marvel Studios - Marvel Red & Black Lava Refractor,"Move to existing subset ""2025 Topps Chrome Marvel Studios - Marvel Red & Black Lava Refractor"" (id 2548)"
2025 Topps Chrome Marvel Studios,2025 Topps Chrome Marvel Studios - Daredevil Born Again,19,Superfractor,1,80545,2025 Topps Chrome Marvel Studios - Agatha All Along Autographs Superfractor,"Move to existing subset ""2025 Topps Chrome Marvel Studios - Agatha All Along Autographs Superfractor"" (id 6578)"
2025 Topps Chrome Marvel Studios,2025 Topps Chrome Marvel Studios - Daredevil Born Again,2,Black,1,80456,2025 Topps Chrome Marvel Studios - Marvel Red & Black Lava Refractor,"Move to existing subset ""2025 Topps Chrome Marvel Studios - Marvel Red & Black Lava Refractor"" (id 2548)"
2025 Topps Chrome Marvel Studios,2025 Topps Chrome Marvel Studios - Daredevil Born Again,2,Orange,1,80471,2025 Topps Chrome Marvel Studios - Autographs Orange Refractor,"Move to existing subset ""2025 Topps Chrome Marvel Studios - Autographs Orange Refractor"" (id 6586)"
2025 Topps Chrome Marvel Studios,2025 Topps Chrome Marvel Studios - Daredevil Born Again,2,Gold,1,80472,2025 Topps Chrome Marvel Studios - Autographs Gold Refractor,"Move to existing subset ""2025 Topps Chrome Marvel Studios - Autographs Gold Refractor"" (id 6585)"
2025 Topps Chrome Marvel Studios,2025 Topps Chrome Marvel Studios - Daredevil Born Again,2,Superfractor,1,80529,2025 Topps Chrome Marvel Studios - Agatha All Along Autographs Superfractor,"Move to existing subset ""2025 Topps Chrome Marvel Studios - Agatha All Along Autographs Superfractor"" (id 6578)"
2025 Topps Chrome Marvel Studios,2025 Topps Chrome Marvel Studios - Daredevil Born Again,2,Red,1,80541,2025 Topps Chrome Marvel Studios - Marvel Red & Black Lava Refractor,"Move to existing subset ""2025 Topps Chrome Marvel Studios - Marvel Red & Black Lava Refractor"" (id 2548)"
2025 Topps Chrome Marvel Studios,2025 Topps Chrome Marvel Studios - Daredevil Born Again,20,Orange,1,80483,2025 Topps Chrome Marvel Studios - Autographs Orange Refractor,"Move to existing subset ""2025 Topps Chrome Marvel Studios - Autographs Orange Refractor"" (id 6586)"
2025 Topps Chrome Marvel Studios,2025 Topps Chrome Marvel Studios - Daredevil Born Again,20,Black,1,80484,2025 Topps Chrome Marvel Studios - Marvel Red & Black Lava Refractor,"Move to existing subset ""2025 Topps Chrome Marvel Studios - Marvel Red & Black Lava Refractor"" (id 2548)"
2025 Topps Chrome Marvel Studios,2025 Topps Chrome Marvel Studios - Daredevil Born Again,20,Gold,1,80485,2025 Topps Chrome Marvel Studios - Autographs Gold Refractor,"Move to existing subset ""2025 Topps Chrome Marvel Studios - Autographs Gold Refractor"" (id 6585)"
2025 Topps Chrome Marvel Studios,2025 Topps Chrome Marvel Studios - Daredevil Born Again,20,Red,1,80486,2025 Topps Chrome Marvel Studios - Marvel Red & Black Lava Refractor,"Move to existing subset ""2025 Topps Chrome Marvel Studios - Marvel Red & Black Lava Refractor"" (id 2548)"
2025 Topps Chrome Marvel Studios,2025 Topps Chrome Marvel Studios - Daredevil Born Again,20,Superfractor,1,80487,2025 Topps Chrome Marvel Studios - Agatha All Along Autographs Superfractor,"Move to existing subset ""2025 Topps Chrome Marvel Studios - Agatha All Along Autographs Superfractor"" (id 6578)"
2025 Topps Chrome Marvel Studios,2025 Topps Chrome Marvel Studios - Daredevil Born Again,21,Superfractor,1,80548,2025 Topps Chrome Marvel Studios - Agatha All Along Autographs Superfractor,"Move to existing subset ""2025 Topps Chrome Marvel Studios - Agatha All Along Autographs Superfractor"" (id 6578)"
2025 Topps Chrome Marvel Studios,2025 Topps Chrome Marvel Studios - Daredevil Born Again,21,Orange,1,80549,2025 Topps Chrome Marvel Studios - Autographs Orange Refractor,"Move to existing subset ""2025 Topps Chrome Marvel Studios - Autographs Orange Refractor"" (id 6586)"
2025 Topps Chrome Marvel Studios,2025 Topps Chrome Marvel Studios - Daredevil Born Again,21,Black,1,80550,2025 Topps Chrome Marvel Studios - Marvel Red & Black Lava Refractor,"Move to existing subset ""2025 Topps Chrome Marvel Studios - Marvel Red & Black Lava Refractor"" (id 2548)"
2025 Topps Chrome Marvel Studios,2025 Topps Chrome Marvel Studios - Daredevil Born Again,21,Gold,1,80551,2025 Topps Chrome Marvel Studios - Autographs Gold Refractor,"Move to existing subset ""2025 Topps Chrome Marvel Studios - Autographs Gold Refractor"" (id 6585)"
2025 Topps Chrome Marvel Studios,2025 Topps Chrome Marvel Studios - Daredevil Born Again,21,Red,1,80552,2025 Topps Chrome Marvel Studios - Marvel Red & Black Lava Refractor,"Move to existing subset ""2025 Topps Chrome Marvel Studios - Marvel Red & Black Lava Refractor"" (id 2548)"
2025 Topps Chrome Marvel Studios,2025 Topps Chrome Marvel Studios - Daredevil Born Again,22,Superfractor,1,80492,2025 Topps Chrome Marvel Studios - Agatha All Along Autographs Superfractor,"Move to existing subset ""2025 Topps Chrome Marvel Studios - Agatha All Along Autographs Superfractor"" (id 6578)"
2025 Topps Chrome Marvel Studios,2025 Topps Chrome Marvel Studios - Daredevil Born Again,22,Red,1,80497,2025 Topps Chrome Marvel Studios - Marvel Red & Black Lava Refractor,"Move to existing subset ""2025 Topps Chrome Marvel Studios - Marvel Red & Black Lava Refractor"" (id 2548)"
2025 Topps Chrome Marvel Studios,2025 Topps Chrome Marvel Studios - Daredevil Born Again,22,Orange,1,80556,2025 Topps Chrome Marvel Studios - Autographs Orange Refractor,"Move to existing subset ""2025 Topps Chrome Marvel Studios - Autographs Orange Refractor"" (id 6586)"
2025 Topps Chrome Marvel Studios,2025 Topps Chrome Marvel Studios - Daredevil Born Again,22,Black,1,80557,2025 Topps Chrome Marvel Studios - Marvel Red & Black Lava Refractor,"Move to existing subset ""2025 Topps Chrome Marvel Studios - Marvel Red & Black Lava Refractor"" (id 2548)"
2025 Topps Chrome Marvel Studios,2025 Topps Chrome Marvel Studios - Daredevil Born Again,22,Gold,1,80558,2025 Topps Chrome Marvel Studios - Autographs Gold Refractor,"Move to existing subset ""2025 Topps Chrome Marvel Studios - Autographs Gold Refractor"" (id 6585)"
2025 Topps Chrome Marvel Studios,2025 Topps Chrome Marvel Studios - Daredevil Born Again,23,Orange,1,80493,2025 Topps Chrome Marvel Studios - Autographs Orange Refractor,"Move to existing subset ""2025 Topps Chrome Marvel Studios - Autographs Orange Refractor"" (id 6586)"
2025 Topps Chrome Marvel Studios,2025 Topps Chrome Marvel Studios - Daredevil Born Again,23,Black,1,80495,2025 Topps Chrome Marvel Studios - Marvel Red & Black Lava Refractor,"Move to existing subset ""2025 Topps Chrome Marvel Studios - Marvel Red & Black Lava Refractor"" (id 2548)"
2025 Topps Chrome Marvel Studios,2025 Topps Chrome Marvel Studios - Daredevil Born Again,23,Gold,1,80496,2025 Topps Chrome Marvel Studios - Autographs Gold Refractor,"Move to existing subset ""2025 Topps Chrome Marvel Studios - Autographs Gold Refractor"" (id 6585)"
2025 Topps Chrome Marvel Studios,2025 Topps Chrome Marvel Studios - Daredevil Born Again,23,Red,1,80565,2025 Topps Chrome Marvel Studios - Marvel Red & Black Lava Refractor,"Move to existing subset ""2025 Topps Chrome Marvel Studios - Marvel Red & Black Lava Refractor"" (id 2548)"
2025 Topps Chrome Marvel Studios,2025 Topps Chrome Marvel Studios - Daredevil Born Again,23,Superfractor,1,80566,2025 Topps Chrome Marvel Studios - Agatha All Along Autographs Superfractor,"Move to existing subset ""2025 Topps Chrome Marvel Studios - Agatha All Along Autographs Superfractor"" (id 6578)"
2025 Topps Chrome Marvel Studios,2025 Topps Chrome Marvel Studios - Daredevil Born Again,24,Black,1,80501,2025 Topps Chrome Marvel Studios - Marvel Red & Black Lava Refractor,"Move to existing subset ""2025 Topps Chrome Marvel Studios - Marvel Red & Black Lava Refractor"" (id 2548)"
2025 Topps Chrome Marvel Studios,2025 Topps Chrome Marvel Studios - Daredevil Born Again,24,Gold,1,80502,2025 Topps Chrome Marvel Studios - Autographs Gold Refractor,"Move to existing subset ""2025 Topps Chrome Marvel Studios - Autographs Gold Refractor"" (id 6585)"
2025 Topps Chrome Marvel Studios,2025 Topps Chrome Marvel Studios - Daredevil Born Again,24,Red,1,80503,2025 Topps Chrome Marvel Studios - Marvel Red & Black Lava Refractor,"Move to existing subset ""2025 Topps Chrome Marvel Studios - Marvel Red & Black Lava Refractor"" (id 2548)"
2025 Topps Chrome Marvel Studios,2025 Topps Chrome Marvel Studios - Daredevil Born Again,24,Orange,1,80504,2025 Topps Chrome Marvel Studios - Autographs Orange Refractor,"Move to existing subset ""2025 Topps Chrome Marvel Studios - Autographs Orange Refractor"" (id 6586)"
2025 Topps Chrome Marvel Studios,2025 Topps Chrome Marvel Studios - Daredevil Born Again,24,Superfractor,1,80530,2025 Topps Chrome Marvel Studios - Agatha All Along Autographs Superfractor,"Move to existing subset ""2025 Topps Chrome Marvel Studios - Agatha All Along Autographs Superfractor"" (id 6578)"
2025 Topps Chrome Marvel Studios,2025 Topps Chrome Marvel Studios - Daredevil Born Again,25,Superfractor,1,80509,2025 Topps Chrome Marvel Studios - Agatha All Along Autographs Superfractor,"Move to existing subset ""2025 Topps Chrome Marvel Studios - Agatha All Along Autographs Superfractor"" (id 6578)"
2025 Topps Chrome Marvel Studios,2025 Topps Chrome Marvel Studios - Daredevil Born Again,25,Red,1,80513,2025 Topps Chrome Marvel Studios - Marvel Red & Black Lava Refractor,"Move to existing subset ""2025 Topps Chrome Marvel Studios - Marvel Red & Black Lava Refractor"" (id 2548)"
2025 Topps Chrome Marvel Studios,2025 Topps Chrome Marvel Studios - Daredevil Born Again,25,Orange,1,80573,2025 Topps Chrome Marvel Studios - Autographs Orange Refractor,"Move to existing subset ""2025 Topps Chrome Marvel Studios - Autographs Orange Refractor"" (id 6586)"
2025 Topps Chrome Marvel Studios,2025 Topps Chrome Marvel Studios - Daredevil Born Again,25,Black,1,80574,2025 Topps Chrome Marvel Studios - Marvel Red & Black Lava Refractor,"Move to existing subset ""2025 Topps Chrome Marvel Studios - Marvel Red & Black Lava Refractor"" (id 2548)"
2025 Topps Chrome Marvel Studios,2025 Topps Chrome Marvel Studios - Daredevil Born Again,25,Gold,1,80575,2025 Topps Chrome Marvel Studios - Autographs Gold Refractor,"Move to existing subset ""2025 Topps Chrome Marvel Studios - Autographs Gold Refractor"" (id 6585)"
2025 Topps Chrome Marvel Studios,2025 Topps Chrome Marvel Studios - Daredevil Born Again,3,Superfractor,1,80478,2025 Topps Chrome Marvel Studios - Agatha All Along Autographs Superfractor,"Move to existing subset ""2025 Topps Chrome Marvel Studios - Agatha All Along Autographs Superfractor"" (id 6578)"
2025 Topps Chrome Marvel Studios,2025 Topps Chrome Marvel Studios - Daredevil Born Again,3,Black,1,80480,2025 Topps Chrome Marvel Studios - Marvel Red & Black Lava Refractor,"Move to existing subset ""2025 Topps Chrome Marvel Studios - Marvel Red & Black Lava Refractor"" (id 2548)"
2025 Topps Chrome Marvel Studios,2025 Topps Chrome Marvel Studios - Daredevil Born Again,3,Red,1,80481,2025 Topps Chrome Marvel Studios - Marvel Red & Black Lava Refractor,"Move to existing subset ""2025 Topps Chrome Marvel Studios - Marvel Red & Black Lava Refractor"" (id 2548)"
2025 Topps Chrome Marvel Studios,2025 Topps Chrome Marvel Studios - Daredevil Born Again,3,Orange,1,80540,2025 Topps Chrome Marvel Studios - Autographs Orange Refractor,"Move to existing subset ""2025 Topps Chrome Marvel Studios - Autographs Orange Refractor"" (id 6586)"
2025 Topps Chrome Marvel Studios,2025 Topps Chrome Marvel Studios - Daredevil Born Again,3,Gold,1,80542,2025 Topps Chrome Marvel Studios - Autographs Gold Refractor,"Move to existing subset ""2025 Topps Chrome Marvel Studios - Autographs Gold Refractor"" (id 6585)"
2025 Topps Chrome Marvel Studios,2025 Topps Chrome Marvel Studios - Daredevil Born Again,4,Gold,1,80457,2025 Topps Chrome Marvel Studios - Autographs Gold Refractor,"Move to existing subset ""2025 Topps Chrome Marvel Studios - Autographs Gold Refractor"" (id 6585)"
2025 Topps Chrome Marvel Studios,2025 Topps Chrome Marvel Studios - Daredevil Born Again,4,Orange,1,80479,2025 Topps Chrome Marvel Studios - Autographs Orange Refractor,"Move to existing subset ""2025 Topps Chrome Marvel Studios - Autographs Orange Refractor"" (id 6586)"
2025 Topps Chrome Marvel Studios,2025 Topps Chrome Marvel Studios - Daredevil Born Again,4,Superfractor,1,80544,2025 Topps Chrome Marvel Studios - Agatha All Along Autographs Superfractor,"Move to existing subset ""2025 Topps Chrome Marvel Studios - Agatha All Along Autographs Superfractor"" (id 6578)"
2025 Topps Chrome Marvel Studios,2025 Topps Chrome Marvel Studios - Daredevil Born Again,4,Black,1,80546,2025 Topps Chrome Marvel Studios - Marvel Red & Black Lava Refractor,"Move to existing subset ""2025 Topps Chrome Marvel Studios - Marvel Red & Black Lava Refractor"" (id 2548)"
2025 Topps Chrome Marvel Studios,2025 Topps Chrome Marvel Studios - Daredevil Born Again,4,Red,1,80547,2025 Topps Chrome Marvel Studios - Marvel Red & Black Lava Refractor,"Move to existing subset ""2025 Topps Chrome Marvel Studios - Marvel Red & Black Lava Refractor"" (id 2548)"
2025 Topps Chrome Marvel Studios,2025 Topps Chrome Marvel Studios - Daredevil Born Again,5,Gold,1,80162,2025 Topps Chrome Marvel Studios - Autographs Gold Refractor,"Move to existing subset ""2025 Topps Chrome Marvel Studios - Autographs Gold Refractor"" (id 6585)"
2025 Topps Chrome Marvel Studios,2025 Topps Chrome Marvel Studios - Daredevil Born Again,5,Superfractor,1,80488,2025 Topps Chrome Marvel Studios - Agatha All Along Autographs Superfractor,"Move to existing subset ""2025 Topps Chrome Marvel Studios - Agatha All Along Autographs Superfractor"" (id 6578)"
2025 Topps Chrome Marvel Studios,2025 Topps Chrome Marvel Studios - Daredevil Born Again,5,Orange,1,80489,2025 Topps Chrome Marvel Studios - Autographs Orange Refractor,"Move to existing subset ""2025 Topps Chrome Marvel Studios - Autographs Orange Refractor"" (id 6586)"
2025 Topps Chrome Marvel Studios,2025 Topps Chrome Marvel Studios - Daredevil Born Again,5,Black,1,80490,2025 Topps Chrome Marvel Studios - Marvel Red & Black Lava Refractor,"Move to existing subset ""2025 Topps Chrome Marvel Studios - Marvel Red & Black Lava Refractor"" (id 2548)"
2025 Topps Chrome Marvel Studios,2025 Topps Chrome Marvel Studios - Daredevil Born Again,5,Red,1,80491,2025 Topps Chrome Marvel Studios - Marvel Red & Black Lava Refractor,"Move to existing subset ""2025 Topps Chrome Marvel Studios - Marvel Red & Black Lava Refractor"" (id 2548)"
2025 Topps Chrome Marvel Studios,2025 Topps Chrome Marvel Studios - Daredevil Born Again,6,Orange,1,80554,2025 Topps Chrome Marvel Studios - Autographs Orange Refractor,"Move to existing subset ""2025 Topps Chrome Marvel Studios - Autographs Orange Refractor"" (id 6586)"
2025 Topps Chrome Marvel Studios,2025 Topps Chrome Marvel Studios - Daredevil Born Again,6,Gold,1,80555,2025 Topps Chrome Marvel Studios - Autographs Gold Refractor,"Move to existing subset ""2025 Topps Chrome Marvel Studios - Autographs Gold Refractor"" (id 6585)"
2025 Topps Chrome Marvel Studios,2025 Topps Chrome Marvel Studios - Daredevil Born Again,6,Superfractor,1,80559,2025 Topps Chrome Marvel Studios - Agatha All Along Autographs Superfractor,"Move to existing subset ""2025 Topps Chrome Marvel Studios - Agatha All Along Autographs Superfractor"" (id 6578)"
2025 Topps Chrome Marvel Studios,2025 Topps Chrome Marvel Studios - Daredevil Born Again,6,Black,1,80562,2025 Topps Chrome Marvel Studios - Marvel Red & Black Lava Refractor,"Move to existing subset ""2025 Topps Chrome Marvel Studios - Marvel Red & Black Lava Refractor"" (id 2548)"
2025 Topps Chrome Marvel Studios,2025 Topps Chrome Marvel Studios - Daredevil Born Again,6,Red,1,80563,2025 Topps Chrome Marvel Studios - Marvel Red & Black Lava Refractor,"Move to existing subset ""2025 Topps Chrome Marvel Studios - Marvel Red & Black Lava Refractor"" (id 2548)"
2025 Topps Chrome Marvel Studios,2025 Topps Chrome Marvel Studios - Daredevil Born Again,7,Superfractor,1,80494,2025 Topps Chrome Marvel Studios - Agatha All Along Autographs Superfractor,"Move to existing subset ""2025 Topps Chrome Marvel Studios - Agatha All Along Autographs Superfractor"" (id 6578)"
2025 Topps Chrome Marvel Studios,2025 Topps Chrome Marvel Studios - Daredevil Born Again,7,Orange,1,80499,2025 Topps Chrome Marvel Studios - Autographs Orange Refractor,"Move to existing subset ""2025 Topps Chrome Marvel Studios - Autographs Orange Refractor"" (id 6586)"
2025 Topps Chrome Marvel Studios,2025 Topps Chrome Marvel Studios - Daredevil Born Again,7,Black,1,80500,2025 Topps Chrome Marvel Studios - Marvel Red & Black Lava Refractor,"Move to existing subset ""2025 Topps Chrome Marvel Studios - Marvel Red & Black Lava Refractor"" (id 2548)"
2025 Topps Chrome Marvel Studios,2025 Topps Chrome Marvel Studios - Daredevil Born Again,7,Gold,1,80561,2025 Topps Chrome Marvel Studios - Autographs Gold Refractor,"Move to existing subset ""2025 Topps Chrome Marvel Studios - Autographs Gold Refractor"" (id 6585)"
2025 Topps Chrome Marvel Studios,2025 Topps Chrome Marvel Studios - Daredevil Born Again,7,Red,1,80571,2025 Topps Chrome Marvel Studios - Marvel Red & Black Lava Refractor,"Move to existing subset ""2025 Topps Chrome Marvel Studios - Marvel Red & Black Lava Refractor"" (id 2548)"
2025 Topps Chrome Marvel Studios,2025 Topps Chrome Marvel Studios - Daredevil Born Again,8,Superfractor,1,80505,2025 Topps Chrome Marvel Studios - Agatha All Along Autographs Superfractor,"Move to existing subset ""2025 Topps Chrome Marvel Studios - Agatha All Along Autographs Superfractor"" (id 6578)"
2025 Topps Chrome Marvel Studios,2025 Topps Chrome Marvel Studios - Daredevil Born Again,8,Orange,1,80567,2025 Topps Chrome Marvel Studios - Autographs Orange Refractor,"Move to existing subset ""2025 Topps Chrome Marvel Studios - Autographs Orange Refractor"" (id 6586)"
2025 Topps Chrome Marvel Studios,2025 Topps Chrome Marvel Studios - Daredevil Born Again,8,Black,1,80568,2025 Topps Chrome Marvel Studios - Marvel Red & Black Lava Refractor,"Move to existing subset ""2025 Topps Chrome Marvel Studios - Marvel Red & Black Lava Refractor"" (id 2548)"
2025 Topps Chrome Marvel Studios,2025 Topps Chrome Marvel Studios - Daredevil Born Again,8,Gold,1,80569,2025 Topps Chrome Marvel Studios - Autographs Gold Refractor,"Move to existing subset ""2025 Topps Chrome Marvel Studios - Autographs Gold Refractor"" (id 6585)"
2025 Topps Chrome Marvel Studios,2025 Topps Chrome Marvel Studios - Daredevil Born Again,8,Red,1,80570,2025 Topps Chrome Marvel Studios - Marvel Red & Black Lava Refractor,"Move to existing subset ""2025 Topps Chrome Marvel Studios - Marvel Red & Black Lava Refractor"" (id 2548)"
2025 Topps Chrome Marvel Studios,2025 Topps Chrome Marvel Studios - Daredevil Born Again,9,Black,1,79853,2025 Topps Chrome Marvel Studios - Marvel Red & Black Lava Refractor,"Move to existing subset ""2025 Topps Chrome Marvel Studios - Marvel Red & Black Lava Refractor"" (id 2548)"
2025 Topps Chrome Marvel Studios,2025 Topps Chrome Marvel Studios - Daredevil Born Again,9,Orange,1,80506,2025 Topps Chrome Marvel Studios - Autographs Orange Refractor,"Move to existing subset ""2025 Topps Chrome Marvel Studios - Autographs Orange Refractor"" (id 6586)"
2025 Topps Chrome Marvel Studios,2025 Topps Chrome Marvel Studios - Daredevil Born Again,9,Gold,1,80507,2025 Topps Chrome Marvel Studios - Autographs Gold Refractor,"Move to existing subset ""2025 Topps Chrome Marvel Studios - Autographs Gold Refractor"" (id 6585)"
2025 Topps Chrome Marvel Studios,2025 Topps Chrome Marvel Studios - Daredevil Born Again,9,Superfractor,1,80572,2025 Topps Chrome Marvel Studios - Agatha All Along Autographs Superfractor,"Move to existing subset ""2025 Topps Chrome Marvel Studios - Agatha All Along Autographs Superfractor"" (id 6578)"
2025 Topps Chrome Marvel Studios,2025 Topps Chrome Marvel Studios - Daredevil Born Again,9,Red,1,80577,2025 Topps Chrome Marvel Studios - Marvel Red & Black Lava Refractor,"Move to existing subset ""2025 Topps Chrome Marvel Studios - Marvel Red & Black Lava Refractor"" (id 2548)"
2025 Topps Chrome Marvel Studios,2025 Topps Chrome Marvel Studios - The Snap Variations,42,Red,1,81029,2025 Topps Chrome Marvel Studios - Marvel Red & Black Lava Refractor,"Move to existing subset ""2025 Topps Chrome Marvel Studios - Marvel Red & Black Lava Refractor"" (id 2548)"
2025 Topps Chrome Marvel Studios,2025 Topps Chrome Marvel Studios - The Snap Variations,42,Black,1,81072,2025 Topps Chrome Marvel Studios - Marvel Red & Black Lava Refractor,"Move to existing subset ""2025 Topps Chrome Marvel Studios - Marvel Red & Black Lava Refractor"" (id 2548)"
2025 Topps Chrome Marvel Studios,2025 Topps Chrome Marvel Studios - The Snap Variations,43,Black,1,81086,2025 Topps Chrome Marvel Studios - Marvel Red & Black Lava Refractor,"Move to existing subset ""2025 Topps Chrome Marvel Studios - Marvel Red & Black Lava Refractor"" (id 2548)"
2025 Topps Chrome Marvel Studios,2025 Topps Chrome Marvel Studios - The Snap Variations,43,Orange,1,81117,2025 Topps Chrome Marvel Studios - Autographs Orange Refractor,"Move to existing subset ""2025 Topps Chrome Marvel Studios - Autographs Orange Refractor"" (id 6586)"
2025 Topps Chrome Marvel Studios,2025 Topps Chrome Marvel Studios - The Snap Variations,44,Gold,1,81100,2025 Topps Chrome Marvel Studios - Autographs Gold Refractor,"Move to existing subset ""2025 Topps Chrome Marvel Studios - Autographs Gold Refractor"" (id 6585)"
2025 Topps Chrome Marvel Studios,2025 Topps Chrome Marvel Studios - The Snap Variations,44,Orange,1,81106,2025 Topps Chrome Marvel Studios - Autographs Orange Refractor,"Move to existing subset ""2025 Topps Chrome Marvel Studios - Autographs Orange Refractor"" (id 6586)"
2025 Topps Chrome Marvel Studios,2025 Topps Chrome Marvel Studios - The Snap Variations,49,Black,1,81022,2025 Topps Chrome Marvel Studios - Marvel Red & Black Lava Refractor,"Move to existing subset ""2025 Topps Chrome Marvel Studios - Marvel Red & Black Lava Refractor"" (id 2548)"
2025 Topps Chrome Marvel Studios,2025 Topps Chrome Marvel Studios - The Snap Variations,49,Gold,1,81119,2025 Topps Chrome Marvel Studios - Autographs Gold Refractor,"Move to existing subset ""2025 Topps Chrome Marvel Studios - Autographs Gold Refractor"" (id 6585)"
2025 Topps Chrome Marvel Studios,2025 Topps Chrome Marvel Studios - The Snap Variations,1,Red,1,81042,2025 Topps Chrome Marvel Studios - Marvel Red & Black Lava Refractor,"Move to existing subset ""2025 Topps Chrome Marvel Studios - Marvel Red & Black Lava Refractor"" (id 2548)"
2025 Topps Chrome Marvel Studios,2025 Topps Chrome Marvel Studios - The Snap Variations,10,Gold,1,81121,2025 Topps Chrome Marvel Studios - Autographs Gold Refractor,"Move to existing subset ""2025 Topps Chrome Marvel Studios - Autographs Gold Refractor"" (id 6585)"
2025 Topps Chrome Marvel Studios,2025 Topps Chrome Marvel Studios - The Snap Variations,120,Gold,1,81068,2025 Topps Chrome Marvel Studios - Autographs Gold Refractor,"Move to existing subset ""2025 Topps Chrome Marvel Studios - Autographs Gold Refractor"" (id 6585)"
2025 Topps Chrome Marvel Studios,2025 Topps Chrome Marvel Studios - The Snap Variations,120,Orange,1,81078,2025 Topps Chrome Marvel Studios - Autographs Orange Refractor,"Move to existing subset ""2025 Topps Chrome Marvel Studios - Autographs Orange Refractor"" (id 6586)"
2025 Topps Chrome Marvel Studios,2025 Topps Chrome Marvel Studios - The Snap Variations,132,Orange,1,81087,2025 Topps Chrome Marvel Studios - Autographs Orange Refractor,"Move to existing subset ""2025 Topps Chrome Marvel Studios - Autographs Orange Refractor"" (id 6586)"
2025 Topps Chrome Marvel Studios,2025 Topps Chrome Marvel Studios - The Snap Variations,132,Gold,1,81095,2025 Topps Chrome Marvel Studios - Autographs Gold Refractor,"Move to existing subset ""2025 Topps Chrome Marvel Studios - Autographs Gold Refractor"" (id 6585)"
2025 Topps Chrome Marvel Studios,2025 Topps Chrome Marvel Studios - The Snap Variations,17,Orange,1,81004,2025 Topps Chrome Marvel Studios - Autographs Orange Refractor,"Move to existing subset ""2025 Topps Chrome Marvel Studios - Autographs Orange Refractor"" (id 6586)"
2025 Topps Chrome Marvel Studios,2025 Topps Chrome Marvel Studios - The Snap Variations,17,Gold,1,81058,2025 Topps Chrome Marvel Studios - Autographs Gold Refractor,"Move to existing subset ""2025 Topps Chrome Marvel Studios - Autographs Gold Refractor"" (id 6585)"
2025 Topps Chrome Marvel Studios,2025 Topps Chrome Marvel Studios - The Snap Variations,187,Orange,1,81037,2025 Topps Chrome Marvel Studios - Autographs Orange Refractor,"Move to existing subset ""2025 Topps Chrome Marvel Studios - Autographs Orange Refractor"" (id 6586)"
2025 Topps Chrome Marvel Studios,2025 Topps Chrome Marvel Studios - The Snap Variations,187,Red,1,81069,2025 Topps Chrome Marvel Studios - Marvel Red & Black Lava Refractor,"Move to existing subset ""2025 Topps Chrome Marvel Studios - Marvel Red & Black Lava Refractor"" (id 2548)"
2025 Topps Chrome Marvel Studios,2025 Topps Chrome Marvel Studios - The Snap Variations,187,Gold,1,81075,2025 Topps Chrome Marvel Studios - Autographs Gold Refractor,"Move to existing subset ""2025 Topps Chrome Marvel Studios - Autographs Gold Refractor"" (id 6585)"
2025 Topps Chrome Marvel Studios,2025 Topps Chrome Marvel Studios - The Snap Variations,199,Gold,1,81074,2025 Topps Chrome Marvel Studios - Autographs Gold Refractor,"Move to existing subset ""2025 Topps Chrome Marvel Studios - Autographs Gold Refractor"" (id 6585)"
2025 Topps Chrome Marvel Studios,2025 Topps Chrome Marvel Studios - The Snap Variations,199,Orange,1,81080,2025 Topps Chrome Marvel Studios - Autographs Orange Refractor,"Move to existing subset ""2025 Topps Chrome Marvel Studios - Autographs Orange Refractor"" (id 6586)"
2025 Topps Chrome Marvel Studios,2025 Topps Chrome Marvel Studios - The Snap Variations,28,Orange,1,79842,2025 Topps Chrome Marvel Studios - Autographs Orange Refractor,"Move to existing subset ""2025 Topps Chrome Marvel Studios - Autographs Orange Refractor"" (id 6586)"
2025 Topps Chrome Marvel Studios,2025 Topps Chrome Marvel Studios - The Snap Variations,28,Gold,1,81051,2025 Topps Chrome Marvel Studios - Autographs Gold Refractor,"Move to existing subset ""2025 Topps Chrome Marvel Studios - Autographs Gold Refractor"" (id 6585)"
2025 Topps Chrome Marvel Studios,2025 Topps Chrome Marvel Studios - The Snap Variations,52,Orange,1,81057,2025 Topps Chrome Marvel Studios - Autographs Orange Refractor,"Move to existing subset ""2025 Topps Chrome Marvel Studios - Autographs Orange Refractor"" (id 6586)"
2025 Topps Chrome Marvel Studios,2025 Topps Chrome Marvel Studios - The Snap Variations,66,Orange,1,81044,2025 Topps Chrome Marvel Studios - Autographs Orange Refractor,"Move to existing subset ""2025 Topps Chrome Marvel Studios - Autographs Orange Refractor"" (id 6586)"
2025 Topps Chrome Marvel Studios,2025 Topps Chrome Marvel Studios - The Snap Variations,66,Red,1,81079,2025 Topps Chrome Marvel Studios - Marvel Red & Black Lava Refractor,"Move to existing subset ""2025 Topps Chrome Marvel Studios - Marvel Red & Black Lava Refractor"" (id 2548)"
2025 Topps Chrome Marvel Studios,2025 Topps Chrome Marvel Studios - The Snap Variations,8,Red,1,81041,2025 Topps Chrome Marvel Studios - Marvel Red & Black Lava Refractor,"Move to existing subset ""2025 Topps Chrome Marvel Studios - Marvel Red & Black Lava Refractor"" (id 2548)"
2025 Topps Chrome Marvel Studios,2025 Topps Chrome Marvel Studios - The Snap Variations,9,Orange,1,81012,2025 Topps Chrome Marvel Studios - Autographs Orange Refractor,"Move to existing subset ""2025 Topps Chrome Marvel Studios - Autographs Orange Refractor"" (id 6586)"
2025 Topps Chrome Marvel Studios,2025 Topps Chrome Marvel Studios - The Snap Variations,9,Gold,1,81082,2025 Topps Chrome Marvel Studios - Autographs Gold Refractor,"Move to existing subset ""2025 Topps Chrome Marvel Studios - Autographs Gold Refractor"" (id 6585)"
2025 Topps Chrome Marvel Studios,2025 Topps Chrome Marvel Studios - The Snap Variations,95,Orange,1,81049,2025 Topps Chrome Marvel Studios - Autographs Orange Refractor,"Move to existing subset ""2025 Topps Chrome Marvel Studios - Autographs Orange Refractor"" (id 6586)"
2025 Topps Chrome Marvel Studios,2025 Topps Chrome Marvel Studios - The Snap Variations,95,Red,1,81093,2025 Topps Chrome Marvel Studios - Marvel Red & Black Lava Refractor,"Move to existing subset ""2025 Topps Chrome Marvel Studios - Marvel Red & Black Lava Refractor"" (id 2548)"
2025 Topps Chrome Marvel Studios,2025 Topps Chrome Marvel Studios - The Snap Variations,96,Black,1,81046,2025 Topps Chrome Marvel Studios - Marvel Red & Black Lava Refractor,"Move to existing subset ""2025 Topps Chrome Marvel Studios - Marvel Red & Black Lava Refractor"" (id 2548)"
2025 Topps Chrome Marvel Studios,2025 Topps Chrome Marvel Studios - The Snap Variations,11,Gold,1,81055,2025 Topps Chrome Marvel Studios - Autographs Gold Refractor,"Move to existing subset ""2025 Topps Chrome Marvel Studios - Autographs Gold Refractor"" (id 6585)"
2025 Topps Chrome Marvel Studios,2025 Topps Chrome Marvel Studios - The Snap Variations,119,Orange,1,81097,2025 Topps Chrome Marvel Studios - Autographs Orange Refractor,"Move to existing subset ""2025 Topps Chrome Marvel Studios - Autographs Orange Refractor"" (id 6586)"
2025 Topps Chrome Marvel Studios,2025 Topps Chrome Marvel Studios - The Snap Variations,130,Orange,1,81112,2025 Topps Chrome Marvel Studios - Autographs Orange Refractor,"Move to existing subset ""2025 Topps Chrome Marvel Studios - Autographs Orange Refractor"" (id 6586)"
2025 Topps Chrome Marvel Studios,2025 Topps Chrome Marvel Studios - The Snap Variations,135,Gold,1,81060,2025 Topps Chrome Marvel Studios - Autographs Gold Refractor,"Move to existing subset ""2025 Topps Chrome Marvel Studios - Autographs Gold Refractor"" (id 6585)"
2025 Topps Chrome Marvel Studios,2025 Topps Chrome Marvel Studios - The Snap Variations,137,Orange,1,81091,2025 Topps Chrome Marvel Studios - Autographs Orange Refractor,"Move to existing subset ""2025 Topps Chrome Marvel Studios - Autographs Orange Refractor"" (id 6586)"
2025 Topps Chrome Marvel Studios,2025 Topps Chrome Marvel Studios - The Snap Variations,137,Black,1,81110,2025 Topps Chrome Marvel Studios - Marvel Red & Black Lava Refractor,"Move to existing subset ""2025 Topps Chrome Marvel Studios - Marvel Red & Black Lava Refractor"" (id 2548)"
2025 Topps Chrome Marvel Studios,2025 Topps Chrome Marvel Studios - The Snap Variations,138,Gold,1,81066,2025 Topps Chrome Marvel Studios - Autographs Gold Refractor,"Move to existing subset ""2025 Topps Chrome Marvel Studios - Autographs Gold Refractor"" (id 6585)"
2025 Topps Chrome Marvel Studios,2025 Topps Chrome Marvel Studios - The Snap Variations,144,Orange,1,81077,2025 Topps Chrome Marvel Studios - Autographs Orange Refractor,"Move to existing subset ""2025 Topps Chrome Marvel Studios - Autographs Orange Refractor"" (id 6586)"
2025 Topps Chrome Marvel Studios,2025 Topps Chrome Marvel Studios - The Snap Variations,144,Gold,1,81128,2025 Topps Chrome Marvel Studios - Autographs Gold Refractor,"Move to existing subset ""2025 Topps Chrome Marvel Studios - Autographs Gold Refractor"" (id 6585)"
2025 Topps Chrome Marvel Studios,2025 Topps Chrome Marvel Studios - The Snap Variations,149,Orange,1,81070,2025 Topps Chrome Marvel Studios - Autographs Orange Refractor,"Move to existing subset ""2025 Topps Chrome Marvel Studios - Autographs Orange Refractor"" (id 6586)"
2025 Topps Chrome Marvel Studios,2025 Topps Chrome Marvel Studios - The Snap Variations,149,Gold,1,81107,2025 Topps Chrome Marvel Studios - Autographs Gold Refractor,"Move to existing subset ""2025 Topps Chrome Marvel Studios - Autographs Gold Refractor"" (id 6585)"
2025 Topps Chrome Marvel Studios,2025 Topps Chrome Marvel Studios - The Snap Variations,150,Gold,1,81129,2025 Topps Chrome Marvel Studios - Autographs Gold Refractor,"Move to existing subset ""2025 Topps Chrome Marvel Studios - Autographs Gold Refractor"" (id 6585)"
2025 Topps Chrome Marvel Studios,2025 Topps Chrome Marvel Studios - The Snap Variations,156,Gold,1,81021,2025 Topps Chrome Marvel Studios - Autographs Gold Refractor,"Move to existing subset ""2025 Topps Chrome Marvel Studios - Autographs Gold Refractor"" (id 6585)"
2025 Topps Chrome Marvel Studios,2025 Topps Chrome Marvel Studios - The Snap Variations,16,Orange,1,81096,2025 Topps Chrome Marvel Studios - Autographs Orange Refractor,"Move to existing subset ""2025 Topps Chrome Marvel Studios - Autographs Orange Refractor"" (id 6586)"
2025 Topps Chrome Marvel Studios,2025 Topps Chrome Marvel Studios - The Snap Variations,171,Gold,1,79841,2025 Topps Chrome Marvel Studios - Autographs Gold Refractor,"Move to existing subset ""2025 Topps Chrome Marvel Studios - Autographs Gold Refractor"" (id 6585)"
2025 Topps Chrome Marvel Studios,2025 Topps Chrome Marvel Studios - The Snap Variations,171,Red,1,81141,2025 Topps Chrome Marvel Studios - Marvel Red & Black Lava Refractor,"Move to existing subset ""2025 Topps Chrome Marvel Studios - Marvel Red & Black Lava Refractor"" (id 2548)"
2025 Topps Chrome Marvel Studios,2025 Topps Chrome Marvel Studios - The Snap Variations,173,Black,1,79852,2025 Topps Chrome Marvel Studios - Marvel Red & Black Lava Refractor,"Move to existing subset ""2025 Topps Chrome Marvel Studios - Marvel Red & Black Lava Refractor"" (id 2548)"
2025 Topps Chrome Marvel Studios,2025 Topps Chrome Marvel Studios - The Snap Variations,173,Orange,1,81138,2025 Topps Chrome Marvel Studios - Autographs Orange Refractor,"Move to existing subset ""2025 Topps Chrome Marvel Studios - Autographs Orange Refractor"" (id 6586)"
2025 Topps Chrome Marvel Studios,2025 Topps Chrome Marvel Studios - The Snap Variations,174,Orange,1,81028,2025 Topps Chrome Marvel Studios - Autographs Orange Refractor,"Move to existing subset ""2025 Topps Chrome Marvel Studios - Autographs Orange Refractor"" (id 6586)"
2025 Topps Chrome Marvel Studios,2025 Topps Chrome Marvel Studios - The Snap Variations,174,Red,1,81036,2025 Topps Chrome Marvel Studios - Marvel Red & Black Lava Refractor,"Move to existing subset ""2025 Topps Chrome Marvel Studios - Marvel Red & Black Lava Refractor"" (id 2548)"
2025 Topps Chrome Marvel Studios,2025 Topps Chrome Marvel Studios - The Snap Variations,176,Orange,1,81010,2025 Topps Chrome Marvel Studios - Autographs Orange Refractor,"Move to existing subset ""2025 Topps Chrome Marvel Studios - Autographs Orange Refractor"" (id 6586)"
2025 Topps Chrome Marvel Studios,2025 Topps Chrome Marvel Studios - The Snap Variations,184,Orange,1,81003,2025 Topps Chrome Marvel Studios - Autographs Orange Refractor,"Move to existing subset ""2025 Topps Chrome Marvel Studios - Autographs Orange Refractor"" (id 6586)"
2025 Topps Chrome Marvel Studios,2025 Topps Chrome Marvel Studios - The Snap Variations,188,Orange,1,81092,2025 Topps Chrome Marvel Studios - Autographs Orange Refractor,"Move to existing subset ""2025 Topps Chrome Marvel Studios - Autographs Orange Refractor"" (id 6586)"
2025 Topps Chrome Marvel Studios,2025 Topps Chrome Marvel Studios - The Snap Variations,2,Gold,1,81035,2025 Topps Chrome Marvel Studios - Autographs Gold Refractor,"Move to existing subset ""2025 Topps Chrome Marvel Studios - Autographs Gold Refractor"" (id 6585)"
2025 Topps Chrome Marvel Studios,2025 Topps Chrome Marvel Studios - The Snap Variations,31,Orange,1,81116,2025 Topps Chrome Marvel Studios - Autographs Orange Refractor,"Move to existing subset ""2025 Topps Chrome Marvel Studios - Autographs Orange Refractor"" (id 6586)"
2025 Topps Chrome Marvel Studios,2025 Topps Chrome Marvel Studios - The Snap Variations,35,Gold,1,81149,2025 Topps Chrome Marvel Studios - Autographs Gold Refractor,"Move to existing subset ""2025 Topps Chrome Marvel Studios - Autographs Gold Refractor"" (id 6585)"
2025 Topps Chrome Marvel Studios,2025 Topps Chrome Marvel Studios - The Snap Variations,37,Orange,1,81156,2025 Topps Chrome Marvel Studios - Autographs Orange Refractor,"Move to existing subset ""2025 Topps Chrome Marvel Studios - Autographs Orange Refractor"" (id 6586)"
2025 Topps Chrome Marvel Studios,2025 Topps Chrome Marvel Studios - The Snap Variations,50,Gold,1,81024,2025 Topps Chrome Marvel Studios - Autographs Gold Refractor,"Move to existing subset ""2025 Topps Chrome Marvel Studios - Autographs Gold Refractor"" (id 6585)"
2025 Topps Chrome Marvel Studios,2025 Topps Chrome Marvel Studios - The Snap Variations,58,Black,1,81027,2025 Topps Chrome Marvel Studios - Marvel Red & Black Lava Refractor,"Move to existing subset ""2025 Topps Chrome Marvel Studios - Marvel Red & Black Lava Refractor"" (id 2548)"
2025 Topps Chrome Marvel Studios,2025 Topps Chrome Marvel Studios - The Snap Variations,61,Orange,1,81115,2025 Topps Chrome Marvel Studios - Autographs Orange Refractor,"Move to existing subset ""2025 Topps Chrome Marvel Studios - Autographs Orange Refractor"" (id 6586)"
2025 Topps Chrome Marvel Studios,2025 Topps Chrome Marvel Studios - The Snap Variations,62,Gold,1,81140,2025 Topps Chrome Marvel Studios - Autographs Gold Refractor,"Move to existing subset ""2025 Topps Chrome Marvel Studios - Autographs Gold Refractor"" (id 6585)"
2025 Topps Chrome Marvel Studios,2025 Topps Chrome Marvel Studios - The Snap Variations,65,Gold,1,81102,2025 Topps Chrome Marvel Studios - Autographs Gold Refractor,"Move to existing subset ""2025 Topps Chrome Marvel Studios - Autographs Gold Refractor"" (id 6585)"
2025 Topps Chrome Marvel Studios,2025 Topps Chrome Marvel Studios - The Snap Variations,7,Black,1,81083,2025 Topps Chrome Marvel Studios - Marvel Red & Black Lava Refractor,"Move to existing subset ""2025 Topps Chrome Marvel Studios - Marvel Red & Black Lava Refractor"" (id 2548)"
2025 Topps Chrome Marvel Studios,2025 Topps Chrome Marvel Studios - The Snap Variations,71,Gold,1,81043,2025 Topps Chrome Marvel Studios - Autographs Gold Refractor,"Move to existing subset ""2025 Topps Chrome Marvel Studios - Autographs Gold Refractor"" (id 6585)"
2025 Topps Chrome Marvel Studios,2025 Topps Chrome Marvel Studios - The Snap Variations,72,Gold,1,81137,2025 Topps Chrome Marvel Studios - Autographs Gold Refractor,"Move to existing subset ""2025 Topps Chrome Marvel Studios - Autographs Gold Refractor"" (id 6585)"
2025 Topps Chrome Marvel Studios,2025 Topps Chrome Marvel Studios - The Snap Variations,79,Orange,1,81062,2025 Topps Chrome Marvel Studios - Autographs Orange Refractor,"Move to existing subset ""2025 Topps Chrome Marvel Studios - Autographs Orange Refractor"" (id 6586)"
2025 Topps Chrome Marvel Studios,2025 Topps Chrome Marvel Studios - The Snap Variations,82,Red,1,81126,2025 Topps Chrome Marvel Studios - Marvel Red & Black Lava Refractor,"Move to existing subset ""2025 Topps Chrome Marvel Studios - Marvel Red & Black Lava Refractor"" (id 2548)"
2025 Topps Chrome Marvel Studios,2025 Topps Chrome Marvel Studios - The Snap Variations,83,Gold,1,81013,2025 Topps Chrome Marvel Studios - Autographs Gold Refractor,"Move to existing subset ""2025 Topps Chrome Marvel Studios - Autographs Gold Refractor"" (id 6585)"
2025 Topps Chrome Marvel Studios,2025 Topps Chrome Marvel Studios - The Snap Variations,87,Black,1,81089,2025 Topps Chrome Marvel Studios - Marvel Red & Black Lava Refractor,"Move to existing subset ""2025 Topps Chrome Marvel Studios - Marvel Red & Black Lava Refractor"" (id 2548)"
2025 Topps Chrome Marvel Studios,2025 Topps Chrome Marvel Studios - The Snap Variations,94,Gold,1,81073,2025 Topps Chrome Marvel Studios - Autographs Gold Refractor,"Move to existing subset ""2025 Topps Chrome Marvel Studios - Autographs Gold Refractor"" (id 6585)"
2025 Topps Chrome Marvel Studios,2025 Topps Chrome Marvel Studios - The Snap Variations,98,Orange,1,81054,2025 Topps Chrome Marvel Studios - Autographs Orange Refractor,"Move to existing subset ""2025 Topps Chrome Marvel Studios - Autographs Orange Refractor"" (id 6586)"
2025 Topps Chrome Marvel Studios,2025 Topps Chrome Marvel Studios - TVA Pruning,1,Gold,1,81184,2025 Topps Chrome Marvel Studios - Autographs Gold Refractor,"Move to existing subset ""2025 Topps Chrome Marvel Studios - Autographs Gold Refractor"" (id 6585)"
2025 Topps Chrome Marvel Studios,2025 Topps Chrome Marvel Studios - TVA Pruning,1,Superfractor,1,81193,2025 Topps Chrome Marvel Studios - Agatha All Along Autographs Superfractor,"Move to existing subset ""2025 Topps Chrome Marvel Studios - Agatha All Along Autographs Superfractor"" (id 6578)"
2025 Topps Chrome Marvel Studios,2025 Topps Chrome Marvel Studios - TVA Pruning,1,Orange,1,81194,2025 Topps Chrome Marvel Studios - Autographs Orange Refractor,"Move to existing subset ""2025 Topps Chrome Marvel Studios - Autographs Orange Refractor"" (id 6586)"
2025 Topps Chrome Marvel Studios,2025 Topps Chrome Marvel Studios - TVA Pruning,1,Black,1,81195,2025 Topps Chrome Marvel Studios - Marvel Red & Black Lava Refractor,"Move to existing subset ""2025 Topps Chrome Marvel Studios - Marvel Red & Black Lava Refractor"" (id 2548)"
2025 Topps Chrome Marvel Studios,2025 Topps Chrome Marvel Studios - TVA Pruning,1,Red,1,81196,2025 Topps Chrome Marvel Studios - Marvel Red & Black Lava Refractor,"Move to existing subset ""2025 Topps Chrome Marvel Studios - Marvel Red & Black Lava Refractor"" (id 2548)"
2025 Topps Chrome Marvel Studios,2025 Topps Chrome Marvel Studios - TVA Pruning,10,Gold,1,81171,2025 Topps Chrome Marvel Studios - Autographs Gold Refractor,"Move to existing subset ""2025 Topps Chrome Marvel Studios - Autographs Gold Refractor"" (id 6585)"
2025 Topps Chrome Marvel Studios,2025 Topps Chrome Marvel Studios - TVA Pruning,10,Superfractor,1,81267,2025 Topps Chrome Marvel Studios - Agatha All Along Autographs Superfractor,"Move to existing subset ""2025 Topps Chrome Marvel Studios - Agatha All Along Autographs Superfractor"" (id 6578)"
2025 Topps Chrome Marvel Studios,2025 Topps Chrome Marvel Studios - TVA Pruning,10,Orange,1,81270,2025 Topps Chrome Marvel Studios - Autographs Orange Refractor,"Move to existing subset ""2025 Topps Chrome Marvel Studios - Autographs Orange Refractor"" (id 6586)"
2025 Topps Chrome Marvel Studios,2025 Topps Chrome Marvel Studios - TVA Pruning,10,Red,1,81272,2025 Topps Chrome Marvel Studios - Marvel Red & Black Lava Refractor,"Move to existing subset ""2025 Topps Chrome Marvel Studios - Marvel Red & Black Lava Refractor"" (id 2548)"
2025 Topps Chrome Marvel Studios,2025 Topps Chrome Marvel Studios - TVA Pruning,10,Black,1,81274,2025 Topps Chrome Marvel Studios - Marvel Red & Black Lava Refractor,"Move to existing subset ""2025 Topps Chrome Marvel Studios - Marvel Red & Black Lava Refractor"" (id 2548)"
2025 Topps Chrome Marvel Studios,2025 Topps Chrome Marvel Studios - TVA Pruning,11,Superfractor,1,81273,2025 Topps Chrome Marvel Studios - Agatha All Along Autographs Superfractor,"Move to existing subset ""2025 Topps Chrome Marvel Studios - Agatha All Along Autographs Superfractor"" (id 6578)"
2025 Topps Chrome Marvel Studios,2025 Topps Chrome Marvel Studios - TVA Pruning,11,Orange,1,81276,2025 Topps Chrome Marvel Studios - Autographs Orange Refractor,"Move to existing subset ""2025 Topps Chrome Marvel Studios - Autographs Orange Refractor"" (id 6586)"
2025 Topps Chrome Marvel Studios,2025 Topps Chrome Marvel Studios - TVA Pruning,11,Black,1,81277,2025 Topps Chrome Marvel Studios - Marvel Red & Black Lava Refractor,"Move to existing subset ""2025 Topps Chrome Marvel Studios - Marvel Red & Black Lava Refractor"" (id 2548)"
2025 Topps Chrome Marvel Studios,2025 Topps Chrome Marvel Studios - TVA Pruning,11,Gold,1,81278,2025 Topps Chrome Marvel Studios - Autographs Gold Refractor,"Move to existing subset ""2025 Topps Chrome Marvel Studios - Autographs Gold Refractor"" (id 6585)"
2025 Topps Chrome Marvel Studios,2025 Topps Chrome Marvel Studios - TVA Pruning,11,Red,1,81279,2025 Topps Chrome Marvel Studios - Marvel Red & Black Lava Refractor,"Move to existing subset ""2025 Topps Chrome Marvel Studios - Marvel Red & Black Lava Refractor"" (id 2548)"
2025 Topps Chrome Marvel Studios,2025 Topps Chrome Marvel Studios - TVA Pruning,12,Gold,1,81275,2025 Topps Chrome Marvel Studios - Autographs Gold Refractor,"Move to existing subset ""2025 Topps Chrome Marvel Studios - Autographs Gold Refractor"" (id 6585)"
2025 Topps Chrome Marvel Studios,2025 Topps Chrome Marvel Studios - TVA Pruning,12,Superfractor,1,81280,2025 Topps Chrome Marvel Studios - Agatha All Along Autographs Superfractor,"Move to existing subset ""2025 Topps Chrome Marvel Studios - Agatha All Along Autographs Superfractor"" (id 6578)"
2025 Topps Chrome Marvel Studios,2025 Topps Chrome Marvel Studios - TVA Pruning,12,Orange,1,81285,2025 Topps Chrome Marvel Studios - Autographs Orange Refractor,"Move to existing subset ""2025 Topps Chrome Marvel Studios - Autographs Orange Refractor"" (id 6586)"
2025 Topps Chrome Marvel Studios,2025 Topps Chrome Marvel Studios - TVA Pruning,12,Black,1,81287,2025 Topps Chrome Marvel Studios - Marvel Red & Black Lava Refractor,"Move to existing subset ""2025 Topps Chrome Marvel Studios - Marvel Red & Black Lava Refractor"" (id 2548)"
2025 Topps Chrome Marvel Studios,2025 Topps Chrome Marvel Studios - TVA Pruning,12,Red,1,81288,2025 Topps Chrome Marvel Studios - Marvel Red & Black Lava Refractor,"Move to existing subset ""2025 Topps Chrome Marvel Studios - Marvel Red & Black Lava Refractor"" (id 2548)"
2025 Topps Chrome Marvel Studios,2025 Topps Chrome Marvel Studios - TVA Pruning,13,Orange,1,81281,2025 Topps Chrome Marvel Studios - Autographs Orange Refractor,"Move to existing subset ""2025 Topps Chrome Marvel Studios - Autographs Orange Refractor"" (id 6586)"
2025 Topps Chrome Marvel Studios,2025 Topps Chrome Marvel Studios - TVA Pruning,13,Black,1,81282,2025 Topps Chrome Marvel Studios - Marvel Red & Black Lava Refractor,"Move to existing subset ""2025 Topps Chrome Marvel Studios - Marvel Red & Black Lava Refractor"" (id 2548)"
2025 Topps Chrome Marvel Studios,2025 Topps Chrome Marvel Studios - TVA Pruning,13,Gold,1,81283,2025 Topps Chrome Marvel Studios - Autographs Gold Refractor,"Move to existing subset ""2025 Topps Chrome Marvel Studios - Autographs Gold Refractor"" (id 6585)"
2025 Topps Chrome Marvel Studios,2025 Topps Chrome Marvel Studios - TVA Pruning,13,Red,1,81284,2025 Topps Chrome Marvel Studios - Marvel Red & Black Lava Refractor,"Move to existing subset ""2025 Topps Chrome Marvel Studios - Marvel Red & Black Lava Refractor"" (id 2548)"
2025 Topps Chrome Marvel Studios,2025 Topps Chrome Marvel Studios - TVA Pruning,13,Superfractor,1,81289,2025 Topps Chrome Marvel Studios - Agatha All Along Autographs Superfractor,"Move to existing subset ""2025 Topps Chrome Marvel Studios - Agatha All Along Autographs Superfractor"" (id 6578)"
2025 Topps Chrome Marvel Studios,2025 Topps Chrome Marvel Studios - TVA Pruning,14,Gold,1,81183,2025 Topps Chrome Marvel Studios - Autographs Gold Refractor,"Move to existing subset ""2025 Topps Chrome Marvel Studios - Autographs Gold Refractor"" (id 6585)"
2025 Topps Chrome Marvel Studios,2025 Topps Chrome Marvel Studios - TVA Pruning,14,Superfractor,1,81290,2025 Topps Chrome Marvel Studios - Agatha All Along Autographs Superfractor,"Move to existing subset ""2025 Topps Chrome Marvel Studios - Agatha All Along Autographs Superfractor"" (id 6578)"
2025 Topps Chrome Marvel Studios,2025 Topps Chrome Marvel Studios - TVA Pruning,14,Orange,1,81291,2025 Topps Chrome Marvel Studios - Autographs Orange Refractor,"Move to existing subset ""2025 Topps Chrome Marvel Studios - Autographs Orange Refractor"" (id 6586)"
2025 Topps Chrome Marvel Studios,2025 Topps Chrome Marvel Studios - TVA Pruning,14,Black,1,81292,2025 Topps Chrome Marvel Studios - Marvel Red & Black Lava Refractor,"Move to existing subset ""2025 Topps Chrome Marvel Studios - Marvel Red & Black Lava Refractor"" (id 2548)"
2025 Topps Chrome Marvel Studios,2025 Topps Chrome Marvel Studios - TVA Pruning,14,Red,1,81293,2025 Topps Chrome Marvel Studios - Marvel Red & Black Lava Refractor,"Move to existing subset ""2025 Topps Chrome Marvel Studios - Marvel Red & Black Lava Refractor"" (id 2548)"
2025 Topps Chrome Marvel Studios,2025 Topps Chrome Marvel Studios - TVA Pruning,16,Gold,1,81158,2025 Topps Chrome Marvel Studios - Autographs Gold Refractor,"Move to existing subset ""2025 Topps Chrome Marvel Studios - Autographs Gold Refractor"" (id 6585)"
2025 Topps Chrome Marvel Studios,2025 Topps Chrome Marvel Studios - TVA Pruning,16,Orange,1,81182,2025 Topps Chrome Marvel Studios - Autographs Orange Refractor,"Move to existing subset ""2025 Topps Chrome Marvel Studios - Autographs Orange Refractor"" (id 6586)"
2025 Topps Chrome Marvel Studios,2025 Topps Chrome Marvel Studios - TVA Pruning,16,Black,1,81296,2025 Topps Chrome Marvel Studios - Marvel Red & Black Lava Refractor,"Move to existing subset ""2025 Topps Chrome Marvel Studios - Marvel Red & Black Lava Refractor"" (id 2548)"
2025 Topps Chrome Marvel Studios,2025 Topps Chrome Marvel Studios - TVA Pruning,16,Red,1,81298,2025 Topps Chrome Marvel Studios - Marvel Red & Black Lava Refractor,"Move to existing subset ""2025 Topps Chrome Marvel Studios - Marvel Red & Black Lava Refractor"" (id 2548)"
2025 Topps Chrome Marvel Studios,2025 Topps Chrome Marvel Studios - TVA Pruning,16,Superfractor,1,81299,2025 Topps Chrome Marvel Studios - Agatha All Along Autographs Superfractor,"Move to existing subset ""2025 Topps Chrome Marvel Studios - Agatha All Along Autographs Superfractor"" (id 6578)"
2025 Topps Chrome Marvel Studios,2025 Topps Chrome Marvel Studios - TVA Pruning,17,Superfractor,1,81197,2025 Topps Chrome Marvel Studios - Agatha All Along Autographs Superfractor,"Move to existing subset ""2025 Topps Chrome Marvel Studios - Agatha All Along Autographs Superfractor"" (id 6578)"
2025 Topps Chrome Marvel Studios,2025 Topps Chrome Marvel Studios - TVA Pruning,17,Red,1,81202,2025 Topps Chrome Marvel Studios - Marvel Red & Black Lava Refractor,"Move to existing subset ""2025 Topps Chrome Marvel Studios - Marvel Red & Black Lava Refractor"" (id 2548)"
2025 Topps Chrome Marvel Studios,2025 Topps Chrome Marvel Studios - TVA Pruning,17,Orange,1,81300,2025 Topps Chrome Marvel Studios - Autographs Orange Refractor,"Move to existing subset ""2025 Topps Chrome Marvel Studios - Autographs Orange Refractor"" (id 6586)"
2025 Topps Chrome Marvel Studios,2025 Topps Chrome Marvel Studios - TVA Pruning,17,Black,1,81301,2025 Topps Chrome Marvel Studios - Marvel Red & Black Lava Refractor,"Move to existing subset ""2025 Topps Chrome Marvel Studios - Marvel Red & Black Lava Refractor"" (id 2548)"
2025 Topps Chrome Marvel Studios,2025 Topps Chrome Marvel Studios - TVA Pruning,17,Gold,1,81302,2025 Topps Chrome Marvel Studios - Autographs Gold Refractor,"Move to existing subset ""2025 Topps Chrome Marvel Studios - Autographs Gold Refractor"" (id 6585)"
2025 Topps Chrome Marvel Studios,2025 Topps Chrome Marvel Studios - TVA Pruning,18,Orange,1,81198,2025 Topps Chrome Marvel Studios - Autographs Orange Refractor,"Move to existing subset ""2025 Topps Chrome Marvel Studios - Autographs Orange Refractor"" (id 6586)"
2025 Topps Chrome Marvel Studios,2025 Topps Chrome Marvel Studios - TVA Pruning,18,Gold,1,81200,2025 Topps Chrome Marvel Studios - Autographs Gold Refractor,"Move to existing subset ""2025 Topps Chrome Marvel Studios - Autographs Gold Refractor"" (id 6585)"
2025 Topps Chrome Marvel Studios,2025 Topps Chrome Marvel Studios - TVA Pruning,18,Superfractor,1,81203,2025 Topps Chrome Marvel Studios - Agatha All Along Autographs Superfractor,"Move to existing subset ""2025 Topps Chrome Marvel Studios - Agatha All Along Autographs Superfractor"" (id 6578)"
2025 Topps Chrome Marvel Studios,2025 Topps Chrome Marvel Studios - TVA Pruning,18,Black,1,81205,2025 Topps Chrome Marvel Studios - Marvel Red & Black Lava Refractor,"Move to existing subset ""2025 Topps Chrome Marvel Studios - Marvel Red & Black Lava Refractor"" (id 2548)"
2025 Topps Chrome Marvel Studios,2025 Topps Chrome Marvel Studios - TVA Pruning,18,Red,1,81207,2025 Topps Chrome Marvel Studios - Marvel Red & Black Lava Refractor,"Move to existing subset ""2025 Topps Chrome Marvel Studios - Marvel Red & Black Lava Refractor"" (id 2548)"
2025 Topps Chrome Marvel Studios,2025 Topps Chrome Marvel Studios - TVA Pruning,19,Orange,1,81213,2025 Topps Chrome Marvel Studios - Autographs Orange Refractor,"Move to existing subset ""2025 Topps Chrome Marvel Studios - Autographs Orange Refractor"" (id 6586)"
2025 Topps Chrome Marvel Studios,2025 Topps Chrome Marvel Studios - TVA Pruning,19,Black,1,81214,2025 Topps Chrome Marvel Studios - Marvel Red & Black Lava Refractor,"Move to existing subset ""2025 Topps Chrome Marvel Studios - Marvel Red & Black Lava Refractor"" (id 2548)"
2025 Topps Chrome Marvel Studios,2025 Topps Chrome Marvel Studios - TVA Pruning,19,Gold,1,81215,2025 Topps Chrome Marvel Studios - Autographs Gold Refractor,"Move to existing subset ""2025 Topps Chrome Marvel Studios - Autographs Gold Refractor"" (id 6585)"
2025 Topps Chrome Marvel Studios,2025 Topps Chrome Marvel Studios - TVA Pruning,19,Superfractor,1,81216,2025 Topps Chrome Marvel Studios - Agatha All Along Autographs Superfractor,"Move to existing subset ""2025 Topps Chrome Marvel Studios - Agatha All Along Autographs Superfractor"" (id 6578)"
2025 Topps Chrome Marvel Studios,2025 Topps Chrome Marvel Studios - TVA Pruning,19,Red,1,81218,2025 Topps Chrome Marvel Studios - Marvel Red & Black Lava Refractor,"Move to existing subset ""2025 Topps Chrome Marvel Studios - Marvel Red & Black Lava Refractor"" (id 2548)"
2025 Topps Chrome Marvel Studios,2025 Topps Chrome Marvel Studios - TVA Pruning,2,Red,1,81188,2025 Topps Chrome Marvel Studios - Marvel Red & Black Lava Refractor,"Move to existing subset ""2025 Topps Chrome Marvel Studios - Marvel Red & Black Lava Refractor"" (id 2548)"
2025 Topps Chrome Marvel Studios,2025 Topps Chrome Marvel Studios - TVA Pruning,2,Orange,1,81190,2025 Topps Chrome Marvel Studios - Autographs Orange Refractor,"Move to existing subset ""2025 Topps Chrome Marvel Studios - Autographs Orange Refractor"" (id 6586)"
2025 Topps Chrome Marvel Studios,2025 Topps Chrome Marvel Studios - TVA Pruning,2,Black,1,81191,2025 Topps Chrome Marvel Studios - Marvel Red & Black Lava Refractor,"Move to existing subset ""2025 Topps Chrome Marvel Studios - Marvel Red & Black Lava Refractor"" (id 2548)"
2025 Topps Chrome Marvel Studios,2025 Topps Chrome Marvel Studios - TVA Pruning,2,Gold,1,81192,2025 Topps Chrome Marvel Studios - Autographs Gold Refractor,"Move to existing subset ""2025 Topps Chrome Marvel Studios - Autographs Gold Refractor"" (id 6585)"
2025 Topps Chrome Marvel Studios,2025 Topps Chrome Marvel Studios - TVA Pruning,2,Superfractor,1,81199,2025 Topps Chrome Marvel Studios - Agatha All Along Autographs Superfractor,"Move to existing subset ""2025 Topps Chrome Marvel Studios - Agatha All Along Autographs Superfractor"" (id 6578)"
2025 Topps Chrome Marvel Studios,2025 Topps Chrome Marvel Studios - TVA Pruning,20,Black,1,81221,2025 Topps Chrome Marvel Studios - Marvel Red & Black Lava Refractor,"Move to existing subset ""2025 Topps Chrome Marvel Studios - Marvel Red & Black Lava Refractor"" (id 2548)"
2025 Topps Chrome Marvel Studios,2025 Topps Chrome Marvel Studios - TVA Pruning,20,Gold,1,81223,2025 Topps Chrome Marvel Studios - Autographs Gold Refractor,"Move to existing subset ""2025 Topps Chrome Marvel Studios - Autographs Gold Refractor"" (id 6585)"
2025 Topps Chrome Marvel Studios,2025 Topps Chrome Marvel Studios - TVA Pruning,20,Superfractor,1,81225,2025 Topps Chrome Marvel Studios - Agatha All Along Autographs Superfractor,"Move to existing subset ""2025 Topps Chrome Marvel Studios - Agatha All Along Autographs Superfractor"" (id 6578)"
2025 Topps Chrome Marvel Studios,2025 Topps Chrome Marvel Studios - TVA Pruning,20,Orange,1,81227,2025 Topps Chrome Marvel Studios - Autographs Orange Refractor,"Move to existing subset ""2025 Topps Chrome Marvel Studios - Autographs Orange Refractor"" (id 6586)"
2025 Topps Chrome Marvel Studios,2025 Topps Chrome Marvel Studios - TVA Pruning,20,Red,1,81228,2025 Topps Chrome Marvel Studios - Marvel Red & Black Lava Refractor,"Move to existing subset ""2025 Topps Chrome Marvel Studios - Marvel Red & Black Lava Refractor"" (id 2548)"
2025 Topps Chrome Marvel Studios,2025 Topps Chrome Marvel Studios - TVA Pruning,21,Gold,1,81159,2025 Topps Chrome Marvel Studios - Autographs Gold Refractor,"Move to existing subset ""2025 Topps Chrome Marvel Studios - Autographs Gold Refractor"" (id 6585)"
2025 Topps Chrome Marvel Studios,2025 Topps Chrome Marvel Studios - TVA Pruning,21,Orange,1,81189,2025 Topps Chrome Marvel Studios - Autographs Orange Refractor,"Move to existing subset ""2025 Topps Chrome Marvel Studios - Autographs Orange Refractor"" (id 6586)"
2025 Topps Chrome Marvel Studios,2025 Topps Chrome Marvel Studios - TVA Pruning,21,Superfractor,1,81231,2025 Topps Chrome Marvel Studios - Agatha All Along Autographs Superfractor,"Move to existing subset ""2025 Topps Chrome Marvel Studios - Agatha All Along Autographs Superfractor"" (id 6578)"
2025 Topps Chrome Marvel Studios,2025 Topps Chrome Marvel Studios - TVA Pruning,21,Black,1,81234,2025 Topps Chrome Marvel Studios - Marvel Red & Black Lava Refractor,"Move to existing subset ""2025 Topps Chrome Marvel Studios - Marvel Red & Black Lava Refractor"" (id 2548)"
2025 Topps Chrome Marvel Studios,2025 Topps Chrome Marvel Studios - TVA Pruning,21,Red,1,81235,2025 Topps Chrome Marvel Studios - Marvel Red & Black Lava Refractor,"Move to existing subset ""2025 Topps Chrome Marvel Studios - Marvel Red & Black Lava Refractor"" (id 2548)"
2025 Topps Chrome Marvel Studios,2025 Topps Chrome Marvel Studios - TVA Pruning,22,Gold,1,81166,2025 Topps Chrome Marvel Studios - Autographs Gold Refractor,"Move to existing subset ""2025 Topps Chrome Marvel Studios - Autographs Gold Refractor"" (id 6585)"
2025 Topps Chrome Marvel Studios,2025 Topps Chrome Marvel Studios - TVA Pruning,22,Red,1,81179,2025 Topps Chrome Marvel Studios - Marvel Red & Black Lava Refractor,"Move to existing subset ""2025 Topps Chrome Marvel Studios - Marvel Red & Black Lava Refractor"" (id 2548)"
2025 Topps Chrome Marvel Studios,2025 Topps Chrome Marvel Studios - TVA Pruning,22,Superfractor,1,81230,2025 Topps Chrome Marvel Studios - Agatha All Along Autographs Superfractor,"Move to existing subset ""2025 Topps Chrome Marvel Studios - Agatha All Along Autographs Superfractor"" (id 6578)"
2025 Topps Chrome Marvel Studios,2025 Topps Chrome Marvel Studios - TVA Pruning,22,Orange,1,81232,2025 Topps Chrome Marvel Studios - Autographs Orange Refractor,"Move to existing subset ""2025 Topps Chrome Marvel Studios - Autographs Orange Refractor"" (id 6586)"
2025 Topps Chrome Marvel Studios,2025 Topps Chrome Marvel Studios - TVA Pruning,22,Black,1,81233,2025 Topps Chrome Marvel Studios - Marvel Red & Black Lava Refractor,"Move to existing subset ""2025 Topps Chrome Marvel Studios - Marvel Red & Black Lava Refractor"" (id 2548)"
2025 Topps Chrome Marvel Studios,2025 Topps Chrome Marvel Studios - TVA Pruning,23,Superfractor,1,81236,2025 Topps Chrome Marvel Studios - Agatha All Along Autographs Superfractor,"Move to existing subset ""2025 Topps Chrome Marvel Studios - Agatha All Along Autographs Superfractor"" (id 6578)"
2025 Topps Chrome Marvel Studios,2025 Topps Chrome Marvel Studios - TVA Pruning,23,Orange,1,81240,2025 Topps Chrome Marvel Studios - Autographs Orange Refractor,"Move to existing subset ""2025 Topps Chrome Marvel Studios - Autographs Orange Refractor"" (id 6586)"
2025 Topps Chrome Marvel Studios,2025 Topps Chrome Marvel Studios - TVA Pruning,23,Black,1,81241,2025 Topps Chrome Marvel Studios - Marvel Red & Black Lava Refractor,"Move to existing subset ""2025 Topps Chrome Marvel Studios - Marvel Red & Black Lava Refractor"" (id 2548)"
2025 Topps Chrome Marvel Studios,2025 Topps Chrome Marvel Studios - TVA Pruning,23,Gold,1,81242,2025 Topps Chrome Marvel Studios - Autographs Gold Refractor,"Move to existing subset ""2025 Topps Chrome Marvel Studios - Autographs Gold Refractor"" (id 6585)"
2025 Topps Chrome Marvel Studios,2025 Topps Chrome Marvel Studios - TVA Pruning,23,Red,1,81243,2025 Topps Chrome Marvel Studios - Marvel Red & Black Lava Refractor,"Move to existing subset ""2025 Topps Chrome Marvel Studios - Marvel Red & Black Lava Refractor"" (id 2548)"
2025 Topps Chrome Marvel Studios,2025 Topps Chrome Marvel Studios - TVA Pruning,24,Orange,1,81246,2025 Topps Chrome Marvel Studios - Autographs Orange Refractor,"Move to existing subset ""2025 Topps Chrome Marvel Studios - Autographs Orange Refractor"" (id 6586)"
2025 Topps Chrome Marvel Studios,2025 Topps Chrome Marvel Studios - TVA Pruning,24,Black,1,81248,2025 Topps Chrome Marvel Studios - Marvel Red & Black Lava Refractor,"Move to existing subset ""2025 Topps Chrome Marvel Studios - Marvel Red & Black Lava Refractor"" (id 2548)"
2025 Topps Chrome Marvel Studios,2025 Topps Chrome Marvel Studios - TVA Pruning,24,Gold,1,81249,2025 Topps Chrome Marvel Studios - Autographs Gold Refractor,"Move to existing subset ""2025 Topps Chrome Marvel Studios - Autographs Gold Refractor"" (id 6585)"
2025 Topps Chrome Marvel Studios,2025 Topps Chrome Marvel Studios - TVA Pruning,24,Red,1,81251,2025 Topps Chrome Marvel Studios - Marvel Red & Black Lava Refractor,"Move to existing subset ""2025 Topps Chrome Marvel Studios - Marvel Red & Black Lava Refractor"" (id 2548)"
2025 Topps Chrome Marvel Studios,2025 Topps Chrome Marvel Studios - TVA Pruning,24,Superfractor,1,81253,2025 Topps Chrome Marvel Studios - Agatha All Along Autographs Superfractor,"Move to existing subset ""2025 Topps Chrome Marvel Studios - Agatha All Along Autographs Superfractor"" (id 6578)"
2025 Topps Chrome Marvel Studios,2025 Topps Chrome Marvel Studios - TVA Pruning,25,Gold,1,79856,2025 Topps Chrome Marvel Studios - Autographs Gold Refractor,"Move to existing subset ""2025 Topps Chrome Marvel Studios - Autographs Gold Refractor"" (id 6585)"
2025 Topps Chrome Marvel Studios,2025 Topps Chrome Marvel Studios - TVA Pruning,25,Orange,1,81255,2025 Topps Chrome Marvel Studios - Autographs Orange Refractor,"Move to existing subset ""2025 Topps Chrome Marvel Studios - Autographs Orange Refractor"" (id 6586)"
2025 Topps Chrome Marvel Studios,2025 Topps Chrome Marvel Studios - TVA Pruning,25,Superfractor,1,81259,2025 Topps Chrome Marvel Studios - Agatha All Along Autographs Superfractor,"Move to existing subset ""2025 Topps Chrome Marvel Studios - Agatha All Along Autographs Superfractor"" (id 6578)"
2025 Topps Chrome Marvel Studios,2025 Topps Chrome Marvel Studios - TVA Pruning,25,Black,1,81261,2025 Topps Chrome Marvel Studios - Marvel Red & Black Lava Refractor,"Move to existing subset ""2025 Topps Chrome Marvel Studios - Marvel Red & Black Lava Refractor"" (id 2548)"
2025 Topps Chrome Marvel Studios,2025 Topps Chrome Marvel Studios - TVA Pruning,25,Red,1,81264,2025 Topps Chrome Marvel Studios - Marvel Red & Black Lava Refractor,"Move to existing subset ""2025 Topps Chrome Marvel Studios - Marvel Red & Black Lava Refractor"" (id 2548)"
2025 Topps Chrome Marvel Studios,2025 Topps Chrome Marvel Studios - TVA Pruning,4,Red,1,81170,2025 Topps Chrome Marvel Studios - Marvel Red & Black Lava Refractor,"Move to existing subset ""2025 Topps Chrome Marvel Studios - Marvel Red & Black Lava Refractor"" (id 2548)"
2025 Topps Chrome Marvel Studios,2025 Topps Chrome Marvel Studios - TVA Pruning,4,Gold,1,81206,2025 Topps Chrome Marvel Studios - Autographs Gold Refractor,"Move to existing subset ""2025 Topps Chrome Marvel Studios - Autographs Gold Refractor"" (id 6585)"
2025 Topps Chrome Marvel Studios,2025 Topps Chrome Marvel Studios - TVA Pruning,4,Superfractor,1,81210,2025 Topps Chrome Marvel Studios - Agatha All Along Autographs Superfractor,"Move to existing subset ""2025 Topps Chrome Marvel Studios - Agatha All Along Autographs Superfractor"" (id 6578)"
2025 Topps Chrome Marvel Studios,2025 Topps Chrome Marvel Studios - TVA Pruning,4,Orange,1,81211,2025 Topps Chrome Marvel Studios - Autographs Orange Refractor,"Move to existing subset ""2025 Topps Chrome Marvel Studios - Autographs Orange Refractor"" (id 6586)"
2025 Topps Chrome Marvel Studios,2025 Topps Chrome Marvel Studios - TVA Pruning,4,Black,1,81212,2025 Topps Chrome Marvel Studios - Marvel Red & Black Lava Refractor,"Move to existing subset ""2025 Topps Chrome Marvel Studios - Marvel Red & Black Lava Refractor"" (id 2548)"
2025 Topps Chrome Marvel Studios,2025 Topps Chrome Marvel Studios - TVA Pruning,5,Orange,1,81217,2025 Topps Chrome Marvel Studios - Autographs Orange Refractor,"Move to existing subset ""2025 Topps Chrome Marvel Studios - Autographs Orange Refractor"" (id 6586)"
2025 Topps Chrome Marvel Studios,2025 Topps Chrome Marvel Studios - TVA Pruning,5,Black,1,81219,2025 Topps Chrome Marvel Studios - Marvel Red & Black Lava Refractor,"Move to existing subset ""2025 Topps Chrome Marvel Studios - Marvel Red & Black Lava Refractor"" (id 2548)"
2025 Topps Chrome Marvel Studios,2025 Topps Chrome Marvel Studios - TVA Pruning,5,Gold,1,81220,2025 Topps Chrome Marvel Studios - Autographs Gold Refractor,"Move to existing subset ""2025 Topps Chrome Marvel Studios - Autographs Gold Refractor"" (id 6585)"
2025 Topps Chrome Marvel Studios,2025 Topps Chrome Marvel Studios - TVA Pruning,5,Red,1,81222,2025 Topps Chrome Marvel Studios - Marvel Red & Black Lava Refractor,"Move to existing subset ""2025 Topps Chrome Marvel Studios - Marvel Red & Black Lava Refractor"" (id 2548)"
2025 Topps Chrome Marvel Studios,2025 Topps Chrome Marvel Studios - TVA Pruning,5,Superfractor,1,81224,2025 Topps Chrome Marvel Studios - Agatha All Along Autographs Superfractor,"Move to existing subset ""2025 Topps Chrome Marvel Studios - Agatha All Along Autographs Superfractor"" (id 6578)"
2025 Topps Chrome Marvel Studios,2025 Topps Chrome Marvel Studios - TVA Pruning,6,Gold,1,81226,2025 Topps Chrome Marvel Studios - Autographs Gold Refractor,"Move to existing subset ""2025 Topps Chrome Marvel Studios - Autographs Gold Refractor"" (id 6585)"
2025 Topps Chrome Marvel Studios,2025 Topps Chrome Marvel Studios - TVA Pruning,6,Orange,1,81237,2025 Topps Chrome Marvel Studios - Autographs Orange Refractor,"Move to existing subset ""2025 Topps Chrome Marvel Studios - Autographs Orange Refractor"" (id 6586)"
2025 Topps Chrome Marvel Studios,2025 Topps Chrome Marvel Studios - TVA Pruning,6,Black,1,81238,2025 Topps Chrome Marvel Studios - Marvel Red & Black Lava Refractor,"Move to existing subset ""2025 Topps Chrome Marvel Studios - Marvel Red & Black Lava Refractor"" (id 2548)"
2025 Topps Chrome Marvel Studios,2025 Topps Chrome Marvel Studios - TVA Pruning,6,Red,1,81239,2025 Topps Chrome Marvel Studios - Marvel Red & Black Lava Refractor,"Move to existing subset ""2025 Topps Chrome Marvel Studios - Marvel Red & Black Lava Refractor"" (id 2548)"
2025 Topps Chrome Marvel Studios,2025 Topps Chrome Marvel Studios - TVA Pruning,6,Superfractor,1,81245,2025 Topps Chrome Marvel Studios - Agatha All Along Autographs Superfractor,"Move to existing subset ""2025 Topps Chrome Marvel Studios - Agatha All Along Autographs Superfractor"" (id 6578)"
2025 Topps Chrome Marvel Studios,2025 Topps Chrome Marvel Studios - TVA Pruning,7,Orange,1,81247,2025 Topps Chrome Marvel Studios - Autographs Orange Refractor,"Move to existing subset ""2025 Topps Chrome Marvel Studios - Autographs Orange Refractor"" (id 6586)"
2025 Topps Chrome Marvel Studios,2025 Topps Chrome Marvel Studios - TVA Pruning,7,Gold,1,81250,2025 Topps Chrome Marvel Studios - Autographs Gold Refractor,"Move to existing subset ""2025 Topps Chrome Marvel Studios - Autographs Gold Refractor"" (id 6585)"
2025 Topps Chrome Marvel Studios,2025 Topps Chrome Marvel Studios - TVA Pruning,7,Superfractor,1,81254,2025 Topps Chrome Marvel Studios - Agatha All Along Autographs Superfractor,"Move to existing subset ""2025 Topps Chrome Marvel Studios - Agatha All Along Autographs Superfractor"" (id 6578)"
2025 Topps Chrome Marvel Studios,2025 Topps Chrome Marvel Studios - TVA Pruning,7,Black,1,81256,2025 Topps Chrome Marvel Studios - Marvel Red & Black Lava Refractor,"Move to existing subset ""2025 Topps Chrome Marvel Studios - Marvel Red & Black Lava Refractor"" (id 2548)"
2025 Topps Chrome Marvel Studios,2025 Topps Chrome Marvel Studios - TVA Pruning,7,Red,1,81258,2025 Topps Chrome Marvel Studios - Marvel Red & Black Lava Refractor,"Move to existing subset ""2025 Topps Chrome Marvel Studios - Marvel Red & Black Lava Refractor"" (id 2548)"
2025 Topps Chrome Marvel Studios,2025 Topps Chrome Marvel Studios - TVA Pruning,8,Gold,1,81257,2025 Topps Chrome Marvel Studios - Autographs Gold Refractor,"Move to existing subset ""2025 Topps Chrome Marvel Studios - Autographs Gold Refractor"" (id 6585)"
2025 Topps Chrome Marvel Studios,2025 Topps Chrome Marvel Studios - TVA Pruning,8,Superfractor,1,81260,2025 Topps Chrome Marvel Studios - Agatha All Along Autographs Superfractor,"Move to existing subset ""2025 Topps Chrome Marvel Studios - Agatha All Along Autographs Superfractor"" (id 6578)"
2025 Topps Chrome Marvel Studios,2025 Topps Chrome Marvel Studios - TVA Pruning,8,Orange,1,81262,2025 Topps Chrome Marvel Studios - Autographs Orange Refractor,"Move to existing subset ""2025 Topps Chrome Marvel Studios - Autographs Orange Refractor"" (id 6586)"
2025 Topps Chrome Marvel Studios,2025 Topps Chrome Marvel Studios - TVA Pruning,8,Black,1,81263,2025 Topps Chrome Marvel Studios - Marvel Red & Black Lava Refractor,"Move to existing subset ""2025 Topps Chrome Marvel Studios - Marvel Red & Black Lava Refractor"" (id 2548)"
2025 Topps Chrome Marvel Studios,2025 Topps Chrome Marvel Studios - TVA Pruning,8,Red,1,81265,2025 Topps Chrome Marvel Studios - Marvel Red & Black Lava Refractor,"Move to existing subset ""2025 Topps Chrome Marvel Studios - Marvel Red & Black Lava Refractor"" (id 2548)"
2025 Topps Chrome Marvel Studios,2025 Topps Chrome Marvel Studios - TVA Pruning,9,Gold,1,79858,2025 Topps Chrome Marvel Studios - Autographs Gold Refractor,"Move to existing subset ""2025 Topps Chrome Marvel Studios - Autographs Gold Refractor"" (id 6585)"
2025 Topps Chrome Marvel Studios,2025 Topps Chrome Marvel Studios - TVA Pruning,9,Superfractor,1,81266,2025 Topps Chrome Marvel Studios - Agatha All Along Autographs Superfractor,"Move to existing subset ""2025 Topps Chrome Marvel Studios - Agatha All Along Autographs Superfractor"" (id 6578)"
2025 Topps Chrome Marvel Studios,2025 Topps Chrome Marvel Studios - TVA Pruning,9,Orange,1,81268,2025 Topps Chrome Marvel Studios - Autographs Orange Refractor,"Move to existing subset ""2025 Topps Chrome Marvel Studios - Autographs Orange Refractor"" (id 6586)"
2025 Topps Chrome Marvel Studios,2025 Topps Chrome Marvel Studios - TVA Pruning,9,Black,1,81269,2025 Topps Chrome Marvel Studios - Marvel Red & Black Lava Refractor,"Move to existing subset ""2025 Topps Chrome Marvel Studios - Marvel Red & Black Lava Refractor"" (id 2548)"
2025 Topps Chrome Marvel Studios,2025 Topps Chrome Marvel Studios - TVA Pruning,9,Red,1,81271,2025 Topps Chrome Marvel Studios - Marvel Red & Black Lava Refractor,"Move to existing subset ""2025 Topps Chrome Marvel Studios - Marvel Red & Black Lava Refractor"" (id 2548)"
2025 Topps Chrome Sapphire Edition Marvel,2025 Topps Chrome Sapphire Edition Marvel - Sapphire Selections,1,Black,1,79613,2025 Topps Chrome Sapphire Edition Marvel - Black Sapphire,"Move to existing subset ""2025 Topps Chrome Sapphire Edition Marvel - Black Sapphire"" (id 6672)"
2025 Topps Chrome Sapphire Edition Marvel,2025 Topps Chrome Sapphire Edition Marvel - Sapphire Selections,1,Red,1,79618,2025 Topps Chrome Sapphire Edition Marvel - Red Sapphire,"Move to existing subset ""2025 Topps Chrome Sapphire Edition Marvel - Red Sapphire"" (id 6678)"
2025 Topps Chrome Sapphire Edition Marvel,2025 Topps Chrome Sapphire Edition Marvel - Sapphire Selections,1,Padparadscha,1,79632,2025 Topps Chrome Sapphire Edition Marvel - Padparadscha Sapphire,"Move to existing subset ""2025 Topps Chrome Sapphire Edition Marvel - Padparadscha Sapphire"" (id 6676)"
2025 Topps Chrome Sapphire Edition Marvel,2025 Topps Chrome Sapphire Edition Marvel - Sapphire Selections,10,Black,1,79623,2025 Topps Chrome Sapphire Edition Marvel - Black Sapphire,"Move to existing subset ""2025 Topps Chrome Sapphire Edition Marvel - Black Sapphire"" (id 6672)"
2025 Topps Chrome Sapphire Edition Marvel,2025 Topps Chrome Sapphire Edition Marvel - Sapphire Selections,10,Padparadscha,1,79651,2025 Topps Chrome Sapphire Edition Marvel - Padparadscha Sapphire,"Move to existing subset ""2025 Topps Chrome Sapphire Edition Marvel - Padparadscha Sapphire"" (id 6676)"
2025 Topps Chrome Sapphire Edition Marvel,2025 Topps Chrome Sapphire Edition Marvel - Sapphire Selections,10,Red,1,79652,2025 Topps Chrome Sapphire Edition Marvel - Red Sapphire,"Move to existing subset ""2025 Topps Chrome Sapphire Edition Marvel - Red Sapphire"" (id 6678)"
2025 Topps Chrome Sapphire Edition Marvel,2025 Topps Chrome Sapphire Edition Marvel - Sapphire Selections,2,Red,1,79614,2025 Topps Chrome Sapphire Edition Marvel - Red Sapphire,"Move to existing subset ""2025 Topps Chrome Sapphire Edition Marvel - Red Sapphire"" (id 6678)"
2025 Topps Chrome Sapphire Edition Marvel,2025 Topps Chrome Sapphire Edition Marvel - Sapphire Selections,2,Padparadscha,1,79629,2025 Topps Chrome Sapphire Edition Marvel - Padparadscha Sapphire,"Move to existing subset ""2025 Topps Chrome Sapphire Edition Marvel - Padparadscha Sapphire"" (id 6676)"
2025 Topps Chrome Sapphire Edition Marvel,2025 Topps Chrome Sapphire Edition Marvel - Sapphire Selections,2,Black,1,79634,2025 Topps Chrome Sapphire Edition Marvel - Black Sapphire,"Move to existing subset ""2025 Topps Chrome Sapphire Edition Marvel - Black Sapphire"" (id 6672)"
2025 Topps Chrome Sapphire Edition Marvel,2025 Topps Chrome Sapphire Edition Marvel - Sapphire Selections,3,Black,1,79631,2025 Topps Chrome Sapphire Edition Marvel - Black Sapphire,"Move to existing subset ""2025 Topps Chrome Sapphire Edition Marvel - Black Sapphire"" (id 6672)"
2025 Topps Chrome Sapphire Edition Marvel,2025 Topps Chrome Sapphire Edition Marvel - Sapphire Selections,3,Red,1,79633,2025 Topps Chrome Sapphire Edition Marvel - Red Sapphire,"Move to existing subset ""2025 Topps Chrome Sapphire Edition Marvel - Red Sapphire"" (id 6678)"
2025 Topps Chrome Sapphire Edition Marvel,2025 Topps Chrome Sapphire Edition Marvel - Sapphire Selections,3,Padparadscha,1,79636,2025 Topps Chrome Sapphire Edition Marvel - Padparadscha Sapphire,"Move to existing subset ""2025 Topps Chrome Sapphire Edition Marvel - Padparadscha Sapphire"" (id 6676)"
2025 Topps Chrome Sapphire Edition Marvel,2025 Topps Chrome Sapphire Edition Marvel - Sapphire Selections,4,Padparadscha,1,79635,2025 Topps Chrome Sapphire Edition Marvel - Padparadscha Sapphire,"Move to existing subset ""2025 Topps Chrome Sapphire Edition Marvel - Padparadscha Sapphire"" (id 6676)"
2025 Topps Chrome Sapphire Edition Marvel,2025 Topps Chrome Sapphire Edition Marvel - Sapphire Selections,4,Black,1,79637,2025 Topps Chrome Sapphire Edition Marvel - Black Sapphire,"Move to existing subset ""2025 Topps Chrome Sapphire Edition Marvel - Black Sapphire"" (id 6672)"
2025 Topps Chrome Sapphire Edition Marvel,2025 Topps Chrome Sapphire Edition Marvel - Sapphire Selections,4,Red,1,79638,2025 Topps Chrome Sapphire Edition Marvel - Red Sapphire,"Move to existing subset ""2025 Topps Chrome Sapphire Edition Marvel - Red Sapphire"" (id 6678)"
2025 Topps Chrome Sapphire Edition Marvel,2025 Topps Chrome Sapphire Edition Marvel - Sapphire Selections,5,Black,1,79616,2025 Topps Chrome Sapphire Edition Marvel - Black Sapphire,"Move to existing subset ""2025 Topps Chrome Sapphire Edition Marvel - Black Sapphire"" (id 6672)"
2025 Topps Chrome Sapphire Edition Marvel,2025 Topps Chrome Sapphire Edition Marvel - Sapphire Selections,5,Red,1,79628,2025 Topps Chrome Sapphire Edition Marvel - Red Sapphire,"Move to existing subset ""2025 Topps Chrome Sapphire Edition Marvel - Red Sapphire"" (id 6678)"
2025 Topps Chrome Sapphire Edition Marvel,2025 Topps Chrome Sapphire Edition Marvel - Sapphire Selections,5,Padparadscha,1,79640,2025 Topps Chrome Sapphire Edition Marvel - Padparadscha Sapphire,"Move to existing subset ""2025 Topps Chrome Sapphire Edition Marvel - Padparadscha Sapphire"" (id 6676)"
2025 Topps Chrome Sapphire Edition Marvel,2025 Topps Chrome Sapphire Edition Marvel - Sapphire Selections,6,Padparadscha,1,79639,2025 Topps Chrome Sapphire Edition Marvel - Padparadscha Sapphire,"Move to existing subset ""2025 Topps Chrome Sapphire Edition Marvel - Padparadscha Sapphire"" (id 6676)"
2025 Topps Chrome Sapphire Edition Marvel,2025 Topps Chrome Sapphire Edition Marvel - Sapphire Selections,6,Black,1,79642,2025 Topps Chrome Sapphire Edition Marvel - Black Sapphire,"Move to existing subset ""2025 Topps Chrome Sapphire Edition Marvel - Black Sapphire"" (id 6672)"
2025 Topps Chrome Sapphire Edition Marvel,2025 Topps Chrome Sapphire Edition Marvel - Sapphire Selections,6,Red,1,79643,2025 Topps Chrome Sapphire Edition Marvel - Red Sapphire,"Move to existing subset ""2025 Topps Chrome Sapphire Edition Marvel - Red Sapphire"" (id 6678)"
2025 Topps Chrome Sapphire Edition Marvel,2025 Topps Chrome Sapphire Edition Marvel - Sapphire Selections,7,Padparadscha,1,79641,2025 Topps Chrome Sapphire Edition Marvel - Padparadscha Sapphire,"Move to existing subset ""2025 Topps Chrome Sapphire Edition Marvel - Padparadscha Sapphire"" (id 6676)"
2025 Topps Chrome Sapphire Edition Marvel,2025 Topps Chrome Sapphire Edition Marvel - Sapphire Selections,7,Black,1,79644,2025 Topps Chrome Sapphire Edition Marvel - Black Sapphire,"Move to existing subset ""2025 Topps Chrome Sapphire Edition Marvel - Black Sapphire"" (id 6672)"
2025 Topps Chrome Sapphire Edition Marvel,2025 Topps Chrome Sapphire Edition Marvel - Sapphire Selections,7,Red,1,79645,2025 Topps Chrome Sapphire Edition Marvel - Red Sapphire,"Move to existing subset ""2025 Topps Chrome Sapphire Edition Marvel - Red Sapphire"" (id 6678)"
2025 Topps Chrome Sapphire Edition Marvel,2025 Topps Chrome Sapphire Edition Marvel - Sapphire Selections,8,Black,1,79630,2025 Topps Chrome Sapphire Edition Marvel - Black Sapphire,"Move to existing subset ""2025 Topps Chrome Sapphire Edition Marvel - Black Sapphire"" (id 6672)"
2025 Topps Chrome Sapphire Edition Marvel,2025 Topps Chrome Sapphire Edition Marvel - Sapphire Selections,8,Padparadscha,1,79647,2025 Topps Chrome Sapphire Edition Marvel - Padparadscha Sapphire,"Move to existing subset ""2025 Topps Chrome Sapphire Edition Marvel - Padparadscha Sapphire"" (id 6676)"
2025 Topps Chrome Sapphire Edition Marvel,2025 Topps Chrome Sapphire Edition Marvel - Sapphire Selections,8,Red,1,79650,2025 Topps Chrome Sapphire Edition Marvel - Red Sapphire,"Move to existing subset ""2025 Topps Chrome Sapphire Edition Marvel - Red Sapphire"" (id 6678)"
2025 Topps Chrome Sapphire Edition Marvel,2025 Topps Chrome Sapphire Edition Marvel - Sapphire Selections,9,Padparadscha,1,79646,2025 Topps Chrome Sapphire Edition Marvel - Padparadscha Sapphire,"Move to existing subset ""2025 Topps Chrome Sapphire Edition Marvel - Padparadscha Sapphire"" (id 6676)"
2025 Topps Chrome Sapphire Edition Marvel,2025 Topps Chrome Sapphire Edition Marvel - Sapphire Selections,9,Black,1,79648,2025 Topps Chrome Sapphire Edition Marvel - Black Sapphire,"Move to existing subset ""2025 Topps Chrome Sapphire Edition Marvel - Black Sapphire"" (id 6672)"
2025 Topps Chrome Sapphire Edition Marvel,2025 Topps Chrome Sapphire Edition Marvel - Sapphire Selections,9,Red,1,79649,2025 Topps Chrome Sapphire Edition Marvel - Red Sapphire,"Move to existing subset ""2025 Topps Chrome Sapphire Edition Marvel - Red Sapphire"" (id 6678)"
2025 Topps Finest X-Men '97,2025 Topps Finest X-Men '97 - Children of the Atom,1,SuperFractor,1,81774,2025 Topps Finest X-Men '97 - SuperFractor,"Move to existing subset ""2025 Topps Finest X-Men '97 - SuperFractor"" (id 7439)"
2025 Topps Finest X-Men '97,2025 Topps Finest X-Men '97 - Children of the Atom,10,SuperFractor,1,81697,2025 Topps Finest X-Men '97 - SuperFractor,"Move to existing subset ""2025 Topps Finest X-Men '97 - SuperFractor"" (id 7439)"
2025 Topps Finest X-Men '97,2025 Topps Finest X-Men '97 - Children of the Atom,11,SuperFractor,1,81788,2025 Topps Finest X-Men '97 - SuperFractor,"Move to existing subset ""2025 Topps Finest X-Men '97 - SuperFractor"" (id 7439)"
2025 Topps Finest X-Men '97,2025 Topps Finest X-Men '97 - Children of the Atom,12,SuperFractor,1,81784,2025 Topps Finest X-Men '97 - SuperFractor,"Move to existing subset ""2025 Topps Finest X-Men '97 - SuperFractor"" (id 7439)"
2025 Topps Finest X-Men '97,2025 Topps Finest X-Men '97 - Children of the Atom,13,SuperFractor,1,81785,2025 Topps Finest X-Men '97 - SuperFractor,"Move to existing subset ""2025 Topps Finest X-Men '97 - SuperFractor"" (id 7439)"
2025 Topps Finest X-Men '97,2025 Topps Finest X-Men '97 - Children of the Atom,14,SuperFractor,1,81786,2025 Topps Finest X-Men '97 - SuperFractor,"Move to existing subset ""2025 Topps Finest X-Men '97 - SuperFractor"" (id 7439)"
2025 Topps Finest X-Men '97,2025 Topps Finest X-Men '97 - Children of the Atom,15,SuperFractor,1,81789,2025 Topps Finest X-Men '97 - SuperFractor,"Move to existing subset ""2025 Topps Finest X-Men '97 - SuperFractor"" (id 7439)"
2025 Topps Finest X-Men '97,2025 Topps Finest X-Men '97 - Children of the Atom,16,SuperFractor,1,81787,2025 Topps Finest X-Men '97 - SuperFractor,"Move to existing subset ""2025 Topps Finest X-Men '97 - SuperFractor"" (id 7439)"
2025 Topps Finest X-Men '97,2025 Topps Finest X-Men '97 - Children of the Atom,17,SuperFractor,1,81790,2025 Topps Finest X-Men '97 - SuperFractor,"Move to existing subset ""2025 Topps Finest X-Men '97 - SuperFractor"" (id 7439)"
2025 Topps Finest X-Men '97,2025 Topps Finest X-Men '97 - Children of the Atom,18,SuperFractor,1,81791,2025 Topps Finest X-Men '97 - SuperFractor,"Move to existing subset ""2025 Topps Finest X-Men '97 - SuperFractor"" (id 7439)"
2025 Topps Finest X-Men '97,2025 Topps Finest X-Men '97 - Children of the Atom,19,SuperFractor,1,81793,2025 Topps Finest X-Men '97 - SuperFractor,"Move to existing subset ""2025 Topps Finest X-Men '97 - SuperFractor"" (id 7439)"
2025 Topps Finest X-Men '97,2025 Topps Finest X-Men '97 - Children of the Atom,2,SuperFractor,1,81776,2025 Topps Finest X-Men '97 - SuperFractor,"Move to existing subset ""2025 Topps Finest X-Men '97 - SuperFractor"" (id 7439)"
2025 Topps Finest X-Men '97,2025 Topps Finest X-Men '97 - Children of the Atom,20,SuperFractor,1,81792,2025 Topps Finest X-Men '97 - SuperFractor,"Move to existing subset ""2025 Topps Finest X-Men '97 - SuperFractor"" (id 7439)"
2025 Topps Finest X-Men '97,2025 Topps Finest X-Men '97 - Children of the Atom,3,SuperFractor,1,81775,2025 Topps Finest X-Men '97 - SuperFractor,"Move to existing subset ""2025 Topps Finest X-Men '97 - SuperFractor"" (id 7439)"
2025 Topps Finest X-Men '97,2025 Topps Finest X-Men '97 - Children of the Atom,4,SuperFractor,1,81781,2025 Topps Finest X-Men '97 - SuperFractor,"Move to existing subset ""2025 Topps Finest X-Men '97 - SuperFractor"" (id 7439)"
2025 Topps Finest X-Men '97,2025 Topps Finest X-Men '97 - Children of the Atom,5,SuperFractor,1,81779,2025 Topps Finest X-Men '97 - SuperFractor,"Move to existing subset ""2025 Topps Finest X-Men '97 - SuperFractor"" (id 7439)"
2025 Topps Finest X-Men '97,2025 Topps Finest X-Men '97 - Children of the Atom,6,SuperFractor,1,81780,2025 Topps Finest X-Men '97 - SuperFractor,"Move to existing subset ""2025 Topps Finest X-Men '97 - SuperFractor"" (id 7439)"
2025 Topps Finest X-Men '97,2025 Topps Finest X-Men '97 - Children of the Atom,7,SuperFractor,1,81782,2025 Topps Finest X-Men '97 - SuperFractor,"Move to existing subset ""2025 Topps Finest X-Men '97 - SuperFractor"" (id 7439)"
2025 Topps Finest X-Men '97,2025 Topps Finest X-Men '97 - Children of the Atom,8,SuperFractor,1,81778,2025 Topps Finest X-Men '97 - SuperFractor,"Move to existing subset ""2025 Topps Finest X-Men '97 - SuperFractor"" (id 7439)"
2025 Topps Finest X-Men '97,2025 Topps Finest X-Men '97 - Children of the Atom,9,SuperFractor,1,81783,2025 Topps Finest X-Men '97 - SuperFractor,"Move to existing subset ""2025 Topps Finest X-Men '97 - SuperFractor"" (id 7439)"
2025 Topps Finest X-Men '97,2025 Topps Finest X-Men '97 - Greatest Hits,1,SuperFractor,1,81813,2025 Topps Finest X-Men '97 - SuperFractor,"Move to existing subset ""2025 Topps Finest X-Men '97 - SuperFractor"" (id 7439)"
2025 Topps Finest X-Men '97,2025 Topps Finest X-Men '97 - Greatest Hits,1,X-Fractor,1,81814,2025 Topps Finest X-Men '97 - X-Fractor,"Move to existing subset ""2025 Topps Finest X-Men '97 - X-Fractor"" (id 7442)"
2025 Topps Finest X-Men '97,2025 Topps Finest X-Men '97 - Greatest Hits,1,Orange Refractor,1,81815,2025 Topps Finest X-Men '97 - Orange Refractor,"Move to existing subset ""2025 Topps Finest X-Men '97 - Orange Refractor"" (id 7418)"
2025 Topps Finest X-Men '97,2025 Topps Finest X-Men '97 - Greatest Hits,1,Laser Refractor,1,81816,2025 Topps Finest X-Men '97 - Laser Refractor,"Move to existing subset ""2025 Topps Finest X-Men '97 - Laser Refractor"" (id 7414)"
2025 Topps Finest X-Men '97,2025 Topps Finest X-Men '97 - Greatest Hits,1,Gold Refractor,1,81817,2025 Topps Finest X-Men '97 - Gold Refractor,"Move to existing subset ""2025 Topps Finest X-Men '97 - Gold Refractor"" (id 7406)"
2025 Topps Finest X-Men '97,2025 Topps Finest X-Men '97 - Greatest Hits,1,Red Refractor,1,81818,2025 Topps Finest X-Men '97 - Red Refractor,"Move to existing subset ""2025 Topps Finest X-Men '97 - Red Refractor"" (id 7426)"
2025 Topps Finest X-Men '97,2025 Topps Finest X-Men '97 - Greatest Hits,10,X-Fractor,1,81877,2025 Topps Finest X-Men '97 - X-Fractor,"Move to existing subset ""2025 Topps Finest X-Men '97 - X-Fractor"" (id 7442)"
2025 Topps Finest X-Men '97,2025 Topps Finest X-Men '97 - Greatest Hits,10,Orange Refractor,1,81878,2025 Topps Finest X-Men '97 - Orange Refractor,"Move to existing subset ""2025 Topps Finest X-Men '97 - Orange Refractor"" (id 7418)"
2025 Topps Finest X-Men '97,2025 Topps Finest X-Men '97 - Greatest Hits,10,Laser Refractor,1,81879,2025 Topps Finest X-Men '97 - Laser Refractor,"Move to existing subset ""2025 Topps Finest X-Men '97 - Laser Refractor"" (id 7414)"
2025 Topps Finest X-Men '97,2025 Topps Finest X-Men '97 - Greatest Hits,10,Gold Refractor,1,81880,2025 Topps Finest X-Men '97 - Gold Refractor,"Move to existing subset ""2025 Topps Finest X-Men '97 - Gold Refractor"" (id 7406)"
2025 Topps Finest X-Men '97,2025 Topps Finest X-Men '97 - Greatest Hits,10,Red Refractor,1,81881,2025 Topps Finest X-Men '97 - Red Refractor,"Move to existing subset ""2025 Topps Finest X-Men '97 - Red Refractor"" (id 7426)"
2025 Topps Finest X-Men '97,2025 Topps Finest X-Men '97 - Greatest Hits,10,SuperFractor,1,81889,2025 Topps Finest X-Men '97 - SuperFractor,"Move to existing subset ""2025 Topps Finest X-Men '97 - SuperFractor"" (id 7439)"
2025 Topps Finest X-Men '97,2025 Topps Finest X-Men '97 - Greatest Hits,11,X-Fractor,1,81882,2025 Topps Finest X-Men '97 - X-Fractor,"Move to existing subset ""2025 Topps Finest X-Men '97 - X-Fractor"" (id 7442)"
2025 Topps Finest X-Men '97,2025 Topps Finest X-Men '97 - Greatest Hits,11,Orange Refractor,1,81883,2025 Topps Finest X-Men '97 - Orange Refractor,"Move to existing subset ""2025 Topps Finest X-Men '97 - Orange Refractor"" (id 7418)"
2025 Topps Finest X-Men '97,2025 Topps Finest X-Men '97 - Greatest Hits,11,Laser Refractor,1,81885,2025 Topps Finest X-Men '97 - Laser Refractor,"Move to existing subset ""2025 Topps Finest X-Men '97 - Laser Refractor"" (id 7414)"
2025 Topps Finest X-Men '97,2025 Topps Finest X-Men '97 - Greatest Hits,11,Gold Refractor,1,81886,2025 Topps Finest X-Men '97 - Gold Refractor,"Move to existing subset ""2025 Topps Finest X-Men '97 - Gold Refractor"" (id 7406)"
2025 Topps Finest X-Men '97,2025 Topps Finest X-Men '97 - Greatest Hits,11,Red Refractor,1,81887,2025 Topps Finest X-Men '97 - Red Refractor,"Move to existing subset ""2025 Topps Finest X-Men '97 - Red Refractor"" (id 7426)"
2025 Topps Finest X-Men '97,2025 Topps Finest X-Men '97 - Greatest Hits,11,SuperFractor,1,81894,2025 Topps Finest X-Men '97 - SuperFractor,"Move to existing subset ""2025 Topps Finest X-Men '97 - SuperFractor"" (id 7439)"
2025 Topps Finest X-Men '97,2025 Topps Finest X-Men '97 - Greatest Hits,12,Red Refractor,1,81724,2025 Topps Finest X-Men '97 - Red Refractor,"Move to existing subset ""2025 Topps Finest X-Men '97 - Red Refractor"" (id 7426)"
2025 Topps Finest X-Men '97,2025 Topps Finest X-Men '97 - Greatest Hits,12,Gold Refractor,1,81727,2025 Topps Finest X-Men '97 - Gold Refractor,"Move to existing subset ""2025 Topps Finest X-Men '97 - Gold Refractor"" (id 7406)"
2025 Topps Finest X-Men '97,2025 Topps Finest X-Men '97 - Greatest Hits,12,X-Fractor,1,81795,2025 Topps Finest X-Men '97 - X-Fractor,"Move to existing subset ""2025 Topps Finest X-Men '97 - X-Fractor"" (id 7442)"
2025 Topps Finest X-Men '97,2025 Topps Finest X-Men '97 - Greatest Hits,12,Orange Refractor,1,81890,2025 Topps Finest X-Men '97 - Orange Refractor,"Move to existing subset ""2025 Topps Finest X-Men '97 - Orange Refractor"" (id 7418)"
2025 Topps Finest X-Men '97,2025 Topps Finest X-Men '97 - Greatest Hits,12,Laser Refractor,1,81891,2025 Topps Finest X-Men '97 - Laser Refractor,"Move to existing subset ""2025 Topps Finest X-Men '97 - Laser Refractor"" (id 7414)"
2025 Topps Finest X-Men '97,2025 Topps Finest X-Men '97 - Greatest Hits,12,SuperFractor,1,81893,2025 Topps Finest X-Men '97 - SuperFractor,"Move to existing subset ""2025 Topps Finest X-Men '97 - SuperFractor"" (id 7439)"
2025 Topps Finest X-Men '97,2025 Topps Finest X-Men '97 - Greatest Hits,13,Red Refractor,1,81742,2025 Topps Finest X-Men '97 - Red Refractor,"Move to existing subset ""2025 Topps Finest X-Men '97 - Red Refractor"" (id 7426)"
2025 Topps Finest X-Men '97,2025 Topps Finest X-Men '97 - Greatest Hits,13,SuperFractor,1,81895,2025 Topps Finest X-Men '97 - SuperFractor,"Move to existing subset ""2025 Topps Finest X-Men '97 - SuperFractor"" (id 7439)"
2025 Topps Finest X-Men '97,2025 Topps Finest X-Men '97 - Greatest Hits,13,X-Fractor,1,81897,2025 Topps Finest X-Men '97 - X-Fractor,"Move to existing subset ""2025 Topps Finest X-Men '97 - X-Fractor"" (id 7442)"
2025 Topps Finest X-Men '97,2025 Topps Finest X-Men '97 - Greatest Hits,13,Orange Refractor,1,81898,2025 Topps Finest X-Men '97 - Orange Refractor,"Move to existing subset ""2025 Topps Finest X-Men '97 - Orange Refractor"" (id 7418)"
2025 Topps Finest X-Men '97,2025 Topps Finest X-Men '97 - Greatest Hits,13,Laser Refractor,1,81899,2025 Topps Finest X-Men '97 - Laser Refractor,"Move to existing subset ""2025 Topps Finest X-Men '97 - Laser Refractor"" (id 7414)"
2025 Topps Finest X-Men '97,2025 Topps Finest X-Men '97 - Greatest Hits,13,Gold Refractor,1,81900,2025 Topps Finest X-Men '97 - Gold Refractor,"Move to existing subset ""2025 Topps Finest X-Men '97 - Gold Refractor"" (id 7406)"
2025 Topps Finest X-Men '97,2025 Topps Finest X-Men '97 - Greatest Hits,14,Laser Refractor,1,81726,2025 Topps Finest X-Men '97 - Laser Refractor,"Move to existing subset ""2025 Topps Finest X-Men '97 - Laser Refractor"" (id 7414)"
2025 Topps Finest X-Men '97,2025 Topps Finest X-Men '97 - Greatest Hits,14,X-Fractor,1,81896,2025 Topps Finest X-Men '97 - X-Fractor,"Move to existing subset ""2025 Topps Finest X-Men '97 - X-Fractor"" (id 7442)"
2025 Topps Finest X-Men '97,2025 Topps Finest X-Men '97 - Greatest Hits,14,Orange Refractor,1,81901,2025 Topps Finest X-Men '97 - Orange Refractor,"Move to existing subset ""2025 Topps Finest X-Men '97 - Orange Refractor"" (id 7418)"
2025 Topps Finest X-Men '97,2025 Topps Finest X-Men '97 - Greatest Hits,14,SuperFractor,1,81902,2025 Topps Finest X-Men '97 - SuperFractor,"Move to existing subset ""2025 Topps Finest X-Men '97 - SuperFractor"" (id 7439)"
2025 Topps Finest X-Men '97,2025 Topps Finest X-Men '97 - Greatest Hits,14,Gold Refractor,1,81903,2025 Topps Finest X-Men '97 - Gold Refractor,"Move to existing subset ""2025 Topps Finest X-Men '97 - Gold Refractor"" (id 7406)"
2025 Topps Finest X-Men '97,2025 Topps Finest X-Men '97 - Greatest Hits,14,Red Refractor,1,81904,2025 Topps Finest X-Men '97 - Red Refractor,"Move to existing subset ""2025 Topps Finest X-Men '97 - Red Refractor"" (id 7426)"
2025 Topps Finest X-Men '97,2025 Topps Finest X-Men '97 - Greatest Hits,15,X-Fractor,1,81725,2025 Topps Finest X-Men '97 - X-Fractor,"Move to existing subset ""2025 Topps Finest X-Men '97 - X-Fractor"" (id 7442)"
2025 Topps Finest X-Men '97,2025 Topps Finest X-Men '97 - Greatest Hits,15,Laser Refractor,1,81743,2025 Topps Finest X-Men '97 - Laser Refractor,"Move to existing subset ""2025 Topps Finest X-Men '97 - Laser Refractor"" (id 7414)"
2025 Topps Finest X-Men '97,2025 Topps Finest X-Men '97 - Greatest Hits,15,Gold Refractor,1,81744,2025 Topps Finest X-Men '97 - Gold Refractor,"Move to existing subset ""2025 Topps Finest X-Men '97 - Gold Refractor"" (id 7406)"
2025 Topps Finest X-Men '97,2025 Topps Finest X-Men '97 - Greatest Hits,15,SuperFractor,1,81827,2025 Topps Finest X-Men '97 - SuperFractor,"Move to existing subset ""2025 Topps Finest X-Men '97 - SuperFractor"" (id 7439)"
2025 Topps Finest X-Men '97,2025 Topps Finest X-Men '97 - Greatest Hits,15,Orange Refractor,1,81829,2025 Topps Finest X-Men '97 - Orange Refractor,"Move to existing subset ""2025 Topps Finest X-Men '97 - Orange Refractor"" (id 7418)"
2025 Topps Finest X-Men '97,2025 Topps Finest X-Men '97 - Greatest Hits,15,Red Refractor,1,81830,2025 Topps Finest X-Men '97 - Red Refractor,"Move to existing subset ""2025 Topps Finest X-Men '97 - Red Refractor"" (id 7426)"
2025 Topps Finest X-Men '97,2025 Topps Finest X-Men '97 - Greatest Hits,16,Gold Refractor,1,81737,2025 Topps Finest X-Men '97 - Gold Refractor,"Move to existing subset ""2025 Topps Finest X-Men '97 - Gold Refractor"" (id 7406)"
2025 Topps Finest X-Men '97,2025 Topps Finest X-Men '97 - Greatest Hits,16,X-Fractor,1,81833,2025 Topps Finest X-Men '97 - X-Fractor,"Move to existing subset ""2025 Topps Finest X-Men '97 - X-Fractor"" (id 7442)"
2025 Topps Finest X-Men '97,2025 Topps Finest X-Men '97 - Greatest Hits,16,Laser Refractor,1,81834,2025 Topps Finest X-Men '97 - Laser Refractor,"Move to existing subset ""2025 Topps Finest X-Men '97 - Laser Refractor"" (id 7414)"
2025 Topps Finest X-Men '97,2025 Topps Finest X-Men '97 - Greatest Hits,16,SuperFractor,1,81842,2025 Topps Finest X-Men '97 - SuperFractor,"Move to existing subset ""2025 Topps Finest X-Men '97 - SuperFractor"" (id 7439)"
2025 Topps Finest X-Men '97,2025 Topps Finest X-Men '97 - Greatest Hits,16,Orange Refractor,1,81843,2025 Topps Finest X-Men '97 - Orange Refractor,"Move to existing subset ""2025 Topps Finest X-Men '97 - Orange Refractor"" (id 7418)"
2025 Topps Finest X-Men '97,2025 Topps Finest X-Men '97 - Greatest Hits,16,Red Refractor,1,81844,2025 Topps Finest X-Men '97 - Red Refractor,"Move to existing subset ""2025 Topps Finest X-Men '97 - Red Refractor"" (id 7426)"
2025 Topps Finest X-Men '97,2025 Topps Finest X-Men '97 - Greatest Hits,17,Laser Refractor,1,81728,2025 Topps Finest X-Men '97 - Laser Refractor,"Move to existing subset ""2025 Topps Finest X-Men '97 - Laser Refractor"" (id 7414)"
2025 Topps Finest X-Men '97,2025 Topps Finest X-Men '97 - Greatest Hits,17,X-Fractor,1,81739,2025 Topps Finest X-Men '97 - X-Fractor,"Move to existing subset ""2025 Topps Finest X-Men '97 - X-Fractor"" (id 7442)"
2025 Topps Finest X-Men '97,2025 Topps Finest X-Men '97 - Greatest Hits,17,Orange Refractor,1,81845,2025 Topps Finest X-Men '97 - Orange Refractor,"Move to existing subset ""2025 Topps Finest X-Men '97 - Orange Refractor"" (id 7418)"
2025 Topps Finest X-Men '97,2025 Topps Finest X-Men '97 - Greatest Hits,17,Gold Refractor,1,81848,2025 Topps Finest X-Men '97 - Gold Refractor,"Move to existing subset ""2025 Topps Finest X-Men '97 - Gold Refractor"" (id 7406)"
2025 Topps Finest X-Men '97,2025 Topps Finest X-Men '97 - Greatest Hits,17,SuperFractor,1,81851,2025 Topps Finest X-Men '97 - SuperFractor,"Move to existing subset ""2025 Topps Finest X-Men '97 - SuperFractor"" (id 7439)"
2025 Topps Finest X-Men '97,2025 Topps Finest X-Men '97 - Greatest Hits,17,Red Refractor,1,81855,2025 Topps Finest X-Men '97 - Red Refractor,"Move to existing subset ""2025 Topps Finest X-Men '97 - Red Refractor"" (id 7426)"
2025 Topps Finest X-Men '97,2025 Topps Finest X-Men '97 - Greatest Hits,18,X-Fractor,1,81722,2025 Topps Finest X-Men '97 - X-Fractor,"Move to existing subset ""2025 Topps Finest X-Men '97 - X-Fractor"" (id 7442)"
2025 Topps Finest X-Men '97,2025 Topps Finest X-Men '97 - Greatest Hits,18,Gold Refractor,1,81740,2025 Topps Finest X-Men '97 - Gold Refractor,"Move to existing subset ""2025 Topps Finest X-Men '97 - Gold Refractor"" (id 7406)"
2025 Topps Finest X-Men '97,2025 Topps Finest X-Men '97 - Greatest Hits,18,Laser Refractor,1,81853,2025 Topps Finest X-Men '97 - Laser Refractor,"Move to existing subset ""2025 Topps Finest X-Men '97 - Laser Refractor"" (id 7414)"
2025 Topps Finest X-Men '97,2025 Topps Finest X-Men '97 - Greatest Hits,18,SuperFractor,1,81856,2025 Topps Finest X-Men '97 - SuperFractor,"Move to existing subset ""2025 Topps Finest X-Men '97 - SuperFractor"" (id 7439)"
2025 Topps Finest X-Men '97,2025 Topps Finest X-Men '97 - Greatest Hits,18,Orange Refractor,1,81857,2025 Topps Finest X-Men '97 - Orange Refractor,"Move to existing subset ""2025 Topps Finest X-Men '97 - Orange Refractor"" (id 7418)"
2025 Topps Finest X-Men '97,2025 Topps Finest X-Men '97 - Greatest Hits,18,Red Refractor,1,81866,2025 Topps Finest X-Men '97 - Red Refractor,"Move to existing subset ""2025 Topps Finest X-Men '97 - Red Refractor"" (id 7426)"
2025 Topps Finest X-Men '97,2025 Topps Finest X-Men '97 - Greatest Hits,19,X-Fractor,1,81862,2025 Topps Finest X-Men '97 - X-Fractor,"Move to existing subset ""2025 Topps Finest X-Men '97 - X-Fractor"" (id 7442)"
2025 Topps Finest X-Men '97,2025 Topps Finest X-Men '97 - Greatest Hits,19,Laser Refractor,1,81864,2025 Topps Finest X-Men '97 - Laser Refractor,"Move to existing subset ""2025 Topps Finest X-Men '97 - Laser Refractor"" (id 7414)"
2025 Topps Finest X-Men '97,2025 Topps Finest X-Men '97 - Greatest Hits,19,Gold Refractor,1,81865,2025 Topps Finest X-Men '97 - Gold Refractor,"Move to existing subset ""2025 Topps Finest X-Men '97 - Gold Refractor"" (id 7406)"
2025 Topps Finest X-Men '97,2025 Topps Finest X-Men '97 - Greatest Hits,19,SuperFractor,1,81867,2025 Topps Finest X-Men '97 - SuperFractor,"Move to existing subset ""2025 Topps Finest X-Men '97 - SuperFractor"" (id 7439)"
2025 Topps Finest X-Men '97,2025 Topps Finest X-Men '97 - Greatest Hits,19,Orange Refractor,1,81870,2025 Topps Finest X-Men '97 - Orange Refractor,"Move to existing subset ""2025 Topps Finest X-Men '97 - Orange Refractor"" (id 7418)"
2025 Topps Finest X-Men '97,2025 Topps Finest X-Men '97 - Greatest Hits,19,Red Refractor,1,81871,2025 Topps Finest X-Men '97 - Red Refractor,"Move to existing subset ""2025 Topps Finest X-Men '97 - Red Refractor"" (id 7426)"
2025 Topps Finest X-Men '97,2025 Topps Finest X-Men '97 - Greatest Hits,2,Laser Refractor,1,81723,2025 Topps Finest X-Men '97 - Laser Refractor,"Move to existing subset ""2025 Topps Finest X-Men '97 - Laser Refractor"" (id 7414)"
2025 Topps Finest X-Men '97,2025 Topps Finest X-Men '97 - Greatest Hits,2,X-Fractor,1,81729,2025 Topps Finest X-Men '97 - X-Fractor,"Move to existing subset ""2025 Topps Finest X-Men '97 - X-Fractor"" (id 7442)"
2025 Topps Finest X-Men '97,2025 Topps Finest X-Men '97 - Greatest Hits,2,Gold Refractor,1,81746,2025 Topps Finest X-Men '97 - Gold Refractor,"Move to existing subset ""2025 Topps Finest X-Men '97 - Gold Refractor"" (id 7406)"
2025 Topps Finest X-Men '97,2025 Topps Finest X-Men '97 - Greatest Hits,2,Red Refractor,1,81819,2025 Topps Finest X-Men '97 - Red Refractor,"Move to existing subset ""2025 Topps Finest X-Men '97 - Red Refractor"" (id 7426)"
2025 Topps Finest X-Men '97,2025 Topps Finest X-Men '97 - Greatest Hits,2,Orange Refractor,1,81821,2025 Topps Finest X-Men '97 - Orange Refractor,"Move to existing subset ""2025 Topps Finest X-Men '97 - Orange Refractor"" (id 7418)"
2025 Topps Finest X-Men '97,2025 Topps Finest X-Men '97 - Greatest Hits,2,SuperFractor,1,81822,2025 Topps Finest X-Men '97 - SuperFractor,"Move to existing subset ""2025 Topps Finest X-Men '97 - SuperFractor"" (id 7439)"
2025 Topps Finest X-Men '97,2025 Topps Finest X-Men '97 - Greatest Hits,20,X-Fractor,1,81873,2025 Topps Finest X-Men '97 - X-Fractor,"Move to existing subset ""2025 Topps Finest X-Men '97 - X-Fractor"" (id 7442)"
2025 Topps Finest X-Men '97,2025 Topps Finest X-Men '97 - Greatest Hits,20,Orange Refractor,1,81874,2025 Topps Finest X-Men '97 - Orange Refractor,"Move to existing subset ""2025 Topps Finest X-Men '97 - Orange Refractor"" (id 7418)"
2025 Topps Finest X-Men '97,2025 Topps Finest X-Men '97 - Greatest Hits,20,Laser Refractor,1,81875,2025 Topps Finest X-Men '97 - Laser Refractor,"Move to existing subset ""2025 Topps Finest X-Men '97 - Laser Refractor"" (id 7414)"
2025 Topps Finest X-Men '97,2025 Topps Finest X-Men '97 - Greatest Hits,20,Gold Refractor,1,81876,2025 Topps Finest X-Men '97 - Gold Refractor,"Move to existing subset ""2025 Topps Finest X-Men '97 - Gold Refractor"" (id 7406)"
2025 Topps Finest X-Men '97,2025 Topps Finest X-Men '97 - Greatest Hits,20,Red Refractor,1,81884,2025 Topps Finest X-Men '97 - Red Refractor,"Move to existing subset ""2025 Topps Finest X-Men '97 - Red Refractor"" (id 7426)"
2025 Topps Finest X-Men '97,2025 Topps Finest X-Men '97 - Greatest Hits,20,SuperFractor,1,81888,2025 Topps Finest X-Men '97 - SuperFractor,"Move to existing subset ""2025 Topps Finest X-Men '97 - SuperFractor"" (id 7439)"
2025 Topps Finest X-Men '97,2025 Topps Finest X-Men '97 - Greatest Hits,3,Gold Refractor,1,81731,2025 Topps Finest X-Men '97 - Gold Refractor,"Move to existing subset ""2025 Topps Finest X-Men '97 - Gold Refractor"" (id 7406)"
2025 Topps Finest X-Men '97,2025 Topps Finest X-Men '97 - Greatest Hits,3,Laser Refractor,1,81738,2025 Topps Finest X-Men '97 - Laser Refractor,"Move to existing subset ""2025 Topps Finest X-Men '97 - Laser Refractor"" (id 7414)"
2025 Topps Finest X-Men '97,2025 Topps Finest X-Men '97 - Greatest Hits,3,X-Fractor,1,81820,2025 Topps Finest X-Men '97 - X-Fractor,"Move to existing subset ""2025 Topps Finest X-Men '97 - X-Fractor"" (id 7442)"
2025 Topps Finest X-Men '97,2025 Topps Finest X-Men '97 - Greatest Hits,3,Orange Refractor,1,81823,2025 Topps Finest X-Men '97 - Orange Refractor,"Move to existing subset ""2025 Topps Finest X-Men '97 - Orange Refractor"" (id 7418)"
2025 Topps Finest X-Men '97,2025 Topps Finest X-Men '97 - Greatest Hits,3,Red Refractor,1,81825,2025 Topps Finest X-Men '97 - Red Refractor,"Move to existing subset ""2025 Topps Finest X-Men '97 - Red Refractor"" (id 7426)"
2025 Topps Finest X-Men '97,2025 Topps Finest X-Men '97 - Greatest Hits,3,SuperFractor,1,81826,2025 Topps Finest X-Men '97 - SuperFractor,"Move to existing subset ""2025 Topps Finest X-Men '97 - SuperFractor"" (id 7439)"
2025 Topps Finest X-Men '97,2025 Topps Finest X-Men '97 - Greatest Hits,4,Gold Refractor,1,81735,2025 Topps Finest X-Men '97 - Gold Refractor,"Move to existing subset ""2025 Topps Finest X-Men '97 - Gold Refractor"" (id 7406)"
2025 Topps Finest X-Men '97,2025 Topps Finest X-Men '97 - Greatest Hits,4,Red Refractor,1,81745,2025 Topps Finest X-Men '97 - Red Refractor,"Move to existing subset ""2025 Topps Finest X-Men '97 - Red Refractor"" (id 7426)"
2025 Topps Finest X-Men '97,2025 Topps Finest X-Men '97 - Greatest Hits,4,Laser Refractor,1,81794,2025 Topps Finest X-Men '97 - Laser Refractor,"Move to existing subset ""2025 Topps Finest X-Men '97 - Laser Refractor"" (id 7414)"
2025 Topps Finest X-Men '97,2025 Topps Finest X-Men '97 - Greatest Hits,4,X-Fractor,1,81824,2025 Topps Finest X-Men '97 - X-Fractor,"Move to existing subset ""2025 Topps Finest X-Men '97 - X-Fractor"" (id 7442)"
2025 Topps Finest X-Men '97,2025 Topps Finest X-Men '97 - Greatest Hits,4,Orange Refractor,1,81828,2025 Topps Finest X-Men '97 - Orange Refractor,"Move to existing subset ""2025 Topps Finest X-Men '97 - Orange Refractor"" (id 7418)"
2025 Topps Finest X-Men '97,2025 Topps Finest X-Men '97 - Greatest Hits,4,SuperFractor,1,81831,2025 Topps Finest X-Men '97 - SuperFractor,"Move to existing subset ""2025 Topps Finest X-Men '97 - SuperFractor"" (id 7439)"
2025 Topps Finest X-Men '97,2025 Topps Finest X-Men '97 - Greatest Hits,5,X-Fractor,1,81809,2025 Topps Finest X-Men '97 - X-Fractor,"Move to existing subset ""2025 Topps Finest X-Men '97 - X-Fractor"" (id 7442)"
2025 Topps Finest X-Men '97,2025 Topps Finest X-Men '97 - Greatest Hits,5,SuperFractor,1,81832,2025 Topps Finest X-Men '97 - SuperFractor,"Move to existing subset ""2025 Topps Finest X-Men '97 - SuperFractor"" (id 7439)"
2025 Topps Finest X-Men '97,2025 Topps Finest X-Men '97 - Greatest Hits,5,Orange Refractor,1,81835,2025 Topps Finest X-Men '97 - Orange Refractor,"Move to existing subset ""2025 Topps Finest X-Men '97 - Orange Refractor"" (id 7418)"
2025 Topps Finest X-Men '97,2025 Topps Finest X-Men '97 - Greatest Hits,5,Laser Refractor,1,81836,2025 Topps Finest X-Men '97 - Laser Refractor,"Move to existing subset ""2025 Topps Finest X-Men '97 - Laser Refractor"" (id 7414)"
2025 Topps Finest X-Men '97,2025 Topps Finest X-Men '97 - Greatest Hits,5,Gold Refractor,1,81837,2025 Topps Finest X-Men '97 - Gold Refractor,"Move to existing subset ""2025 Topps Finest X-Men '97 - Gold Refractor"" (id 7406)"
2025 Topps Finest X-Men '97,2025 Topps Finest X-Men '97 - Greatest Hits,5,Red Refractor,1,81838,2025 Topps Finest X-Men '97 - Red Refractor,"Move to existing subset ""2025 Topps Finest X-Men '97 - Red Refractor"" (id 7426)"
2025 Topps Finest X-Men '97,2025 Topps Finest X-Men '97 - Greatest Hits,6,X-Fractor,1,81741,2025 Topps Finest X-Men '97 - X-Fractor,"Move to existing subset ""2025 Topps Finest X-Men '97 - X-Fractor"" (id 7442)"
2025 Topps Finest X-Men '97,2025 Topps Finest X-Men '97 - Greatest Hits,6,Orange Refractor,1,81839,2025 Topps Finest X-Men '97 - Orange Refractor,"Move to existing subset ""2025 Topps Finest X-Men '97 - Orange Refractor"" (id 7418)"
2025 Topps Finest X-Men '97,2025 Topps Finest X-Men '97 - Greatest Hits,6,Laser Refractor,1,81840,2025 Topps Finest X-Men '97 - Laser Refractor,"Move to existing subset ""2025 Topps Finest X-Men '97 - Laser Refractor"" (id 7414)"
2025 Topps Finest X-Men '97,2025 Topps Finest X-Men '97 - Greatest Hits,6,Gold Refractor,1,81841,2025 Topps Finest X-Men '97 - Gold Refractor,"Move to existing subset ""2025 Topps Finest X-Men '97 - Gold Refractor"" (id 7406)"
2025 Topps Finest X-Men '97,2025 Topps Finest X-Men '97 - Greatest Hits,6,Red Refractor,1,81846,2025 Topps Finest X-Men '97 - Red Refractor,"Move to existing subset ""2025 Topps Finest X-Men '97 - Red Refractor"" (id 7426)"
2025 Topps Finest X-Men '97,2025 Topps Finest X-Men '97 - Greatest Hits,6,SuperFractor,1,81849,2025 Topps Finest X-Men '97 - SuperFractor,"Move to existing subset ""2025 Topps Finest X-Men '97 - SuperFractor"" (id 7439)"
2025 Topps Finest X-Men '97,2025 Topps Finest X-Men '97 - Greatest Hits,7,X-Fractor,1,81732,2025 Topps Finest X-Men '97 - X-Fractor,"Move to existing subset ""2025 Topps Finest X-Men '97 - X-Fractor"" (id 7442)"
2025 Topps Finest X-Men '97,2025 Topps Finest X-Men '97 - Greatest Hits,7,Gold Refractor,1,81733,2025 Topps Finest X-Men '97 - Gold Refractor,"Move to existing subset ""2025 Topps Finest X-Men '97 - Gold Refractor"" (id 7406)"
2025 Topps Finest X-Men '97,2025 Topps Finest X-Men '97 - Greatest Hits,7,Laser Refractor,1,81847,2025 Topps Finest X-Men '97 - Laser Refractor,"Move to existing subset ""2025 Topps Finest X-Men '97 - Laser Refractor"" (id 7414)"
2025 Topps Finest X-Men '97,2025 Topps Finest X-Men '97 - Greatest Hits,7,SuperFractor,1,81850,2025 Topps Finest X-Men '97 - SuperFractor,"Move to existing subset ""2025 Topps Finest X-Men '97 - SuperFractor"" (id 7439)"
2025 Topps Finest X-Men '97,2025 Topps Finest X-Men '97 - Greatest Hits,7,Orange Refractor,1,81852,2025 Topps Finest X-Men '97 - Orange Refractor,"Move to existing subset ""2025 Topps Finest X-Men '97 - Orange Refractor"" (id 7418)"
2025 Topps Finest X-Men '97,2025 Topps Finest X-Men '97 - Greatest Hits,7,Red Refractor,1,81854,2025 Topps Finest X-Men '97 - Red Refractor,"Move to existing subset ""2025 Topps Finest X-Men '97 - Red Refractor"" (id 7426)"
2025 Topps Finest X-Men '97,2025 Topps Finest X-Men '97 - Greatest Hits,8,X-Fractor,1,81736,2025 Topps Finest X-Men '97 - X-Fractor,"Move to existing subset ""2025 Topps Finest X-Men '97 - X-Fractor"" (id 7442)"
2025 Topps Finest X-Men '97,2025 Topps Finest X-Men '97 - Greatest Hits,8,Laser Refractor,1,81811,2025 Topps Finest X-Men '97 - Laser Refractor,"Move to existing subset ""2025 Topps Finest X-Men '97 - Laser Refractor"" (id 7414)"
2025 Topps Finest X-Men '97,2025 Topps Finest X-Men '97 - Greatest Hits,8,Orange Refractor,1,81858,2025 Topps Finest X-Men '97 - Orange Refractor,"Move to existing subset ""2025 Topps Finest X-Men '97 - Orange Refractor"" (id 7418)"
2025 Topps Finest X-Men '97,2025 Topps Finest X-Men '97 - Greatest Hits,8,Gold Refractor,1,81859,2025 Topps Finest X-Men '97 - Gold Refractor,"Move to existing subset ""2025 Topps Finest X-Men '97 - Gold Refractor"" (id 7406)"
2025 Topps Finest X-Men '97,2025 Topps Finest X-Men '97 - Greatest Hits,8,Red Refractor,1,81860,2025 Topps Finest X-Men '97 - Red Refractor,"Move to existing subset ""2025 Topps Finest X-Men '97 - Red Refractor"" (id 7426)"
2025 Topps Finest X-Men '97,2025 Topps Finest X-Men '97 - Greatest Hits,8,SuperFractor,1,81861,2025 Topps Finest X-Men '97 - SuperFractor,"Move to existing subset ""2025 Topps Finest X-Men '97 - SuperFractor"" (id 7439)"
2025 Topps Finest X-Men '97,2025 Topps Finest X-Men '97 - Greatest Hits,9,Orange Refractor,1,81730,2025 Topps Finest X-Men '97 - Orange Refractor,"Move to existing subset ""2025 Topps Finest X-Men '97 - Orange Refractor"" (id 7418)"
2025 Topps Finest X-Men '97,2025 Topps Finest X-Men '97 - Greatest Hits,9,Gold Refractor,1,81734,2025 Topps Finest X-Men '97 - Gold Refractor,"Move to existing subset ""2025 Topps Finest X-Men '97 - Gold Refractor"" (id 7406)"
2025 Topps Finest X-Men '97,2025 Topps Finest X-Men '97 - Greatest Hits,9,Laser Refractor,1,81747,2025 Topps Finest X-Men '97 - Laser Refractor,"Move to existing subset ""2025 Topps Finest X-Men '97 - Laser Refractor"" (id 7414)"
2025 Topps Finest X-Men '97,2025 Topps Finest X-Men '97 - Greatest Hits,9,X-Fractor,1,81863,2025 Topps Finest X-Men '97 - X-Fractor,"Move to existing subset ""2025 Topps Finest X-Men '97 - X-Fractor"" (id 7442)"
2025 Topps Finest X-Men '97,2025 Topps Finest X-Men '97 - Greatest Hits,9,SuperFractor,1,81868,2025 Topps Finest X-Men '97 - SuperFractor,"Move to existing subset ""2025 Topps Finest X-Men '97 - SuperFractor"" (id 7439)"
2025 Topps Finest X-Men '97,2025 Topps Finest X-Men '97 - Greatest Hits,9,Red Refractor,1,81872,2025 Topps Finest X-Men '97 - Red Refractor,"Move to existing subset ""2025 Topps Finest X-Men '97 - Red Refractor"" (id 7426)"
2025 Topps Finest X-Men '97,2025 Topps Finest X-Men '97 - Omega Level,3,SuperFractor,1,81705,2025 Topps Finest X-Men '97 - SuperFractor,"Move to existing subset ""2025 Topps Finest X-Men '97 - SuperFractor"" (id 7439)"
2025 Topps Finest X-Men '97,2025 Topps Finest X-Men '97 - Previously on X-Men,1,SuperFractor,1,81919,2025 Topps Finest X-Men '97 - SuperFractor,"Move to existing subset ""2025 Topps Finest X-Men '97 - SuperFractor"" (id 7439)"
2025 Topps Finest X-Men '97,2025 Topps Finest X-Men '97 - Previously on X-Men,1,X-Fractor,1,81921,2025 Topps Finest X-Men '97 - X-Fractor,"Move to existing subset ""2025 Topps Finest X-Men '97 - X-Fractor"" (id 7442)"
2025 Topps Finest X-Men '97,2025 Topps Finest X-Men '97 - Previously on X-Men,1,Orange Refractor,1,81923,2025 Topps Finest X-Men '97 - Orange Refractor,"Move to existing subset ""2025 Topps Finest X-Men '97 - Orange Refractor"" (id 7418)"
2025 Topps Finest X-Men '97,2025 Topps Finest X-Men '97 - Previously on X-Men,1,Gold Refractor,1,81925,2025 Topps Finest X-Men '97 - Gold Refractor,"Move to existing subset ""2025 Topps Finest X-Men '97 - Gold Refractor"" (id 7406)"
2025 Topps Finest X-Men '97,2025 Topps Finest X-Men '97 - Previously on X-Men,1,Red Refractor,1,81926,2025 Topps Finest X-Men '97 - Red Refractor,"Move to existing subset ""2025 Topps Finest X-Men '97 - Red Refractor"" (id 7426)"
2025 Topps Finest X-Men '97,2025 Topps Finest X-Men '97 - Previously on X-Men,1,Laser Refractor,1,81966,2025 Topps Finest X-Men '97 - Laser Refractor,"Move to existing subset ""2025 Topps Finest X-Men '97 - Laser Refractor"" (id 7414)"
2025 Topps Finest X-Men '97,2025 Topps Finest X-Men '97 - Previously on X-Men,10,Red Refractor,1,81599,2025 Topps Finest X-Men '97 - Red Refractor,"Move to existing subset ""2025 Topps Finest X-Men '97 - Red Refractor"" (id 7426)"
2025 Topps Finest X-Men '97,2025 Topps Finest X-Men '97 - Previously on X-Men,10,X-Fractor,1,81609,2025 Topps Finest X-Men '97 - X-Fractor,"Move to existing subset ""2025 Topps Finest X-Men '97 - X-Fractor"" (id 7442)"
2025 Topps Finest X-Men '97,2025 Topps Finest X-Men '97 - Previously on X-Men,10,Orange Refractor,1,81957,2025 Topps Finest X-Men '97 - Orange Refractor,"Move to existing subset ""2025 Topps Finest X-Men '97 - Orange Refractor"" (id 7418)"
2025 Topps Finest X-Men '97,2025 Topps Finest X-Men '97 - Previously on X-Men,10,Laser Refractor,1,81958,2025 Topps Finest X-Men '97 - Laser Refractor,"Move to existing subset ""2025 Topps Finest X-Men '97 - Laser Refractor"" (id 7414)"
2025 Topps Finest X-Men '97,2025 Topps Finest X-Men '97 - Previously on X-Men,10,Gold Refractor,1,81959,2025 Topps Finest X-Men '97 - Gold Refractor,"Move to existing subset ""2025 Topps Finest X-Men '97 - Gold Refractor"" (id 7406)"
2025 Topps Finest X-Men '97,2025 Topps Finest X-Men '97 - Previously on X-Men,10,SuperFractor,1,82002,2025 Topps Finest X-Men '97 - SuperFractor,"Move to existing subset ""2025 Topps Finest X-Men '97 - SuperFractor"" (id 7439)"
2025 Topps Finest X-Men '97,2025 Topps Finest X-Men '97 - Previously on X-Men,11,SuperFractor,1,81961,2025 Topps Finest X-Men '97 - SuperFractor,"Move to existing subset ""2025 Topps Finest X-Men '97 - SuperFractor"" (id 7439)"
2025 Topps Finest X-Men '97,2025 Topps Finest X-Men '97 - Previously on X-Men,11,Orange Refractor,1,81963,2025 Topps Finest X-Men '97 - Orange Refractor,"Move to existing subset ""2025 Topps Finest X-Men '97 - Orange Refractor"" (id 7418)"
2025 Topps Finest X-Men '97,2025 Topps Finest X-Men '97 - Previously on X-Men,11,Red Refractor,1,81965,2025 Topps Finest X-Men '97 - Red Refractor,"Move to existing subset ""2025 Topps Finest X-Men '97 - Red Refractor"" (id 7426)"
2025 Topps Finest X-Men '97,2025 Topps Finest X-Men '97 - Previously on X-Men,11,Laser Refractor,1,82006,2025 Topps Finest X-Men '97 - Laser Refractor,"Move to existing subset ""2025 Topps Finest X-Men '97 - Laser Refractor"" (id 7414)"
2025 Topps Finest X-Men '97,2025 Topps Finest X-Men '97 - Previously on X-Men,11,Gold Refractor,1,82007,2025 Topps Finest X-Men '97 - Gold Refractor,"Move to existing subset ""2025 Topps Finest X-Men '97 - Gold Refractor"" (id 7406)"
2025 Topps Finest X-Men '97,2025 Topps Finest X-Men '97 - Previously on X-Men,11,X-Fractor,1,82024,2025 Topps Finest X-Men '97 - X-Fractor,"Move to existing subset ""2025 Topps Finest X-Men '97 - X-Fractor"" (id 7442)"
2025 Topps Finest X-Men '97,2025 Topps Finest X-Men '97 - Previously on X-Men,12,Gold Refractor,1,81601,2025 Topps Finest X-Men '97 - Gold Refractor,"Move to existing subset ""2025 Topps Finest X-Men '97 - Gold Refractor"" (id 7406)"
2025 Topps Finest X-Men '97,2025 Topps Finest X-Men '97 - Previously on X-Men,12,Laser Refractor,1,81914,2025 Topps Finest X-Men '97 - Laser Refractor,"Move to existing subset ""2025 Topps Finest X-Men '97 - Laser Refractor"" (id 7414)"
2025 Topps Finest X-Men '97,2025 Topps Finest X-Men '97 - Previously on X-Men,12,X-Fractor,1,81962,2025 Topps Finest X-Men '97 - X-Fractor,"Move to existing subset ""2025 Topps Finest X-Men '97 - X-Fractor"" (id 7442)"
2025 Topps Finest X-Men '97,2025 Topps Finest X-Men '97 - Previously on X-Men,12,SuperFractor,1,82008,2025 Topps Finest X-Men '97 - SuperFractor,"Move to existing subset ""2025 Topps Finest X-Men '97 - SuperFractor"" (id 7439)"
2025 Topps Finest X-Men '97,2025 Topps Finest X-Men '97 - Previously on X-Men,12,Orange Refractor,1,82013,2025 Topps Finest X-Men '97 - Orange Refractor,"Move to existing subset ""2025 Topps Finest X-Men '97 - Orange Refractor"" (id 7418)"
2025 Topps Finest X-Men '97,2025 Topps Finest X-Men '97 - Previously on X-Men,12,Red Refractor,1,82015,2025 Topps Finest X-Men '97 - Red Refractor,"Move to existing subset ""2025 Topps Finest X-Men '97 - Red Refractor"" (id 7426)"
2025 Topps Finest X-Men '97,2025 Topps Finest X-Men '97 - Previously on X-Men,13,X-Fractor,1,82009,2025 Topps Finest X-Men '97 - X-Fractor,"Move to existing subset ""2025 Topps Finest X-Men '97 - X-Fractor"" (id 7442)"
2025 Topps Finest X-Men '97,2025 Topps Finest X-Men '97 - Previously on X-Men,13,Orange Refractor,1,82010,2025 Topps Finest X-Men '97 - Orange Refractor,"Move to existing subset ""2025 Topps Finest X-Men '97 - Orange Refractor"" (id 7418)"
2025 Topps Finest X-Men '97,2025 Topps Finest X-Men '97 - Previously on X-Men,13,Laser Refractor,1,82011,2025 Topps Finest X-Men '97 - Laser Refractor,"Move to existing subset ""2025 Topps Finest X-Men '97 - Laser Refractor"" (id 7414)"
2025 Topps Finest X-Men '97,2025 Topps Finest X-Men '97 - Previously on X-Men,13,Gold Refractor,1,82012,2025 Topps Finest X-Men '97 - Gold Refractor,"Move to existing subset ""2025 Topps Finest X-Men '97 - Gold Refractor"" (id 7406)"
2025 Topps Finest X-Men '97,2025 Topps Finest X-Men '97 - Previously on X-Men,13,Red Refractor,1,82014,2025 Topps Finest X-Men '97 - Red Refractor,"Move to existing subset ""2025 Topps Finest X-Men '97 - Red Refractor"" (id 7426)"
2025 Topps Finest X-Men '97,2025 Topps Finest X-Men '97 - Previously on X-Men,13,SuperFractor,1,82017,2025 Topps Finest X-Men '97 - SuperFractor,"Move to existing subset ""2025 Topps Finest X-Men '97 - SuperFractor"" (id 7439)"
2025 Topps Finest X-Men '97,2025 Topps Finest X-Men '97 - Previously on X-Men,15,SuperFractor,1,82016,2025 Topps Finest X-Men '97 - SuperFractor,"Move to existing subset ""2025 Topps Finest X-Men '97 - SuperFractor"" (id 7439)"
2025 Topps Finest X-Men '97,2025 Topps Finest X-Men '97 - Previously on X-Men,15,X-Fractor,1,82018,2025 Topps Finest X-Men '97 - X-Fractor,"Move to existing subset ""2025 Topps Finest X-Men '97 - X-Fractor"" (id 7442)"
2025 Topps Finest X-Men '97,2025 Topps Finest X-Men '97 - Previously on X-Men,15,Orange Refractor,1,82019,2025 Topps Finest X-Men '97 - Orange Refractor,"Move to existing subset ""2025 Topps Finest X-Men '97 - Orange Refractor"" (id 7418)"
2025 Topps Finest X-Men '97,2025 Topps Finest X-Men '97 - Previously on X-Men,15,Laser Refractor,1,82020,2025 Topps Finest X-Men '97 - Laser Refractor,"Move to existing subset ""2025 Topps Finest X-Men '97 - Laser Refractor"" (id 7414)"
2025 Topps Finest X-Men '97,2025 Topps Finest X-Men '97 - Previously on X-Men,15,Gold Refractor,1,82021,2025 Topps Finest X-Men '97 - Gold Refractor,"Move to existing subset ""2025 Topps Finest X-Men '97 - Gold Refractor"" (id 7406)"
2025 Topps Finest X-Men '97,2025 Topps Finest X-Men '97 - Previously on X-Men,15,Red Refractor,1,82022,2025 Topps Finest X-Men '97 - Red Refractor,"Move to existing subset ""2025 Topps Finest X-Men '97 - Red Refractor"" (id 7426)"
2025 Topps Finest X-Men '97,2025 Topps Finest X-Men '97 - Previously on X-Men,16,SuperFractor,1,81927,2025 Topps Finest X-Men '97 - SuperFractor,"Move to existing subset ""2025 Topps Finest X-Men '97 - SuperFractor"" (id 7439)"
2025 Topps Finest X-Men '97,2025 Topps Finest X-Men '97 - Previously on X-Men,16,Red Refractor,1,81929,2025 Topps Finest X-Men '97 - Red Refractor,"Move to existing subset ""2025 Topps Finest X-Men '97 - Red Refractor"" (id 7426)"
2025 Topps Finest X-Men '97,2025 Topps Finest X-Men '97 - Previously on X-Men,16,X-Fractor,1,81967,2025 Topps Finest X-Men '97 - X-Fractor,"Move to existing subset ""2025 Topps Finest X-Men '97 - X-Fractor"" (id 7442)"
2025 Topps Finest X-Men '97,2025 Topps Finest X-Men '97 - Previously on X-Men,16,Orange Refractor,1,81968,2025 Topps Finest X-Men '97 - Orange Refractor,"Move to existing subset ""2025 Topps Finest X-Men '97 - Orange Refractor"" (id 7418)"
2025 Topps Finest X-Men '97,2025 Topps Finest X-Men '97 - Previously on X-Men,16,Gold Refractor,1,81969,2025 Topps Finest X-Men '97 - Gold Refractor,"Move to existing subset ""2025 Topps Finest X-Men '97 - Gold Refractor"" (id 7406)"
2025 Topps Finest X-Men '97,2025 Topps Finest X-Men '97 - Previously on X-Men,16,Laser Refractor,1,82023,2025 Topps Finest X-Men '97 - Laser Refractor,"Move to existing subset ""2025 Topps Finest X-Men '97 - Laser Refractor"" (id 7414)"
2025 Topps Finest X-Men '97,2025 Topps Finest X-Men '97 - Previously on X-Men,17,Laser Refractor,1,81931,2025 Topps Finest X-Men '97 - Laser Refractor,"Move to existing subset ""2025 Topps Finest X-Men '97 - Laser Refractor"" (id 7414)"
2025 Topps Finest X-Men '97,2025 Topps Finest X-Men '97 - Previously on X-Men,17,SuperFractor,1,81934,2025 Topps Finest X-Men '97 - SuperFractor,"Move to existing subset ""2025 Topps Finest X-Men '97 - SuperFractor"" (id 7439)"
2025 Topps Finest X-Men '97,2025 Topps Finest X-Men '97 - Previously on X-Men,17,X-Fractor,1,81974,2025 Topps Finest X-Men '97 - X-Fractor,"Move to existing subset ""2025 Topps Finest X-Men '97 - X-Fractor"" (id 7442)"
2025 Topps Finest X-Men '97,2025 Topps Finest X-Men '97 - Previously on X-Men,17,Orange Refractor,1,81975,2025 Topps Finest X-Men '97 - Orange Refractor,"Move to existing subset ""2025 Topps Finest X-Men '97 - Orange Refractor"" (id 7418)"
2025 Topps Finest X-Men '97,2025 Topps Finest X-Men '97 - Previously on X-Men,17,Gold Refractor,1,81976,2025 Topps Finest X-Men '97 - Gold Refractor,"Move to existing subset ""2025 Topps Finest X-Men '97 - Gold Refractor"" (id 7406)"
2025 Topps Finest X-Men '97,2025 Topps Finest X-Men '97 - Previously on X-Men,17,Red Refractor,1,81978,2025 Topps Finest X-Men '97 - Red Refractor,"Move to existing subset ""2025 Topps Finest X-Men '97 - Red Refractor"" (id 7426)"
2025 Topps Finest X-Men '97,2025 Topps Finest X-Men '97 - Previously on X-Men,18,Laser Refractor,1,81938,2025 Topps Finest X-Men '97 - Laser Refractor,"Move to existing subset ""2025 Topps Finest X-Men '97 - Laser Refractor"" (id 7414)"
2025 Topps Finest X-Men '97,2025 Topps Finest X-Men '97 - Previously on X-Men,18,SuperFractor,1,81941,2025 Topps Finest X-Men '97 - SuperFractor,"Move to existing subset ""2025 Topps Finest X-Men '97 - SuperFractor"" (id 7439)"
2025 Topps Finest X-Men '97,2025 Topps Finest X-Men '97 - Previously on X-Men,18,Red Refractor,1,81945,2025 Topps Finest X-Men '97 - Red Refractor,"Move to existing subset ""2025 Topps Finest X-Men '97 - Red Refractor"" (id 7426)"
2025 Topps Finest X-Men '97,2025 Topps Finest X-Men '97 - Previously on X-Men,18,X-Fractor,1,81983,2025 Topps Finest X-Men '97 - X-Fractor,"Move to existing subset ""2025 Topps Finest X-Men '97 - X-Fractor"" (id 7442)"
2025 Topps Finest X-Men '97,2025 Topps Finest X-Men '97 - Previously on X-Men,18,Orange Refractor,1,81985,2025 Topps Finest X-Men '97 - Orange Refractor,"Move to existing subset ""2025 Topps Finest X-Men '97 - Orange Refractor"" (id 7418)"
2025 Topps Finest X-Men '97,2025 Topps Finest X-Men '97 - Previously on X-Men,18,Gold Refractor,1,81988,2025 Topps Finest X-Men '97 - Gold Refractor,"Move to existing subset ""2025 Topps Finest X-Men '97 - Gold Refractor"" (id 7406)"
2025 Topps Finest X-Men '97,2025 Topps Finest X-Men '97 - Previously on X-Men,19,Orange Refractor,1,81947,2025 Topps Finest X-Men '97 - Orange Refractor,"Move to existing subset ""2025 Topps Finest X-Men '97 - Orange Refractor"" (id 7418)"
2025 Topps Finest X-Men '97,2025 Topps Finest X-Men '97 - Previously on X-Men,19,Red Refractor,1,81949,2025 Topps Finest X-Men '97 - Red Refractor,"Move to existing subset ""2025 Topps Finest X-Men '97 - Red Refractor"" (id 7426)"
2025 Topps Finest X-Men '97,2025 Topps Finest X-Men '97 - Previously on X-Men,19,SuperFractor,1,81951,2025 Topps Finest X-Men '97 - SuperFractor,"Move to existing subset ""2025 Topps Finest X-Men '97 - SuperFractor"" (id 7439)"
2025 Topps Finest X-Men '97,2025 Topps Finest X-Men '97 - Previously on X-Men,19,X-Fractor,1,81990,2025 Topps Finest X-Men '97 - X-Fractor,"Move to existing subset ""2025 Topps Finest X-Men '97 - X-Fractor"" (id 7442)"
2025 Topps Finest X-Men '97,2025 Topps Finest X-Men '97 - Previously on X-Men,19,Laser Refractor,1,81992,2025 Topps Finest X-Men '97 - Laser Refractor,"Move to existing subset ""2025 Topps Finest X-Men '97 - Laser Refractor"" (id 7414)"
2025 Topps Finest X-Men '97,2025 Topps Finest X-Men '97 - Previously on X-Men,19,Gold Refractor,1,81993,2025 Topps Finest X-Men '97 - Gold Refractor,"Move to existing subset ""2025 Topps Finest X-Men '97 - Gold Refractor"" (id 7406)"
2025 Topps Finest X-Men '97,2025 Topps Finest X-Men '97 - Previously on X-Men,2,X-Fractor,1,81920,2025 Topps Finest X-Men '97 - X-Fractor,"Move to existing subset ""2025 Topps Finest X-Men '97 - X-Fractor"" (id 7442)"
2025 Topps Finest X-Men '97,2025 Topps Finest X-Men '97 - Previously on X-Men,2,Laser Refractor,1,81922,2025 Topps Finest X-Men '97 - Laser Refractor,"Move to existing subset ""2025 Topps Finest X-Men '97 - Laser Refractor"" (id 7414)"
2025 Topps Finest X-Men '97,2025 Topps Finest X-Men '97 - Previously on X-Men,2,Gold Refractor,1,81924,2025 Topps Finest X-Men '97 - Gold Refractor,"Move to existing subset ""2025 Topps Finest X-Men '97 - Gold Refractor"" (id 7406)"
2025 Topps Finest X-Men '97,2025 Topps Finest X-Men '97 - Previously on X-Men,2,Orange Refractor,1,81972,2025 Topps Finest X-Men '97 - Orange Refractor,"Move to existing subset ""2025 Topps Finest X-Men '97 - Orange Refractor"" (id 7418)"
2025 Topps Finest X-Men '97,2025 Topps Finest X-Men '97 - Previously on X-Men,2,Red Refractor,1,81973,2025 Topps Finest X-Men '97 - Red Refractor,"Move to existing subset ""2025 Topps Finest X-Men '97 - Red Refractor"" (id 7426)"
2025 Topps Finest X-Men '97,2025 Topps Finest X-Men '97 - Previously on X-Men,2,SuperFractor,1,82025,2025 Topps Finest X-Men '97 - SuperFractor,"Move to existing subset ""2025 Topps Finest X-Men '97 - SuperFractor"" (id 7439)"
2025 Topps Finest X-Men '97,2025 Topps Finest X-Men '97 - Previously on X-Men,20,X-Fractor,1,81606,2025 Topps Finest X-Men '97 - X-Fractor,"Move to existing subset ""2025 Topps Finest X-Men '97 - X-Fractor"" (id 7442)"
2025 Topps Finest X-Men '97,2025 Topps Finest X-Men '97 - Previously on X-Men,20,SuperFractor,1,81954,2025 Topps Finest X-Men '97 - SuperFractor,"Move to existing subset ""2025 Topps Finest X-Men '97 - SuperFractor"" (id 7439)"
2025 Topps Finest X-Men '97,2025 Topps Finest X-Men '97 - Previously on X-Men,20,Orange Refractor,1,81955,2025 Topps Finest X-Men '97 - Orange Refractor,"Move to existing subset ""2025 Topps Finest X-Men '97 - Orange Refractor"" (id 7418)"
2025 Topps Finest X-Men '97,2025 Topps Finest X-Men '97 - Previously on X-Men,20,Red Refractor,1,81956,2025 Topps Finest X-Men '97 - Red Refractor,"Move to existing subset ""2025 Topps Finest X-Men '97 - Red Refractor"" (id 7426)"
2025 Topps Finest X-Men '97,2025 Topps Finest X-Men '97 - Previously on X-Men,20,Laser Refractor,1,81997,2025 Topps Finest X-Men '97 - Laser Refractor,"Move to existing subset ""2025 Topps Finest X-Men '97 - Laser Refractor"" (id 7414)"
2025 Topps Finest X-Men '97,2025 Topps Finest X-Men '97 - Previously on X-Men,20,Gold Refractor,1,81998,2025 Topps Finest X-Men '97 - Gold Refractor,"Move to existing subset ""2025 Topps Finest X-Men '97 - Gold Refractor"" (id 7406)"
2025 Topps Finest X-Men '97,2025 Topps Finest X-Men '97 - Previously on X-Men,25,Orange Refractor,1,81612,2025 Topps Finest X-Men '97 - Orange Refractor,"Move to existing subset ""2025 Topps Finest X-Men '97 - Orange Refractor"" (id 7418)"
2025 Topps Finest X-Men '97,2025 Topps Finest X-Men '97 - Previously on X-Men,25,SuperFractor,1,81960,2025 Topps Finest X-Men '97 - SuperFractor,"Move to existing subset ""2025 Topps Finest X-Men '97 - SuperFractor"" (id 7439)"
2025 Topps Finest X-Men '97,2025 Topps Finest X-Men '97 - Previously on X-Men,25,Red Refractor,1,81964,2025 Topps Finest X-Men '97 - Red Refractor,"Move to existing subset ""2025 Topps Finest X-Men '97 - Red Refractor"" (id 7426)"
2025 Topps Finest X-Men '97,2025 Topps Finest X-Men '97 - Previously on X-Men,25,X-Fractor,1,82003,2025 Topps Finest X-Men '97 - X-Fractor,"Move to existing subset ""2025 Topps Finest X-Men '97 - X-Fractor"" (id 7442)"
2025 Topps Finest X-Men '97,2025 Topps Finest X-Men '97 - Previously on X-Men,25,Laser Refractor,1,82004,2025 Topps Finest X-Men '97 - Laser Refractor,"Move to existing subset ""2025 Topps Finest X-Men '97 - Laser Refractor"" (id 7414)"
2025 Topps Finest X-Men '97,2025 Topps Finest X-Men '97 - Previously on X-Men,25,Gold Refractor,1,82005,2025 Topps Finest X-Men '97 - Gold Refractor,"Move to existing subset ""2025 Topps Finest X-Men '97 - Gold Refractor"" (id 7406)"
2025 Topps Finest X-Men '97,2025 Topps Finest X-Men '97 - Previously on X-Men,3,SuperFractor,1,81928,2025 Topps Finest X-Men '97 - SuperFractor,"Move to existing subset ""2025 Topps Finest X-Men '97 - SuperFractor"" (id 7439)"
2025 Topps Finest X-Men '97,2025 Topps Finest X-Men '97 - Previously on X-Men,3,Orange Refractor,1,81930,2025 Topps Finest X-Men '97 - Orange Refractor,"Move to existing subset ""2025 Topps Finest X-Men '97 - Orange Refractor"" (id 7418)"
2025 Topps Finest X-Men '97,2025 Topps Finest X-Men '97 - Previously on X-Men,3,Gold Refractor,1,81932,2025 Topps Finest X-Men '97 - Gold Refractor,"Move to existing subset ""2025 Topps Finest X-Men '97 - Gold Refractor"" (id 7406)"
2025 Topps Finest X-Men '97,2025 Topps Finest X-Men '97 - Previously on X-Men,3,Red Refractor,1,81933,2025 Topps Finest X-Men '97 - Red Refractor,"Move to existing subset ""2025 Topps Finest X-Men '97 - Red Refractor"" (id 7426)"
2025 Topps Finest X-Men '97,2025 Topps Finest X-Men '97 - Previously on X-Men,3,X-Fractor,1,81970,2025 Topps Finest X-Men '97 - X-Fractor,"Move to existing subset ""2025 Topps Finest X-Men '97 - X-Fractor"" (id 7442)"
2025 Topps Finest X-Men '97,2025 Topps Finest X-Men '97 - Previously on X-Men,3,Laser Refractor,1,81971,2025 Topps Finest X-Men '97 - Laser Refractor,"Move to existing subset ""2025 Topps Finest X-Men '97 - Laser Refractor"" (id 7414)"
2025 Topps Finest X-Men '97,2025 Topps Finest X-Men '97 - Previously on X-Men,4,X-Fractor,1,81608,2025 Topps Finest X-Men '97 - X-Fractor,"Move to existing subset ""2025 Topps Finest X-Men '97 - X-Fractor"" (id 7442)"
2025 Topps Finest X-Men '97,2025 Topps Finest X-Men '97 - Previously on X-Men,4,SuperFractor,1,81935,2025 Topps Finest X-Men '97 - SuperFractor,"Move to existing subset ""2025 Topps Finest X-Men '97 - SuperFractor"" (id 7439)"
2025 Topps Finest X-Men '97,2025 Topps Finest X-Men '97 - Previously on X-Men,4,Orange Refractor,1,81977,2025 Topps Finest X-Men '97 - Orange Refractor,"Move to existing subset ""2025 Topps Finest X-Men '97 - Orange Refractor"" (id 7418)"
2025 Topps Finest X-Men '97,2025 Topps Finest X-Men '97 - Previously on X-Men,4,Laser Refractor,1,81979,2025 Topps Finest X-Men '97 - Laser Refractor,"Move to existing subset ""2025 Topps Finest X-Men '97 - Laser Refractor"" (id 7414)"
2025 Topps Finest X-Men '97,2025 Topps Finest X-Men '97 - Previously on X-Men,4,Gold Refractor,1,81980,2025 Topps Finest X-Men '97 - Gold Refractor,"Move to existing subset ""2025 Topps Finest X-Men '97 - Gold Refractor"" (id 7406)"
2025 Topps Finest X-Men '97,2025 Topps Finest X-Men '97 - Previously on X-Men,4,Red Refractor,1,81981,2025 Topps Finest X-Men '97 - Red Refractor,"Move to existing subset ""2025 Topps Finest X-Men '97 - Red Refractor"" (id 7426)"
2025 Topps Finest X-Men '97,2025 Topps Finest X-Men '97 - Previously on X-Men,5,X-Fractor,1,81936,2025 Topps Finest X-Men '97 - X-Fractor,"Move to existing subset ""2025 Topps Finest X-Men '97 - X-Fractor"" (id 7442)"
2025 Topps Finest X-Men '97,2025 Topps Finest X-Men '97 - Previously on X-Men,5,Orange Refractor,1,81937,2025 Topps Finest X-Men '97 - Orange Refractor,"Move to existing subset ""2025 Topps Finest X-Men '97 - Orange Refractor"" (id 7418)"
2025 Topps Finest X-Men '97,2025 Topps Finest X-Men '97 - Previously on X-Men,5,Laser Refractor,1,81939,2025 Topps Finest X-Men '97 - Laser Refractor,"Move to existing subset ""2025 Topps Finest X-Men '97 - Laser Refractor"" (id 7414)"
2025 Topps Finest X-Men '97,2025 Topps Finest X-Men '97 - Previously on X-Men,5,Gold Refractor,1,81940,2025 Topps Finest X-Men '97 - Gold Refractor,"Move to existing subset ""2025 Topps Finest X-Men '97 - Gold Refractor"" (id 7406)"
2025 Topps Finest X-Men '97,2025 Topps Finest X-Men '97 - Previously on X-Men,5,SuperFractor,1,81982,2025 Topps Finest X-Men '97 - SuperFractor,"Move to existing subset ""2025 Topps Finest X-Men '97 - SuperFractor"" (id 7439)"
2025 Topps Finest X-Men '97,2025 Topps Finest X-Men '97 - Previously on X-Men,5,Red Refractor,1,81989,2025 Topps Finest X-Men '97 - Red Refractor,"Move to existing subset ""2025 Topps Finest X-Men '97 - Red Refractor"" (id 7426)"
2025 Topps Finest X-Men '97,2025 Topps Finest X-Men '97 - Previously on X-Men,6,Gold Refractor,1,81605,2025 Topps Finest X-Men '97 - Gold Refractor,"Move to existing subset ""2025 Topps Finest X-Men '97 - Gold Refractor"" (id 7406)"
2025 Topps Finest X-Men '97,2025 Topps Finest X-Men '97 - Previously on X-Men,6,SuperFractor,1,81942,2025 Topps Finest X-Men '97 - SuperFractor,"Move to existing subset ""2025 Topps Finest X-Men '97 - SuperFractor"" (id 7439)"
2025 Topps Finest X-Men '97,2025 Topps Finest X-Men '97 - Previously on X-Men,6,Red Refractor,1,81946,2025 Topps Finest X-Men '97 - Red Refractor,"Move to existing subset ""2025 Topps Finest X-Men '97 - Red Refractor"" (id 7426)"
2025 Topps Finest X-Men '97,2025 Topps Finest X-Men '97 - Previously on X-Men,6,X-Fractor,1,81984,2025 Topps Finest X-Men '97 - X-Fractor,"Move to existing subset ""2025 Topps Finest X-Men '97 - X-Fractor"" (id 7442)"
2025 Topps Finest X-Men '97,2025 Topps Finest X-Men '97 - Previously on X-Men,6,Orange Refractor,1,81986,2025 Topps Finest X-Men '97 - Orange Refractor,"Move to existing subset ""2025 Topps Finest X-Men '97 - Orange Refractor"" (id 7418)"
2025 Topps Finest X-Men '97,2025 Topps Finest X-Men '97 - Previously on X-Men,6,Laser Refractor,1,81987,2025 Topps Finest X-Men '97 - Laser Refractor,"Move to existing subset ""2025 Topps Finest X-Men '97 - Laser Refractor"" (id 7414)"
2025 Topps Finest X-Men '97,2025 Topps Finest X-Men '97 - Previously on X-Men,7,X-Fractor,1,81600,2025 Topps Finest X-Men '97 - X-Fractor,"Move to existing subset ""2025 Topps Finest X-Men '97 - X-Fractor"" (id 7442)"
2025 Topps Finest X-Men '97,2025 Topps Finest X-Men '97 - Previously on X-Men,7,Laser Refractor,1,81943,2025 Topps Finest X-Men '97 - Laser Refractor,"Move to existing subset ""2025 Topps Finest X-Men '97 - Laser Refractor"" (id 7414)"
2025 Topps Finest X-Men '97,2025 Topps Finest X-Men '97 - Previously on X-Men,7,Gold Refractor,1,81944,2025 Topps Finest X-Men '97 - Gold Refractor,"Move to existing subset ""2025 Topps Finest X-Men '97 - Gold Refractor"" (id 7406)"
2025 Topps Finest X-Men '97,2025 Topps Finest X-Men '97 - Previously on X-Men,7,SuperFractor,1,81991,2025 Topps Finest X-Men '97 - SuperFractor,"Move to existing subset ""2025 Topps Finest X-Men '97 - SuperFractor"" (id 7439)"
2025 Topps Finest X-Men '97,2025 Topps Finest X-Men '97 - Previously on X-Men,7,Orange Refractor,1,81994,2025 Topps Finest X-Men '97 - Orange Refractor,"Move to existing subset ""2025 Topps Finest X-Men '97 - Orange Refractor"" (id 7418)"
2025 Topps Finest X-Men '97,2025 Topps Finest X-Men '97 - Previously on X-Men,7,Red Refractor,1,81996,2025 Topps Finest X-Men '97 - Red Refractor,"Move to existing subset ""2025 Topps Finest X-Men '97 - Red Refractor"" (id 7426)"
2025 Topps Finest X-Men '97,2025 Topps Finest X-Men '97 - Previously on X-Men,8,Laser Refractor,1,81611,2025 Topps Finest X-Men '97 - Laser Refractor,"Move to existing subset ""2025 Topps Finest X-Men '97 - Laser Refractor"" (id 7414)"
2025 Topps Finest X-Men '97,2025 Topps Finest X-Men '97 - Previously on X-Men,8,Orange Refractor,1,81613,2025 Topps Finest X-Men '97 - Orange Refractor,"Move to existing subset ""2025 Topps Finest X-Men '97 - Orange Refractor"" (id 7418)"
2025 Topps Finest X-Men '97,2025 Topps Finest X-Men '97 - Previously on X-Men,8,SuperFractor,1,81948,2025 Topps Finest X-Men '97 - SuperFractor,"Move to existing subset ""2025 Topps Finest X-Men '97 - SuperFractor"" (id 7439)"
2025 Topps Finest X-Men '97,2025 Topps Finest X-Men '97 - Previously on X-Men,8,Gold Refractor,1,81952,2025 Topps Finest X-Men '97 - Gold Refractor,"Move to existing subset ""2025 Topps Finest X-Men '97 - Gold Refractor"" (id 7406)"
2025 Topps Finest X-Men '97,2025 Topps Finest X-Men '97 - Previously on X-Men,8,Red Refractor,1,81953,2025 Topps Finest X-Men '97 - Red Refractor,"Move to existing subset ""2025 Topps Finest X-Men '97 - Red Refractor"" (id 7426)"
2025 Topps Finest X-Men '97,2025 Topps Finest X-Men '97 - Previously on X-Men,8,X-Fractor,1,81995,2025 Topps Finest X-Men '97 - X-Fractor,"Move to existing subset ""2025 Topps Finest X-Men '97 - X-Fractor"" (id 7442)"
2025 Topps Finest X-Men '97,2025 Topps Finest X-Men '97 - Previously on X-Men,9,SuperFractor,1,81607,2025 Topps Finest X-Men '97 - SuperFractor,"Move to existing subset ""2025 Topps Finest X-Men '97 - SuperFractor"" (id 7439)"
2025 Topps Finest X-Men '97,2025 Topps Finest X-Men '97 - Previously on X-Men,9,Gold Refractor,1,81610,2025 Topps Finest X-Men '97 - Gold Refractor,"Move to existing subset ""2025 Topps Finest X-Men '97 - Gold Refractor"" (id 7406)"
2025 Topps Finest X-Men '97,2025 Topps Finest X-Men '97 - Previously on X-Men,9,Laser Refractor,1,81950,2025 Topps Finest X-Men '97 - Laser Refractor,"Move to existing subset ""2025 Topps Finest X-Men '97 - Laser Refractor"" (id 7414)"
2025 Topps Finest X-Men '97,2025 Topps Finest X-Men '97 - Previously on X-Men,9,X-Fractor,1,81999,2025 Topps Finest X-Men '97 - X-Fractor,"Move to existing subset ""2025 Topps Finest X-Men '97 - X-Fractor"" (id 7442)"
2025 Topps Finest X-Men '97,2025 Topps Finest X-Men '97 - Previously on X-Men,9,Orange Refractor,1,82000,2025 Topps Finest X-Men '97 - Orange Refractor,"Move to existing subset ""2025 Topps Finest X-Men '97 - Orange Refractor"" (id 7418)"
2025 Topps Finest X-Men '97,2025 Topps Finest X-Men '97 - Previously on X-Men,9,Red Refractor,1,82001,2025 Topps Finest X-Men '97 - Red Refractor,"Move to existing subset ""2025 Topps Finest X-Men '97 - Red Refractor"" (id 7426)"
2025 Topps Finest X-Men '97,2025 Topps Finest X-Men '97 - Remember It,1,Laser Refractor,1,81708,2025 Topps Finest X-Men '97 - Laser Refractor,"Move to existing subset ""2025 Topps Finest X-Men '97 - Laser Refractor"" (id 7414)"
2025 Topps Finest X-Men '97,2025 Topps Finest X-Men '97 - Remember It,1,SuperFractor,1,82034,2025 Topps Finest X-Men '97 - SuperFractor,"Move to existing subset ""2025 Topps Finest X-Men '97 - SuperFractor"" (id 7439)"
2025 Topps Finest X-Men '97,2025 Topps Finest X-Men '97 - Remember It,1,X-Fractor,1,82035,2025 Topps Finest X-Men '97 - X-Fractor,"Move to existing subset ""2025 Topps Finest X-Men '97 - X-Fractor"" (id 7442)"
2025 Topps Finest X-Men '97,2025 Topps Finest X-Men '97 - Remember It,10,SuperFractor,1,82048,2025 Topps Finest X-Men '97 - SuperFractor,"Move to existing subset ""2025 Topps Finest X-Men '97 - SuperFractor"" (id 7439)"
2025 Topps Finest X-Men '97,2025 Topps Finest X-Men '97 - Remember It,10,X-Fractor,1,82051,2025 Topps Finest X-Men '97 - X-Fractor,"Move to existing subset ""2025 Topps Finest X-Men '97 - X-Fractor"" (id 7442)"
2025 Topps Finest X-Men '97,2025 Topps Finest X-Men '97 - Remember It,10,Laser Refractor,1,82052,2025 Topps Finest X-Men '97 - Laser Refractor,"Move to existing subset ""2025 Topps Finest X-Men '97 - Laser Refractor"" (id 7414)"
2025 Topps Finest X-Men '97,2025 Topps Finest X-Men '97 - Remember It,2,SuperFractor,1,81707,2025 Topps Finest X-Men '97 - SuperFractor,"Move to existing subset ""2025 Topps Finest X-Men '97 - SuperFractor"" (id 7439)"
2025 Topps Finest X-Men '97,2025 Topps Finest X-Men '97 - Remember It,2,X-Fractor,1,82038,2025 Topps Finest X-Men '97 - X-Fractor,"Move to existing subset ""2025 Topps Finest X-Men '97 - X-Fractor"" (id 7442)"
2025 Topps Finest X-Men '97,2025 Topps Finest X-Men '97 - Remember It,2,Laser Refractor,1,82039,2025 Topps Finest X-Men '97 - Laser Refractor,"Move to existing subset ""2025 Topps Finest X-Men '97 - Laser Refractor"" (id 7414)"
2025 Topps Finest X-Men '97,2025 Topps Finest X-Men '97 - Remember It,3,Laser Refractor,1,81711,2025 Topps Finest X-Men '97 - Laser Refractor,"Move to existing subset ""2025 Topps Finest X-Men '97 - Laser Refractor"" (id 7414)"
2025 Topps Finest X-Men '97,2025 Topps Finest X-Men '97 - Remember It,3,X-Fractor,1,81716,2025 Topps Finest X-Men '97 - X-Fractor,"Move to existing subset ""2025 Topps Finest X-Men '97 - X-Fractor"" (id 7442)"
2025 Topps Finest X-Men '97,2025 Topps Finest X-Men '97 - Remember It,3,SuperFractor,1,82036,2025 Topps Finest X-Men '97 - SuperFractor,"Move to existing subset ""2025 Topps Finest X-Men '97 - SuperFractor"" (id 7439)"
2025 Topps Finest X-Men '97,2025 Topps Finest X-Men '97 - Remember It,4,Laser Refractor,1,82037,2025 Topps Finest X-Men '97 - Laser Refractor,"Move to existing subset ""2025 Topps Finest X-Men '97 - Laser Refractor"" (id 7414)"
2025 Topps Finest X-Men '97,2025 Topps Finest X-Men '97 - Remember It,4,SuperFractor,1,82040,2025 Topps Finest X-Men '97 - SuperFractor,"Move to existing subset ""2025 Topps Finest X-Men '97 - SuperFractor"" (id 7439)"
2025 Topps Finest X-Men '97,2025 Topps Finest X-Men '97 - Remember It,4,X-Fractor,1,82042,2025 Topps Finest X-Men '97 - X-Fractor,"Move to existing subset ""2025 Topps Finest X-Men '97 - X-Fractor"" (id 7442)"
2025 Topps Finest X-Men '97,2025 Topps Finest X-Men '97 - Remember It,5,Laser Refractor,1,82033,2025 Topps Finest X-Men '97 - Laser Refractor,"Move to existing subset ""2025 Topps Finest X-Men '97 - Laser Refractor"" (id 7414)"
2025 Topps Finest X-Men '97,2025 Topps Finest X-Men '97 - Remember It,5,SuperFractor,1,82041,2025 Topps Finest X-Men '97 - SuperFractor,"Move to existing subset ""2025 Topps Finest X-Men '97 - SuperFractor"" (id 7439)"
2025 Topps Finest X-Men '97,2025 Topps Finest X-Men '97 - Remember It,5,X-Fractor,1,82043,2025 Topps Finest X-Men '97 - X-Fractor,"Move to existing subset ""2025 Topps Finest X-Men '97 - X-Fractor"" (id 7442)"
2025 Topps Finest X-Men '97,2025 Topps Finest X-Men '97 - Remember It,6,Laser Refractor,1,81710,2025 Topps Finest X-Men '97 - Laser Refractor,"Move to existing subset ""2025 Topps Finest X-Men '97 - Laser Refractor"" (id 7414)"
2025 Topps Finest X-Men '97,2025 Topps Finest X-Men '97 - Remember It,6,X-Fractor,1,81715,2025 Topps Finest X-Men '97 - X-Fractor,"Move to existing subset ""2025 Topps Finest X-Men '97 - X-Fractor"" (id 7442)"
2025 Topps Finest X-Men '97,2025 Topps Finest X-Men '97 - Remember It,6,SuperFractor,1,82045,2025 Topps Finest X-Men '97 - SuperFractor,"Move to existing subset ""2025 Topps Finest X-Men '97 - SuperFractor"" (id 7439)"
2025 Topps Finest X-Men '97,2025 Topps Finest X-Men '97 - Remember It,7,Laser Refractor,1,81706,2025 Topps Finest X-Men '97 - Laser Refractor,"Move to existing subset ""2025 Topps Finest X-Men '97 - Laser Refractor"" (id 7414)"
2025 Topps Finest X-Men '97,2025 Topps Finest X-Men '97 - Remember It,7,X-Fractor,1,81709,2025 Topps Finest X-Men '97 - X-Fractor,"Move to existing subset ""2025 Topps Finest X-Men '97 - X-Fractor"" (id 7442)"
2025 Topps Finest X-Men '97,2025 Topps Finest X-Men '97 - Remember It,7,SuperFractor,1,82044,2025 Topps Finest X-Men '97 - SuperFractor,"Move to existing subset ""2025 Topps Finest X-Men '97 - SuperFractor"" (id 7439)"
2025 Topps Finest X-Men '97,2025 Topps Finest X-Men '97 - Remember It,8,X-Fractor,1,81717,2025 Topps Finest X-Men '97 - X-Fractor,"Move to existing subset ""2025 Topps Finest X-Men '97 - X-Fractor"" (id 7442)"
2025 Topps Finest X-Men '97,2025 Topps Finest X-Men '97 - Remember It,8,Laser Refractor,1,82032,2025 Topps Finest X-Men '97 - Laser Refractor,"Move to existing subset ""2025 Topps Finest X-Men '97 - Laser Refractor"" (id 7414)"
2025 Topps Finest X-Men '97,2025 Topps Finest X-Men '97 - Remember It,8,SuperFractor,1,82050,2025 Topps Finest X-Men '97 - SuperFractor,"Move to existing subset ""2025 Topps Finest X-Men '97 - SuperFractor"" (id 7439)"
2025 Topps Finest X-Men '97,2025 Topps Finest X-Men '97 - Remember It,9,X-Fractor,1,82046,2025 Topps Finest X-Men '97 - X-Fractor,"Move to existing subset ""2025 Topps Finest X-Men '97 - X-Fractor"" (id 7442)"
2025 Topps Finest X-Men '97,2025 Topps Finest X-Men '97 - Remember It,9,Laser Refractor,1,82047,2025 Topps Finest X-Men '97 - Laser Refractor,"Move to existing subset ""2025 Topps Finest X-Men '97 - Laser Refractor"" (id 7414)"
2025 Topps Finest X-Men '97,2025 Topps Finest X-Men '97 - Remember It,9,SuperFractor,1,82049,2025 Topps Finest X-Men '97 - SuperFractor,"Move to existing subset ""2025 Topps Finest X-Men '97 - SuperFractor"" (id 7439)"
2025 Topps Finest X-Men '97,2025 Topps Finest X-Men '97 - Sentinels’ Scan,1,Orange Refractor,1,81629,2025 Topps Finest X-Men '97 - Orange Refractor,"Move to existing subset ""2025 Topps Finest X-Men '97 - Orange Refractor"" (id 7418)"
2025 Topps Finest X-Men '97,2025 Topps Finest X-Men '97 - Sentinels’ Scan,1,Gold Refractor,1,81640,2025 Topps Finest X-Men '97 - Gold Refractor,"Move to existing subset ""2025 Topps Finest X-Men '97 - Gold Refractor"" (id 7406)"
2025 Topps Finest X-Men '97,2025 Topps Finest X-Men '97 - Sentinels’ Scan,1,SuperFractor,1,82053,2025 Topps Finest X-Men '97 - SuperFractor,"Move to existing subset ""2025 Topps Finest X-Men '97 - SuperFractor"" (id 7439)"
2025 Topps Finest X-Men '97,2025 Topps Finest X-Men '97 - Sentinels’ Scan,1,X-Fractor,1,82054,2025 Topps Finest X-Men '97 - X-Fractor,"Move to existing subset ""2025 Topps Finest X-Men '97 - X-Fractor"" (id 7442)"
2025 Topps Finest X-Men '97,2025 Topps Finest X-Men '97 - Sentinels’ Scan,1,Red Refractor,1,82056,2025 Topps Finest X-Men '97 - Red Refractor,"Move to existing subset ""2025 Topps Finest X-Men '97 - Red Refractor"" (id 7426)"
2025 Topps Finest X-Men '97,2025 Topps Finest X-Men '97 - Sentinels’ Scan,10,X-Fractor,1,81631,2025 Topps Finest X-Men '97 - X-Fractor,"Move to existing subset ""2025 Topps Finest X-Men '97 - X-Fractor"" (id 7442)"
2025 Topps Finest X-Men '97,2025 Topps Finest X-Men '97 - Sentinels’ Scan,10,Gold Refractor,1,81635,2025 Topps Finest X-Men '97 - Gold Refractor,"Move to existing subset ""2025 Topps Finest X-Men '97 - Gold Refractor"" (id 7406)"
2025 Topps Finest X-Men '97,2025 Topps Finest X-Men '97 - Sentinels’ Scan,10,Orange Refractor,1,81646,2025 Topps Finest X-Men '97 - Orange Refractor,"Move to existing subset ""2025 Topps Finest X-Men '97 - Orange Refractor"" (id 7418)"
2025 Topps Finest X-Men '97,2025 Topps Finest X-Men '97 - Sentinels’ Scan,10,SuperFractor,1,82104,2025 Topps Finest X-Men '97 - SuperFractor,"Move to existing subset ""2025 Topps Finest X-Men '97 - SuperFractor"" (id 7439)"
2025 Topps Finest X-Men '97,2025 Topps Finest X-Men '97 - Sentinels’ Scan,10,Red Refractor,1,82107,2025 Topps Finest X-Men '97 - Red Refractor,"Move to existing subset ""2025 Topps Finest X-Men '97 - Red Refractor"" (id 7426)"
2025 Topps Finest X-Men '97,2025 Topps Finest X-Men '97 - Sentinels’ Scan,11,X-Fractor,1,82105,2025 Topps Finest X-Men '97 - X-Fractor,"Move to existing subset ""2025 Topps Finest X-Men '97 - X-Fractor"" (id 7442)"
2025 Topps Finest X-Men '97,2025 Topps Finest X-Men '97 - Sentinels’ Scan,11,Gold Refractor,1,82106,2025 Topps Finest X-Men '97 - Gold Refractor,"Move to existing subset ""2025 Topps Finest X-Men '97 - Gold Refractor"" (id 7406)"
2025 Topps Finest X-Men '97,2025 Topps Finest X-Men '97 - Sentinels’ Scan,11,SuperFractor,1,82108,2025 Topps Finest X-Men '97 - SuperFractor,"Move to existing subset ""2025 Topps Finest X-Men '97 - SuperFractor"" (id 7439)"
2025 Topps Finest X-Men '97,2025 Topps Finest X-Men '97 - Sentinels’ Scan,11,Orange Refractor,1,82110,2025 Topps Finest X-Men '97 - Orange Refractor,"Move to existing subset ""2025 Topps Finest X-Men '97 - Orange Refractor"" (id 7418)"
2025 Topps Finest X-Men '97,2025 Topps Finest X-Men '97 - Sentinels’ Scan,11,Red Refractor,1,82133,2025 Topps Finest X-Men '97 - Red Refractor,"Move to existing subset ""2025 Topps Finest X-Men '97 - Red Refractor"" (id 7426)"
2025 Topps Finest X-Men '97,2025 Topps Finest X-Men '97 - Sentinels’ Scan,12,Orange Refractor,1,81634,2025 Topps Finest X-Men '97 - Orange Refractor,"Move to existing subset ""2025 Topps Finest X-Men '97 - Orange Refractor"" (id 7418)"
2025 Topps Finest X-Men '97,2025 Topps Finest X-Men '97 - Sentinels’ Scan,12,SuperFractor,1,82109,2025 Topps Finest X-Men '97 - SuperFractor,"Move to existing subset ""2025 Topps Finest X-Men '97 - SuperFractor"" (id 7439)"
2025 Topps Finest X-Men '97,2025 Topps Finest X-Men '97 - Sentinels’ Scan,12,X-Fractor,1,82111,2025 Topps Finest X-Men '97 - X-Fractor,"Move to existing subset ""2025 Topps Finest X-Men '97 - X-Fractor"" (id 7442)"
2025 Topps Finest X-Men '97,2025 Topps Finest X-Men '97 - Sentinels’ Scan,12,Gold Refractor,1,82112,2025 Topps Finest X-Men '97 - Gold Refractor,"Move to existing subset ""2025 Topps Finest X-Men '97 - Gold Refractor"" (id 7406)"
2025 Topps Finest X-Men '97,2025 Topps Finest X-Men '97 - Sentinels’ Scan,12,Red Refractor,1,82113,2025 Topps Finest X-Men '97 - Red Refractor,"Move to existing subset ""2025 Topps Finest X-Men '97 - Red Refractor"" (id 7426)"
2025 Topps Finest X-Men '97,2025 Topps Finest X-Men '97 - Sentinels’ Scan,13,X-Fractor,1,81625,2025 Topps Finest X-Men '97 - X-Fractor,"Move to existing subset ""2025 Topps Finest X-Men '97 - X-Fractor"" (id 7442)"
2025 Topps Finest X-Men '97,2025 Topps Finest X-Men '97 - Sentinels’ Scan,13,Orange Refractor,1,82114,2025 Topps Finest X-Men '97 - Orange Refractor,"Move to existing subset ""2025 Topps Finest X-Men '97 - Orange Refractor"" (id 7418)"
2025 Topps Finest X-Men '97,2025 Topps Finest X-Men '97 - Sentinels’ Scan,13,Gold Refractor,1,82115,2025 Topps Finest X-Men '97 - Gold Refractor,"Move to existing subset ""2025 Topps Finest X-Men '97 - Gold Refractor"" (id 7406)"
2025 Topps Finest X-Men '97,2025 Topps Finest X-Men '97 - Sentinels’ Scan,13,Red Refractor,1,82116,2025 Topps Finest X-Men '97 - Red Refractor,"Move to existing subset ""2025 Topps Finest X-Men '97 - Red Refractor"" (id 7426)"
2025 Topps Finest X-Men '97,2025 Topps Finest X-Men '97 - Sentinels’ Scan,13,SuperFractor,1,82117,2025 Topps Finest X-Men '97 - SuperFractor,"Move to existing subset ""2025 Topps Finest X-Men '97 - SuperFractor"" (id 7439)"
2025 Topps Finest X-Men '97,2025 Topps Finest X-Men '97 - Sentinels’ Scan,14,X-Fractor,1,82118,2025 Topps Finest X-Men '97 - X-Fractor,"Move to existing subset ""2025 Topps Finest X-Men '97 - X-Fractor"" (id 7442)"
2025 Topps Finest X-Men '97,2025 Topps Finest X-Men '97 - Sentinels’ Scan,14,Gold Refractor,1,82119,2025 Topps Finest X-Men '97 - Gold Refractor,"Move to existing subset ""2025 Topps Finest X-Men '97 - Gold Refractor"" (id 7406)"
2025 Topps Finest X-Men '97,2025 Topps Finest X-Men '97 - Sentinels’ Scan,14,Red Refractor,1,82120,2025 Topps Finest X-Men '97 - Red Refractor,"Move to existing subset ""2025 Topps Finest X-Men '97 - Red Refractor"" (id 7426)"
2025 Topps Finest X-Men '97,2025 Topps Finest X-Men '97 - Sentinels’ Scan,14,SuperFractor,1,82122,2025 Topps Finest X-Men '97 - SuperFractor,"Move to existing subset ""2025 Topps Finest X-Men '97 - SuperFractor"" (id 7439)"
2025 Topps Finest X-Men '97,2025 Topps Finest X-Men '97 - Sentinels’ Scan,14,Orange Refractor,1,82126,2025 Topps Finest X-Men '97 - Orange Refractor,"Move to existing subset ""2025 Topps Finest X-Men '97 - Orange Refractor"" (id 7418)"
2025 Topps Finest X-Men '97,2025 Topps Finest X-Men '97 - Sentinels’ Scan,15,Gold Refractor,1,81619,2025 Topps Finest X-Men '97 - Gold Refractor,"Move to existing subset ""2025 Topps Finest X-Men '97 - Gold Refractor"" (id 7406)"
2025 Topps Finest X-Men '97,2025 Topps Finest X-Men '97 - Sentinels’ Scan,15,SuperFractor,1,82121,2025 Topps Finest X-Men '97 - SuperFractor,"Move to existing subset ""2025 Topps Finest X-Men '97 - SuperFractor"" (id 7439)"
2025 Topps Finest X-Men '97,2025 Topps Finest X-Men '97 - Sentinels’ Scan,15,X-Fractor,1,82123,2025 Topps Finest X-Men '97 - X-Fractor,"Move to existing subset ""2025 Topps Finest X-Men '97 - X-Fractor"" (id 7442)"
2025 Topps Finest X-Men '97,2025 Topps Finest X-Men '97 - Sentinels’ Scan,15,Orange Refractor,1,82124,2025 Topps Finest X-Men '97 - Orange Refractor,"Move to existing subset ""2025 Topps Finest X-Men '97 - Orange Refractor"" (id 7418)"
2025 Topps Finest X-Men '97,2025 Topps Finest X-Men '97 - Sentinels’ Scan,15,Red Refractor,1,82125,2025 Topps Finest X-Men '97 - Red Refractor,"Move to existing subset ""2025 Topps Finest X-Men '97 - Red Refractor"" (id 7426)"
2025 Topps Finest X-Men '97,2025 Topps Finest X-Men '97 - Sentinels’ Scan,16,SuperFractor,1,82127,2025 Topps Finest X-Men '97 - SuperFractor,"Move to existing subset ""2025 Topps Finest X-Men '97 - SuperFractor"" (id 7439)"
2025 Topps Finest X-Men '97,2025 Topps Finest X-Men '97 - Sentinels’ Scan,16,X-Fractor,1,82129,2025 Topps Finest X-Men '97 - X-Fractor,"Move to existing subset ""2025 Topps Finest X-Men '97 - X-Fractor"" (id 7442)"
2025 Topps Finest X-Men '97,2025 Topps Finest X-Men '97 - Sentinels’ Scan,16,Orange Refractor,1,82131,2025 Topps Finest X-Men '97 - Orange Refractor,"Move to existing subset ""2025 Topps Finest X-Men '97 - Orange Refractor"" (id 7418)"
2025 Topps Finest X-Men '97,2025 Topps Finest X-Men '97 - Sentinels’ Scan,16,Gold Refractor,1,82132,2025 Topps Finest X-Men '97 - Gold Refractor,"Move to existing subset ""2025 Topps Finest X-Men '97 - Gold Refractor"" (id 7406)"
2025 Topps Finest X-Men '97,2025 Topps Finest X-Men '97 - Sentinels’ Scan,16,Red Refractor,1,82134,2025 Topps Finest X-Men '97 - Red Refractor,"Move to existing subset ""2025 Topps Finest X-Men '97 - Red Refractor"" (id 7426)"
2025 Topps Finest X-Men '97,2025 Topps Finest X-Men '97 - Sentinels’ Scan,17,X-Fractor,1,81649,2025 Topps Finest X-Men '97 - X-Fractor,"Move to existing subset ""2025 Topps Finest X-Men '97 - X-Fractor"" (id 7442)"
2025 Topps Finest X-Men '97,2025 Topps Finest X-Men '97 - Sentinels’ Scan,17,Red Refractor,1,82070,2025 Topps Finest X-Men '97 - Red Refractor,"Move to existing subset ""2025 Topps Finest X-Men '97 - Red Refractor"" (id 7426)"
2025 Topps Finest X-Men '97,2025 Topps Finest X-Men '97 - Sentinels’ Scan,17,SuperFractor,1,82072,2025 Topps Finest X-Men '97 - SuperFractor,"Move to existing subset ""2025 Topps Finest X-Men '97 - SuperFractor"" (id 7439)"
2025 Topps Finest X-Men '97,2025 Topps Finest X-Men '97 - Sentinels’ Scan,17,Orange Refractor,1,82128,2025 Topps Finest X-Men '97 - Orange Refractor,"Move to existing subset ""2025 Topps Finest X-Men '97 - Orange Refractor"" (id 7418)"
2025 Topps Finest X-Men '97,2025 Topps Finest X-Men '97 - Sentinels’ Scan,17,Gold Refractor,1,82130,2025 Topps Finest X-Men '97 - Gold Refractor,"Move to existing subset ""2025 Topps Finest X-Men '97 - Gold Refractor"" (id 7406)"
2025 Topps Finest X-Men '97,2025 Topps Finest X-Men '97 - Sentinels’ Scan,18,X-Fractor,1,82074,2025 Topps Finest X-Men '97 - X-Fractor,"Move to existing subset ""2025 Topps Finest X-Men '97 - X-Fractor"" (id 7442)"
2025 Topps Finest X-Men '97,2025 Topps Finest X-Men '97 - Sentinels’ Scan,18,Gold Refractor,1,82075,2025 Topps Finest X-Men '97 - Gold Refractor,"Move to existing subset ""2025 Topps Finest X-Men '97 - Gold Refractor"" (id 7406)"
2025 Topps Finest X-Men '97,2025 Topps Finest X-Men '97 - Sentinels’ Scan,18,SuperFractor,1,82080,2025 Topps Finest X-Men '97 - SuperFractor,"Move to existing subset ""2025 Topps Finest X-Men '97 - SuperFractor"" (id 7439)"
2025 Topps Finest X-Men '97,2025 Topps Finest X-Men '97 - Sentinels’ Scan,18,Orange Refractor,1,82081,2025 Topps Finest X-Men '97 - Orange Refractor,"Move to existing subset ""2025 Topps Finest X-Men '97 - Orange Refractor"" (id 7418)"
2025 Topps Finest X-Men '97,2025 Topps Finest X-Men '97 - Sentinels’ Scan,18,Red Refractor,1,82083,2025 Topps Finest X-Men '97 - Red Refractor,"Move to existing subset ""2025 Topps Finest X-Men '97 - Red Refractor"" (id 7426)"
2025 Topps Finest X-Men '97,2025 Topps Finest X-Men '97 - Sentinels’ Scan,19,Gold Refractor,1,81623,2025 Topps Finest X-Men '97 - Gold Refractor,"Move to existing subset ""2025 Topps Finest X-Men '97 - Gold Refractor"" (id 7406)"
2025 Topps Finest X-Men '97,2025 Topps Finest X-Men '97 - Sentinels’ Scan,19,X-Fractor,1,81645,2025 Topps Finest X-Men '97 - X-Fractor,"Move to existing subset ""2025 Topps Finest X-Men '97 - X-Fractor"" (id 7442)"
2025 Topps Finest X-Men '97,2025 Topps Finest X-Men '97 - Sentinels’ Scan,19,SuperFractor,1,82091,2025 Topps Finest X-Men '97 - SuperFractor,"Move to existing subset ""2025 Topps Finest X-Men '97 - SuperFractor"" (id 7439)"
2025 Topps Finest X-Men '97,2025 Topps Finest X-Men '97 - Sentinels’ Scan,19,Orange Refractor,1,82094,2025 Topps Finest X-Men '97 - Orange Refractor,"Move to existing subset ""2025 Topps Finest X-Men '97 - Orange Refractor"" (id 7418)"
2025 Topps Finest X-Men '97,2025 Topps Finest X-Men '97 - Sentinels’ Scan,19,Red Refractor,1,82095,2025 Topps Finest X-Men '97 - Red Refractor,"Move to existing subset ""2025 Topps Finest X-Men '97 - Red Refractor"" (id 7426)"
2025 Topps Finest X-Men '97,2025 Topps Finest X-Men '97 - Sentinels’ Scan,2,Orange Refractor,1,81622,2025 Topps Finest X-Men '97 - Orange Refractor,"Move to existing subset ""2025 Topps Finest X-Men '97 - Orange Refractor"" (id 7418)"
2025 Topps Finest X-Men '97,2025 Topps Finest X-Men '97 - Sentinels’ Scan,2,X-Fractor,1,82055,2025 Topps Finest X-Men '97 - X-Fractor,"Move to existing subset ""2025 Topps Finest X-Men '97 - X-Fractor"" (id 7442)"
2025 Topps Finest X-Men '97,2025 Topps Finest X-Men '97 - Sentinels’ Scan,2,Gold Refractor,1,82057,2025 Topps Finest X-Men '97 - Gold Refractor,"Move to existing subset ""2025 Topps Finest X-Men '97 - Gold Refractor"" (id 7406)"
2025 Topps Finest X-Men '97,2025 Topps Finest X-Men '97 - Sentinels’ Scan,2,SuperFractor,1,82059,2025 Topps Finest X-Men '97 - SuperFractor,"Move to existing subset ""2025 Topps Finest X-Men '97 - SuperFractor"" (id 7439)"
2025 Topps Finest X-Men '97,2025 Topps Finest X-Men '97 - Sentinels’ Scan,2,Red Refractor,1,82064,2025 Topps Finest X-Men '97 - Red Refractor,"Move to existing subset ""2025 Topps Finest X-Men '97 - Red Refractor"" (id 7426)"
2025 Topps Finest X-Men '97,2025 Topps Finest X-Men '97 - Sentinels’ Scan,20,X-Fractor,1,81644,2025 Topps Finest X-Men '97 - X-Fractor,"Move to existing subset ""2025 Topps Finest X-Men '97 - X-Fractor"" (id 7442)"
2025 Topps Finest X-Men '97,2025 Topps Finest X-Men '97 - Sentinels’ Scan,20,SuperFractor,1,82097,2025 Topps Finest X-Men '97 - SuperFractor,"Move to existing subset ""2025 Topps Finest X-Men '97 - SuperFractor"" (id 7439)"
2025 Topps Finest X-Men '97,2025 Topps Finest X-Men '97 - Sentinels’ Scan,20,Orange Refractor,1,82100,2025 Topps Finest X-Men '97 - Orange Refractor,"Move to existing subset ""2025 Topps Finest X-Men '97 - Orange Refractor"" (id 7418)"
2025 Topps Finest X-Men '97,2025 Topps Finest X-Men '97 - Sentinels’ Scan,20,Gold Refractor,1,82102,2025 Topps Finest X-Men '97 - Gold Refractor,"Move to existing subset ""2025 Topps Finest X-Men '97 - Gold Refractor"" (id 7406)"
2025 Topps Finest X-Men '97,2025 Topps Finest X-Men '97 - Sentinels’ Scan,20,Red Refractor,1,82103,2025 Topps Finest X-Men '97 - Red Refractor,"Move to existing subset ""2025 Topps Finest X-Men '97 - Red Refractor"" (id 7426)"
2025 Topps Finest X-Men '97,2025 Topps Finest X-Men '97 - Sentinels’ Scan,3,SuperFractor,1,82058,2025 Topps Finest X-Men '97 - SuperFractor,"Move to existing subset ""2025 Topps Finest X-Men '97 - SuperFractor"" (id 7439)"
2025 Topps Finest X-Men '97,2025 Topps Finest X-Men '97 - Sentinels’ Scan,3,X-Fractor,1,82060,2025 Topps Finest X-Men '97 - X-Fractor,"Move to existing subset ""2025 Topps Finest X-Men '97 - X-Fractor"" (id 7442)"
2025 Topps Finest X-Men '97,2025 Topps Finest X-Men '97 - Sentinels’ Scan,3,Orange Refractor,1,82061,2025 Topps Finest X-Men '97 - Orange Refractor,"Move to existing subset ""2025 Topps Finest X-Men '97 - Orange Refractor"" (id 7418)"
2025 Topps Finest X-Men '97,2025 Topps Finest X-Men '97 - Sentinels’ Scan,3,Gold Refractor,1,82062,2025 Topps Finest X-Men '97 - Gold Refractor,"Move to existing subset ""2025 Topps Finest X-Men '97 - Gold Refractor"" (id 7406)"
2025 Topps Finest X-Men '97,2025 Topps Finest X-Men '97 - Sentinels’ Scan,3,Red Refractor,1,82063,2025 Topps Finest X-Men '97 - Red Refractor,"Move to existing subset ""2025 Topps Finest X-Men '97 - Red Refractor"" (id 7426)"
2025 Topps Finest X-Men '97,2025 Topps Finest X-Men '97 - Sentinels’ Scan,4,Gold Refractor,1,81641,2025 Topps Finest X-Men '97 - Gold Refractor,"Move to existing subset ""2025 Topps Finest X-Men '97 - Gold Refractor"" (id 7406)"
2025 Topps Finest X-Men '97,2025 Topps Finest X-Men '97 - Sentinels’ Scan,4,SuperFractor,1,82065,2025 Topps Finest X-Men '97 - SuperFractor,"Move to existing subset ""2025 Topps Finest X-Men '97 - SuperFractor"" (id 7439)"
2025 Topps Finest X-Men '97,2025 Topps Finest X-Men '97 - Sentinels’ Scan,4,X-Fractor,1,82067,2025 Topps Finest X-Men '97 - X-Fractor,"Move to existing subset ""2025 Topps Finest X-Men '97 - X-Fractor"" (id 7442)"
2025 Topps Finest X-Men '97,2025 Topps Finest X-Men '97 - Sentinels’ Scan,4,Orange Refractor,1,82068,2025 Topps Finest X-Men '97 - Orange Refractor,"Move to existing subset ""2025 Topps Finest X-Men '97 - Orange Refractor"" (id 7418)"
2025 Topps Finest X-Men '97,2025 Topps Finest X-Men '97 - Sentinels’ Scan,4,Red Refractor,1,82071,2025 Topps Finest X-Men '97 - Red Refractor,"Move to existing subset ""2025 Topps Finest X-Men '97 - Red Refractor"" (id 7426)"
2025 Topps Finest X-Men '97,2025 Topps Finest X-Men '97 - Sentinels’ Scan,5,X-Fractor,1,82066,2025 Topps Finest X-Men '97 - X-Fractor,"Move to existing subset ""2025 Topps Finest X-Men '97 - X-Fractor"" (id 7442)"
2025 Topps Finest X-Men '97,2025 Topps Finest X-Men '97 - Sentinels’ Scan,5,Gold Refractor,1,82069,2025 Topps Finest X-Men '97 - Gold Refractor,"Move to existing subset ""2025 Topps Finest X-Men '97 - Gold Refractor"" (id 7406)"
2025 Topps Finest X-Men '97,2025 Topps Finest X-Men '97 - Sentinels’ Scan,5,SuperFractor,1,82073,2025 Topps Finest X-Men '97 - SuperFractor,"Move to existing subset ""2025 Topps Finest X-Men '97 - SuperFractor"" (id 7439)"
2025 Topps Finest X-Men '97,2025 Topps Finest X-Men '97 - Sentinels’ Scan,5,Orange Refractor,1,82076,2025 Topps Finest X-Men '97 - Orange Refractor,"Move to existing subset ""2025 Topps Finest X-Men '97 - Orange Refractor"" (id 7418)"
2025 Topps Finest X-Men '97,2025 Topps Finest X-Men '97 - Sentinels’ Scan,5,Red Refractor,1,82078,2025 Topps Finest X-Men '97 - Red Refractor,"Move to existing subset ""2025 Topps Finest X-Men '97 - Red Refractor"" (id 7426)"
2025 Topps Finest X-Men '97,2025 Topps Finest X-Men '97 - Sentinels’ Scan,6,Orange Refractor,1,81621,2025 Topps Finest X-Men '97 - Orange Refractor,"Move to existing subset ""2025 Topps Finest X-Men '97 - Orange Refractor"" (id 7418)"
2025 Topps Finest X-Men '97,2025 Topps Finest X-Men '97 - Sentinels’ Scan,6,X-Fractor,1,82077,2025 Topps Finest X-Men '97 - X-Fractor,"Move to existing subset ""2025 Topps Finest X-Men '97 - X-Fractor"" (id 7442)"
2025 Topps Finest X-Men '97,2025 Topps Finest X-Men '97 - Sentinels’ Scan,6,Gold Refractor,1,82079,2025 Topps Finest X-Men '97 - Gold Refractor,"Move to existing subset ""2025 Topps Finest X-Men '97 - Gold Refractor"" (id 7406)"
2025 Topps Finest X-Men '97,2025 Topps Finest X-Men '97 - Sentinels’ Scan,6,SuperFractor,1,82082,2025 Topps Finest X-Men '97 - SuperFractor,"Move to existing subset ""2025 Topps Finest X-Men '97 - SuperFractor"" (id 7439)"
2025 Topps Finest X-Men '97,2025 Topps Finest X-Men '97 - Sentinels’ Scan,6,Red Refractor,1,82085,2025 Topps Finest X-Men '97 - Red Refractor,"Move to existing subset ""2025 Topps Finest X-Men '97 - Red Refractor"" (id 7426)"
2025 Topps Finest X-Men '97,2025 Topps Finest X-Men '97 - Sentinels’ Scan,7,Orange Refractor,1,81647,2025 Topps Finest X-Men '97 - Orange Refractor,"Move to existing subset ""2025 Topps Finest X-Men '97 - Orange Refractor"" (id 7418)"
2025 Topps Finest X-Men '97,2025 Topps Finest X-Men '97 - Sentinels’ Scan,7,X-Fractor,1,82084,2025 Topps Finest X-Men '97 - X-Fractor,"Move to existing subset ""2025 Topps Finest X-Men '97 - X-Fractor"" (id 7442)"
2025 Topps Finest X-Men '97,2025 Topps Finest X-Men '97 - Sentinels’ Scan,7,SuperFractor,1,82086,2025 Topps Finest X-Men '97 - SuperFractor,"Move to existing subset ""2025 Topps Finest X-Men '97 - SuperFractor"" (id 7439)"
2025 Topps Finest X-Men '97,2025 Topps Finest X-Men '97 - Sentinels’ Scan,7,Gold Refractor,1,82088,2025 Topps Finest X-Men '97 - Gold Refractor,"Move to existing subset ""2025 Topps Finest X-Men '97 - Gold Refractor"" (id 7406)"
2025 Topps Finest X-Men '97,2025 Topps Finest X-Men '97 - Sentinels’ Scan,7,Red Refractor,1,82089,2025 Topps Finest X-Men '97 - Red Refractor,"Move to existing subset ""2025 Topps Finest X-Men '97 - Red Refractor"" (id 7426)"
2025 Topps Finest X-Men '97,2025 Topps Finest X-Men '97 - Sentinels’ Scan,8,X-Fractor,1,81624,2025 Topps Finest X-Men '97 - X-Fractor,"Move to existing subset ""2025 Topps Finest X-Men '97 - X-Fractor"" (id 7442)"
2025 Topps Finest X-Men '97,2025 Topps Finest X-Men '97 - Sentinels’ Scan,8,Gold Refractor,1,82087,2025 Topps Finest X-Men '97 - Gold Refractor,"Move to existing subset ""2025 Topps Finest X-Men '97 - Gold Refractor"" (id 7406)"
2025 Topps Finest X-Men '97,2025 Topps Finest X-Men '97 - Sentinels’ Scan,8,SuperFractor,1,82090,2025 Topps Finest X-Men '97 - SuperFractor,"Move to existing subset ""2025 Topps Finest X-Men '97 - SuperFractor"" (id 7439)"
2025 Topps Finest X-Men '97,2025 Topps Finest X-Men '97 - Sentinels’ Scan,8,Orange Refractor,1,82092,2025 Topps Finest X-Men '97 - Orange Refractor,"Move to existing subset ""2025 Topps Finest X-Men '97 - Orange Refractor"" (id 7418)"
2025 Topps Finest X-Men '97,2025 Topps Finest X-Men '97 - Sentinels’ Scan,8,Red Refractor,1,82093,2025 Topps Finest X-Men '97 - Red Refractor,"Move to existing subset ""2025 Topps Finest X-Men '97 - Red Refractor"" (id 7426)"
2025 Topps Finest X-Men '97,2025 Topps Finest X-Men '97 - Sentinels’ Scan,9,X-Fractor,1,81642,2025 Topps Finest X-Men '97 - X-Fractor,"Move to existing subset ""2025 Topps Finest X-Men '97 - X-Fractor"" (id 7442)"
2025 Topps Finest X-Men '97,2025 Topps Finest X-Men '97 - Sentinels’ Scan,9,SuperFractor,1,82096,2025 Topps Finest X-Men '97 - SuperFractor,"Move to existing subset ""2025 Topps Finest X-Men '97 - SuperFractor"" (id 7439)"
2025 Topps Finest X-Men '97,2025 Topps Finest X-Men '97 - Sentinels’ Scan,9,Orange Refractor,1,82098,2025 Topps Finest X-Men '97 - Orange Refractor,"Move to existing subset ""2025 Topps Finest X-Men '97 - Orange Refractor"" (id 7418)"
2025 Topps Finest X-Men '97,2025 Topps Finest X-Men '97 - Sentinels’ Scan,9,Gold Refractor,1,82099,2025 Topps Finest X-Men '97 - Gold Refractor,"Move to existing subset ""2025 Topps Finest X-Men '97 - Gold Refractor"" (id 7406)"
2025 Topps Finest X-Men '97,2025 Topps Finest X-Men '97 - Sentinels’ Scan,9,Red Refractor,1,82101,2025 Topps Finest X-Men '97 - Red Refractor,"Move to existing subset ""2025 Topps Finest X-Men '97 - Red Refractor"" (id 7426)"
(unassigned),marvel 2023 eternals,13,Gold,1,76552,NONE,"No matching subset — create one or confirm these belong in ""marvel 2023 eternals"""
(unassigned),marvel 2023 eternals,13,Purple,1,76586,NONE,"No matching subset — create one or confirm these belong in ""marvel 2023 eternals"""
(unassigned),marvel 2023 eternals,13,Green,1,76699,NONE,"No matching subset — create one or confirm these belong in ""marvel 2023 eternals"""
(unassigned),marvel 2023 eternals,13,Blue,1,76808,NONE,"No matching subset — create one or confirm these belong in ""marvel 2023 eternals"""
(unassigned),marvel 2023 eternals,13,Printing Plate,1,76846,NONE,"No matching subset — create one or confirm these belong in ""marvel 2023 eternals"""
(unassigned),marvel 2023 eternals,13,Silver,1,76847,NONE,"No matching subset — create one or confirm these belong in ""marvel 2023 eternals"""
(unassigned),marvel 2023 eternals,13,Black,1,76849,NONE,"No matching subset — create one or confirm these belong in ""marvel 2023 eternals"""
(unassigned),marvel 2023 eternals,21,Purple,1,76592,NONE,"No matching subset — create one or confirm these belong in ""marvel 2023 eternals"""
(unassigned),marvel 2023 eternals,21,Gold,1,76670,NONE,"No matching subset — create one or confirm these belong in ""marvel 2023 eternals"""
(unassigned),marvel 2023 eternals,21,Silver,1,76784,NONE,"No matching subset — create one or confirm these belong in ""marvel 2023 eternals"""
(unassigned),marvel 2023 eternals,21,Printing Plate,1,76851,NONE,"No matching subset — create one or confirm these belong in ""marvel 2023 eternals"""
(unassigned),marvel 2023 eternals,21,Black,1,76852,NONE,"No matching subset — create one or confirm these belong in ""marvel 2023 eternals"""
(unassigned),marvel 2023 eternals,21,Green,1,76853,NONE,"No matching subset — create one or confirm these belong in ""marvel 2023 eternals"""
(unassigned),marvel 2023 eternals,21,Blue,1,76854,NONE,"No matching subset — create one or confirm these belong in ""marvel 2023 eternals"""
(unassigned),marvel 2023 eternals,45,Purple,1,76582,NONE,"No matching subset — create one or confirm these belong in ""marvel 2023 eternals"""
(unassigned),marvel 2023 eternals,45,Gold,1,76657,NONE,"No matching subset — create one or confirm these belong in ""marvel 2023 eternals"""
(unassigned),marvel 2023 eternals,45,Green,1,76765,NONE,"No matching subset — create one or confirm these belong in ""marvel 2023 eternals"""
(unassigned),marvel 2023 eternals,45,Silver,1,76863,NONE,"No matching subset — create one or confirm these belong in ""marvel 2023 eternals"""
(unassigned),marvel 2023 eternals,45,Black,1,76864,NONE,"No matching subset — create one or confirm these belong in ""marvel 2023 eternals"""
(unassigned),marvel 2023 eternals,45,Blue,1,76865,NONE,"No matching subset — create one or confirm these belong in ""marvel 2023 eternals"""
(unassigned),marvel 2023 eternals,56,Gold,1,76599,NONE,"No matching subset — create one or confirm these belong in ""marvel 2023 eternals"""
(unassigned),marvel 2023 eternals,56,Purple,1,76629,NONE,"No matching subset — create one or confirm these belong in ""marvel 2023 eternals"""
(unassigned),marvel 2023 eternals,56,Silver,1,76630,NONE,"No matching subset — create one or confirm these belong in ""marvel 2023 eternals"""
(unassigned),marvel 2023 eternals,56,Blue,1,76801,NONE,"No matching subset — create one or confirm these belong in ""marvel 2023 eternals"""
(unassigned),marvel 2023 eternals,56,Printing Plate,1,76866,NONE,"No matching subset — create one or confirm these belong in ""marvel 2023 eternals"""
(unassigned),marvel 2023 eternals,56,Black,1,76869,NONE,"No matching subset — create one or confirm these belong in ""marvel 2023 eternals"""
(unassigned),marvel 2023 eternals,18,Printing Plate,1,76572,NONE,"No matching subset — create one or confirm these belong in ""marvel 2023 eternals"""
(unassigned),marvel 2023 eternals,18,Purple,1,76588,NONE,"No matching subset — create one or confirm these belong in ""marvel 2023 eternals"""
(unassigned),marvel 2023 eternals,18,Gold,1,76758,NONE,"No matching subset — create one or confirm these belong in ""marvel 2023 eternals"""
(unassigned),marvel 2023 eternals,18,Silver,1,76779,NONE,"No matching subset — create one or confirm these belong in ""marvel 2023 eternals"""
(unassigned),marvel 2023 eternals,18,Blue,1,76817,NONE,"No matching subset — create one or confirm these belong in ""marvel 2023 eternals"""
(unassigned),marvel 2023 eternals,29,Gold,1,76609,NONE,"No matching subset — create one or confirm these belong in ""marvel 2023 eternals"""
(unassigned),marvel 2023 eternals,29,Green,1,76695,NONE,"No matching subset — create one or confirm these belong in ""marvel 2023 eternals"""
(unassigned),marvel 2023 eternals,29,Blue,1,76752,NONE,"No matching subset — create one or confirm these belong in ""marvel 2023 eternals"""
(unassigned),marvel 2023 eternals,29,Purple,1,76771,NONE,"No matching subset — create one or confirm these belong in ""marvel 2023 eternals"""
(unassigned),marvel 2023 eternals,29,Silver,1,76842,NONE,"No matching subset — create one or confirm these belong in ""marvel 2023 eternals"""
(unassigned),marvel 2023 eternals,31,Gold,1,76597,NONE,"No matching subset — create one or confirm these belong in ""marvel 2023 eternals"""
(unassigned),marvel 2023 eternals,31,Green,1,76700,NONE,"No matching subset — create one or confirm these belong in ""marvel 2023 eternals"""
(unassigned),marvel 2023 eternals,31,Printing Plate,1,76856,NONE,"No matching subset — create one or confirm these belong in ""marvel 2023 eternals"""
(unassigned),marvel 2023 eternals,31,Purple,1,76858,NONE,"No matching subset — create one or confirm these belong in ""marvel 2023 eternals"""
(unassigned),marvel 2023 eternals,31,Black,1,76859,NONE,"No matching subset — create one or confirm these belong in ""marvel 2023 eternals"""
(unassigned),marvel 2023 eternals,32,Purple,1,76619,NONE,"No matching subset — create one or confirm these belong in ""marvel 2023 eternals"""
(unassigned),marvel 2023 eternals,32,Green,1,76689,NONE,"No matching subset — create one or confirm these belong in ""marvel 2023 eternals"""
(unassigned),marvel 2023 eternals,32,Silver,1,76857,NONE,"No matching subset — create one or confirm these belong in ""marvel 2023 eternals"""
(unassigned),marvel 2023 eternals,32,Gold,1,76860,NONE,"No matching subset — create one or confirm these belong in ""marvel 2023 eternals"""
(unassigned),marvel 2023 eternals,32,Blue,1,76861,NONE,"No matching subset — create one or confirm these belong in ""marvel 2023 eternals"""
(unassigned),marvel 2023 eternals,83,Printing Plate,1,76591,NONE,"No matching subset — create one or confirm these belong in ""marvel 2023 eternals"""
(unassigned),marvel 2023 eternals,83,Blue,1,76674,NONE,"No matching subset — create one or confirm these belong in ""marvel 2023 eternals"""
(unassigned),marvel 2023 eternals,83,Gold,1,76719,NONE,"No matching subset — create one or confirm these belong in ""marvel 2023 eternals"""
(unassigned),marvel 2023 eternals,83,Green,1,76768,NONE,"No matching subset — create one or confirm these belong in ""marvel 2023 eternals"""
(unassigned),marvel 2023 eternals,83,Silver,1,76791,NONE,"No matching subset — create one or confirm these belong in ""marvel 2023 eternals"""
(unassigned),marvel 2023 eternals,91,Purple,1,76634,NONE,"No matching subset — create one or confirm these belong in ""marvel 2023 eternals"""
(unassigned),marvel 2023 eternals,91,Gold,1,76638,NONE,"No matching subset — create one or confirm these belong in ""marvel 2023 eternals"""
(unassigned),marvel 2023 eternals,91,Green,1,76708,NONE,"No matching subset — create one or confirm these belong in ""marvel 2023 eternals"""
(unassigned),marvel 2023 eternals,91,Blue,1,76722,NONE,"No matching subset — create one or confirm these belong in ""marvel 2023 eternals"""
(unassigned),marvel 2023 eternals,91,Silver,1,76831,NONE,"No matching subset — create one or confirm these belong in ""marvel 2023 eternals"""
(unassigned),marvel 2023 eternals,94,Silver,1,76623,NONE,"No matching subset — create one or confirm these belong in ""marvel 2023 eternals"""
(unassigned),marvel 2023 eternals,94,Purple,1,76641,NONE,"No matching subset — create one or confirm these belong in ""marvel 2023 eternals"""
(unassigned),marvel 2023 eternals,94,Gold,1,76680,NONE,"No matching subset — create one or confirm these belong in ""marvel 2023 eternals"""
(unassigned),marvel 2023 eternals,94,Green,1,76703,NONE,"No matching subset — create one or confirm these belong in ""marvel 2023 eternals"""
(unassigned),marvel 2023 eternals,94,Blue,1,76804,NONE,"No matching subset — create one or confirm these belong in ""marvel 2023 eternals"""
(unassigned),marvel 2023 eternals,100,Gold,1,76561,NONE,"No matching subset — create one or confirm these belong in ""marvel 2023 eternals"""
(unassigned),marvel 2023 eternals,100,Blue,1,76656,NONE,"No matching subset — create one or confirm these belong in ""marvel 2023 eternals"""
(unassigned),marvel 2023 eternals,100,Green,1,76697,NONE,"No matching subset — create one or confirm these belong in ""marvel 2023 eternals"""
(unassigned),marvel 2023 eternals,100,Silver,1,76788,NONE,"No matching subset — create one or confirm these belong in ""marvel 2023 eternals"""
(unassigned),marvel 2023 eternals,12,Gold,1,76570,NONE,"No matching subset — create one or confirm these belong in ""marvel 2023 eternals"""
(unassigned),marvel 2023 eternals,12,Blue,1,76665,NONE,"No matching subset — create one or confirm these belong in ""marvel 2023 eternals"""
(unassigned),marvel 2023 eternals,12,Green,1,76691,NONE,"No matching subset — create one or confirm these belong in ""marvel 2023 eternals"""
(unassigned),marvel 2023 eternals,12,Silver,1,76776,NONE,"No matching subset — create one or confirm these belong in ""marvel 2023 eternals"""
(unassigned),marvel 2023 eternals,19,Gold,1,76545,NONE,"No matching subset — create one or confirm these belong in ""marvel 2023 eternals"""
(unassigned),marvel 2023 eternals,19,Purple,1,76613,NONE,"No matching subset — create one or confirm these belong in ""marvel 2023 eternals"""
(unassigned),marvel 2023 eternals,19,Blue,1,76745,NONE,"No matching subset — create one or confirm these belong in ""marvel 2023 eternals"""
(unassigned),marvel 2023 eternals,19,Silver,1,76790,NONE,"No matching subset — create one or confirm these belong in ""marvel 2023 eternals"""
(unassigned),marvel 2023 eternals,36,Purple,1,76593,NONE,"No matching subset — create one or confirm these belong in ""marvel 2023 eternals"""
(unassigned),marvel 2023 eternals,36,Gold,1,76595,NONE,"No matching subset — create one or confirm these belong in ""marvel 2023 eternals"""
(unassigned),marvel 2023 eternals,36,Green,1,76710,NONE,"No matching subset — create one or confirm these belong in ""marvel 2023 eternals"""
(unassigned),marvel 2023 eternals,36,Blue,1,76746,NONE,"No matching subset — create one or confirm these belong in ""marvel 2023 eternals"""
(unassigned),marvel 2023 eternals,44,Blue,1,76628,NONE,"No matching subset — create one or confirm these belong in ""marvel 2023 eternals"""
(unassigned),marvel 2023 eternals,44,Green,1,76692,NONE,"No matching subset — create one or confirm these belong in ""marvel 2023 eternals"""
(unassigned),marvel 2023 eternals,44,Gold,1,76748,NONE,"No matching subset — create one or confirm these belong in ""marvel 2023 eternals"""
(unassigned),marvel 2023 eternals,44,Silver,1,76796,NONE,"No matching subset — create one or confirm these belong in ""marvel 2023 eternals"""
(unassigned),marvel 2023 eternals,5,Gold,1,76622,NONE,"No matching subset — create one or confirm these belong in ""marvel 2023 eternals"""
(unassigned),marvel 2023 eternals,5,Blue,1,76658,NONE,"No matching subset — create one or confirm these belong in ""marvel 2023 eternals"""
(unassigned),marvel 2023 eternals,5,Green,1,76701,NONE,"No matching subset — create one or confirm these belong in ""marvel 2023 eternals"""
(unassigned),marvel 2023 eternals,5,Silver,1,76840,NONE,"No matching subset — create one or confirm these belong in ""marvel 2023 eternals"""
(unassigned),marvel 2023 eternals,50,Gold,1,76673,NONE,"No matching subset — create one or confirm these belong in ""marvel 2023 eternals"""
(unassigned),marvel 2023 eternals,50,Blue,1,76750,NONE,"No matching subset — create one or confirm these belong in ""marvel 2023 eternals"""
(unassigned),marvel 2023 eternals,50,Green,1,76767,NONE,"No matching subset — create one or confirm these belong in ""marvel 2023 eternals"""
(unassigned),marvel 2023 eternals,50,Silver,1,76829,NONE,"No matching subset — create one or confirm these belong in ""marvel 2023 eternals"""
(unassigned),marvel 2023 eternals,53,Green,1,76712,NONE,"No matching subset — create one or confirm these belong in ""marvel 2023 eternals"""
(unassigned),marvel 2023 eternals,53,Gold,1,76715,NONE,"No matching subset — create one or confirm these belong in ""marvel 2023 eternals"""
(unassigned),marvel 2023 eternals,53,Silver,1,76799,NONE,"No matching subset — create one or confirm these belong in ""marvel 2023 eternals"""
(unassigned),marvel 2023 eternals,53,Blue,1,76810,NONE,"No matching subset — create one or confirm these belong in ""marvel 2023 eternals"""
(unassigned),marvel 2023 eternals,58,Purple,1,76567,NONE,"No matching subset — create one or confirm these belong in ""marvel 2023 eternals"""
(unassigned),marvel 2023 eternals,58,Gold,1,76669,NONE,"No matching subset — create one or confirm these belong in ""marvel 2023 eternals"""
(unassigned),marvel 2023 eternals,58,Blue,1,76749,NONE,"No matching subset — create one or confirm these belong in ""marvel 2023 eternals"""
(unassigned),marvel 2023 eternals,58,Silver,1,76782,NONE,"No matching subset — create one or confirm these belong in ""marvel 2023 eternals"""
(unassigned),marvel 2023 eternals,59,Purple,1,76568,NONE,"No matching subset — create one or confirm these belong in ""marvel 2023 eternals"""
(unassigned),marvel 2023 eternals,59,Gold,1,76574,NONE,"No matching subset — create one or confirm these belong in ""marvel 2023 eternals"""
(unassigned),marvel 2023 eternals,59,Blue,1,76775,NONE,"No matching subset — create one or confirm these belong in ""marvel 2023 eternals"""
(unassigned),marvel 2023 eternals,59,Silver,1,76792,NONE,"No matching subset — create one or confirm these belong in ""marvel 2023 eternals"""
(unassigned),marvel 2023 eternals,69,Gold,1,76548,NONE,"No matching subset — create one or confirm these belong in ""marvel 2023 eternals"""
(unassigned),marvel 2023 eternals,69,Silver,1,76870,NONE,"No matching subset — create one or confirm these belong in ""marvel 2023 eternals"""
(unassigned),marvel 2023 eternals,69,Black,1,76871,NONE,"No matching subset — create one or confirm these belong in ""marvel 2023 eternals"""
(unassigned),marvel 2023 eternals,69,Green,1,76872,NONE,"No matching subset — create one or confirm these belong in ""marvel 2023 eternals"""
(unassigned),marvel 2023 eternals,71,Gold,1,76601,NONE,"No matching subset — create one or confirm these belong in ""marvel 2023 eternals"""
(unassigned),marvel 2023 eternals,71,Purple,1,76648,NONE,"No matching subset — create one or confirm these belong in ""marvel 2023 eternals"""
(unassigned),marvel 2023 eternals,71,Blue,1,76822,NONE,"No matching subset — create one or confirm these belong in ""marvel 2023 eternals"""
(unassigned),marvel 2023 eternals,71,Silver,1,76839,NONE,"No matching subset — create one or confirm these belong in ""marvel 2023 eternals"""
(unassigned),marvel 2023 eternals,73,Purple,1,76566,NONE,"No matching subset — create one or confirm these belong in ""marvel 2023 eternals"""
(unassigned),marvel 2023 eternals,73,Gold,1,76709,NONE,"No matching subset — create one or confirm these belong in ""marvel 2023 eternals"""
(unassigned),marvel 2023 eternals,73,Blue,1,76730,NONE,"No matching subset — create one or confirm these belong in ""marvel 2023 eternals"""
(unassigned),marvel 2023 eternals,73,Silver,1,76797,NONE,"No matching subset — create one or confirm these belong in ""marvel 2023 eternals"""
(unassigned),marvel 2023 eternals,76,Gold,1,76594,NONE,"No matching subset — create one or confirm these belong in ""marvel 2023 eternals"""
(unassigned),marvel 2023 eternals,76,Silver,1,76605,NONE,"No matching subset — create one or confirm these belong in ""marvel 2023 eternals"""
(unassigned),marvel 2023 eternals,76,Green,1,76621,NONE,"No matching subset — create one or confirm these belong in ""marvel 2023 eternals"""
(unassigned),marvel 2023 eternals,76,Blue,1,76679,NONE,"No matching subset — create one or confirm these belong in ""marvel 2023 eternals"""
(unassigned),marvel 2023 eternals,77,Purple,1,76581,NONE,"No matching subset — create one or confirm these belong in ""marvel 2023 eternals"""
(unassigned),marvel 2023 eternals,77,Blue,1,76729,NONE,"No matching subset — create one or confirm these belong in ""marvel 2023 eternals"""
(unassigned),marvel 2023 eternals,77,Gold,1,76755,NONE,"No matching subset — create one or confirm these belong in ""marvel 2023 eternals"""
(unassigned),marvel 2023 eternals,77,Silver,1,76783,NONE,"No matching subset — create one or confirm these belong in ""marvel 2023 eternals"""
(unassigned),marvel 2023 eternals,78,Gold,1,76544,NONE,"No matching subset — create one or confirm these belong in ""marvel 2023 eternals"""
(unassigned),marvel 2023 eternals,78,Silver,1,76671,NONE,"No matching subset — create one or confirm these belong in ""marvel 2023 eternals"""
(unassigned),marvel 2023 eternals,78,Green,1,76753,NONE,"No matching subset — create one or confirm these belong in ""marvel 2023 eternals"""
(unassigned),marvel 2023 eternals,78,Blue,1,76825,NONE,"No matching subset — create one or confirm these belong in ""marvel 2023 eternals"""
(unassigned),marvel 2023 eternals,80,Gold,1,76564,NONE,"No matching subset — create one or confirm these belong in ""marvel 2023 eternals"""
(unassigned),marvel 2023 eternals,80,Purple,1,76636,NONE,"No matching subset — create one or confirm these belong in ""marvel 2023 eternals"""
(unassigned),marvel 2023 eternals,80,Blue,1,76726,NONE,"No matching subset — create one or confirm these belong in ""marvel 2023 eternals"""
(unassigned),marvel 2023 eternals,80,Silver,1,76832,NONE,"No matching subset — create one or confirm these belong in ""marvel 2023 eternals"""
(unassigned),marvel 2023 eternals,81,Gold,1,76635,NONE,"No matching subset — create one or confirm these belong in ""marvel 2023 eternals"""
(unassigned),marvel 2023 eternals,81,Purple,1,76711,NONE,"No matching subset — create one or confirm these belong in ""marvel 2023 eternals"""
(unassigned),marvel 2023 eternals,81,Green,1,76713,NONE,"No matching subset — create one or confirm these belong in ""marvel 2023 eternals"""
(unassigned),marvel 2023 eternals,81,Silver,1,76837,NONE,"No matching subset — create one or confirm these belong in ""marvel 2023 eternals"""
(unassigned),marvel 2023 eternals,84,Gold,1,76541,NONE,"No matching subset — create one or confirm these belong in ""marvel 2023 eternals"""
(unassigned),marvel 2023 eternals,84,Blue,1,76603,NONE,"No matching subset — create one or confirm these belong in ""marvel 2023 eternals"""
(unassigned),marvel 2023 eternals,84,Green,1,76706,NONE,"No matching subset — create one or confirm these belong in ""marvel 2023 eternals"""
(unassigned),marvel 2023 eternals,84,Silver,1,76798,NONE,"No matching subset — create one or confirm these belong in ""marvel 2023 eternals"""
(unassigned),marvel 2023 eternals,85,Purple,1,76565,NONE,"No matching subset — create one or confirm these belong in ""marvel 2023 eternals"""
(unassigned),marvel 2023 eternals,85,Blue,1,76610,NONE,"No matching subset — create one or confirm these belong in ""marvel 2023 eternals"""
(unassigned),marvel 2023 eternals,85,Gold,1,76757,NONE,"No matching subset — create one or confirm these belong in ""marvel 2023 eternals"""
(unassigned),marvel 2023 eternals,85,Green,1,76766,NONE,"No matching subset — create one or confirm these belong in ""marvel 2023 eternals"""
(unassigned),marvel 2023 eternals,87,Purple,1,76538,NONE,"No matching subset — create one or confirm these belong in ""marvel 2023 eternals"""
(unassigned),marvel 2023 eternals,87,Blue,1,76666,NONE,"No matching subset — create one or confirm these belong in ""marvel 2023 eternals"""
(unassigned),marvel 2023 eternals,87,Green,1,76704,NONE,"No matching subset — create one or confirm these belong in ""marvel 2023 eternals"""
(unassigned),marvel 2023 eternals,87,Gold,1,76806,NONE,"No matching subset — create one or confirm these belong in ""marvel 2023 eternals"""
(unassigned),marvel 2023 eternals,88,Gold,1,76598,NONE,"No matching subset — create one or confirm these belong in ""marvel 2023 eternals"""
(unassigned),marvel 2023 eternals,88,Silver,1,76681,NONE,"No matching subset — create one or confirm these belong in ""marvel 2023 eternals"""
(unassigned),marvel 2023 eternals,88,Green,1,76760,NONE,"No matching subset — create one or confirm these belong in ""marvel 2023 eternals"""
(unassigned),marvel 2023 eternals,88,Blue,1,76819,NONE,"No matching subset — create one or confirm these belong in ""marvel 2023 eternals"""
(unassigned),marvel 2023 eternals,89,Green,1,76546,NONE,"No matching subset — create one or confirm these belong in ""marvel 2023 eternals"""
(unassigned),marvel 2023 eternals,89,Gold,1,76554,NONE,"No matching subset — create one or confirm these belong in ""marvel 2023 eternals"""
(unassigned),marvel 2023 eternals,89,Blue,1,76678,NONE,"No matching subset — create one or confirm these belong in ""marvel 2023 eternals"""
(unassigned),marvel 2023 eternals,89,Silver,1,76785,NONE,"No matching subset — create one or confirm these belong in ""marvel 2023 eternals"""
(unassigned),marvel 2023 eternals,92,Gold,1,76606,NONE,"No matching subset — create one or confirm these belong in ""marvel 2023 eternals"""
(unassigned),marvel 2023 eternals,92,Silver,1,76675,NONE,"No matching subset — create one or confirm these belong in ""marvel 2023 eternals"""
(unassigned),marvel 2023 eternals,92,Green,1,76725,NONE,"No matching subset — create one or confirm these belong in ""marvel 2023 eternals"""
(unassigned),marvel 2023 eternals,92,Blue,1,76727,NONE,"No matching subset — create one or confirm these belong in ""marvel 2023 eternals"""
(unassigned),marvel 2023 eternals,93,Gold,1,76620,NONE,"No matching subset — create one or confirm these belong in ""marvel 2023 eternals"""
(unassigned),marvel 2023 eternals,93,Blue,1,76677,NONE,"No matching subset — create one or confirm these belong in ""marvel 2023 eternals"""
(unassigned),marvel 2023 eternals,93,Purple,1,76772,NONE,"No matching subset — create one or confirm these belong in ""marvel 2023 eternals"""
(unassigned),marvel 2023 eternals,93,Silver,1,76835,NONE,"No matching subset — create one or confirm these belong in ""marvel 2023 eternals"""
(unassigned),marvel 2023 eternals,96,Purple,1,76614,NONE,"No matching subset — create one or confirm these belong in ""marvel 2023 eternals"""
(unassigned),marvel 2023 eternals,96,Silver,1,76617,NONE,"No matching subset — create one or confirm these belong in ""marvel 2023 eternals"""
(unassigned),marvel 2023 eternals,96,Blue,1,76652,NONE,"No matching subset — create one or confirm these belong in ""marvel 2023 eternals"""
(unassigned),marvel 2023 eternals,96,Green,1,76732,NONE,"No matching subset — create one or confirm these belong in ""marvel 2023 eternals"""
(unassigned),marvel 2023 eternals,99,Purple,1,76583,NONE,"No matching subset — create one or confirm these belong in ""marvel 2023 eternals"""
(unassigned),marvel 2023 eternals,99,Blue,1,76650,NONE,"No matching subset — create one or confirm these belong in ""marvel 2023 eternals"""
(unassigned),marvel 2023 eternals,99,Green,1,76770,NONE,"No matching subset — create one or confirm these belong in ""marvel 2023 eternals"""
(unassigned),marvel 2023 eternals,99,Silver,1,76830,NONE,"No matching subset — create one or confirm these belong in ""marvel 2023 eternals"""
(unassigned),marvel 2023 eternals,10,Purple,1,76578,NONE,"No matching subset — create one or confirm these belong in ""marvel 2023 eternals"""
(unassigned),marvel 2023 eternals,10,Gold,1,76761,NONE,"No matching subset — create one or confirm these belong in ""marvel 2023 eternals"""
(unassigned),marvel 2023 eternals,10,Blue,1,76809,NONE,"No matching subset — create one or confirm these belong in ""marvel 2023 eternals"""
(unassigned),marvel 2023 eternals,14,Gold,1,76735,NONE,"No matching subset — create one or confirm these belong in ""marvel 2023 eternals"""
(unassigned),marvel 2023 eternals,14,Silver,1,76848,NONE,"No matching subset — create one or confirm these belong in ""marvel 2023 eternals"""
(unassigned),marvel 2023 eternals,14,Green,1,76850,NONE,"No matching subset — create one or confirm these belong in ""marvel 2023 eternals"""
(unassigned),marvel 2023 eternals,20,Gold,1,76728,NONE,"No matching subset — create one or confirm these belong in ""marvel 2023 eternals"""
(unassigned),marvel 2023 eternals,20,Blue,1,76751,NONE,"No matching subset — create one or confirm these belong in ""marvel 2023 eternals"""
(unassigned),marvel 2023 eternals,20,Silver,1,76786,NONE,"No matching subset — create one or confirm these belong in ""marvel 2023 eternals"""
(unassigned),marvel 2023 eternals,23,Purple,1,76540,NONE,"No matching subset — create one or confirm these belong in ""marvel 2023 eternals"""
(unassigned),marvel 2023 eternals,23,Gold,1,76811,NONE,"No matching subset — create one or confirm these belong in ""marvel 2023 eternals"""
(unassigned),marvel 2023 eternals,23,Silver,1,76841,NONE,"No matching subset — create one or confirm these belong in ""marvel 2023 eternals"""
(unassigned),marvel 2023 eternals,3,Purple,1,76542,NONE,"No matching subset — create one or confirm these belong in ""marvel 2023 eternals"""
(unassigned),marvel 2023 eternals,3,Gold,1,76717,NONE,"No matching subset — create one or confirm these belong in ""marvel 2023 eternals"""
(unassigned),marvel 2023 eternals,3,Blue,1,76812,NONE,"No matching subset — create one or confirm these belong in ""marvel 2023 eternals"""
(unassigned),marvel 2023 eternals,34,Gold,1,76616,NONE,"No matching subset — create one or confirm these belong in ""marvel 2023 eternals"""
(unassigned),marvel 2023 eternals,34,Purple,1,76659,NONE,"No matching subset — create one or confirm these belong in ""marvel 2023 eternals"""
(unassigned),marvel 2023 eternals,34,Blue,1,76685,NONE,"No matching subset — create one or confirm these belong in ""marvel 2023 eternals"""
(unassigned),marvel 2023 eternals,37,Gold,1,76560,NONE,"No matching subset — create one or confirm these belong in ""marvel 2023 eternals"""
(unassigned),marvel 2023 eternals,37,Green,1,76698,NONE,"No matching subset — create one or confirm these belong in ""marvel 2023 eternals"""
(unassigned),marvel 2023 eternals,37,Blue,1,76736,NONE,"No matching subset — create one or confirm these belong in ""marvel 2023 eternals"""
(unassigned),marvel 2023 eternals,4,Purple,1,76550,NONE,"No matching subset — create one or confirm these belong in ""marvel 2023 eternals"""
(unassigned),marvel 2023 eternals,4,Gold,1,76575,NONE,"No matching subset — create one or confirm these belong in ""marvel 2023 eternals"""
(unassigned),marvel 2023 eternals,4,Printing Plate,1,76590,NONE,"No matching subset — create one or confirm these belong in ""marvel 2023 eternals"""
(unassigned),marvel 2023 eternals,40,Gold,1,76543,NONE,"No matching subset — create one or confirm these belong in ""marvel 2023 eternals"""
(unassigned),marvel 2023 eternals,40,Purple,1,76556,NONE,"No matching subset — create one or confirm these belong in ""marvel 2023 eternals"""
(unassigned),marvel 2023 eternals,40,Blue,1,76739,NONE,"No matching subset — create one or confirm these belong in ""marvel 2023 eternals"""
(unassigned),marvel 2023 eternals,41,Purple,1,76596,NONE,"No matching subset — create one or confirm these belong in ""marvel 2023 eternals"""
(unassigned),marvel 2023 eternals,41,Gold,1,76604,NONE,"No matching subset — create one or confirm these belong in ""marvel 2023 eternals"""
(unassigned),marvel 2023 eternals,41,Blue,1,76747,NONE,"No matching subset — create one or confirm these belong in ""marvel 2023 eternals"""
(unassigned),marvel 2023 eternals,48,Purple,1,76577,NONE,"No matching subset — create one or confirm these belong in ""marvel 2023 eternals"""
(unassigned),marvel 2023 eternals,48,Green,1,76702,NONE,"No matching subset — create one or confirm these belong in ""marvel 2023 eternals"""
(unassigned),marvel 2023 eternals,48,Gold,1,76721,NONE,"No matching subset — create one or confirm these belong in ""marvel 2023 eternals"""
(unassigned),marvel 2023 eternals,49,Purple,1,76587,NONE,"No matching subset — create one or confirm these belong in ""marvel 2023 eternals"""
(unassigned),marvel 2023 eternals,49,Gold,1,76615,NONE,"No matching subset — create one or confirm these belong in ""marvel 2023 eternals"""
(unassigned),marvel 2023 eternals,49,Blue,1,76816,NONE,"No matching subset — create one or confirm these belong in ""marvel 2023 eternals"""
(unassigned),marvel 2023 eternals,51,Purple,1,76624,NONE,"No matching subset — create one or confirm these belong in ""marvel 2023 eternals"""
(unassigned),marvel 2023 eternals,51,Gold,1,76667,NONE,"No matching subset — create one or confirm these belong in ""marvel 2023 eternals"""
(unassigned),marvel 2023 eternals,51,Blue,1,76682,NONE,"No matching subset — create one or confirm these belong in ""marvel 2023 eternals"""
(unassigned),marvel 2023 eternals,52,Gold,1,76742,NONE,"No matching subset — create one or confirm these belong in ""marvel 2023 eternals"""
(unassigned),marvel 2023 eternals,52,Blue,1,76743,NONE,"No matching subset — create one or confirm these belong in ""marvel 2023 eternals"""
(unassigned),marvel 2023 eternals,52,Silver,1,76794,NONE,"No matching subset — create one or confirm these belong in ""marvel 2023 eternals"""
(unassigned),marvel 2023 eternals,54,Gold,1,76707,NONE,"No matching subset — create one or confirm these belong in ""marvel 2023 eternals"""
(unassigned),marvel 2023 eternals,54,Blue,1,76720,NONE,"No matching subset — create one or confirm these belong in ""marvel 2023 eternals"""
(unassigned),marvel 2023 eternals,54,Silver,1,76778,NONE,"No matching subset — create one or confirm these belong in ""marvel 2023 eternals"""
(unassigned),marvel 2023 eternals,55,Purple,1,76549,NONE,"No matching subset — create one or confirm these belong in ""marvel 2023 eternals"""
(unassigned),marvel 2023 eternals,55,Gold,1,76672,NONE,"No matching subset — create one or confirm these belong in ""marvel 2023 eternals"""
(unassigned),marvel 2023 eternals,55,Silver,1,76828,NONE,"No matching subset — create one or confirm these belong in ""marvel 2023 eternals"""
(unassigned),marvel 2023 eternals,57,Silver,1,76795,NONE,"No matching subset — create one or confirm these belong in ""marvel 2023 eternals"""
(unassigned),marvel 2023 eternals,57,Green,1,76867,NONE,"No matching subset — create one or confirm these belong in ""marvel 2023 eternals"""
(unassigned),marvel 2023 eternals,57,Blue,1,76868,NONE,"No matching subset — create one or confirm these belong in ""marvel 2023 eternals"""
(unassigned),marvel 2023 eternals,61,Gold,1,76627,NONE,"No matching subset — create one or confirm these belong in ""marvel 2023 eternals"""
(unassigned),marvel 2023 eternals,61,Blue,1,76734,NONE,"No matching subset — create one or confirm these belong in ""marvel 2023 eternals"""
(unassigned),marvel 2023 eternals,61,Silver,1,76833,NONE,"No matching subset — create one or confirm these belong in ""marvel 2023 eternals"""
(unassigned),marvel 2023 eternals,63,Silver,1,76631,NONE,"No matching subset — create one or confirm these belong in ""marvel 2023 eternals"""
(unassigned),marvel 2023 eternals,63,Gold,1,76714,NONE,"No matching subset — create one or confirm these belong in ""marvel 2023 eternals"""
(unassigned),marvel 2023 eternals,63,Blue,1,76843,NONE,"No matching subset — create one or confirm these belong in ""marvel 2023 eternals"""
(unassigned),marvel 2023 eternals,64,Purple,1,76626,NONE,"No matching subset — create one or confirm these belong in ""marvel 2023 eternals"""
(unassigned),marvel 2023 eternals,64,Gold,1,76773,NONE,"No matching subset — create one or confirm these belong in ""marvel 2023 eternals"""
(unassigned),marvel 2023 eternals,64,Silver,1,76781,NONE,"No matching subset — create one or confirm these belong in ""marvel 2023 eternals"""
(unassigned),marvel 2023 eternals,65,Purple,1,76555,NONE,"No matching subset — create one or confirm these belong in ""marvel 2023 eternals"""
(unassigned),marvel 2023 eternals,65,Gold,1,76716,NONE,"No matching subset — create one or confirm these belong in ""marvel 2023 eternals"""
(unassigned),marvel 2023 eternals,65,Blue,1,76821,NONE,"No matching subset — create one or confirm these belong in ""marvel 2023 eternals"""
(unassigned),marvel 2023 eternals,66,Purple,1,76633,NONE,"No matching subset — create one or confirm these belong in ""marvel 2023 eternals"""
(unassigned),marvel 2023 eternals,66,Gold,1,76644,NONE,"No matching subset — create one or confirm these belong in ""marvel 2023 eternals"""
(unassigned),marvel 2023 eternals,66,Blue,1,76814,NONE,"No matching subset — create one or confirm these belong in ""marvel 2023 eternals"""
(unassigned),marvel 2023 eternals,70,Purple,1,76584,NONE,"No matching subset — create one or confirm these belong in ""marvel 2023 eternals"""
(unassigned),marvel 2023 eternals,70,Blue,1,76607,NONE,"No matching subset — create one or confirm these belong in ""marvel 2023 eternals"""
(unassigned),marvel 2023 eternals,70,Green,1,76690,NONE,"No matching subset — create one or confirm these belong in ""marvel 2023 eternals"""
(unassigned),marvel 2023 eternals,72,Silver,1,76600,NONE,"No matching subset — create one or confirm these belong in ""marvel 2023 eternals"""
(unassigned),marvel 2023 eternals,72,Blue,1,76647,NONE,"No matching subset — create one or confirm these belong in ""marvel 2023 eternals"""
(unassigned),marvel 2023 eternals,72,Gold,1,76802,NONE,"No matching subset — create one or confirm these belong in ""marvel 2023 eternals"""
(unassigned),marvel 2023 eternals,74,Gold,1,76553,NONE,"No matching subset — create one or confirm these belong in ""marvel 2023 eternals"""
(unassigned),marvel 2023 eternals,74,Purple,1,76559,NONE,"No matching subset — create one or confirm these belong in ""marvel 2023 eternals"""
(unassigned),marvel 2023 eternals,74,Blue,1,76824,NONE,"No matching subset — create one or confirm these belong in ""marvel 2023 eternals"""
(unassigned),marvel 2023 eternals,79,Purple,1,76547,NONE,"No matching subset — create one or confirm these belong in ""marvel 2023 eternals"""
(unassigned),marvel 2023 eternals,79,Gold,1,76632,NONE,"No matching subset — create one or confirm these belong in ""marvel 2023 eternals"""
(unassigned),marvel 2023 eternals,79,Blue,1,76651,NONE,"No matching subset — create one or confirm these belong in ""marvel 2023 eternals"""
(unassigned),marvel 2023 eternals,8,Blue,1,76646,NONE,"No matching subset — create one or confirm these belong in ""marvel 2023 eternals"""
(unassigned),marvel 2023 eternals,8,Green,1,76705,NONE,"No matching subset — create one or confirm these belong in ""marvel 2023 eternals"""
(unassigned),marvel 2023 eternals,8,Gold,1,76807,NONE,"No matching subset — create one or confirm these belong in ""marvel 2023 eternals"""
(unassigned),marvel 2023 eternals,86,Purple,1,76557,NONE,"No matching subset — create one or confirm these belong in ""marvel 2023 eternals"""
(unassigned),marvel 2023 eternals,86,Gold,1,76733,NONE,"No matching subset — create one or confirm these belong in ""marvel 2023 eternals"""
(unassigned),marvel 2023 eternals,86,Silver,1,76836,NONE,"No matching subset — create one or confirm these belong in ""marvel 2023 eternals"""
(unassigned),marvel 2023 eternals,9,Gold,1,76558,NONE,"No matching subset — create one or confirm these belong in ""marvel 2023 eternals"""
(unassigned),marvel 2023 eternals,9,Purple,1,76576,NONE,"No matching subset — create one or confirm these belong in ""marvel 2023 eternals"""
(unassigned),marvel 2023 eternals,9,Silver,1,76800,NONE,"No matching subset — create one or confirm these belong in ""marvel 2023 eternals"""
(unassigned),marvel 2023 eternals,98,Purple,1,76571,NONE,"No matching subset — create one or confirm these belong in ""marvel 2023 eternals"""
(unassigned),marvel 2023 eternals,98,Green,1,76663,NONE,"No matching subset — create one or confirm these belong in ""marvel 2023 eternals"""
(unassigned),marvel 2023 eternals,98,Silver,1,76838,NONE,"No matching subset — create one or confirm these belong in ""marvel 2023 eternals"""
(unassigned),marvel 2023 eternals,103,Black,1,76563,NONE,"No matching subset — create one or confirm these belong in ""marvel 2023 eternals"""
(unassigned),marvel 2023 eternals,103,Gold,1,76654,NONE,"No matching subset — create one or confirm these belong in ""marvel 2023 eternals"""
(unassigned),marvel 2023 eternals,15,Gold,1,76731,NONE,"No matching subset — create one or confirm these belong in ""marvel 2023 eternals"""
(unassigned),marvel 2023 eternals,15,Blue,1,76738,NONE,"No matching subset — create one or confirm these belong in ""marvel 2023 eternals"""
(unassigned),marvel 2023 eternals,16,Gold,1,76608,NONE,"No matching subset — create one or confirm these belong in ""marvel 2023 eternals"""
(unassigned),marvel 2023 eternals,16,Blue,1,76774,NONE,"No matching subset — create one or confirm these belong in ""marvel 2023 eternals"""
(unassigned),marvel 2023 eternals,17,Gold,1,76655,NONE,"No matching subset — create one or confirm these belong in ""marvel 2023 eternals"""
(unassigned),marvel 2023 eternals,17,Blue,1,76661,NONE,"No matching subset — create one or confirm these belong in ""marvel 2023 eternals"""
(unassigned),marvel 2023 eternals,2,Gold,1,76602,NONE,"No matching subset — create one or confirm these belong in ""marvel 2023 eternals"""
(unassigned),marvel 2023 eternals,2,Silver,1,76787,NONE,"No matching subset — create one or confirm these belong in ""marvel 2023 eternals"""
(unassigned),marvel 2023 eternals,22,Gold,1,76724,NONE,"No matching subset — create one or confirm these belong in ""marvel 2023 eternals"""
(unassigned),marvel 2023 eternals,22,Silver,1,76855,NONE,"No matching subset — create one or confirm these belong in ""marvel 2023 eternals"""
(unassigned),marvel 2023 eternals,27,Blue,1,76676,NONE,"No matching subset — create one or confirm these belong in ""marvel 2023 eternals"""
(unassigned),marvel 2023 eternals,27,Gold,1,76827,NONE,"No matching subset — create one or confirm these belong in ""marvel 2023 eternals"""
(unassigned),marvel 2023 eternals,28,Purple,1,76643,NONE,"No matching subset — create one or confirm these belong in ""marvel 2023 eternals"""
(unassigned),marvel 2023 eternals,28,Gold,1,76696,NONE,"No matching subset — create one or confirm these belong in ""marvel 2023 eternals"""
(unassigned),marvel 2023 eternals,30,Purple,1,76562,NONE,"No matching subset — create one or confirm these belong in ""marvel 2023 eternals"""
(unassigned),marvel 2023 eternals,30,Gold,1,76664,NONE,"No matching subset — create one or confirm these belong in ""marvel 2023 eternals"""
(unassigned),marvel 2023 eternals,33,Purple,1,76579,NONE,"No matching subset — create one or confirm these belong in ""marvel 2023 eternals"""
(unassigned),marvel 2023 eternals,33,Gold,1,76668,NONE,"No matching subset — create one or confirm these belong in ""marvel 2023 eternals"""
(unassigned),marvel 2023 eternals,35,Purple,1,76589,NONE,"No matching subset — create one or confirm these belong in ""marvel 2023 eternals"""
(unassigned),marvel 2023 eternals,35,Gold,1,76649,NONE,"No matching subset — create one or confirm these belong in ""marvel 2023 eternals"""
(unassigned),marvel 2023 eternals,38,Gold,1,76737,NONE,"No matching subset — create one or confirm these belong in ""marvel 2023 eternals"""
(unassigned),marvel 2023 eternals,38,Silver,1,76789,NONE,"No matching subset — create one or confirm these belong in ""marvel 2023 eternals"""
(unassigned),marvel 2023 eternals,42,Gold,1,76754,NONE,"No matching subset — create one or confirm these belong in ""marvel 2023 eternals"""
(unassigned),marvel 2023 eternals,42,Blue,1,76756,NONE,"No matching subset — create one or confirm these belong in ""marvel 2023 eternals"""
(unassigned),marvel 2023 eternals,43,Blue,1,76740,NONE,"No matching subset — create one or confirm these belong in ""marvel 2023 eternals"""
(unassigned),marvel 2023 eternals,43,Gold,1,76803,NONE,"No matching subset — create one or confirm these belong in ""marvel 2023 eternals"""
(unassigned),marvel 2023 eternals,47,Gold,1,76625,NONE,"No matching subset — create one or confirm these belong in ""marvel 2023 eternals"""
(unassigned),marvel 2023 eternals,47,Blue,1,76645,NONE,"No matching subset — create one or confirm these belong in ""marvel 2023 eternals"""
(unassigned),marvel 2023 eternals,6,Purple,1,76580,NONE,"No matching subset — create one or confirm these belong in ""marvel 2023 eternals"""
(unassigned),marvel 2023 eternals,6,Gold,1,76723,NONE,"No matching subset — create one or confirm these belong in ""marvel 2023 eternals"""
(unassigned),marvel 2023 eternals,60,Gold,1,76660,NONE,"No matching subset — create one or confirm these belong in ""marvel 2023 eternals"""
(unassigned),marvel 2023 eternals,60,Blue,1,76815,NONE,"No matching subset — create one or confirm these belong in ""marvel 2023 eternals"""
(unassigned),marvel 2023 eternals,62,Purple,1,76637,NONE,"No matching subset — create one or confirm these belong in ""marvel 2023 eternals"""
(unassigned),marvel 2023 eternals,62,Blue,1,76813,NONE,"No matching subset — create one or confirm these belong in ""marvel 2023 eternals"""
(unassigned),marvel 2023 eternals,67,Gold,1,76611,NONE,"No matching subset — create one or confirm these belong in ""marvel 2023 eternals"""
(unassigned),marvel 2023 eternals,67,Purple,1,76639,NONE,"No matching subset — create one or confirm these belong in ""marvel 2023 eternals"""
(unassigned),marvel 2023 eternals,68,Blue,1,76653,NONE,"No matching subset — create one or confirm these belong in ""marvel 2023 eternals"""
(unassigned),marvel 2023 eternals,68,Green,1,76769,NONE,"No matching subset — create one or confirm these belong in ""marvel 2023 eternals"""
(unassigned),marvel 2023 eternals,7,Blue,1,76539,NONE,"No matching subset — create one or confirm these belong in ""marvel 2023 eternals"""
(unassigned),marvel 2023 eternals,7,Gold,1,76694,NONE,"No matching subset — create one or confirm these belong in ""marvel 2023 eternals"""
(unassigned),marvel 2023 eternals,82,Gold,1,76640,NONE,"No matching subset — create one or confirm these belong in ""marvel 2023 eternals"""
(unassigned),marvel 2023 eternals,82,Blue,1,76820,NONE,"No matching subset — create one or confirm these belong in ""marvel 2023 eternals"""
(unassigned),marvel 2023 eternals,90,Silver,1,76777,NONE,"No matching subset — create one or confirm these belong in ""marvel 2023 eternals"""
(unassigned),marvel 2023 eternals,90,Blue,1,76826,NONE,"No matching subset — create one or confirm these belong in ""marvel 2023 eternals"""
(unassigned),marvel 2023 eternals,95,Gold,1,76764,NONE,"No matching subset — create one or confirm these belong in ""marvel 2023 eternals"""
(unassigned),marvel 2023 eternals,95,Silver,1,76834,NONE,"No matching subset — create one or confirm these belong in ""marvel 2023 eternals"""
(unassigned),marvel 2023 eternals,97,Blue,1,76618,NONE,"No matching subset — create one or confirm these belong in ""marvel 2023 eternals"""
(unassigned),marvel 2023 eternals,97,Gold,1,76686,NONE,"No matching subset — create one or confirm these belong in ""marvel 2023 eternals"""
(unassigned),marvel 2023 eternals,104,Gold,1,76762,NONE,"No matching subset — create one or confirm these belong in ""marvel 2023 eternals"""
(unassigned),marvel 2023 eternals,106,Gold,1,76763,NONE,"No matching subset — create one or confirm these belong in ""marvel 2023 eternals"""
(unassigned),marvel 2023 eternals,107,Printing Plate,1,76569,NONE,"No matching subset — create one or confirm these belong in ""marvel 2023 eternals"""
(unassigned),marvel 2023 eternals,108,Gold,1,76805,NONE,"No matching subset — create one or confirm these belong in ""marvel 2023 eternals"""
(unassigned),marvel 2023 eternals,109,Gold,1,76687,NONE,"No matching subset — create one or confirm these belong in ""marvel 2023 eternals"""
(unassigned),marvel 2023 eternals,110,Gold,1,76741,NONE,"No matching subset — create one or confirm these belong in ""marvel 2023 eternals"""
(unassigned),marvel 2023 eternals,111,Gold,1,76662,NONE,"No matching subset — create one or confirm these belong in ""marvel 2023 eternals"""
(unassigned),marvel 2023 eternals,112,Gold,1,76718,NONE,"No matching subset — create one or confirm these belong in ""marvel 2023 eternals"""
(unassigned),marvel 2023 eternals,115,Gold,1,76684,NONE,"No matching subset — create one or confirm these belong in ""marvel 2023 eternals"""
(unassigned),marvel 2023 eternals,24,Gold,1,76573,NONE,"No matching subset — create one or confirm these belong in ""marvel 2023 eternals"""
(unassigned),marvel 2023 eternals,25,Green,1,76693,NONE,"No matching subset — create one or confirm these belong in ""marvel 2023 eternals"""
(unassigned),marvel 2023 eternals,26,Gold,1,76612,NONE,"No matching subset — create one or confirm these belong in ""marvel 2023 eternals"""
(unassigned),marvel 2023 eternals,39,Gold,1,76744,NONE,"No matching subset — create one or confirm these belong in ""marvel 2023 eternals"""
(unassigned),marvel 2023 eternals,46,Green,1,76862,NONE,"No matching subset — create one or confirm these belong in ""marvel 2023 eternals"""
(unassigned),marvel 2023 eternals,75,Green,1,76688,NONE,"No matching subset — create one or confirm these belong in ""marvel 2023 eternals"""
2000 Topps X-Men The Movie,2000 Topps X-Men The Movie - Clear Cling,CL1,Photo,1,337189,NONE,"No matching subset — create one or confirm these belong in ""2000 Topps X-Men The Movie - Clear Cling"""
2000 Topps X-Men The Movie,2000 Topps X-Men The Movie - Clear Cling,CL10,Photo,1,337198,NONE,"No matching subset — create one or confirm these belong in ""2000 Topps X-Men The Movie - Clear Cling"""
2000 Topps X-Men The Movie,2000 Topps X-Men The Movie - Clear Cling,CL11,Art,1,337199,NONE,"No matching subset — create one or confirm these belong in ""2000 Topps X-Men The Movie - Clear Cling"""
2000 Topps X-Men The Movie,2000 Topps X-Men The Movie - Clear Cling,CL12,Art,1,337200,NONE,"No matching subset — create one or confirm these belong in ""2000 Topps X-Men The Movie - Clear Cling"""
2000 Topps X-Men The Movie,2000 Topps X-Men The Movie - Clear Cling,CL2,Photo,1,337190,NONE,"No matching subset — create one or confirm these belong in ""2000 Topps X-Men The Movie - Clear Cling"""
2000 Topps X-Men The Movie,2000 Topps X-Men The Movie - Clear Cling,CL3,Photo,1,337191,NONE,"No matching subset — create one or confirm these belong in ""2000 Topps X-Men The Movie - Clear Cling"""
2000 Topps X-Men The Movie,2000 Topps X-Men The Movie - Clear Cling,CL4,Photo,1,337192,NONE,"No matching subset — create one or confirm these belong in ""2000 Topps X-Men The Movie - Clear Cling"""
2000 Topps X-Men The Movie,2000 Topps X-Men The Movie - Clear Cling,CL5,Art,1,337193,NONE,"No matching subset — create one or confirm these belong in ""2000 Topps X-Men The Movie - Clear Cling"""
2000 Topps X-Men The Movie,2000 Topps X-Men The Movie - Clear Cling,CL6,Art,1,337194,NONE,"No matching subset — create one or confirm these belong in ""2000 Topps X-Men The Movie - Clear Cling"""
2000 Topps X-Men The Movie,2000 Topps X-Men The Movie - Clear Cling,CL7,Photo,1,337195,NONE,"No matching subset — create one or confirm these belong in ""2000 Topps X-Men The Movie - Clear Cling"""
2000 Topps X-Men The Movie,2000 Topps X-Men The Movie - Clear Cling,CL8,Photo,1,337196,NONE,"No matching subset — create one or confirm these belong in ""2000 Topps X-Men The Movie - Clear Cling"""
2000 Topps X-Men The Movie,2000 Topps X-Men The Movie - Clear Cling,CL9,Photo,1,337197,NONE,"No matching subset — create one or confirm these belong in ""2000 Topps X-Men The Movie - Clear Cling"""
2020 Upper Deck Marvel Ages,2020 Upper Deck Marvel Ages - 2020 Upper Deck Marvel Ages,19,Premium Sticker,1,76958,NONE,"No matching subset — create one or confirm these belong in ""2020 Upper Deck Marvel Ages - 2020 Upper Deck Marvel Ages"""
2020 Upper Deck Marvel Ages,2020 Upper Deck Marvel Ages - 2020 Upper Deck Marvel Ages,44,Premium Sticker,1,76874,NONE,"No matching subset — create one or confirm these belong in ""2020 Upper Deck Marvel Ages - 2020 Upper Deck Marvel Ages"""
2020 Upper Deck Marvel Ages,2020 Upper Deck Marvel Ages - 2020 Upper Deck Marvel Ages,6,Premium Sticker,1,76949,NONE,"No matching subset — create one or confirm these belong in ""2020 Upper Deck Marvel Ages - 2020 Upper Deck Marvel Ages"""
2020 Upper Deck Marvel Ages,2020 Upper Deck Marvel Ages - 2020 Upper Deck Marvel Ages,72,Premium Sticker,1,76887,NONE,"No matching subset — create one or confirm these belong in ""2020 Upper Deck Marvel Ages - 2020 Upper Deck Marvel Ages"""
2020 Upper Deck Marvel Ages,2020 Upper Deck Marvel Ages - 2020 Upper Deck Marvel Ages,74,Premium Sticker,1,76883,NONE,"No matching subset — create one or confirm these belong in ""2020 Upper Deck Marvel Ages - 2020 Upper Deck Marvel Ages"""
2020 Upper Deck Marvel Ages,2020 Upper Deck Marvel Ages - 2020 Upper Deck Marvel Ages,93,Premium Sticker,1,76959,NONE,"No matching subset — create one or confirm these belong in ""2020 Upper Deck Marvel Ages - 2020 Upper Deck Marvel Ages"""
2020 Upper Deck Marvel Ages,2020 Upper Deck Marvel Ages - 2020 Upper Deck Marvel Ages,94,Premium Sticker,1,76968,NONE,"No matching subset — create one or confirm these belong in ""2020 Upper Deck Marvel Ages - 2020 Upper Deck Marvel Ages"""
2020-21 Upper Deck Marvel Annual,2020-21 Upper Deck Marvel Annual - Number 1 Spot,N1S-1,2019,2,26695 92963,NONE,"No matching subset — create one or confirm these belong in ""2020-21 Upper Deck Marvel Annual - Number 1 Spot"""
2020-21 Upper Deck Marvel Annual,2020-21 Upper Deck Marvel Annual - Number 1 Spot,N1S-12,2019,2,26698 92974,NONE,"No matching subset — create one or confirm these belong in ""2020-21 Upper Deck Marvel Annual - Number 1 Spot"""
2020-21 Upper Deck Marvel Annual,2020-21 Upper Deck Marvel Annual - Number 1 Spot,N1S-2,2019,2,26706 92964,NONE,"No matching subset — create one or confirm these belong in ""2020-21 Upper Deck Marvel Annual - Number 1 Spot"""
2020-21 Upper Deck Marvel Annual,2020-21 Upper Deck Marvel Annual - Number 1 Spot,N1S-3,2019,2,26713 92965,NONE,"No matching subset — create one or confirm these belong in ""2020-21 Upper Deck Marvel Annual - Number 1 Spot"""
2020-21 Upper Deck Marvel Annual,2020-21 Upper Deck Marvel Annual - Number 1 Spot,N1S-4,2019,2,26714 92966,NONE,"No matching subset — create one or confirm these belong in ""2020-21 Upper Deck Marvel Annual - Number 1 Spot"""
2020-21 Upper Deck Marvel Annual,2020-21 Upper Deck Marvel Annual - Number 1 Spot,N1S-7,2019,2,26717 92969,NONE,"No matching subset — create one or confirm these belong in ""2020-21 Upper Deck Marvel Annual - Number 1 Spot"""
2020-21 Upper Deck Marvel Annual,2020-21 Upper Deck Marvel Annual - Number 1 Spot,N1S-8,2019,2,26718 92970,NONE,"No matching subset — create one or confirm these belong in ""2020-21 Upper Deck Marvel Annual - Number 1 Spot"""
2020-21 Upper Deck Marvel Annual,2020-21 Upper Deck Marvel Annual - Splash-ticular 3D,25,2018,2,77303 77305,NONE,"No matching subset — create one or confirm these belong in ""2020-21 Upper Deck Marvel Annual - Splash-ticular 3D"""
2020-21 Upper Deck Marvel Annual,2020-21 Upper Deck Marvel Annual - Splash-ticular 3D,45,2018,2,77333 77334,NONE,"No matching subset — create one or confirm these belong in ""2020-21 Upper Deck Marvel Annual - Splash-ticular 3D"""
2022 Fleer Ultra Marvel Avengers,2022 Fleer Ultra Marvel Avengers - Comic Clippings,CC-AA10,1967,1,226021,NONE,"No matching subset — create one or confirm these belong in ""2022 Fleer Ultra Marvel Avengers - Comic Clippings"""
2022 Fleer Ultra Marvel Avengers,2022 Fleer Ultra Marvel Avengers - Comic Clippings,CC-AVG1,1963,1,225946,NONE,"No matching subset — create one or confirm these belong in ""2022 Fleer Ultra Marvel Avengers - Comic Clippings"""
2022 Fleer Ultra Marvel Avengers,2022 Fleer Ultra Marvel Avengers - Comic Clippings,CC-AVG102,1963,1,225991,NONE,"No matching subset — create one or confirm these belong in ""2022 Fleer Ultra Marvel Avengers - Comic Clippings"""
2022 Fleer Ultra Marvel Avengers,2022 Fleer Ultra Marvel Avengers - Comic Clippings,CC-AVG105,1963,1,225992,NONE,"No matching subset — create one or confirm these belong in ""2022 Fleer Ultra Marvel Avengers - Comic Clippings"""
2022 Fleer Ultra Marvel Avengers,2022 Fleer Ultra Marvel Avengers - Comic Clippings,CC-AVG106,1963,1,225993,NONE,"No matching subset — create one or confirm these belong in ""2022 Fleer Ultra Marvel Avengers - Comic Clippings"""
2022 Fleer Ultra Marvel Avengers,2022 Fleer Ultra Marvel Avengers - Comic Clippings,CC-AVG107,1963,1,225994,NONE,"No matching subset — create one or confirm these belong in ""2022 Fleer Ultra Marvel Avengers - Comic Clippings"""
2022 Fleer Ultra Marvel Avengers,2022 Fleer Ultra Marvel Avengers - Comic Clippings,CC-AVG108,1963,1,225995,NONE,"No matching subset — create one or confirm these belong in ""2022 Fleer Ultra Marvel Avengers - Comic Clippings"""
2022 Fleer Ultra Marvel Avengers,2022 Fleer Ultra Marvel Avengers - Comic Clippings,CC-AVG11,1963,1,225952,NONE,"No matching subset — create one or confirm these belong in ""2022 Fleer Ultra Marvel Avengers - Comic Clippings"""
2022 Fleer Ultra Marvel Avengers,2022 Fleer Ultra Marvel Avengers - Comic Clippings,CC-AVG115,1963,1,225996,NONE,"No matching subset — create one or confirm these belong in ""2022 Fleer Ultra Marvel Avengers - Comic Clippings"""
2022 Fleer Ultra Marvel Avengers,2022 Fleer Ultra Marvel Avengers - Comic Clippings,CC-AVG117,1963,1,225997,NONE,"No matching subset — create one or confirm these belong in ""2022 Fleer Ultra Marvel Avengers - Comic Clippings"""
2022 Fleer Ultra Marvel Avengers,2022 Fleer Ultra Marvel Avengers - Comic Clippings,CC-AVG118,1963,1,225998,NONE,"No matching subset — create one or confirm these belong in ""2022 Fleer Ultra Marvel Avengers - Comic Clippings"""
2022 Fleer Ultra Marvel Avengers,2022 Fleer Ultra Marvel Avengers - Comic Clippings,CC-AVG125,1963,1,225999,NONE,"No matching subset — create one or confirm these belong in ""2022 Fleer Ultra Marvel Avengers - Comic Clippings"""
2022 Fleer Ultra Marvel Avengers,2022 Fleer Ultra Marvel Avengers - Comic Clippings,CC-AVG128,1963,1,226000,NONE,"No matching subset — create one or confirm these belong in ""2022 Fleer Ultra Marvel Avengers - Comic Clippings"""
2022 Fleer Ultra Marvel Avengers,2022 Fleer Ultra Marvel Avengers - Comic Clippings,CC-AVG13,1963,1,225953,NONE,"No matching subset — create one or confirm these belong in ""2022 Fleer Ultra Marvel Avengers - Comic Clippings"""
2022 Fleer Ultra Marvel Avengers,2022 Fleer Ultra Marvel Avengers - Comic Clippings,CC-AVG144,1963,1,226001,NONE,"No matching subset — create one or confirm these belong in ""2022 Fleer Ultra Marvel Avengers - Comic Clippings"""
2022 Fleer Ultra Marvel Avengers,2022 Fleer Ultra Marvel Avengers - Comic Clippings,CC-AVG151,1963,1,226002,NONE,"No matching subset — create one or confirm these belong in ""2022 Fleer Ultra Marvel Avengers - Comic Clippings"""
2022 Fleer Ultra Marvel Avengers,2022 Fleer Ultra Marvel Avengers - Comic Clippings,CC-AVG16,1963,1,225954,NONE,"No matching subset — create one or confirm these belong in ""2022 Fleer Ultra Marvel Avengers - Comic Clippings"""
2022 Fleer Ultra Marvel Avengers,2022 Fleer Ultra Marvel Avengers - Comic Clippings,CC-AVG167,1963,1,226003,NONE,"No matching subset — create one or confirm these belong in ""2022 Fleer Ultra Marvel Avengers - Comic Clippings"""
2022 Fleer Ultra Marvel Avengers,2022 Fleer Ultra Marvel Avengers - Comic Clippings,CC-AVG168,1963,1,226004,NONE,"No matching subset — create one or confirm these belong in ""2022 Fleer Ultra Marvel Avengers - Comic Clippings"""
2022 Fleer Ultra Marvel Avengers,2022 Fleer Ultra Marvel Avengers - Comic Clippings,CC-AVG170,1963,1,226005,NONE,"No matching subset — create one or confirm these belong in ""2022 Fleer Ultra Marvel Avengers - Comic Clippings"""
2022 Fleer Ultra Marvel Avengers,2022 Fleer Ultra Marvel Avengers - Comic Clippings,CC-AVG171,1963,1,226006,NONE,"No matching subset — create one or confirm these belong in ""2022 Fleer Ultra Marvel Avengers - Comic Clippings"""
2022 Fleer Ultra Marvel Avengers,2022 Fleer Ultra Marvel Avengers - Comic Clippings,CC-AVG172,1963,1,226007,NONE,"No matching subset — create one or confirm these belong in ""2022 Fleer Ultra Marvel Avengers - Comic Clippings"""
2022 Fleer Ultra Marvel Avengers,2022 Fleer Ultra Marvel Avengers - Comic Clippings,CC-AVG173,1963,1,226008,NONE,"No matching subset — create one or confirm these belong in ""2022 Fleer Ultra Marvel Avengers - Comic Clippings"""
2022 Fleer Ultra Marvel Avengers,2022 Fleer Ultra Marvel Avengers - Comic Clippings,CC-AVG174,1963,1,226009,NONE,"No matching subset — create one or confirm these belong in ""2022 Fleer Ultra Marvel Avengers - Comic Clippings"""
2022 Fleer Ultra Marvel Avengers,2022 Fleer Ultra Marvel Avengers - Comic Clippings,CC-AVG175,1963,1,226010,NONE,"No matching subset — create one or confirm these belong in ""2022 Fleer Ultra Marvel Avengers - Comic Clippings"""
2022 Fleer Ultra Marvel Avengers,2022 Fleer Ultra Marvel Avengers - Comic Clippings,CC-AVG176,1963,1,226011,NONE,"No matching subset — create one or confirm these belong in ""2022 Fleer Ultra Marvel Avengers - Comic Clippings"""
2022 Fleer Ultra Marvel Avengers,2022 Fleer Ultra Marvel Avengers - Comic Clippings,CC-AVG177,1963,1,226012,NONE,"No matching subset — create one or confirm these belong in ""2022 Fleer Ultra Marvel Avengers - Comic Clippings"""
2022 Fleer Ultra Marvel Avengers,2022 Fleer Ultra Marvel Avengers - Comic Clippings,CC-AVG181,1963,1,226013,NONE,"No matching subset — create one or confirm these belong in ""2022 Fleer Ultra Marvel Avengers - Comic Clippings"""
2022 Fleer Ultra Marvel Avengers,2022 Fleer Ultra Marvel Avengers - Comic Clippings,CC-AVG185,1963,1,226014,NONE,"No matching subset — create one or confirm these belong in ""2022 Fleer Ultra Marvel Avengers - Comic Clippings"""
2022 Fleer Ultra Marvel Avengers,2022 Fleer Ultra Marvel Avengers - Comic Clippings,CC-AVG19,1963,1,225955,NONE,"No matching subset — create one or confirm these belong in ""2022 Fleer Ultra Marvel Avengers - Comic Clippings"""
2022 Fleer Ultra Marvel Avengers,2022 Fleer Ultra Marvel Avengers - Comic Clippings,CC-AVG195,1963,1,226015,NONE,"No matching subset — create one or confirm these belong in ""2022 Fleer Ultra Marvel Avengers - Comic Clippings"""
2022 Fleer Ultra Marvel Avengers,2022 Fleer Ultra Marvel Avengers - Comic Clippings,CC-AVG2,1963,1,225947,NONE,"No matching subset — create one or confirm these belong in ""2022 Fleer Ultra Marvel Avengers - Comic Clippings"""
2022 Fleer Ultra Marvel Avengers,2022 Fleer Ultra Marvel Avengers - Comic Clippings,CC-AVG200,1963,1,226016,NONE,"No matching subset — create one or confirm these belong in ""2022 Fleer Ultra Marvel Avengers - Comic Clippings"""
2022 Fleer Ultra Marvel Avengers,2022 Fleer Ultra Marvel Avengers - Comic Clippings,CC-AVG20181,2018,1,226022,NONE,"No matching subset — create one or confirm these belong in ""2022 Fleer Ultra Marvel Avengers - Comic Clippings"""
2022 Fleer Ultra Marvel Avengers,2022 Fleer Ultra Marvel Avengers - Comic Clippings,CC-AVG201833,2018,1,226027,NONE,"No matching subset — create one or confirm these belong in ""2022 Fleer Ultra Marvel Avengers - Comic Clippings"""
2022 Fleer Ultra Marvel Avengers,2022 Fleer Ultra Marvel Avengers - Comic Clippings,CC-AVG201839,2018,1,226028,NONE,"No matching subset — create one or confirm these belong in ""2022 Fleer Ultra Marvel Avengers - Comic Clippings"""
2022 Fleer Ultra Marvel Avengers,2022 Fleer Ultra Marvel Avengers - Comic Clippings,CC-AVG20184,2018,1,226023,NONE,"No matching subset — create one or confirm these belong in ""2022 Fleer Ultra Marvel Avengers - Comic Clippings"""
2022 Fleer Ultra Marvel Avengers,2022 Fleer Ultra Marvel Avengers - Comic Clippings,CC-AVG20185,2018,1,226024,NONE,"No matching subset — create one or confirm these belong in ""2022 Fleer Ultra Marvel Avengers - Comic Clippings"""
2022 Fleer Ultra Marvel Avengers,2022 Fleer Ultra Marvel Avengers - Comic Clippings,CC-AVG20186,2018,1,226025,NONE,"No matching subset — create one or confirm these belong in ""2022 Fleer Ultra Marvel Avengers - Comic Clippings"""
2022 Fleer Ultra Marvel Avengers,2022 Fleer Ultra Marvel Avengers - Comic Clippings,CC-AVG20187,2018,1,226026,NONE,"No matching subset — create one or confirm these belong in ""2022 Fleer Ultra Marvel Avengers - Comic Clippings"""
2022 Fleer Ultra Marvel Avengers,2022 Fleer Ultra Marvel Avengers - Comic Clippings,CC-AVG28,1963,1,225956,NONE,"No matching subset — create one or confirm these belong in ""2022 Fleer Ultra Marvel Avengers - Comic Clippings"""
2022 Fleer Ultra Marvel Avengers,2022 Fleer Ultra Marvel Avengers - Comic Clippings,CC-AVG3,1963,1,225948,NONE,"No matching subset — create one or confirm these belong in ""2022 Fleer Ultra Marvel Avengers - Comic Clippings"""
2022 Fleer Ultra Marvel Avengers,2022 Fleer Ultra Marvel Avengers - Comic Clippings,CC-AVG35,1963,1,225957,NONE,"No matching subset — create one or confirm these belong in ""2022 Fleer Ultra Marvel Avengers - Comic Clippings"""
2022 Fleer Ultra Marvel Avengers,2022 Fleer Ultra Marvel Avengers - Comic Clippings,CC-AVG37,1963,1,225958,NONE,"No matching subset — create one or confirm these belong in ""2022 Fleer Ultra Marvel Avengers - Comic Clippings"""
2022 Fleer Ultra Marvel Avengers,2022 Fleer Ultra Marvel Avengers - Comic Clippings,CC-AVG38,1963,1,225959,NONE,"No matching subset — create one or confirm these belong in ""2022 Fleer Ultra Marvel Avengers - Comic Clippings"""
2022 Fleer Ultra Marvel Avengers,2022 Fleer Ultra Marvel Avengers - Comic Clippings,CC-AVG4,1963,1,225949,NONE,"No matching subset — create one or confirm these belong in ""2022 Fleer Ultra Marvel Avengers - Comic Clippings"""
2022 Fleer Ultra Marvel Avengers,2022 Fleer Ultra Marvel Avengers - Comic Clippings,CC-AVG40,1963,1,225960,NONE,"No matching subset — create one or confirm these belong in ""2022 Fleer Ultra Marvel Avengers - Comic Clippings"""
2022 Fleer Ultra Marvel Avengers,2022 Fleer Ultra Marvel Avengers - Comic Clippings,CC-AVG43,1963,1,225961,NONE,"No matching subset — create one or confirm these belong in ""2022 Fleer Ultra Marvel Avengers - Comic Clippings"""
2022 Fleer Ultra Marvel Avengers,2022 Fleer Ultra Marvel Avengers - Comic Clippings,CC-AVG44,1963,1,225962,NONE,"No matching subset — create one or confirm these belong in ""2022 Fleer Ultra Marvel Avengers - Comic Clippings"""
2022 Fleer Ultra Marvel Avengers,2022 Fleer Ultra Marvel Avengers - Comic Clippings,CC-AVG47,1963,1,225963,NONE,"No matching subset — create one or confirm these belong in ""2022 Fleer Ultra Marvel Avengers - Comic Clippings"""
2022 Fleer Ultra Marvel Avengers,2022 Fleer Ultra Marvel Avengers - Comic Clippings,CC-AVG48,1963,1,225964,NONE,"No matching subset — create one or confirm these belong in ""2022 Fleer Ultra Marvel Avengers - Comic Clippings"""
2022 Fleer Ultra Marvel Avengers,2022 Fleer Ultra Marvel Avengers - Comic Clippings,CC-AVG49,1963,1,225965,NONE,"No matching subset — create one or confirm these belong in ""2022 Fleer Ultra Marvel Avengers - Comic Clippings"""
2022 Fleer Ultra Marvel Avengers,2022 Fleer Ultra Marvel Avengers - Comic Clippings,CC-AVG500,1998,1,226017,NONE,"No matching subset — create one or confirm these belong in ""2022 Fleer Ultra Marvel Avengers - Comic Clippings"""
2022 Fleer Ultra Marvel Avengers,2022 Fleer Ultra Marvel Avengers - Comic Clippings,CC-AVG501,1998,1,226018,NONE,"No matching subset — create one or confirm these belong in ""2022 Fleer Ultra Marvel Avengers - Comic Clippings"""
2022 Fleer Ultra Marvel Avengers,2022 Fleer Ultra Marvel Avengers - Comic Clippings,CC-AVG502,1998,1,226019,NONE,"No matching subset — create one or confirm these belong in ""2022 Fleer Ultra Marvel Avengers - Comic Clippings"""
2022 Fleer Ultra Marvel Avengers,2022 Fleer Ultra Marvel Avengers - Comic Clippings,CC-AVG503,1998,1,226020,NONE,"No matching subset — create one or confirm these belong in ""2022 Fleer Ultra Marvel Avengers - Comic Clippings"""
2022 Fleer Ultra Marvel Avengers,2022 Fleer Ultra Marvel Avengers - Comic Clippings,CC-AVG51,1963,1,225966,NONE,"No matching subset — create one or confirm these belong in ""2022 Fleer Ultra Marvel Avengers - Comic Clippings"""
2022 Fleer Ultra Marvel Avengers,2022 Fleer Ultra Marvel Avengers - Comic Clippings,CC-AVG52,1963,1,225967,NONE,"No matching subset — create one or confirm these belong in ""2022 Fleer Ultra Marvel Avengers - Comic Clippings"""
2022 Fleer Ultra Marvel Avengers,2022 Fleer Ultra Marvel Avengers - Comic Clippings,CC-AVG55,1963,1,225968,NONE,"No matching subset — create one or confirm these belong in ""2022 Fleer Ultra Marvel Avengers - Comic Clippings"""
2022 Fleer Ultra Marvel Avengers,2022 Fleer Ultra Marvel Avengers - Comic Clippings,CC-AVG56,1963,1,225969,NONE,"No matching subset — create one or confirm these belong in ""2022 Fleer Ultra Marvel Avengers - Comic Clippings"""
2022 Fleer Ultra Marvel Avengers,2022 Fleer Ultra Marvel Avengers - Comic Clippings,CC-AVG57,1963,1,225970,NONE,"No matching subset — create one or confirm these belong in ""2022 Fleer Ultra Marvel Avengers - Comic Clippings"""
2022 Fleer Ultra Marvel Avengers,2022 Fleer Ultra Marvel Avengers - Comic Clippings,CC-AVG58,1963,1,225971,NONE,"No matching subset — create one or confirm these belong in ""2022 Fleer Ultra Marvel Avengers - Comic Clippings"""
2022 Fleer Ultra Marvel Avengers,2022 Fleer Ultra Marvel Avengers - Comic Clippings,CC-AVG59,1963,1,225972,NONE,"No matching subset — create one or confirm these belong in ""2022 Fleer Ultra Marvel Avengers - Comic Clippings"""
2022 Fleer Ultra Marvel Avengers,2022 Fleer Ultra Marvel Avengers - Comic Clippings,CC-AVG6,1963,1,225950,NONE,"No matching subset — create one or confirm these belong in ""2022 Fleer Ultra Marvel Avengers - Comic Clippings"""
2022 Fleer Ultra Marvel Avengers,2022 Fleer Ultra Marvel Avengers - Comic Clippings,CC-AVG66,1963,1,225973,NONE,"No matching subset — create one or confirm these belong in ""2022 Fleer Ultra Marvel Avengers - Comic Clippings"""
2022 Fleer Ultra Marvel Avengers,2022 Fleer Ultra Marvel Avengers - Comic Clippings,CC-AVG67,1963,1,225974,NONE,"No matching subset — create one or confirm these belong in ""2022 Fleer Ultra Marvel Avengers - Comic Clippings"""
2022 Fleer Ultra Marvel Avengers,2022 Fleer Ultra Marvel Avengers - Comic Clippings,CC-AVG68,1963,1,225975,NONE,"No matching subset — create one or confirm these belong in ""2022 Fleer Ultra Marvel Avengers - Comic Clippings"""
2022 Fleer Ultra Marvel Avengers,2022 Fleer Ultra Marvel Avengers - Comic Clippings,CC-AVG69,1963,1,225976,NONE,"No matching subset — create one or confirm these belong in ""2022 Fleer Ultra Marvel Avengers - Comic Clippings"""
2022 Fleer Ultra Marvel Avengers,2022 Fleer Ultra Marvel Avengers - Comic Clippings,CC-AVG70,1963,1,225977,NONE,"No matching subset — create one or confirm these belong in ""2022 Fleer Ultra Marvel Avengers - Comic Clippings"""
2022 Fleer Ultra Marvel Avengers,2022 Fleer Ultra Marvel Avengers - Comic Clippings,CC-AVG71,1963,1,225978,NONE,"No matching subset — create one or confirm these belong in ""2022 Fleer Ultra Marvel Avengers - Comic Clippings"""
2022 Fleer Ultra Marvel Avengers,2022 Fleer Ultra Marvel Avengers - Comic Clippings,CC-AVG78,1963,1,225979,NONE,"No matching subset — create one or confirm these belong in ""2022 Fleer Ultra Marvel Avengers - Comic Clippings"""
2022 Fleer Ultra Marvel Avengers,2022 Fleer Ultra Marvel Avengers - Comic Clippings,CC-AVG83,1963,1,225980,NONE,"No matching subset — create one or confirm these belong in ""2022 Fleer Ultra Marvel Avengers - Comic Clippings"""
2022 Fleer Ultra Marvel Avengers,2022 Fleer Ultra Marvel Avengers - Comic Clippings,CC-AVG85,1963,1,225981,NONE,"No matching subset — create one or confirm these belong in ""2022 Fleer Ultra Marvel Avengers - Comic Clippings"""
2022 Fleer Ultra Marvel Avengers,2022 Fleer Ultra Marvel Avengers - Comic Clippings,CC-AVG87,1963,1,225982,NONE,"No matching subset — create one or confirm these belong in ""2022 Fleer Ultra Marvel Avengers - Comic Clippings"""
2022 Fleer Ultra Marvel Avengers,2022 Fleer Ultra Marvel Avengers - Comic Clippings,CC-AVG89,1963,1,225983,NONE,"No matching subset — create one or confirm these belong in ""2022 Fleer Ultra Marvel Avengers - Comic Clippings"""
2022 Fleer Ultra Marvel Avengers,2022 Fleer Ultra Marvel Avengers - Comic Clippings,CC-AVG9,1963,1,225951,NONE,"No matching subset — create one or confirm these belong in ""2022 Fleer Ultra Marvel Avengers - Comic Clippings"""
2022 Fleer Ultra Marvel Avengers,2022 Fleer Ultra Marvel Avengers - Comic Clippings,CC-AVG90,1963,1,225984,NONE,"No matching subset — create one or confirm these belong in ""2022 Fleer Ultra Marvel Avengers - Comic Clippings"""
2022 Fleer Ultra Marvel Avengers,2022 Fleer Ultra Marvel Avengers - Comic Clippings,CC-AVG91,1963,1,225985,NONE,"No matching subset — create one or confirm these belong in ""2022 Fleer Ultra Marvel Avengers - Comic Clippings"""
2022 Fleer Ultra Marvel Avengers,2022 Fleer Ultra Marvel Avengers - Comic Clippings,CC-AVG92,1963,1,225986,NONE,"No matching subset — create one or confirm these belong in ""2022 Fleer Ultra Marvel Avengers - Comic Clippings"""
2022 Fleer Ultra Marvel Avengers,2022 Fleer Ultra Marvel Avengers - Comic Clippings,CC-AVG93,1963,1,225987,NONE,"No matching subset — create one or confirm these belong in ""2022 Fleer Ultra Marvel Avengers - Comic Clippings"""
2022 Fleer Ultra Marvel Avengers,2022 Fleer Ultra Marvel Avengers - Comic Clippings,CC-AVG94,1963,1,225988,NONE,"No matching subset — create one or confirm these belong in ""2022 Fleer Ultra Marvel Avengers - Comic Clippings"""
2022 Fleer Ultra Marvel Avengers,2022 Fleer Ultra Marvel Avengers - Comic Clippings,CC-AVG95,1963,1,225989,NONE,"No matching subset — create one or confirm these belong in ""2022 Fleer Ultra Marvel Avengers - Comic Clippings"""
2022 Fleer Ultra Marvel Avengers,2022 Fleer Ultra Marvel Avengers - Comic Clippings,CC-AVG96,1963,1,225990,NONE,"No matching subset — create one or confirm these belong in ""2022 Fleer Ultra Marvel Avengers - Comic Clippings"""
2022 Fleer Ultra Marvel Avengers,2022 Fleer Ultra Marvel Avengers - Comic Clippings,CC-GSA4,1974,1,226029,NONE,"No matching subset — create one or confirm these belong in ""2022 Fleer Ultra Marvel Avengers - Comic Clippings"""
2022 Fleer Ultra Marvel Avengers,2022 Fleer Ultra Marvel Avengers - Comic Clippings,CC-HOM1,2005,1,226030,NONE,"No matching subset — create one or confirm these belong in ""2022 Fleer Ultra Marvel Avengers - Comic Clippings"""
2022 Fleer Ultra Marvel Avengers,2022 Fleer Ultra Marvel Avengers - Comic Clippings,CC-HOM2,2005,1,226031,NONE,"No matching subset — create one or confirm these belong in ""2022 Fleer Ultra Marvel Avengers - Comic Clippings"""
2022 Fleer Ultra Marvel Avengers,2022 Fleer Ultra Marvel Avengers - Comic Clippings,CC-HOM3,2005,1,226032,NONE,"No matching subset — create one or confirm these belong in ""2022 Fleer Ultra Marvel Avengers - Comic Clippings"""
2022 Fleer Ultra Marvel Avengers,2022 Fleer Ultra Marvel Avengers - Comic Clippings,CC-HOM4,2005,1,226033,NONE,"No matching subset — create one or confirm these belong in ""2022 Fleer Ultra Marvel Avengers - Comic Clippings"""
2022 Fleer Ultra Marvel Avengers,2022 Fleer Ultra Marvel Avengers - Comic Clippings,CC-HOM5,2005,1,226034,NONE,"No matching subset — create one or confirm these belong in ""2022 Fleer Ultra Marvel Avengers - Comic Clippings"""
2022 Fleer Ultra Marvel Avengers,2022 Fleer Ultra Marvel Avengers - Comic Clippings,CC-NA1,2004,1,226035,NONE,"No matching subset — create one or confirm these belong in ""2022 Fleer Ultra Marvel Avengers - Comic Clippings"""
2022 Fleer Ultra Marvel Avengers,2022 Fleer Ultra Marvel Avengers - Comic Clippings,CC-NA11,2004,1,226037,NONE,"No matching subset — create one or confirm these belong in ""2022 Fleer Ultra Marvel Avengers - Comic Clippings"""
2022 Fleer Ultra Marvel Avengers,2022 Fleer Ultra Marvel Avengers - Comic Clippings,CC-NA27,2004,1,226038,NONE,"No matching subset — create one or confirm these belong in ""2022 Fleer Ultra Marvel Avengers - Comic Clippings"""
2022 Fleer Ultra Marvel Avengers,2022 Fleer Ultra Marvel Avengers - Comic Clippings,CC-NA7,2004,1,226036,NONE,"No matching subset — create one or confirm these belong in ""2022 Fleer Ultra Marvel Avengers - Comic Clippings"""
2022 Fleer Ultra Marvel Avengers,2022 Fleer Ultra Marvel Avengers - Comic Clippings,CC-S2,2009,1,226041,NONE,"No matching subset — create one or confirm these belong in ""2022 Fleer Ultra Marvel Avengers - Comic Clippings"""
2022 Fleer Ultra Marvel Avengers,2022 Fleer Ultra Marvel Avengers - Comic Clippings,CC-SI1,2008,1,226039,NONE,"No matching subset — create one or confirm these belong in ""2022 Fleer Ultra Marvel Avengers - Comic Clippings"""
2022 Fleer Ultra Marvel Avengers,2022 Fleer Ultra Marvel Avengers - Comic Clippings,CC-SI8,2008,1,226040,NONE,"No matching subset — create one or confirm these belong in ""2022 Fleer Ultra Marvel Avengers - Comic Clippings"""
2022 Fleer Ultra Marvel Avengers,2022 Fleer Ultra Marvel Avengers - Comic Clippings,CC-WCA45,1985,1,226044,NONE,"No matching subset — create one or confirm these belong in ""2022 Fleer Ultra Marvel Avengers - Comic Clippings"""
2022 Fleer Ultra Marvel Avengers,2022 Fleer Ultra Marvel Avengers - Comic Clippings,CC-WOTR1,2019,1,226042,NONE,"No matching subset — create one or confirm these belong in ""2022 Fleer Ultra Marvel Avengers - Comic Clippings"""
2022 Fleer Ultra Marvel Avengers,2022 Fleer Ultra Marvel Avengers - Comic Clippings,CC-WOTR6,2019,1,226043,NONE,"No matching subset — create one or confirm these belong in ""2022 Fleer Ultra Marvel Avengers - Comic Clippings"""
2022 Fleer Ultra Marvel Avengers,2022 Fleer Ultra Marvel Avengers - Comic Clippings,CC-YA1,2005,1,226045,NONE,"No matching subset — create one or confirm these belong in ""2022 Fleer Ultra Marvel Avengers - Comic Clippings"""
2022 Fleer Ultra Marvel Avengers,2022 Fleer Ultra Marvel Avengers - Comic Covers,A-1,1963,1,226146,NONE,"No matching subset — create one or confirm these belong in ""2022 Fleer Ultra Marvel Avengers - Comic Covers"""
2022 Fleer Ultra Marvel Avengers,2022 Fleer Ultra Marvel Avengers - Comic Covers,A-100,1963,1,226234,NONE,"No matching subset — create one or confirm these belong in ""2022 Fleer Ultra Marvel Avengers - Comic Covers"""
2022 Fleer Ultra Marvel Avengers,2022 Fleer Ultra Marvel Avengers - Comic Covers,A-101,1963,1,226235,NONE,"No matching subset — create one or confirm these belong in ""2022 Fleer Ultra Marvel Avengers - Comic Covers"""
2022 Fleer Ultra Marvel Avengers,2022 Fleer Ultra Marvel Avengers - Comic Covers,A-102,1963,1,226236,NONE,"No matching subset — create one or confirm these belong in ""2022 Fleer Ultra Marvel Avengers - Comic Covers"""
2022 Fleer Ultra Marvel Avengers,2022 Fleer Ultra Marvel Avengers - Comic Covers,A-103,1963,1,226237,NONE,"No matching subset — create one or confirm these belong in ""2022 Fleer Ultra Marvel Avengers - Comic Covers"""
2022 Fleer Ultra Marvel Avengers,2022 Fleer Ultra Marvel Avengers - Comic Covers,A-104,1963,1,226238,NONE,"No matching subset — create one or confirm these belong in ""2022 Fleer Ultra Marvel Avengers - Comic Covers"""
2022 Fleer Ultra Marvel Avengers,2022 Fleer Ultra Marvel Avengers - Comic Covers,A-105,1963,1,226239,NONE,"No matching subset — create one or confirm these belong in ""2022 Fleer Ultra Marvel Avengers - Comic Covers"""
2022 Fleer Ultra Marvel Avengers,2022 Fleer Ultra Marvel Avengers - Comic Covers,A-106,1963,1,226240,NONE,"No matching subset — create one or confirm these belong in ""2022 Fleer Ultra Marvel Avengers - Comic Covers"""
2022 Fleer Ultra Marvel Avengers,2022 Fleer Ultra Marvel Avengers - Comic Covers,A-107,1963,1,226241,NONE,"No matching subset — create one or confirm these belong in ""2022 Fleer Ultra Marvel Avengers - Comic Covers"""
2022 Fleer Ultra Marvel Avengers,2022 Fleer Ultra Marvel Avengers - Comic Covers,A-108,1963,1,226242,NONE,"No matching subset — create one or confirm these belong in ""2022 Fleer Ultra Marvel Avengers - Comic Covers"""
2022 Fleer Ultra Marvel Avengers,2022 Fleer Ultra Marvel Avengers - Comic Covers,A-109,1963,1,226243,NONE,"No matching subset — create one or confirm these belong in ""2022 Fleer Ultra Marvel Avengers - Comic Covers"""
2022 Fleer Ultra Marvel Avengers,2022 Fleer Ultra Marvel Avengers - Comic Covers,A-11,1963,1,226154,NONE,"No matching subset — create one or confirm these belong in ""2022 Fleer Ultra Marvel Avengers - Comic Covers"""
2022 Fleer Ultra Marvel Avengers,2022 Fleer Ultra Marvel Avengers - Comic Covers,A-110,1963,1,226244,NONE,"No matching subset — create one or confirm these belong in ""2022 Fleer Ultra Marvel Avengers - Comic Covers"""
2022 Fleer Ultra Marvel Avengers,2022 Fleer Ultra Marvel Avengers - Comic Covers,A-111,1963,1,226245,NONE,"No matching subset — create one or confirm these belong in ""2022 Fleer Ultra Marvel Avengers - Comic Covers"""
2022 Fleer Ultra Marvel Avengers,2022 Fleer Ultra Marvel Avengers - Comic Covers,A-12,1963,1,226155,NONE,"No matching subset — create one or confirm these belong in ""2022 Fleer Ultra Marvel Avengers - Comic Covers"""
2022 Fleer Ultra Marvel Avengers,2022 Fleer Ultra Marvel Avengers - Comic Covers,A-13,1963,1,226156,NONE,"No matching subset — create one or confirm these belong in ""2022 Fleer Ultra Marvel Avengers - Comic Covers"""
2022 Fleer Ultra Marvel Avengers,2022 Fleer Ultra Marvel Avengers - Comic Covers,A-14,1963,1,226157,NONE,"No matching subset — create one or confirm these belong in ""2022 Fleer Ultra Marvel Avengers - Comic Covers"""
2022 Fleer Ultra Marvel Avengers,2022 Fleer Ultra Marvel Avengers - Comic Covers,A-15,1963,1,226158,NONE,"No matching subset — create one or confirm these belong in ""2022 Fleer Ultra Marvel Avengers - Comic Covers"""
2022 Fleer Ultra Marvel Avengers,2022 Fleer Ultra Marvel Avengers - Comic Covers,A-16,1963,1,226159,NONE,"No matching subset — create one or confirm these belong in ""2022 Fleer Ultra Marvel Avengers - Comic Covers"""
2022 Fleer Ultra Marvel Avengers,2022 Fleer Ultra Marvel Avengers - Comic Covers,A-17,1963,1,226160,NONE,"No matching subset — create one or confirm these belong in ""2022 Fleer Ultra Marvel Avengers - Comic Covers"""
2022 Fleer Ultra Marvel Avengers,2022 Fleer Ultra Marvel Avengers - Comic Covers,A-18,1963,1,226161,NONE,"No matching subset — create one or confirm these belong in ""2022 Fleer Ultra Marvel Avengers - Comic Covers"""
2022 Fleer Ultra Marvel Avengers,2022 Fleer Ultra Marvel Avengers - Comic Covers,A-19,1963,1,226162,NONE,"No matching subset — create one or confirm these belong in ""2022 Fleer Ultra Marvel Avengers - Comic Covers"""
2022 Fleer Ultra Marvel Avengers,2022 Fleer Ultra Marvel Avengers - Comic Covers,A-2,1963,1,226147,NONE,"No matching subset — create one or confirm these belong in ""2022 Fleer Ultra Marvel Avengers - Comic Covers"""
2022 Fleer Ultra Marvel Avengers,2022 Fleer Ultra Marvel Avengers - Comic Covers,A-20,1963,1,226163,NONE,"No matching subset — create one or confirm these belong in ""2022 Fleer Ultra Marvel Avengers - Comic Covers"""
2022 Fleer Ultra Marvel Avengers,2022 Fleer Ultra Marvel Avengers - Comic Covers,A-21,1963,1,226164,NONE,"No matching subset — create one or confirm these belong in ""2022 Fleer Ultra Marvel Avengers - Comic Covers"""
2022 Fleer Ultra Marvel Avengers,2022 Fleer Ultra Marvel Avengers - Comic Covers,A-22,1963,1,226165,NONE,"No matching subset — create one or confirm these belong in ""2022 Fleer Ultra Marvel Avengers - Comic Covers"""
2022 Fleer Ultra Marvel Avengers,2022 Fleer Ultra Marvel Avengers - Comic Covers,A-24,1963,1,226166,NONE,"No matching subset — create one or confirm these belong in ""2022 Fleer Ultra Marvel Avengers - Comic Covers"""
2022 Fleer Ultra Marvel Avengers,2022 Fleer Ultra Marvel Avengers - Comic Covers,A-26,1963,1,226167,NONE,"No matching subset — create one or confirm these belong in ""2022 Fleer Ultra Marvel Avengers - Comic Covers"""
2022 Fleer Ultra Marvel Avengers,2022 Fleer Ultra Marvel Avengers - Comic Covers,A-27,1963,1,226168,NONE,"No matching subset — create one or confirm these belong in ""2022 Fleer Ultra Marvel Avengers - Comic Covers"""
2022 Fleer Ultra Marvel Avengers,2022 Fleer Ultra Marvel Avengers - Comic Covers,A-28,1963,1,226169,NONE,"No matching subset — create one or confirm these belong in ""2022 Fleer Ultra Marvel Avengers - Comic Covers"""
2022 Fleer Ultra Marvel Avengers,2022 Fleer Ultra Marvel Avengers - Comic Covers,A-29,1963,1,226170,NONE,"No matching subset — create one or confirm these belong in ""2022 Fleer Ultra Marvel Avengers - Comic Covers"""
2022 Fleer Ultra Marvel Avengers,2022 Fleer Ultra Marvel Avengers - Comic Covers,A-3,1963,1,226148,NONE,"No matching subset — create one or confirm these belong in ""2022 Fleer Ultra Marvel Avengers - Comic Covers"""
2022 Fleer Ultra Marvel Avengers,2022 Fleer Ultra Marvel Avengers - Comic Covers,A-30,1963,1,226171,NONE,"No matching subset — create one or confirm these belong in ""2022 Fleer Ultra Marvel Avengers - Comic Covers"""
2022 Fleer Ultra Marvel Avengers,2022 Fleer Ultra Marvel Avengers - Comic Covers,A-31,1963,1,226172,NONE,"No matching subset — create one or confirm these belong in ""2022 Fleer Ultra Marvel Avengers - Comic Covers"""
2022 Fleer Ultra Marvel Avengers,2022 Fleer Ultra Marvel Avengers - Comic Covers,A-32,1963,1,226173,NONE,"No matching subset — create one or confirm these belong in ""2022 Fleer Ultra Marvel Avengers - Comic Covers"""
2022 Fleer Ultra Marvel Avengers,2022 Fleer Ultra Marvel Avengers - Comic Covers,A-33,1963,1,226174,NONE,"No matching subset — create one or confirm these belong in ""2022 Fleer Ultra Marvel Avengers - Comic Covers"""
2022 Fleer Ultra Marvel Avengers,2022 Fleer Ultra Marvel Avengers - Comic Covers,A-34,1963,1,226175,NONE,"No matching subset — create one or confirm these belong in ""2022 Fleer Ultra Marvel Avengers - Comic Covers"""
2022 Fleer Ultra Marvel Avengers,2022 Fleer Ultra Marvel Avengers - Comic Covers,A-35,1963,1,226176,NONE,"No matching subset — create one or confirm these belong in ""2022 Fleer Ultra Marvel Avengers - Comic Covers"""
2022 Fleer Ultra Marvel Avengers,2022 Fleer Ultra Marvel Avengers - Comic Covers,A-36,1963,1,226177,NONE,"No matching subset — create one or confirm these belong in ""2022 Fleer Ultra Marvel Avengers - Comic Covers"""
2022 Fleer Ultra Marvel Avengers,2022 Fleer Ultra Marvel Avengers - Comic Covers,A-37,1963,1,226178,NONE,"No matching subset — create one or confirm these belong in ""2022 Fleer Ultra Marvel Avengers - Comic Covers"""
2022 Fleer Ultra Marvel Avengers,2022 Fleer Ultra Marvel Avengers - Comic Covers,A-38,1963,1,226179,NONE,"No matching subset — create one or confirm these belong in ""2022 Fleer Ultra Marvel Avengers - Comic Covers"""
2022 Fleer Ultra Marvel Avengers,2022 Fleer Ultra Marvel Avengers - Comic Covers,A-39,1963,1,226180,NONE,"No matching subset — create one or confirm these belong in ""2022 Fleer Ultra Marvel Avengers - Comic Covers"""
2022 Fleer Ultra Marvel Avengers,2022 Fleer Ultra Marvel Avengers - Comic Covers,A-4,1963,1,226149,NONE,"No matching subset — create one or confirm these belong in ""2022 Fleer Ultra Marvel Avengers - Comic Covers"""
2022 Fleer Ultra Marvel Avengers,2022 Fleer Ultra Marvel Avengers - Comic Covers,A-40,1963,1,226181,NONE,"No matching subset — create one or confirm these belong in ""2022 Fleer Ultra Marvel Avengers - Comic Covers"""
2022 Fleer Ultra Marvel Avengers,2022 Fleer Ultra Marvel Avengers - Comic Covers,A-41,1963,1,226182,NONE,"No matching subset — create one or confirm these belong in ""2022 Fleer Ultra Marvel Avengers - Comic Covers"""
2022 Fleer Ultra Marvel Avengers,2022 Fleer Ultra Marvel Avengers - Comic Covers,A-42,1963,1,226183,NONE,"No matching subset — create one or confirm these belong in ""2022 Fleer Ultra Marvel Avengers - Comic Covers"""
2022 Fleer Ultra Marvel Avengers,2022 Fleer Ultra Marvel Avengers - Comic Covers,A-43,1963,1,226184,NONE,"No matching subset — create one or confirm these belong in ""2022 Fleer Ultra Marvel Avengers - Comic Covers"""
2022 Fleer Ultra Marvel Avengers,2022 Fleer Ultra Marvel Avengers - Comic Covers,A-44,1963,1,226185,NONE,"No matching subset — create one or confirm these belong in ""2022 Fleer Ultra Marvel Avengers - Comic Covers"""
2022 Fleer Ultra Marvel Avengers,2022 Fleer Ultra Marvel Avengers - Comic Covers,A-45,1963,1,226186,NONE,"No matching subset — create one or confirm these belong in ""2022 Fleer Ultra Marvel Avengers - Comic Covers"""
2022 Fleer Ultra Marvel Avengers,2022 Fleer Ultra Marvel Avengers - Comic Covers,A-46,1963,1,226187,NONE,"No matching subset — create one or confirm these belong in ""2022 Fleer Ultra Marvel Avengers - Comic Covers"""
2022 Fleer Ultra Marvel Avengers,2022 Fleer Ultra Marvel Avengers - Comic Covers,A-47,1963,1,226188,NONE,"No matching subset — create one or confirm these belong in ""2022 Fleer Ultra Marvel Avengers - Comic Covers"""
2022 Fleer Ultra Marvel Avengers,2022 Fleer Ultra Marvel Avengers - Comic Covers,A-49,1963,1,226189,NONE,"No matching subset — create one or confirm these belong in ""2022 Fleer Ultra Marvel Avengers - Comic Covers"""
2022 Fleer Ultra Marvel Avengers,2022 Fleer Ultra Marvel Avengers - Comic Covers,A-5,1963,1,226150,NONE,"No matching subset — create one or confirm these belong in ""2022 Fleer Ultra Marvel Avengers - Comic Covers"""
2022 Fleer Ultra Marvel Avengers,2022 Fleer Ultra Marvel Avengers - Comic Covers,A-50,1963,1,226190,NONE,"No matching subset — create one or confirm these belong in ""2022 Fleer Ultra Marvel Avengers - Comic Covers"""
2022 Fleer Ultra Marvel Avengers,2022 Fleer Ultra Marvel Avengers - Comic Covers,A-51,1963,1,226191,NONE,"No matching subset — create one or confirm these belong in ""2022 Fleer Ultra Marvel Avengers - Comic Covers"""
2022 Fleer Ultra Marvel Avengers,2022 Fleer Ultra Marvel Avengers - Comic Covers,A-52,1963,1,226192,NONE,"No matching subset — create one or confirm these belong in ""2022 Fleer Ultra Marvel Avengers - Comic Covers"""
2022 Fleer Ultra Marvel Avengers,2022 Fleer Ultra Marvel Avengers - Comic Covers,A-53,1963,1,226193,NONE,"No matching subset — create one or confirm these belong in ""2022 Fleer Ultra Marvel Avengers - Comic Covers"""
2022 Fleer Ultra Marvel Avengers,2022 Fleer Ultra Marvel Avengers - Comic Covers,A-55,1963,1,226194,NONE,"No matching subset — create one or confirm these belong in ""2022 Fleer Ultra Marvel Avengers - Comic Covers"""
2022 Fleer Ultra Marvel Avengers,2022 Fleer Ultra Marvel Avengers - Comic Covers,A-56,1963,1,226195,NONE,"No matching subset — create one or confirm these belong in ""2022 Fleer Ultra Marvel Avengers - Comic Covers"""
2022 Fleer Ultra Marvel Avengers,2022 Fleer Ultra Marvel Avengers - Comic Covers,A-57,1963,1,226196,NONE,"No matching subset — create one or confirm these belong in ""2022 Fleer Ultra Marvel Avengers - Comic Covers"""
2022 Fleer Ultra Marvel Avengers,2022 Fleer Ultra Marvel Avengers - Comic Covers,A-58,1963,1,226197,NONE,"No matching subset — create one or confirm these belong in ""2022 Fleer Ultra Marvel Avengers - Comic Covers"""
2022 Fleer Ultra Marvel Avengers,2022 Fleer Ultra Marvel Avengers - Comic Covers,A-59,1963,1,226198,NONE,"No matching subset — create one or confirm these belong in ""2022 Fleer Ultra Marvel Avengers - Comic Covers"""
2022 Fleer Ultra Marvel Avengers,2022 Fleer Ultra Marvel Avengers - Comic Covers,A-6,1963,1,226151,NONE,"No matching subset — create one or confirm these belong in ""2022 Fleer Ultra Marvel Avengers - Comic Covers"""
2022 Fleer Ultra Marvel Avengers,2022 Fleer Ultra Marvel Avengers - Comic Covers,A-60,1963,1,226199,NONE,"No matching subset — create one or confirm these belong in ""2022 Fleer Ultra Marvel Avengers - Comic Covers"""
2022 Fleer Ultra Marvel Avengers,2022 Fleer Ultra Marvel Avengers - Comic Covers,A-61,1963,1,226200,NONE,"No matching subset — create one or confirm these belong in ""2022 Fleer Ultra Marvel Avengers - Comic Covers"""
2022 Fleer Ultra Marvel Avengers,2022 Fleer Ultra Marvel Avengers - Comic Covers,A-62,1963,1,226201,NONE,"No matching subset — create one or confirm these belong in ""2022 Fleer Ultra Marvel Avengers - Comic Covers"""
2022 Fleer Ultra Marvel Avengers,2022 Fleer Ultra Marvel Avengers - Comic Covers,A-63,1963,1,226202,NONE,"No matching subset — create one or confirm these belong in ""2022 Fleer Ultra Marvel Avengers - Comic Covers"""
2022 Fleer Ultra Marvel Avengers,2022 Fleer Ultra Marvel Avengers - Comic Covers,A-64,1963,1,226203,NONE,"No matching subset — create one or confirm these belong in ""2022 Fleer Ultra Marvel Avengers - Comic Covers"""
2022 Fleer Ultra Marvel Avengers,2022 Fleer Ultra Marvel Avengers - Comic Covers,A-65,1963,1,226204,NONE,"No matching subset — create one or confirm these belong in ""2022 Fleer Ultra Marvel Avengers - Comic Covers"""
2022 Fleer Ultra Marvel Avengers,2022 Fleer Ultra Marvel Avengers - Comic Covers,A-66,1963,1,226205,NONE,"No matching subset — create one or confirm these belong in ""2022 Fleer Ultra Marvel Avengers - Comic Covers"""
2022 Fleer Ultra Marvel Avengers,2022 Fleer Ultra Marvel Avengers - Comic Covers,A-67,1963,1,226206,NONE,"No matching subset — create one or confirm these belong in ""2022 Fleer Ultra Marvel Avengers - Comic Covers"""
2022 Fleer Ultra Marvel Avengers,2022 Fleer Ultra Marvel Avengers - Comic Covers,A-68,1963,1,226207,NONE,"No matching subset — create one or confirm these belong in ""2022 Fleer Ultra Marvel Avengers - Comic Covers"""
2022 Fleer Ultra Marvel Avengers,2022 Fleer Ultra Marvel Avengers - Comic Covers,A-7,1963,1,226152,NONE,"No matching subset — create one or confirm these belong in ""2022 Fleer Ultra Marvel Avengers - Comic Covers"""
2022 Fleer Ultra Marvel Avengers,2022 Fleer Ultra Marvel Avengers - Comic Covers,A-70,1963,1,226208,NONE,"No matching subset — create one or confirm these belong in ""2022 Fleer Ultra Marvel Avengers - Comic Covers"""
2022 Fleer Ultra Marvel Avengers,2022 Fleer Ultra Marvel Avengers - Comic Covers,A-72,1963,1,226209,NONE,"No matching subset — create one or confirm these belong in ""2022 Fleer Ultra Marvel Avengers - Comic Covers"""
2022 Fleer Ultra Marvel Avengers,2022 Fleer Ultra Marvel Avengers - Comic Covers,A-73,1963,1,226210,NONE,"No matching subset — create one or confirm these belong in ""2022 Fleer Ultra Marvel Avengers - Comic Covers"""
2022 Fleer Ultra Marvel Avengers,2022 Fleer Ultra Marvel Avengers - Comic Covers,A-74,1963,1,226211,NONE,"No matching subset — create one or confirm these belong in ""2022 Fleer Ultra Marvel Avengers - Comic Covers"""
2022 Fleer Ultra Marvel Avengers,2022 Fleer Ultra Marvel Avengers - Comic Covers,A-75,1963,1,226212,NONE,"No matching subset — create one or confirm these belong in ""2022 Fleer Ultra Marvel Avengers - Comic Covers"""
2022 Fleer Ultra Marvel Avengers,2022 Fleer Ultra Marvel Avengers - Comic Covers,A-76,1963,1,226213,NONE,"No matching subset — create one or confirm these belong in ""2022 Fleer Ultra Marvel Avengers - Comic Covers"""
2022 Fleer Ultra Marvel Avengers,2022 Fleer Ultra Marvel Avengers - Comic Covers,A-77,1963,1,226214,NONE,"No matching subset — create one or confirm these belong in ""2022 Fleer Ultra Marvel Avengers - Comic Covers"""
2022 Fleer Ultra Marvel Avengers,2022 Fleer Ultra Marvel Avengers - Comic Covers,A-79,1963,1,226215,NONE,"No matching subset — create one or confirm these belong in ""2022 Fleer Ultra Marvel Avengers - Comic Covers"""
2022 Fleer Ultra Marvel Avengers,2022 Fleer Ultra Marvel Avengers - Comic Covers,A-80,1963,1,226216,NONE,"No matching subset — create one or confirm these belong in ""2022 Fleer Ultra Marvel Avengers - Comic Covers"""
2022 Fleer Ultra Marvel Avengers,2022 Fleer Ultra Marvel Avengers - Comic Covers,A-82,1963,1,226218,NONE,"No matching subset — create one or confirm these belong in ""2022 Fleer Ultra Marvel Avengers - Comic Covers"""
2022 Fleer Ultra Marvel Avengers,2022 Fleer Ultra Marvel Avengers - Comic Covers,A-83,1963,1,226219,NONE,"No matching subset — create one or confirm these belong in ""2022 Fleer Ultra Marvel Avengers - Comic Covers"""
2022 Fleer Ultra Marvel Avengers,2022 Fleer Ultra Marvel Avengers - Comic Covers,A-84,1963,1,226220,NONE,"No matching subset — create one or confirm these belong in ""2022 Fleer Ultra Marvel Avengers - Comic Covers"""
2022 Fleer Ultra Marvel Avengers,2022 Fleer Ultra Marvel Avengers - Comic Covers,A-85,1963,1,226221,NONE,"No matching subset — create one or confirm these belong in ""2022 Fleer Ultra Marvel Avengers - Comic Covers"""
2022 Fleer Ultra Marvel Avengers,2022 Fleer Ultra Marvel Avengers - Comic Covers,A-86,1963,1,226222,NONE,"No matching subset — create one or confirm these belong in ""2022 Fleer Ultra Marvel Avengers - Comic Covers"""
2022 Fleer Ultra Marvel Avengers,2022 Fleer Ultra Marvel Avengers - Comic Covers,A-87,1963,1,226223,NONE,"No matching subset — create one or confirm these belong in ""2022 Fleer Ultra Marvel Avengers - Comic Covers"""
2022 Fleer Ultra Marvel Avengers,2022 Fleer Ultra Marvel Avengers - Comic Covers,A-88,1963,1,226224,NONE,"No matching subset — create one or confirm these belong in ""2022 Fleer Ultra Marvel Avengers - Comic Covers"""
2022 Fleer Ultra Marvel Avengers,2022 Fleer Ultra Marvel Avengers - Comic Covers,A-89,1963,1,226225,NONE,"No matching subset — create one or confirm these belong in ""2022 Fleer Ultra Marvel Avengers - Comic Covers"""
2022 Fleer Ultra Marvel Avengers,2022 Fleer Ultra Marvel Avengers - Comic Covers,A-9,1963,1,226153,NONE,"No matching subset — create one or confirm these belong in ""2022 Fleer Ultra Marvel Avengers - Comic Covers"""
2022 Fleer Ultra Marvel Avengers,2022 Fleer Ultra Marvel Avengers - Comic Covers,A-90,1963,1,226226,NONE,"No matching subset — create one or confirm these belong in ""2022 Fleer Ultra Marvel Avengers - Comic Covers"""
2022 Fleer Ultra Marvel Avengers,2022 Fleer Ultra Marvel Avengers - Comic Covers,A-91,1963,1,226227,NONE,"No matching subset — create one or confirm these belong in ""2022 Fleer Ultra Marvel Avengers - Comic Covers"""
2022 Fleer Ultra Marvel Avengers,2022 Fleer Ultra Marvel Avengers - Comic Covers,A-92,1963,1,226228,NONE,"No matching subset — create one or confirm these belong in ""2022 Fleer Ultra Marvel Avengers - Comic Covers"""
2022 Fleer Ultra Marvel Avengers,2022 Fleer Ultra Marvel Avengers - Comic Covers,A-94,1963,1,226229,NONE,"No matching subset — create one or confirm these belong in ""2022 Fleer Ultra Marvel Avengers - Comic Covers"""
2022 Fleer Ultra Marvel Avengers,2022 Fleer Ultra Marvel Avengers - Comic Covers,A-95,1963,1,226230,NONE,"No matching subset — create one or confirm these belong in ""2022 Fleer Ultra Marvel Avengers - Comic Covers"""
2022 Fleer Ultra Marvel Avengers,2022 Fleer Ultra Marvel Avengers - Comic Covers,A-96,1963,1,226231,NONE,"No matching subset — create one or confirm these belong in ""2022 Fleer Ultra Marvel Avengers - Comic Covers"""
2022 Fleer Ultra Marvel Avengers,2022 Fleer Ultra Marvel Avengers - Comic Covers,A-97,1963,1,226217,NONE,"No matching subset — create one or confirm these belong in ""2022 Fleer Ultra Marvel Avengers - Comic Covers"""
2022 Fleer Ultra Marvel Avengers,2022 Fleer Ultra Marvel Avengers - Comic Covers,A-98,1963,1,226232,NONE,"No matching subset — create one or confirm these belong in ""2022 Fleer Ultra Marvel Avengers - Comic Covers"""
2022 Fleer Ultra Marvel Avengers,2022 Fleer Ultra Marvel Avengers - Comic Covers,A-99,1963,1,226233,NONE,"No matching subset — create one or confirm these belong in ""2022 Fleer Ultra Marvel Avengers - Comic Covers"""
2023 Fleer Ultra Marvel Wolverine,2023 Fleer Ultra Marvel Wolverine - Claw Cut Covers,CCC-1,1983,1,244247,NONE,"No matching subset — create one or confirm these belong in ""2023 Fleer Ultra Marvel Wolverine - Claw Cut Covers"""
2023 Fleer Ultra Marvel Wolverine,2023 Fleer Ultra Marvel Wolverine - Claw Cut Covers,CCC-10,1988,1,244256,NONE,"No matching subset — create one or confirm these belong in ""2023 Fleer Ultra Marvel Wolverine - Claw Cut Covers"""
2023 Fleer Ultra Marvel Wolverine,2023 Fleer Ultra Marvel Wolverine - Claw Cut Covers,CCC-11,1988,1,244257,NONE,"No matching subset — create one or confirm these belong in ""2023 Fleer Ultra Marvel Wolverine - Claw Cut Covers"""
2023 Fleer Ultra Marvel Wolverine,2023 Fleer Ultra Marvel Wolverine - Claw Cut Covers,CCC-12,1988,1,244258,NONE,"No matching subset — create one or confirm these belong in ""2023 Fleer Ultra Marvel Wolverine - Claw Cut Covers"""
2023 Fleer Ultra Marvel Wolverine,2023 Fleer Ultra Marvel Wolverine - Claw Cut Covers,CCC-13,1988,1,244259,NONE,"No matching subset — create one or confirm these belong in ""2023 Fleer Ultra Marvel Wolverine - Claw Cut Covers"""
2023 Fleer Ultra Marvel Wolverine,2023 Fleer Ultra Marvel Wolverine - Claw Cut Covers,CCC-14,1988,1,244260,NONE,"No matching subset — create one or confirm these belong in ""2023 Fleer Ultra Marvel Wolverine - Claw Cut Covers"""
2023 Fleer Ultra Marvel Wolverine,2023 Fleer Ultra Marvel Wolverine - Claw Cut Covers,CCC-15,2018,1,244261,NONE,"No matching subset — create one or confirm these belong in ""2023 Fleer Ultra Marvel Wolverine - Claw Cut Covers"""
2023 Fleer Ultra Marvel Wolverine,2023 Fleer Ultra Marvel Wolverine - Claw Cut Covers,CCC-16,1963,1,244262,NONE,"No matching subset — create one or confirm these belong in ""2023 Fleer Ultra Marvel Wolverine - Claw Cut Covers"""
2023 Fleer Ultra Marvel Wolverine,2023 Fleer Ultra Marvel Wolverine - Claw Cut Covers,CCC-17,1963,1,244263,NONE,"No matching subset — create one or confirm these belong in ""2023 Fleer Ultra Marvel Wolverine - Claw Cut Covers"""
2023 Fleer Ultra Marvel Wolverine,2023 Fleer Ultra Marvel Wolverine - Claw Cut Covers,CCC-18,1963,1,244264,NONE,"No matching subset — create one or confirm these belong in ""2023 Fleer Ultra Marvel Wolverine - Claw Cut Covers"""
2023 Fleer Ultra Marvel Wolverine,2023 Fleer Ultra Marvel Wolverine - Claw Cut Covers,CCC-19,1963,1,244265,NONE,"No matching subset — create one or confirm these belong in ""2023 Fleer Ultra Marvel Wolverine - Claw Cut Covers"""
2023 Fleer Ultra Marvel Wolverine,2023 Fleer Ultra Marvel Wolverine - Claw Cut Covers,CCC-2,1971,1,244248,NONE,"No matching subset — create one or confirm these belong in ""2023 Fleer Ultra Marvel Wolverine - Claw Cut Covers"""
2023 Fleer Ultra Marvel Wolverine,2023 Fleer Ultra Marvel Wolverine - Claw Cut Covers,CCC-20,1982,1,244266,NONE,"No matching subset — create one or confirm these belong in ""2023 Fleer Ultra Marvel Wolverine - Claw Cut Covers"""
2023 Fleer Ultra Marvel Wolverine,2023 Fleer Ultra Marvel Wolverine - Claw Cut Covers,CCC-21,1982,1,244267,NONE,"No matching subset — create one or confirm these belong in ""2023 Fleer Ultra Marvel Wolverine - Claw Cut Covers"""
2023 Fleer Ultra Marvel Wolverine,2023 Fleer Ultra Marvel Wolverine - Claw Cut Covers,CCC-22,1982,1,244268,NONE,"No matching subset — create one or confirm these belong in ""2023 Fleer Ultra Marvel Wolverine - Claw Cut Covers"""
2023 Fleer Ultra Marvel Wolverine,2023 Fleer Ultra Marvel Wolverine - Claw Cut Covers,CCC-23,1963,1,244269,NONE,"No matching subset — create one or confirm these belong in ""2023 Fleer Ultra Marvel Wolverine - Claw Cut Covers"""
2023 Fleer Ultra Marvel Wolverine,2023 Fleer Ultra Marvel Wolverine - Claw Cut Covers,CCC-24,1988,1,244270,NONE,"No matching subset — create one or confirm these belong in ""2023 Fleer Ultra Marvel Wolverine - Claw Cut Covers"""
2023 Fleer Ultra Marvel Wolverine,2023 Fleer Ultra Marvel Wolverine - Claw Cut Covers,CCC-25,1988,1,244271,NONE,"No matching subset — create one or confirm these belong in ""2023 Fleer Ultra Marvel Wolverine - Claw Cut Covers"""
2023 Fleer Ultra Marvel Wolverine,2023 Fleer Ultra Marvel Wolverine - Claw Cut Covers,CCC-26,1988,1,244272,NONE,"No matching subset — create one or confirm these belong in ""2023 Fleer Ultra Marvel Wolverine - Claw Cut Covers"""
2023 Fleer Ultra Marvel Wolverine,2023 Fleer Ultra Marvel Wolverine - Claw Cut Covers,CCC-27,1988,1,244273,NONE,"No matching subset — create one or confirm these belong in ""2023 Fleer Ultra Marvel Wolverine - Claw Cut Covers"""
2023 Fleer Ultra Marvel Wolverine,2023 Fleer Ultra Marvel Wolverine - Claw Cut Covers,CCC-28,1988,1,244274,NONE,"No matching subset — create one or confirm these belong in ""2023 Fleer Ultra Marvel Wolverine - Claw Cut Covers"""
2023 Fleer Ultra Marvel Wolverine,2023 Fleer Ultra Marvel Wolverine - Claw Cut Covers,CCC-29,2003,1,244275,NONE,"No matching subset — create one or confirm these belong in ""2023 Fleer Ultra Marvel Wolverine - Claw Cut Covers"""
2023 Fleer Ultra Marvel Wolverine,2023 Fleer Ultra Marvel Wolverine - Claw Cut Covers,CCC-3,1964,1,244249,NONE,"No matching subset — create one or confirm these belong in ""2023 Fleer Ultra Marvel Wolverine - Claw Cut Covers"""
2023 Fleer Ultra Marvel Wolverine,2023 Fleer Ultra Marvel Wolverine - Claw Cut Covers,CCC-30,2003,1,244276,NONE,"No matching subset — create one or confirm these belong in ""2023 Fleer Ultra Marvel Wolverine - Claw Cut Covers"""
2023 Fleer Ultra Marvel Wolverine,2023 Fleer Ultra Marvel Wolverine - Claw Cut Covers,CCC-31,2003,1,244277,NONE,"No matching subset — create one or confirm these belong in ""2023 Fleer Ultra Marvel Wolverine - Claw Cut Covers"""
2023 Fleer Ultra Marvel Wolverine,2023 Fleer Ultra Marvel Wolverine - Claw Cut Covers,CCC-32,2003,1,244278,NONE,"No matching subset — create one or confirm these belong in ""2023 Fleer Ultra Marvel Wolverine - Claw Cut Covers"""
2023 Fleer Ultra Marvel Wolverine,2023 Fleer Ultra Marvel Wolverine - Claw Cut Covers,CCC-33,2003,1,244279,NONE,"No matching subset — create one or confirm these belong in ""2023 Fleer Ultra Marvel Wolverine - Claw Cut Covers"""
2023 Fleer Ultra Marvel Wolverine,2023 Fleer Ultra Marvel Wolverine - Claw Cut Covers,CCC-34,2003,1,244280,NONE,"No matching subset — create one or confirm these belong in ""2023 Fleer Ultra Marvel Wolverine - Claw Cut Covers"""
2023 Fleer Ultra Marvel Wolverine,2023 Fleer Ultra Marvel Wolverine - Claw Cut Covers,CCC-35,2020,1,244281,NONE,"No matching subset — create one or confirm these belong in ""2023 Fleer Ultra Marvel Wolverine - Claw Cut Covers"""
2023 Fleer Ultra Marvel Wolverine,2023 Fleer Ultra Marvel Wolverine - Claw Cut Covers,CCC-36,1991,1,244282,NONE,"No matching subset — create one or confirm these belong in ""2023 Fleer Ultra Marvel Wolverine - Claw Cut Covers"""
2023 Fleer Ultra Marvel Wolverine,2023 Fleer Ultra Marvel Wolverine - Claw Cut Covers,CCC-4,2005,1,244250,NONE,"No matching subset — create one or confirm these belong in ""2023 Fleer Ultra Marvel Wolverine - Claw Cut Covers"""
2023 Fleer Ultra Marvel Wolverine,2023 Fleer Ultra Marvel Wolverine - Claw Cut Covers,CCC-5,1962,1,244251,NONE,"No matching subset — create one or confirm these belong in ""2023 Fleer Ultra Marvel Wolverine - Claw Cut Covers"""
2023 Fleer Ultra Marvel Wolverine,2023 Fleer Ultra Marvel Wolverine - Claw Cut Covers,CCC-6,1988,1,244252,NONE,"No matching subset — create one or confirm these belong in ""2023 Fleer Ultra Marvel Wolverine - Claw Cut Covers"""
2023 Fleer Ultra Marvel Wolverine,2023 Fleer Ultra Marvel Wolverine - Claw Cut Covers,CCC-7,1988,1,244253,NONE,"No matching subset — create one or confirm these belong in ""2023 Fleer Ultra Marvel Wolverine - Claw Cut Covers"""
2023 Fleer Ultra Marvel Wolverine,2023 Fleer Ultra Marvel Wolverine - Claw Cut Covers,CCC-8,1988,1,244254,NONE,"No matching subset — create one or confirm these belong in ""2023 Fleer Ultra Marvel Wolverine - Claw Cut Covers"""
2023 Fleer Ultra Marvel Wolverine,2023 Fleer Ultra Marvel Wolverine - Claw Cut Covers,CCC-9,1988,1,244255,NONE,"No matching subset — create one or confirm these belong in ""2023 Fleer Ultra Marvel Wolverine - Claw Cut Covers"""
2023 Fleer Ultra Marvel Wolverine,2023 Fleer Ultra Marvel Wolverine - Comic Cuts,CC-CAA8,1971,1,244283,NONE,"No matching subset — create one or confirm these belong in ""2023 Fleer Ultra Marvel Wolverine - Comic Cuts"""
2023 Fleer Ultra Marvel Wolverine,2023 Fleer Ultra Marvel Wolverine - Comic Cuts,CC-DOW2,2014,1,244284,NONE,"No matching subset — create one or confirm these belong in ""2023 Fleer Ultra Marvel Wolverine - Comic Cuts"""
2023 Fleer Ultra Marvel Wolverine,2023 Fleer Ultra Marvel Wolverine - Comic Cuts,CC-DOW3,2014,1,244285,NONE,"No matching subset — create one or confirm these belong in ""2023 Fleer Ultra Marvel Wolverine - Comic Cuts"""
2023 Fleer Ultra Marvel Wolverine,2023 Fleer Ultra Marvel Wolverine - Comic Cuts,CC-DOW4,2014,1,244286,NONE,"No matching subset — create one or confirm these belong in ""2023 Fleer Ultra Marvel Wolverine - Comic Cuts"""
2023 Fleer Ultra Marvel Wolverine,2023 Fleer Ultra Marvel Wolverine - Comic Cuts,CC-GSW1,2006,1,244287,NONE,"No matching subset — create one or confirm these belong in ""2023 Fleer Ultra Marvel Wolverine - Comic Cuts"""
2023 Fleer Ultra Marvel Wolverine,2023 Fleer Ultra Marvel Wolverine - Comic Cuts,CC-H340,1962,1,244289,NONE,"No matching subset — create one or confirm these belong in ""2023 Fleer Ultra Marvel Wolverine - Comic Cuts"""
2023 Fleer Ultra Marvel Wolverine,2023 Fleer Ultra Marvel Wolverine - Comic Cuts,CC-IF15,1975,1,244288,NONE,"No matching subset — create one or confirm these belong in ""2023 Fleer Ultra Marvel Wolverine - Comic Cuts"""
2023 Fleer Ultra Marvel Wolverine,2023 Fleer Ultra Marvel Wolverine - Comic Cuts,CC-KPW1,1984,1,244290,NONE,"No matching subset — create one or confirm these belong in ""2023 Fleer Ultra Marvel Wolverine - Comic Cuts"""
2023 Fleer Ultra Marvel Wolverine,2023 Fleer Ultra Marvel Wolverine - Comic Cuts,CC-KPW2,1984,1,244291,NONE,"No matching subset — create one or confirm these belong in ""2023 Fleer Ultra Marvel Wolverine - Comic Cuts"""
2023 Fleer Ultra Marvel Wolverine,2023 Fleer Ultra Marvel Wolverine - Comic Cuts,CC-KPW3,1984,1,244292,NONE,"No matching subset — create one or confirm these belong in ""2023 Fleer Ultra Marvel Wolverine - Comic Cuts"""
2023 Fleer Ultra Marvel Wolverine,2023 Fleer Ultra Marvel Wolverine - Comic Cuts,CC-KPW4,1984,1,244293,NONE,"No matching subset — create one or confirm these belong in ""2023 Fleer Ultra Marvel Wolverine - Comic Cuts"""
2023 Fleer Ultra Marvel Wolverine,2023 Fleer Ultra Marvel Wolverine - Comic Cuts,CC-L1,2008,1,244294,NONE,"No matching subset — create one or confirm these belong in ""2023 Fleer Ultra Marvel Wolverine - Comic Cuts"""
2023 Fleer Ultra Marvel Wolverine,2023 Fleer Ultra Marvel Wolverine - Comic Cuts,CC-MCP72,1988,1,244295,NONE,"No matching subset — create one or confirm these belong in ""2023 Fleer Ultra Marvel Wolverine - Comic Cuts"""
2023 Fleer Ultra Marvel Wolverine,2023 Fleer Ultra Marvel Wolverine - Comic Cuts,CC-MCP75,1988,1,244296,NONE,"No matching subset — create one or confirm these belong in ""2023 Fleer Ultra Marvel Wolverine - Comic Cuts"""
2023 Fleer Ultra Marvel Wolverine,2023 Fleer Ultra Marvel Wolverine - Comic Cuts,CC-MCP76,1988,1,244297,NONE,"No matching subset — create one or confirm these belong in ""2023 Fleer Ultra Marvel Wolverine - Comic Cuts"""
2023 Fleer Ultra Marvel Wolverine,2023 Fleer Ultra Marvel Wolverine - Comic Cuts,CC-MCP79,1988,1,244298,NONE,"No matching subset — create one or confirm these belong in ""2023 Fleer Ultra Marvel Wolverine - Comic Cuts"""
2023 Fleer Ultra Marvel Wolverine,2023 Fleer Ultra Marvel Wolverine - Comic Cuts,CC-OML1,2015,1,244299,NONE,"No matching subset — create one or confirm these belong in ""2023 Fleer Ultra Marvel Wolverine - Comic Cuts"""
2023 Fleer Ultra Marvel Wolverine,2023 Fleer Ultra Marvel Wolverine - Comic Cuts,CC-OML16,2016,1,244300,NONE,"No matching subset — create one or confirm these belong in ""2023 Fleer Ultra Marvel Wolverine - Comic Cuts"""
2023 Fleer Ultra Marvel Wolverine,2023 Fleer Ultra Marvel Wolverine - Comic Cuts,CC-OML3,2016,1,244301,NONE,"No matching subset — create one or confirm these belong in ""2023 Fleer Ultra Marvel Wolverine - Comic Cuts"""
2023 Fleer Ultra Marvel Wolverine,2023 Fleer Ultra Marvel Wolverine - Comic Cuts,CC-ROW1,2018,1,244302,NONE,"No matching subset — create one or confirm these belong in ""2023 Fleer Ultra Marvel Wolverine - Comic Cuts"""
2023 Fleer Ultra Marvel Wolverine,2023 Fleer Ultra Marvel Wolverine - Comic Cuts,CC-UXM134,1963,1,244310,NONE,"No matching subset — create one or confirm these belong in ""2023 Fleer Ultra Marvel Wolverine - Comic Cuts"""
2023 Fleer Ultra Marvel Wolverine,2023 Fleer Ultra Marvel Wolverine - Comic Cuts,CC-UXM41,2001,1,244303,NONE,"No matching subset — create one or confirm these belong in ""2023 Fleer Ultra Marvel Wolverine - Comic Cuts"""
2023 Fleer Ultra Marvel Wolverine,2023 Fleer Ultra Marvel Wolverine - Comic Cuts,CC-W1,1982,1,244323,NONE,"No matching subset — create one or confirm these belong in ""2023 Fleer Ultra Marvel Wolverine - Comic Cuts"""
2023 Fleer Ultra Marvel Wolverine,2023 Fleer Ultra Marvel Wolverine - Comic Cuts,CC-WO2,2003,1,244332,NONE,"No matching subset — create one or confirm these belong in ""2023 Fleer Ultra Marvel Wolverine - Comic Cuts"""
2023 Fleer Ultra Marvel Wolverine,2023 Fleer Ultra Marvel Wolverine - Comic Cuts,CC-WO21,2003,1,244333,NONE,"No matching subset — create one or confirm these belong in ""2023 Fleer Ultra Marvel Wolverine - Comic Cuts"""
2023 Fleer Ultra Marvel Wolverine,2023 Fleer Ultra Marvel Wolverine - Comic Cuts,CC-WO23,2003,1,244334,NONE,"No matching subset — create one or confirm these belong in ""2023 Fleer Ultra Marvel Wolverine - Comic Cuts"""
2023 Fleer Ultra Marvel Wolverine,2023 Fleer Ultra Marvel Wolverine - Comic Cuts,CC-WO65,2003,1,244335,NONE,"No matching subset — create one or confirm these belong in ""2023 Fleer Ultra Marvel Wolverine - Comic Cuts"""
2023 Fleer Ultra Marvel Wolverine,2023 Fleer Ultra Marvel Wolverine - Comic Cuts,CC-WO66,2003,1,244336,NONE,"No matching subset — create one or confirm these belong in ""2023 Fleer Ultra Marvel Wolverine - Comic Cuts"""
2023 Fleer Ultra Marvel Wolverine,2023 Fleer Ultra Marvel Wolverine - Comic Cuts,CC-WO67,2003,1,244337,NONE,"No matching subset — create one or confirm these belong in ""2023 Fleer Ultra Marvel Wolverine - Comic Cuts"""
2023 Fleer Ultra Marvel Wolverine,2023 Fleer Ultra Marvel Wolverine - Comic Cuts,CC-WO68,2003,1,244338,NONE,"No matching subset — create one or confirm these belong in ""2023 Fleer Ultra Marvel Wolverine - Comic Cuts"""
2023 Fleer Ultra Marvel Wolverine,2023 Fleer Ultra Marvel Wolverine - Comic Cuts,CC-WO69,2003,1,244339,NONE,"No matching subset — create one or confirm these belong in ""2023 Fleer Ultra Marvel Wolverine - Comic Cuts"""
2023 Fleer Ultra Marvel Wolverine,2023 Fleer Ultra Marvel Wolverine - Comic Cuts,CC-WO72,2003,1,244340,NONE,"No matching subset — create one or confirm these belong in ""2023 Fleer Ultra Marvel Wolverine - Comic Cuts"""
2023 Fleer Ultra Marvel Wolverine,2023 Fleer Ultra Marvel Wolverine - Comic Cuts,CC-WOL1,2020,1,244341,NONE,"No matching subset — create one or confirm these belong in ""2023 Fleer Ultra Marvel Wolverine - Comic Cuts"""
2023 Fleer Ultra Marvel Wolverine,2023 Fleer Ultra Marvel Wolverine - Comic Cuts,CC-WOM1,2009,1,244343,NONE,"No matching subset — create one or confirm these belong in ""2023 Fleer Ultra Marvel Wolverine - Comic Cuts"""
2023 Fleer Ultra Marvel Wolverine,2023 Fleer Ultra Marvel Wolverine - Comic Cuts,CC-WOO1,2006,1,244342,NONE,"No matching subset — create one or confirm these belong in ""2023 Fleer Ultra Marvel Wolverine - Comic Cuts"""
2023 Fleer Ultra Marvel Wolverine,2023 Fleer Ultra Marvel Wolverine - Comic Cuts,CC-WTO1,2001,1,244344,NONE,"No matching subset — create one or confirm these belong in ""2023 Fleer Ultra Marvel Wolverine - Comic Cuts"""
2023 Fleer Ultra Marvel Wolverine,2023 Fleer Ultra Marvel Wolverine - Comic Cuts,CC-WTO2,2001,1,244345,NONE,"No matching subset — create one or confirm these belong in ""2023 Fleer Ultra Marvel Wolverine - Comic Cuts"""
2023 Fleer Ultra Marvel Wolverine,2023 Fleer Ultra Marvel Wolverine - Comic Cuts,CC-WTO3,2001,1,244346,NONE,"No matching subset — create one or confirm these belong in ""2023 Fleer Ultra Marvel Wolverine - Comic Cuts"""
2023 Fleer Ultra Marvel Wolverine,2023 Fleer Ultra Marvel Wolverine - Comic Cuts,CC-WW1,1988,1,244324,NONE,"No matching subset — create one or confirm these belong in ""2023 Fleer Ultra Marvel Wolverine - Comic Cuts"""
2023 Fleer Ultra Marvel Wolverine,2023 Fleer Ultra Marvel Wolverine - Comic Cuts,CC-WW10,1988,1,244328,NONE,"No matching subset — create one or confirm these belong in ""2023 Fleer Ultra Marvel Wolverine - Comic Cuts"""
2023 Fleer Ultra Marvel Wolverine,2023 Fleer Ultra Marvel Wolverine - Comic Cuts,CC-WW17,1988,1,244329,NONE,"No matching subset — create one or confirm these belong in ""2023 Fleer Ultra Marvel Wolverine - Comic Cuts"""
2023 Fleer Ultra Marvel Wolverine,2023 Fleer Ultra Marvel Wolverine - Comic Cuts,CC-WW2,1988,1,244325,NONE,"No matching subset — create one or confirm these belong in ""2023 Fleer Ultra Marvel Wolverine - Comic Cuts"""
2023 Fleer Ultra Marvel Wolverine,2023 Fleer Ultra Marvel Wolverine - Comic Cuts,CC-WW27,1988,1,244330,NONE,"No matching subset — create one or confirm these belong in ""2023 Fleer Ultra Marvel Wolverine - Comic Cuts"""
2023 Fleer Ultra Marvel Wolverine,2023 Fleer Ultra Marvel Wolverine - Comic Cuts,CC-WW3,1988,1,244326,NONE,"No matching subset — create one or confirm these belong in ""2023 Fleer Ultra Marvel Wolverine - Comic Cuts"""
2023 Fleer Ultra Marvel Wolverine,2023 Fleer Ultra Marvel Wolverine - Comic Cuts,CC-WW75,1988,1,244331,NONE,"No matching subset — create one or confirm these belong in ""2023 Fleer Ultra Marvel Wolverine - Comic Cuts"""
2023 Fleer Ultra Marvel Wolverine,2023 Fleer Ultra Marvel Wolverine - Comic Cuts,CC-WW8,1988,1,244327,NONE,"No matching subset — create one or confirm these belong in ""2023 Fleer Ultra Marvel Wolverine - Comic Cuts"""
2023 Fleer Ultra Marvel Wolverine,2023 Fleer Ultra Marvel Wolverine - Comic Cuts,CC-XM100,1963,1,244305,NONE,"No matching subset — create one or confirm these belong in ""2023 Fleer Ultra Marvel Wolverine - Comic Cuts"""
2023 Fleer Ultra Marvel Wolverine,2023 Fleer Ultra Marvel Wolverine - Comic Cuts,CC-XM120,1963,1,244306,NONE,"No matching subset — create one or confirm these belong in ""2023 Fleer Ultra Marvel Wolverine - Comic Cuts"""
2023 Fleer Ultra Marvel Wolverine,2023 Fleer Ultra Marvel Wolverine - Comic Cuts,CC-XM121,1963,1,244307,NONE,"No matching subset — create one or confirm these belong in ""2023 Fleer Ultra Marvel Wolverine - Comic Cuts"""
2023 Fleer Ultra Marvel Wolverine,2023 Fleer Ultra Marvel Wolverine - Comic Cuts,CC-XM132,1963,1,244308,NONE,"No matching subset — create one or confirm these belong in ""2023 Fleer Ultra Marvel Wolverine - Comic Cuts"""
2023 Fleer Ultra Marvel Wolverine,2023 Fleer Ultra Marvel Wolverine - Comic Cuts,CC-XM133,1963,1,244309,NONE,"No matching subset — create one or confirm these belong in ""2023 Fleer Ultra Marvel Wolverine - Comic Cuts"""
2023 Fleer Ultra Marvel Wolverine,2023 Fleer Ultra Marvel Wolverine - Comic Cuts,CC-XM135,1963,1,244311,NONE,"No matching subset — create one or confirm these belong in ""2023 Fleer Ultra Marvel Wolverine - Comic Cuts"""
2023 Fleer Ultra Marvel Wolverine,2023 Fleer Ultra Marvel Wolverine - Comic Cuts,CC-XM136,1963,1,244312,NONE,"No matching subset — create one or confirm these belong in ""2023 Fleer Ultra Marvel Wolverine - Comic Cuts"""
2023 Fleer Ultra Marvel Wolverine,2023 Fleer Ultra Marvel Wolverine - Comic Cuts,CC-XM137,1963,1,244313,NONE,"No matching subset — create one or confirm these belong in ""2023 Fleer Ultra Marvel Wolverine - Comic Cuts"""
2023 Fleer Ultra Marvel Wolverine,2023 Fleer Ultra Marvel Wolverine - Comic Cuts,CC-XM140,1963,1,244314,NONE,"No matching subset — create one or confirm these belong in ""2023 Fleer Ultra Marvel Wolverine - Comic Cuts"""
2023 Fleer Ultra Marvel Wolverine,2023 Fleer Ultra Marvel Wolverine - Comic Cuts,CC-XM142,1963,1,244316,NONE,"No matching subset — create one or confirm these belong in ""2023 Fleer Ultra Marvel Wolverine - Comic Cuts"""
2023 Fleer Ultra Marvel Wolverine,2023 Fleer Ultra Marvel Wolverine - Comic Cuts,CC-XM205,1963,1,244317,NONE,"No matching subset — create one or confirm these belong in ""2023 Fleer Ultra Marvel Wolverine - Comic Cuts"""
2023 Fleer Ultra Marvel Wolverine,2023 Fleer Ultra Marvel Wolverine - Comic Cuts,CC-XM212,1963,1,244318,NONE,"No matching subset — create one or confirm these belong in ""2023 Fleer Ultra Marvel Wolverine - Comic Cuts"""
2023 Fleer Ultra Marvel Wolverine,2023 Fleer Ultra Marvel Wolverine - Comic Cuts,CC-XM213,1963,1,244319,NONE,"No matching subset — create one or confirm these belong in ""2023 Fleer Ultra Marvel Wolverine - Comic Cuts"""
2023 Fleer Ultra Marvel Wolverine,2023 Fleer Ultra Marvel Wolverine - Comic Cuts,CC-XM222,1963,1,244320,NONE,"No matching subset — create one or confirm these belong in ""2023 Fleer Ultra Marvel Wolverine - Comic Cuts"""
2023 Fleer Ultra Marvel Wolverine,2023 Fleer Ultra Marvel Wolverine - Comic Cuts,CC-XM251,1963,1,244321,NONE,"No matching subset — create one or confirm these belong in ""2023 Fleer Ultra Marvel Wolverine - Comic Cuts"""
2023 Fleer Ultra Marvel Wolverine,2023 Fleer Ultra Marvel Wolverine - Comic Cuts,CC-XM268,1963,1,244322,NONE,"No matching subset — create one or confirm these belong in ""2023 Fleer Ultra Marvel Wolverine - Comic Cuts"""
2023 Fleer Ultra Marvel Wolverine,2023 Fleer Ultra Marvel Wolverine - Comic Cuts,CC-XM94,1963,1,244304,NONE,"No matching subset — create one or confirm these belong in ""2023 Fleer Ultra Marvel Wolverine - Comic Cuts"""
2023 Fleer Ultra Marvel Wolverine,2023 Fleer Ultra Marvel Wolverine - eX Century,EX76,X-Force,1,96936,NONE,"No matching subset — create one or confirm these belong in ""2023 Fleer Ultra Marvel Wolverine - eX Century"""
2023 Fleer Ultra Marvel Wolverine,2023 Fleer Ultra Marvel Wolverine - eX Century Essential Credentials Future,EX76,X-Force,1,244523,NONE,"No matching subset — create one or confirm these belong in ""2023 Fleer Ultra Marvel Wolverine - eX Century Essential Credentials Future"""
2023 Fleer Ultra Marvel Wolverine,2023 Fleer Ultra Marvel Wolverine - eX Century Essential Credentials Now,EX76,X-Force,1,244623,NONE,"No matching subset — create one or confirm these belong in ""2023 Fleer Ultra Marvel Wolverine - eX Century Essential Credentials Now"""
2023 Upper Deck Marvel Platinum ,2023 Upper Deck Marvel Platinum - Blue Rainbow,135,Jane Foster,1,48579,NONE,"No matching subset — create one or confirm these belong in ""2023 Upper Deck Marvel Platinum - Blue Rainbow"""
2023 Upper Deck Marvel Platinum ,2023 Upper Deck Marvel Platinum - Iconic Covers,IC03,1963,1,278035,NONE,"No matching subset — create one or confirm these belong in ""2023 Upper Deck Marvel Platinum - Iconic Covers"""
2023 Upper Deck Marvel Platinum ,2023 Upper Deck Marvel Platinum - Iconic Covers,IC04,1952,1,278036,NONE,"No matching subset — create one or confirm these belong in ""2023 Upper Deck Marvel Platinum - Iconic Covers"""
2023 Upper Deck Marvel Platinum ,2023 Upper Deck Marvel Platinum - Iconic Covers,IC05,1984,1,278037,NONE,"No matching subset — create one or confirm these belong in ""2023 Upper Deck Marvel Platinum - Iconic Covers"""
2023 Upper Deck Marvel Platinum ,2023 Upper Deck Marvel Platinum - Iconic Covers,IC06,1964,1,278038,NONE,"No matching subset — create one or confirm these belong in ""2023 Upper Deck Marvel Platinum - Iconic Covers"""
2023 Upper Deck Marvel Platinum ,2023 Upper Deck Marvel Platinum - Iconic Covers,IC07,1962,1,278039,NONE,"No matching subset — create one or confirm these belong in ""2023 Upper Deck Marvel Platinum - Iconic Covers"""
2023 Upper Deck Marvel Platinum ,2023 Upper Deck Marvel Platinum - Iconic Covers,IC10,1962,1,278042,NONE,"No matching subset — create one or confirm these belong in ""2023 Upper Deck Marvel Platinum - Iconic Covers"""
2023 Upper Deck Marvel Platinum ,2023 Upper Deck Marvel Platinum - Iconic Covers,IC11,1991,1,278043,NONE,"No matching subset — create one or confirm these belong in ""2023 Upper Deck Marvel Platinum - Iconic Covers"""
2023 Upper Deck Marvel Platinum ,2023 Upper Deck Marvel Platinum - Iconic Covers,IC12,1962,1,278044,NONE,"No matching subset — create one or confirm these belong in ""2023 Upper Deck Marvel Platinum - Iconic Covers"""
2023 Upper Deck Marvel Platinum ,2023 Upper Deck Marvel Platinum - Iconic Covers,IC13,1963,1,278045,NONE,"No matching subset — create one or confirm these belong in ""2023 Upper Deck Marvel Platinum - Iconic Covers"""
2023 Upper Deck Marvel Platinum ,2023 Upper Deck Marvel Platinum - Iconic Covers,IC14,1962,1,278046,NONE,"No matching subset — create one or confirm these belong in ""2023 Upper Deck Marvel Platinum - Iconic Covers"""
2023 Upper Deck Marvel Platinum ,2023 Upper Deck Marvel Platinum - Iconic Covers,IC15,2005,1,278047,NONE,"No matching subset — create one or confirm these belong in ""2023 Upper Deck Marvel Platinum - Iconic Covers"""
2023 Upper Deck Marvel Platinum ,2023 Upper Deck Marvel Platinum - Iconic Covers,IC16,1963,1,278048,NONE,"No matching subset — create one or confirm these belong in ""2023 Upper Deck Marvel Platinum - Iconic Covers"""
2023 Upper Deck Marvel Platinum ,2023 Upper Deck Marvel Platinum - Iconic Covers,IC17,1966,1,278049,NONE,"No matching subset — create one or confirm these belong in ""2023 Upper Deck Marvel Platinum - Iconic Covers"""
2023 Upper Deck Marvel Platinum ,2023 Upper Deck Marvel Platinum - Iconic Covers,IC19,1968,1,278051,NONE,"No matching subset — create one or confirm these belong in ""2023 Upper Deck Marvel Platinum - Iconic Covers"""
2023 Upper Deck Marvel Platinum ,2023 Upper Deck Marvel Platinum - Iconic Covers,IC20,2012,1,278052,NONE,"No matching subset — create one or confirm these belong in ""2023 Upper Deck Marvel Platinum - Iconic Covers"""
2023 Upper Deck Marvel Platinum ,2023 Upper Deck Marvel Platinum - Iconic Covers,IC21,2018,1,278053,NONE,"No matching subset — create one or confirm these belong in ""2023 Upper Deck Marvel Platinum - Iconic Covers"""
2023 Upper Deck Marvel Platinum ,2023 Upper Deck Marvel Platinum - Iconic Covers,IC22,1963,1,278054,NONE,"No matching subset — create one or confirm these belong in ""2023 Upper Deck Marvel Platinum - Iconic Covers"""
2023 Upper Deck Marvel Platinum ,2023 Upper Deck Marvel Platinum - Iconic Covers,IC23,2003,1,278055,NONE,"No matching subset — create one or confirm these belong in ""2023 Upper Deck Marvel Platinum - Iconic Covers"""
2023 Upper Deck Marvel Platinum ,2023 Upper Deck Marvel Platinum - Iconic Covers,IC24,1959,1,278056,NONE,"No matching subset — create one or confirm these belong in ""2023 Upper Deck Marvel Platinum - Iconic Covers"""
2023 Upper Deck Marvel Platinum ,2023 Upper Deck Marvel Platinum - Iconic Covers,IC25,1993,1,278057,NONE,"No matching subset — create one or confirm these belong in ""2023 Upper Deck Marvel Platinum - Iconic Covers"""
2023 Upper Deck Marvel Platinum ,2023 Upper Deck Marvel Platinum - Iconic Covers Rainbow,IC03,1963,1,278085,NONE,"No matching subset — create one or confirm these belong in ""2023 Upper Deck Marvel Platinum - Iconic Covers Rainbow"""
2023 Upper Deck Marvel Platinum ,2023 Upper Deck Marvel Platinum - Iconic Covers Rainbow,IC04,1952,1,278086,NONE,"No matching subset — create one or confirm these belong in ""2023 Upper Deck Marvel Platinum - Iconic Covers Rainbow"""
2023 Upper Deck Marvel Platinum ,2023 Upper Deck Marvel Platinum - Iconic Covers Rainbow,IC05,1984,1,278087,NONE,"No matching subset — create one or confirm these belong in ""2023 Upper Deck Marvel Platinum - Iconic Covers Rainbow"""
2023 Upper Deck Marvel Platinum ,2023 Upper Deck Marvel Platinum - Iconic Covers Rainbow,IC06,1964,1,278088,NONE,"No matching subset — create one or confirm these belong in ""2023 Upper Deck Marvel Platinum - Iconic Covers Rainbow"""
2023 Upper Deck Marvel Platinum ,2023 Upper Deck Marvel Platinum - Iconic Covers Rainbow,IC07,1962,1,278089,NONE,"No matching subset — create one or confirm these belong in ""2023 Upper Deck Marvel Platinum - Iconic Covers Rainbow"""
2023 Upper Deck Marvel Platinum ,2023 Upper Deck Marvel Platinum - Iconic Covers Rainbow,IC10,1962,1,278092,NONE,"No matching subset — create one or confirm these belong in ""2023 Upper Deck Marvel Platinum - Iconic Covers Rainbow"""
2023 Upper Deck Marvel Platinum ,2023 Upper Deck Marvel Platinum - Iconic Covers Rainbow,IC11,1991,1,278093,NONE,"No matching subset — create one or confirm these belong in ""2023 Upper Deck Marvel Platinum - Iconic Covers Rainbow"""
2023 Upper Deck Marvel Platinum ,2023 Upper Deck Marvel Platinum - Iconic Covers Rainbow,IC12,1962,1,278094,NONE,"No matching subset — create one or confirm these belong in ""2023 Upper Deck Marvel Platinum - Iconic Covers Rainbow"""
2023 Upper Deck Marvel Platinum ,2023 Upper Deck Marvel Platinum - Iconic Covers Rainbow,IC13,1963,1,278095,NONE,"No matching subset — create one or confirm these belong in ""2023 Upper Deck Marvel Platinum - Iconic Covers Rainbow"""
2023 Upper Deck Marvel Platinum ,2023 Upper Deck Marvel Platinum - Iconic Covers Rainbow,IC14,1962,1,278096,NONE,"No matching subset — create one or confirm these belong in ""2023 Upper Deck Marvel Platinum - Iconic Covers Rainbow"""
2023 Upper Deck Marvel Platinum ,2023 Upper Deck Marvel Platinum - Iconic Covers Rainbow,IC15,2005,1,278097,NONE,"No matching subset — create one or confirm these belong in ""2023 Upper Deck Marvel Platinum - Iconic Covers Rainbow"""
2023 Upper Deck Marvel Platinum ,2023 Upper Deck Marvel Platinum - Iconic Covers Rainbow,IC16,1963,1,278098,NONE,"No matching subset — create one or confirm these belong in ""2023 Upper Deck Marvel Platinum - Iconic Covers Rainbow"""
2023 Upper Deck Marvel Platinum ,2023 Upper Deck Marvel Platinum - Iconic Covers Rainbow,IC17,1966,1,278099,NONE,"No matching subset — create one or confirm these belong in ""2023 Upper Deck Marvel Platinum - Iconic Covers Rainbow"""
2023 Upper Deck Marvel Platinum ,2023 Upper Deck Marvel Platinum - Iconic Covers Rainbow,IC19,1968,1,278101,NONE,"No matching subset — create one or confirm these belong in ""2023 Upper Deck Marvel Platinum - Iconic Covers Rainbow"""
2023 Upper Deck Marvel Platinum ,2023 Upper Deck Marvel Platinum - Iconic Covers Rainbow,IC20,2012,1,278102,NONE,"No matching subset — create one or confirm these belong in ""2023 Upper Deck Marvel Platinum - Iconic Covers Rainbow"""
2023 Upper Deck Marvel Platinum ,2023 Upper Deck Marvel Platinum - Iconic Covers Rainbow,IC21,2018,1,278103,NONE,"No matching subset — create one or confirm these belong in ""2023 Upper Deck Marvel Platinum - Iconic Covers Rainbow"""
2023 Upper Deck Marvel Platinum ,2023 Upper Deck Marvel Platinum - Iconic Covers Rainbow,IC22,1963,1,278104,NONE,"No matching subset — create one or confirm these belong in ""2023 Upper Deck Marvel Platinum - Iconic Covers Rainbow"""
2023 Upper Deck Marvel Platinum ,2023 Upper Deck Marvel Platinum - Iconic Covers Rainbow,IC23,2003,1,278105,NONE,"No matching subset — create one or confirm these belong in ""2023 Upper Deck Marvel Platinum - Iconic Covers Rainbow"""
2023 Upper Deck Marvel Platinum ,2023 Upper Deck Marvel Platinum - Iconic Covers Rainbow,IC24,1959,1,278106,NONE,"No matching subset — create one or confirm these belong in ""2023 Upper Deck Marvel Platinum - Iconic Covers Rainbow"""
2023 Upper Deck Marvel Platinum ,2023 Upper Deck Marvel Platinum - Iconic Covers Rainbow,IC25,1993,1,278107,NONE,"No matching subset — create one or confirm these belong in ""2023 Upper Deck Marvel Platinum - Iconic Covers Rainbow"""
2023 Upper Deck Marvel Wandavision,2023 Upper Deck Marvel Wandavision - 2023 Upper Deck Marvel Wandavision,12,Printing Plate,1,76433,NONE,"No matching subset — create one or confirm these belong in ""2023 Upper Deck Marvel Wandavision - 2023 Upper Deck Marvel Wandavision"""
2023 Upper Deck Marvel Wandavision,2023 Upper Deck Marvel Wandavision - 2023 Upper Deck Marvel Wandavision,2,Printing Plate,1,76407,NONE,"No matching subset — create one or confirm these belong in ""2023 Upper Deck Marvel Wandavision - 2023 Upper Deck Marvel Wandavision"""
2023 Upper Deck Marvel Wandavision,2023 Upper Deck Marvel Wandavision - 2023 Upper Deck Marvel Wandavision,3,Printing Plate,1,76413,NONE,"No matching subset — create one or confirm these belong in ""2023 Upper Deck Marvel Wandavision - 2023 Upper Deck Marvel Wandavision"""
2023 Upper Deck Marvel Wandavision,2023 Upper Deck Marvel Wandavision - 2023 Upper Deck Marvel Wandavision,37,Printing Plate,1,76307,NONE,"No matching subset — create one or confirm these belong in ""2023 Upper Deck Marvel Wandavision - 2023 Upper Deck Marvel Wandavision"""
2023 Upper Deck Marvel Wandavision,2023 Upper Deck Marvel Wandavision - 2023 Upper Deck Marvel Wandavision,4,Printing Plate,1,76420,NONE,"No matching subset — create one or confirm these belong in ""2023 Upper Deck Marvel Wandavision - 2023 Upper Deck Marvel Wandavision"""
2023 Upper Deck Marvel Wandavision,2023 Upper Deck Marvel Wandavision - 2023 Upper Deck Marvel Wandavision,46,Printing Plate,1,76220,NONE,"No matching subset — create one or confirm these belong in ""2023 Upper Deck Marvel Wandavision - 2023 Upper Deck Marvel Wandavision"""
2023 Upper Deck Marvel Wandavision,2023 Upper Deck Marvel Wandavision - 2023 Upper Deck Marvel Wandavision,49,Printing Plate,1,76497,NONE,"No matching subset — create one or confirm these belong in ""2023 Upper Deck Marvel Wandavision - 2023 Upper Deck Marvel Wandavision"""
2023 Upper Deck Marvel Wandavision,2023 Upper Deck Marvel Wandavision - 2023 Upper Deck Marvel Wandavision,5,Printing Plate,1,76426,NONE,"No matching subset — create one or confirm these belong in ""2023 Upper Deck Marvel Wandavision - 2023 Upper Deck Marvel Wandavision"""
2023 Upper Deck Marvel Wandavision,2023 Upper Deck Marvel Wandavision - 2023 Upper Deck Marvel Wandavision,52,Printing Plate,1,76503,NONE,"No matching subset — create one or confirm these belong in ""2023 Upper Deck Marvel Wandavision - 2023 Upper Deck Marvel Wandavision"""
2023 Upper Deck Marvel Wandavision,2023 Upper Deck Marvel Wandavision - 2023 Upper Deck Marvel Wandavision,55,Printing Plate,1,76509,NONE,"No matching subset — create one or confirm these belong in ""2023 Upper Deck Marvel Wandavision - 2023 Upper Deck Marvel Wandavision"""
2023 Upper Deck Marvel Wandavision,2023 Upper Deck Marvel Wandavision - 2023 Upper Deck Marvel Wandavision,58,Printing Plate,1,76513,NONE,"No matching subset — create one or confirm these belong in ""2023 Upper Deck Marvel Wandavision - 2023 Upper Deck Marvel Wandavision"""
2023 Upper Deck Marvel Wandavision,2023 Upper Deck Marvel Wandavision - 2023 Upper Deck Marvel Wandavision,63,Printing Plate,1,76524,NONE,"No matching subset — create one or confirm these belong in ""2023 Upper Deck Marvel Wandavision - 2023 Upper Deck Marvel Wandavision"""
2023 Upper Deck Marvel Wandavision,2023 Upper Deck Marvel Wandavision - 2023 Upper Deck Marvel Wandavision,66,Printing Plate,1,76528,NONE,"No matching subset — create one or confirm these belong in ""2023 Upper Deck Marvel Wandavision - 2023 Upper Deck Marvel Wandavision"""
2023 Upper Deck Marvel Wandavision,2023 Upper Deck Marvel Wandavision - 2023 Upper Deck Marvel Wandavision,68,Printing Plate,1,76535,NONE,"No matching subset — create one or confirm these belong in ""2023 Upper Deck Marvel Wandavision - 2023 Upper Deck Marvel Wandavision"""
2023 Upper Deck Marvel Wandavision,2023 Upper Deck Marvel Wandavision - 2023 Upper Deck Marvel Wandavision,15,Printing Plate,1,76440,NONE,"No matching subset — create one or confirm these belong in ""2023 Upper Deck Marvel Wandavision - 2023 Upper Deck Marvel Wandavision"""
2023 Upper Deck Marvel Wandavision,2023 Upper Deck Marvel Wandavision - 2023 Upper Deck Marvel Wandavision,18,Printing Plate,1,76445,NONE,"No matching subset — create one or confirm these belong in ""2023 Upper Deck Marvel Wandavision - 2023 Upper Deck Marvel Wandavision"""
2023 Upper Deck Marvel Wandavision,2023 Upper Deck Marvel Wandavision - 2023 Upper Deck Marvel Wandavision,27,Printing Plate,1,76465,NONE,"No matching subset — create one or confirm these belong in ""2023 Upper Deck Marvel Wandavision - 2023 Upper Deck Marvel Wandavision"""
2023 Upper Deck Marvel Wandavision,2023 Upper Deck Marvel Wandavision - 2023 Upper Deck Marvel Wandavision,35,Printing Plate,1,76212,NONE,"No matching subset — create one or confirm these belong in ""2023 Upper Deck Marvel Wandavision - 2023 Upper Deck Marvel Wandavision"""
2023 Upper Deck Marvel Wandavision,2023 Upper Deck Marvel Wandavision - 2023 Upper Deck Marvel Wandavision,41,Printing Plate,1,76480,NONE,"No matching subset — create one or confirm these belong in ""2023 Upper Deck Marvel Wandavision - 2023 Upper Deck Marvel Wandavision"""
2023 Upper Deck Marvel Wandavision,2023 Upper Deck Marvel Wandavision - 2023 Upper Deck Marvel Wandavision,44,Printing Plate,1,76487,NONE,"No matching subset — create one or confirm these belong in ""2023 Upper Deck Marvel Wandavision - 2023 Upper Deck Marvel Wandavision"""
2023 Upper Deck Marvel Wandavision,2023 Upper Deck Marvel Wandavision - 2023 Upper Deck Marvel Wandavision,22,Printing Plate,1,76449,NONE,"No matching subset — create one or confirm these belong in ""2023 Upper Deck Marvel Wandavision - 2023 Upper Deck Marvel Wandavision"""
2023 Upper Deck Marvel Wandavision,2023 Upper Deck Marvel Wandavision - 2023 Upper Deck Marvel Wandavision,25,Printing Plate,1,76456,NONE,"No matching subset — create one or confirm these belong in ""2023 Upper Deck Marvel Wandavision - 2023 Upper Deck Marvel Wandavision"""
2023 Upper Deck Marvel Wandavision,2023 Upper Deck Marvel Wandavision - 2023 Upper Deck Marvel Wandavision,31,Printing Plate,1,76469,NONE,"No matching subset — create one or confirm these belong in ""2023 Upper Deck Marvel Wandavision - 2023 Upper Deck Marvel Wandavision"""
2023 Upper Deck Marvel Wandavision,2023 Upper Deck Marvel Wandavision - 2023 Upper Deck Marvel Wandavision,40,Printing Plate,1,76194,NONE,"No matching subset — create one or confirm these belong in ""2023 Upper Deck Marvel Wandavision - 2023 Upper Deck Marvel Wandavision"""
2023 Upper Deck Marvel Wandavision,2023 Upper Deck Marvel Wandavision - 2023 Upper Deck Marvel Wandavision,34,Printing Plate,1,76474,NONE,"No matching subset — create one or confirm these belong in ""2023 Upper Deck Marvel Wandavision - 2023 Upper Deck Marvel Wandavision"""
2023 Upper Deck Marvel Wandavision,2023 Upper Deck Marvel Wandavision - 2023 Upper Deck Marvel Wandavision,36,Printing Plate,1,76475,NONE,"No matching subset — create one or confirm these belong in ""2023 Upper Deck Marvel Wandavision - 2023 Upper Deck Marvel Wandavision"""
2023 Upper Deck Marvel Wandavision,2023 Upper Deck Marvel Wandavision - 2023 Upper Deck Marvel Wandavision,80,Printing Plate,1,76227,NONE,"No matching subset — create one or confirm these belong in ""2023 Upper Deck Marvel Wandavision - 2023 Upper Deck Marvel Wandavision"""
2024 Upper Deck Marvel Studios Series 1,2024 Upper Deck Marvel Studios Series 1 - 2024 Upper Deck Marvel Studios Series 1,18,Exclusive,1,77382,NONE,"No matching subset — create one or confirm these belong in ""2024 Upper Deck Marvel Studios Series 1 - 2024 Upper Deck Marvel Studios Series 1"""
2024 Upper Deck Marvel Studios Series 1,2024 Upper Deck Marvel Studios Series 1 - 2024 Upper Deck Marvel Studios Series 1,18,Printing Plate,1,77383,NONE,"No matching subset — create one or confirm these belong in ""2024 Upper Deck Marvel Studios Series 1 - 2024 Upper Deck Marvel Studios Series 1"""
2024 Upper Deck Marvel Studios Series 1,2024 Upper Deck Marvel Studios Series 1 - 2024 Upper Deck Marvel Studios Series 1,25,Printing Plate,1,77391,NONE,"No matching subset — create one or confirm these belong in ""2024 Upper Deck Marvel Studios Series 1 - 2024 Upper Deck Marvel Studios Series 1"""
2024 Upper Deck Marvel Studios Series 1,2024 Upper Deck Marvel Studios Series 1 - 2024 Upper Deck Marvel Studios Series 1,25,Exclusive,1,77392,NONE,"No matching subset — create one or confirm these belong in ""2024 Upper Deck Marvel Studios Series 1 - 2024 Upper Deck Marvel Studios Series 1"""
2024 Upper Deck Marvel Studios Series 1,2024 Upper Deck Marvel Studios Series 1 - 2024 Upper Deck Marvel Studios Series 1,34,Exclusive,1,77398,NONE,"No matching subset — create one or confirm these belong in ""2024 Upper Deck Marvel Studios Series 1 - 2024 Upper Deck Marvel Studios Series 1"""
2024 Upper Deck Marvel Studios Series 1,2024 Upper Deck Marvel Studios Series 1 - 2024 Upper Deck Marvel Studios Series 1,34,Printing Plate,1,77399,NONE,"No matching subset — create one or confirm these belong in ""2024 Upper Deck Marvel Studios Series 1 - 2024 Upper Deck Marvel Studios Series 1"""
2024 Upper Deck Marvel Studios Series 1,2024 Upper Deck Marvel Studios Series 1 - 2024 Upper Deck Marvel Studios Series 1,39,Exclusive,1,77407,NONE,"No matching subset — create one or confirm these belong in ""2024 Upper Deck Marvel Studios Series 1 - 2024 Upper Deck Marvel Studios Series 1"""
2024 Upper Deck Marvel Studios Series 1,2024 Upper Deck Marvel Studios Series 1 - 2024 Upper Deck Marvel Studios Series 1,39,Printing Plate,1,77408,NONE,"No matching subset — create one or confirm these belong in ""2024 Upper Deck Marvel Studios Series 1 - 2024 Upper Deck Marvel Studios Series 1"""
2024 Upper Deck Marvel Studios Series 1,2024 Upper Deck Marvel Studios Series 1 - 2024 Upper Deck Marvel Studios Series 1,4,Exclusive,1,77366,NONE,"No matching subset — create one or confirm these belong in ""2024 Upper Deck Marvel Studios Series 1 - 2024 Upper Deck Marvel Studios Series 1"""
2024 Upper Deck Marvel Studios Series 1,2024 Upper Deck Marvel Studios Series 1 - 2024 Upper Deck Marvel Studios Series 1,4,Printing Plate,1,77367,NONE,"No matching subset — create one or confirm these belong in ""2024 Upper Deck Marvel Studios Series 1 - 2024 Upper Deck Marvel Studios Series 1"""
2024 Upper Deck Marvel Studios Series 1,2024 Upper Deck Marvel Studios Series 1 - 2024 Upper Deck Marvel Studios Series 1,47,Exclusive,1,77413,NONE,"No matching subset — create one or confirm these belong in ""2024 Upper Deck Marvel Studios Series 1 - 2024 Upper Deck Marvel Studios Series 1"""
2024 Upper Deck Marvel Studios Series 1,2024 Upper Deck Marvel Studios Series 1 - 2024 Upper Deck Marvel Studios Series 1,47,Printing Plate,1,77414,NONE,"No matching subset — create one or confirm these belong in ""2024 Upper Deck Marvel Studios Series 1 - 2024 Upper Deck Marvel Studios Series 1"""
2024 Upper Deck Marvel Studios Series 1,2024 Upper Deck Marvel Studios Series 1 - 2024 Upper Deck Marvel Studios Series 1,65,Exclusive,1,77436,NONE,"No matching subset — create one or confirm these belong in ""2024 Upper Deck Marvel Studios Series 1 - 2024 Upper Deck Marvel Studios Series 1"""
2024 Upper Deck Marvel Studios Series 1,2024 Upper Deck Marvel Studios Series 1 - 2024 Upper Deck Marvel Studios Series 1,65,Printing Plate,1,77437,NONE,"No matching subset — create one or confirm these belong in ""2024 Upper Deck Marvel Studios Series 1 - 2024 Upper Deck Marvel Studios Series 1"""
2024 Upper Deck Marvel Studios Series 1,2024 Upper Deck Marvel Studios Series 1 - 2024 Upper Deck Marvel Studios Series 1,72,Exclusive,1,77445,NONE,"No matching subset — create one or confirm these belong in ""2024 Upper Deck Marvel Studios Series 1 - 2024 Upper Deck Marvel Studios Series 1"""
2024 Upper Deck Marvel Studios Series 1,2024 Upper Deck Marvel Studios Series 1 - 2024 Upper Deck Marvel Studios Series 1,72,Printing Plate,1,77446,NONE,"No matching subset — create one or confirm these belong in ""2024 Upper Deck Marvel Studios Series 1 - 2024 Upper Deck Marvel Studios Series 1"""
2024 Upper Deck Marvel Studios Series 1,2024 Upper Deck Marvel Studios Series 1 - 2024 Upper Deck Marvel Studios Series 1,77,Exclusive,1,77453,NONE,"No matching subset — create one or confirm these belong in ""2024 Upper Deck Marvel Studios Series 1 - 2024 Upper Deck Marvel Studios Series 1"""
2024 Upper Deck Marvel Studios Series 1,2024 Upper Deck Marvel Studios Series 1 - 2024 Upper Deck Marvel Studios Series 1,77,Printing Plate,1,77454,NONE,"No matching subset — create one or confirm these belong in ""2024 Upper Deck Marvel Studios Series 1 - 2024 Upper Deck Marvel Studios Series 1"""
2024 Upper Deck Marvel Studios Series 1,2024 Upper Deck Marvel Studios Series 1 - 2024 Upper Deck Marvel Studios Series 1,81,Printing Plate,1,77457,NONE,"No matching subset — create one or confirm these belong in ""2024 Upper Deck Marvel Studios Series 1 - 2024 Upper Deck Marvel Studios Series 1"""
2024 Upper Deck Marvel Studios Series 1,2024 Upper Deck Marvel Studios Series 1 - 2024 Upper Deck Marvel Studios Series 1,81,Exclusive,1,77463,NONE,"No matching subset — create one or confirm these belong in ""2024 Upper Deck Marvel Studios Series 1 - 2024 Upper Deck Marvel Studios Series 1"""
2024 Upper Deck Marvel Studios Series 1,2024 Upper Deck Marvel Studios Series 1 - 2024 Upper Deck Marvel Studios Series 1,94,Exclusive,1,77474,NONE,"No matching subset — create one or confirm these belong in ""2024 Upper Deck Marvel Studios Series 1 - 2024 Upper Deck Marvel Studios Series 1"""
2024 Upper Deck Marvel Studios Series 1,2024 Upper Deck Marvel Studios Series 1 - 2024 Upper Deck Marvel Studios Series 1,94,Printing Plate,1,77475,NONE,"No matching subset — create one or confirm these belong in ""2024 Upper Deck Marvel Studios Series 1 - 2024 Upper Deck Marvel Studios Series 1"""
2024 Upper Deck Marvel Studios Series 1,2024 Upper Deck Marvel Studios Series 1 - 2024 Upper Deck Marvel Studios Series 1,107,Exclusive,1,80214,NONE,"No matching subset — create one or confirm these belong in ""2024 Upper Deck Marvel Studios Series 1 - 2024 Upper Deck Marvel Studios Series 1"""
2024 Upper Deck Marvel Studios Series 1,2024 Upper Deck Marvel Studios Series 1 - 2024 Upper Deck Marvel Studios Series 1,107,Printing Plate,1,80215,NONE,"No matching subset — create one or confirm these belong in ""2024 Upper Deck Marvel Studios Series 1 - 2024 Upper Deck Marvel Studios Series 1"""
2024 Upper Deck Marvel Studios Series 1,2024 Upper Deck Marvel Studios Series 1 - 2024 Upper Deck Marvel Studios Series 1,114,Exclusive,1,80223,NONE,"No matching subset — create one or confirm these belong in ""2024 Upper Deck Marvel Studios Series 1 - 2024 Upper Deck Marvel Studios Series 1"""
2024 Upper Deck Marvel Studios Series 1,2024 Upper Deck Marvel Studios Series 1 - 2024 Upper Deck Marvel Studios Series 1,114,Printing Plate,1,80224,NONE,"No matching subset — create one or confirm these belong in ""2024 Upper Deck Marvel Studios Series 1 - 2024 Upper Deck Marvel Studios Series 1"""
2024 Upper Deck Marvel Studios Series 1,2024 Upper Deck Marvel Studios Series 1 - 2024 Upper Deck Marvel Studios Series 1,12,Printing Plate,1,77372,NONE,"No matching subset — create one or confirm these belong in ""2024 Upper Deck Marvel Studios Series 1 - 2024 Upper Deck Marvel Studios Series 1"""
2024 Upper Deck Marvel Studios Series 1,2024 Upper Deck Marvel Studios Series 1 - 2024 Upper Deck Marvel Studios Series 1,12,Exclusive,1,77379,NONE,"No matching subset — create one or confirm these belong in ""2024 Upper Deck Marvel Studios Series 1 - 2024 Upper Deck Marvel Studios Series 1"""
2024 Upper Deck Marvel Studios Series 1,2024 Upper Deck Marvel Studios Series 1 - 2024 Upper Deck Marvel Studios Series 1,50,Exclusive,1,77421,NONE,"No matching subset — create one or confirm these belong in ""2024 Upper Deck Marvel Studios Series 1 - 2024 Upper Deck Marvel Studios Series 1"""
2024 Upper Deck Marvel Studios Series 1,2024 Upper Deck Marvel Studios Series 1 - 2024 Upper Deck Marvel Studios Series 1,50,Printing Plate,1,77423,NONE,"No matching subset — create one or confirm these belong in ""2024 Upper Deck Marvel Studios Series 1 - 2024 Upper Deck Marvel Studios Series 1"""
2024 Upper Deck Marvel Studios Series 1,2024 Upper Deck Marvel Studios Series 1 - 2024 Upper Deck Marvel Studios Series 1,57,Printing Plate,1,77428,NONE,"No matching subset — create one or confirm these belong in ""2024 Upper Deck Marvel Studios Series 1 - 2024 Upper Deck Marvel Studios Series 1"""
2024 Upper Deck Marvel Studios Series 1,2024 Upper Deck Marvel Studios Series 1 - 2024 Upper Deck Marvel Studios Series 1,100,Printing Plate,1,80209,NONE,"No matching subset — create one or confirm these belong in ""2024 Upper Deck Marvel Studios Series 1 - 2024 Upper Deck Marvel Studios Series 1"""
2024 Upper Deck Marvel Studios Series 1,2024 Upper Deck Marvel Studios Series 1 - 2024 Upper Deck Marvel Studios Series 1,101,Printing Plate,1,80204,NONE,"No matching subset — create one or confirm these belong in ""2024 Upper Deck Marvel Studios Series 1 - 2024 Upper Deck Marvel Studios Series 1"""
2024 Upper Deck Marvel Studios Series 1,2024 Upper Deck Marvel Studios Series 1 - 2024 Upper Deck Marvel Studios Series 1,101,Exclusive,1,80211,NONE,"No matching subset — create one or confirm these belong in ""2024 Upper Deck Marvel Studios Series 1 - 2024 Upper Deck Marvel Studios Series 1"""
2024 Upper Deck Marvel Studios Series 1,2024 Upper Deck Marvel Studios Series 1 - 2024 Upper Deck Marvel Studios Series 1,87,Printing Plate,1,77465,NONE,"No matching subset — create one or confirm these belong in ""2024 Upper Deck Marvel Studios Series 1 - 2024 Upper Deck Marvel Studios Series 1"""
2024 Upper Deck Marvel Studios Series 1,2024 Upper Deck Marvel Studios Series 1 - 2024 Upper Deck Marvel Studios Series 1,88,Exclusive,1,77469,NONE,"No matching subset — create one or confirm these belong in ""2024 Upper Deck Marvel Studios Series 1 - 2024 Upper Deck Marvel Studios Series 1"""
2024 Upper Deck Marvel Studios Series 1,2024 Upper Deck Marvel Studios Series 1 - 2024 Upper Deck Marvel Studios Series 1,11,Printing Plate,1,77375,NONE,"No matching subset — create one or confirm these belong in ""2024 Upper Deck Marvel Studios Series 1 - 2024 Upper Deck Marvel Studios Series 1"""
2024 Upper Deck Marvel Studios Series 1,2024 Upper Deck Marvel Studios Series 1 - 2024 Upper Deck Marvel Studios Series 1,49,Printing Plate,1,77419,NONE,"No matching subset — create one or confirm these belong in ""2024 Upper Deck Marvel Studios Series 1 - 2024 Upper Deck Marvel Studios Series 1"""
2024 Upper Deck Marvel Studios Series 1,2024 Upper Deck Marvel Studios Series 1 - 2024 Upper Deck Marvel Studios Series 1,58,Exclusive,1,77432,NONE,"No matching subset — create one or confirm these belong in ""2024 Upper Deck Marvel Studios Series 1 - 2024 Upper Deck Marvel Studios Series 1"""
2024 Upper Deck Marvel Studios Series 1,2024 Upper Deck Marvel Studios Series 1 - 2024 Upper Deck Marvel Studios Series 1,108,Exclusive,1,80218,NONE,"No matching subset — create one or confirm these belong in ""2024 Upper Deck Marvel Studios Series 1 - 2024 Upper Deck Marvel Studios Series 1"""
2024 Upper Deck Marvel Studios Series 1,2024 Upper Deck Marvel Studios Series 1 - 2024 Upper Deck Marvel Studios Series 1,19,Exclusive,1,77386,NONE,"No matching subset — create one or confirm these belong in ""2024 Upper Deck Marvel Studios Series 1 - 2024 Upper Deck Marvel Studios Series 1"""
2024 Upper Deck Marvel Studios Series 1,2024 Upper Deck Marvel Studios Series 1 - 2024 Upper Deck Marvel Studios Series 1,3,Printing Plate,1,77371,NONE,"No matching subset — create one or confirm these belong in ""2024 Upper Deck Marvel Studios Series 1 - 2024 Upper Deck Marvel Studios Series 1"""
2024 Upper Deck Marvel Studios Series 1,2024 Upper Deck Marvel Studios Series 1 - 2024 Upper Deck Marvel Studios Series 1,40,Exclusive,1,77403,NONE,"No matching subset — create one or confirm these belong in ""2024 Upper Deck Marvel Studios Series 1 - 2024 Upper Deck Marvel Studios Series 1"""
2024 Upper Deck Marvel Studios Series 1,2024 Upper Deck Marvel Studios Series 1 - 2024 Upper Deck Marvel Studios Series 1,71,Printing Plate,1,77442,NONE,"No matching subset — create one or confirm these belong in ""2024 Upper Deck Marvel Studios Series 1 - 2024 Upper Deck Marvel Studios Series 1"""
2024 Upper Deck Marvel Studios Series 1,2024 Upper Deck Marvel Studios Series 1 - 2024 Upper Deck Marvel Studios Series 1,78,Exclusive,1,77449,NONE,"No matching subset — create one or confirm these belong in ""2024 Upper Deck Marvel Studios Series 1 - 2024 Upper Deck Marvel Studios Series 1"""
2024 Upper Deck Marvel Studios Series 1,2024 Upper Deck Marvel Studios Series 1 - 2024 Upper Deck Marvel Studios Series 1,113,Printing Plate,1,80221,NONE,"No matching subset — create one or confirm these belong in ""2024 Upper Deck Marvel Studios Series 1 - 2024 Upper Deck Marvel Studios Series 1"""
2024 Upper Deck Marvel Studios Series 1,2024 Upper Deck Marvel Studios Series 1 - Marquees,1,Printing Plate,1,77762,NONE,"No matching subset — create one or confirm these belong in ""2024 Upper Deck Marvel Studios Series 1 - Marquees"""
2024 Upper Deck Marvel Studios Series 1,2024 Upper Deck Marvel Studios Series 1 - Marquees,10,Printing Plate,1,77765,NONE,"No matching subset — create one or confirm these belong in ""2024 Upper Deck Marvel Studios Series 1 - Marquees"""
2024 Upper Deck Marvel Studios Series 1,2024 Upper Deck Marvel Studios Series 1 - Marquees,11,Printing Plate,1,77763,NONE,"No matching subset — create one or confirm these belong in ""2024 Upper Deck Marvel Studios Series 1 - Marquees"""
2024 Upper Deck Marvel Studios Series 1,2024 Upper Deck Marvel Studios Series 1 - Marquees,12,Printing Plate,1,77764,NONE,"No matching subset — create one or confirm these belong in ""2024 Upper Deck Marvel Studios Series 1 - Marquees"""
2024 Upper Deck Marvel Studios Series 1,2024 Upper Deck Marvel Studios Series 1 - Marquees,13,Printing Plate,1,77771,NONE,"No matching subset — create one or confirm these belong in ""2024 Upper Deck Marvel Studios Series 1 - Marquees"""
2024 Upper Deck Marvel Studios Series 1,2024 Upper Deck Marvel Studios Series 1 - Marquees,2,Printing Plate,1,77761,NONE,"No matching subset — create one or confirm these belong in ""2024 Upper Deck Marvel Studios Series 1 - Marquees"""
2024 Upper Deck Marvel Studios Series 1,2024 Upper Deck Marvel Studios Series 1 - Marquees,3,Printing Plate,1,77767,NONE,"No matching subset — create one or confirm these belong in ""2024 Upper Deck Marvel Studios Series 1 - Marquees"""
2024 Upper Deck Marvel Studios Series 1,2024 Upper Deck Marvel Studios Series 1 - Marquees,4,Printing Plate,1,77769,NONE,"No matching subset — create one or confirm these belong in ""2024 Upper Deck Marvel Studios Series 1 - Marquees"""
2024 Upper Deck Marvel Studios Series 1,2024 Upper Deck Marvel Studios Series 1 - Marquees,5,Printing Plate,1,77768,NONE,"No matching subset — create one or confirm these belong in ""2024 Upper Deck Marvel Studios Series 1 - Marquees"""
2024 Upper Deck Marvel Studios Series 1,2024 Upper Deck Marvel Studios Series 1 - Marquees,6,Printing Plate,1,77770,NONE,"No matching subset — create one or confirm these belong in ""2024 Upper Deck Marvel Studios Series 1 - Marquees"""
2024 Upper Deck Marvel Studios Series 1,2024 Upper Deck Marvel Studios Series 1 - Marquees,7,Printing Plate,1,77774,NONE,"No matching subset — create one or confirm these belong in ""2024 Upper Deck Marvel Studios Series 1 - Marquees"""
2024 Upper Deck Marvel Studios Series 1,2024 Upper Deck Marvel Studios Series 1 - Marquees,8,Printing Plate,1,77776,NONE,"No matching subset — create one or confirm these belong in ""2024 Upper Deck Marvel Studios Series 1 - Marquees"""
2024 Upper Deck Marvel Studios Series 1,2024 Upper Deck Marvel Studios Series 1 - Marquees,9,Printing Plate,1,77775,NONE,"No matching subset — create one or confirm these belong in ""2024 Upper Deck Marvel Studios Series 1 - Marquees"""
2024 Upper Deck Marvel Studios Series 1,2024 Upper Deck Marvel Studios Series 1 - UD Canvas,15,Printing Plate,1,77812,NONE,"No matching subset — create one or confirm these belong in ""2024 Upper Deck Marvel Studios Series 1 - UD Canvas"""
2025 Kakawow Aura Marvel,2025 Kakawow Aura Marvel - The Legend of Iron Man Gold,1,Gold Wave Refractor,1,78717,NONE,"No matching subset — create one or confirm these belong in ""2025 Kakawow Aura Marvel - The Legend of Iron Man Gold"""
2025 Kakawow Aura Marvel,2025 Kakawow Aura Marvel - The Legend of Iron Man Gold,1,Refractor,1,79429,NONE,"No matching subset — create one or confirm these belong in ""2025 Kakawow Aura Marvel - The Legend of Iron Man Gold"""
2025 Kakawow Aura Marvel,2025 Kakawow Aura Marvel - The Legend of Iron Man Gold,1,Black Refractor,1,79442,NONE,"No matching subset — create one or confirm these belong in ""2025 Kakawow Aura Marvel - The Legend of Iron Man Gold"""
2025 Kakawow Aura Marvel,2025 Kakawow Aura Marvel - The Legend of Iron Man Gold,1,Red Wave Refractor,1,79452,NONE,"No matching subset — create one or confirm these belong in ""2025 Kakawow Aura Marvel - The Legend of Iron Man Gold"""
2025 Kakawow Aura Marvel,2025 Kakawow Aura Marvel - The Legend of Iron Man Gold,1,SuperFractor,1,79462,NONE,"No matching subset — create one or confirm these belong in ""2025 Kakawow Aura Marvel - The Legend of Iron Man Gold"""
2025 Kakawow Aura Marvel,2025 Kakawow Aura Marvel - The Legend of Iron Man Gold,1,Orange Lava Refractor,1,79481,NONE,"No matching subset — create one or confirm these belong in ""2025 Kakawow Aura Marvel - The Legend of Iron Man Gold"""
2025 Kakawow Aura Marvel,2025 Kakawow Aura Marvel - The Legend of Iron Man Gold,10,Gold Wave Refractor,1,78718,NONE,"No matching subset — create one or confirm these belong in ""2025 Kakawow Aura Marvel - The Legend of Iron Man Gold"""
2025 Kakawow Aura Marvel,2025 Kakawow Aura Marvel - The Legend of Iron Man Gold,10,Refractor,1,79437,NONE,"No matching subset — create one or confirm these belong in ""2025 Kakawow Aura Marvel - The Legend of Iron Man Gold"""
2025 Kakawow Aura Marvel,2025 Kakawow Aura Marvel - The Legend of Iron Man Gold,10,Black Refractor,1,79447,NONE,"No matching subset — create one or confirm these belong in ""2025 Kakawow Aura Marvel - The Legend of Iron Man Gold"""
2025 Kakawow Aura Marvel,2025 Kakawow Aura Marvel - The Legend of Iron Man Gold,10,Red Wave Refractor,1,79460,NONE,"No matching subset — create one or confirm these belong in ""2025 Kakawow Aura Marvel - The Legend of Iron Man Gold"""
2025 Kakawow Aura Marvel,2025 Kakawow Aura Marvel - The Legend of Iron Man Gold,10,SuperFractor,1,79470,NONE,"No matching subset — create one or confirm these belong in ""2025 Kakawow Aura Marvel - The Legend of Iron Man Gold"""
2025 Kakawow Aura Marvel,2025 Kakawow Aura Marvel - The Legend of Iron Man Gold,10,Orange Lava Refractor,1,79474,NONE,"No matching subset — create one or confirm these belong in ""2025 Kakawow Aura Marvel - The Legend of Iron Man Gold"""
2025 Kakawow Aura Marvel,2025 Kakawow Aura Marvel - The Legend of Iron Man Gold,2,Refractor,1,79436,NONE,"No matching subset — create one or confirm these belong in ""2025 Kakawow Aura Marvel - The Legend of Iron Man Gold"""
2025 Kakawow Aura Marvel,2025 Kakawow Aura Marvel - The Legend of Iron Man Gold,2,Gold Wave Refractor,1,79438,NONE,"No matching subset — create one or confirm these belong in ""2025 Kakawow Aura Marvel - The Legend of Iron Man Gold"""
2025 Kakawow Aura Marvel,2025 Kakawow Aura Marvel - The Legend of Iron Man Gold,2,Black Refractor,1,79443,NONE,"No matching subset — create one or confirm these belong in ""2025 Kakawow Aura Marvel - The Legend of Iron Man Gold"""
2025 Kakawow Aura Marvel,2025 Kakawow Aura Marvel - The Legend of Iron Man Gold,2,Red Wave Refractor,1,79453,NONE,"No matching subset — create one or confirm these belong in ""2025 Kakawow Aura Marvel - The Legend of Iron Man Gold"""
2025 Kakawow Aura Marvel,2025 Kakawow Aura Marvel - The Legend of Iron Man Gold,2,SuperFractor,1,79463,NONE,"No matching subset — create one or confirm these belong in ""2025 Kakawow Aura Marvel - The Legend of Iron Man Gold"""
2025 Kakawow Aura Marvel,2025 Kakawow Aura Marvel - The Legend of Iron Man Gold,2,Orange Lava Refractor,1,79479,NONE,"No matching subset — create one or confirm these belong in ""2025 Kakawow Aura Marvel - The Legend of Iron Man Gold"""
2025 Kakawow Aura Marvel,2025 Kakawow Aura Marvel - The Legend of Iron Man Gold,3,Gold Wave Refractor,1,78722,NONE,"No matching subset — create one or confirm these belong in ""2025 Kakawow Aura Marvel - The Legend of Iron Man Gold"""
2025 Kakawow Aura Marvel,2025 Kakawow Aura Marvel - The Legend of Iron Man Gold,3,Refractor,1,78726,NONE,"No matching subset — create one or confirm these belong in ""2025 Kakawow Aura Marvel - The Legend of Iron Man Gold"""
2025 Kakawow Aura Marvel,2025 Kakawow Aura Marvel - The Legend of Iron Man Gold,3,Black Refractor,1,79444,NONE,"No matching subset — create one or confirm these belong in ""2025 Kakawow Aura Marvel - The Legend of Iron Man Gold"""
2025 Kakawow Aura Marvel,2025 Kakawow Aura Marvel - The Legend of Iron Man Gold,3,Red Wave Refractor,1,79454,NONE,"No matching subset — create one or confirm these belong in ""2025 Kakawow Aura Marvel - The Legend of Iron Man Gold"""
2025 Kakawow Aura Marvel,2025 Kakawow Aura Marvel - The Legend of Iron Man Gold,3,SuperFractor,1,79464,NONE,"No matching subset — create one or confirm these belong in ""2025 Kakawow Aura Marvel - The Legend of Iron Man Gold"""
2025 Kakawow Aura Marvel,2025 Kakawow Aura Marvel - The Legend of Iron Man Gold,3,Orange Lava Refractor,1,79472,NONE,"No matching subset — create one or confirm these belong in ""2025 Kakawow Aura Marvel - The Legend of Iron Man Gold"""
2025 Kakawow Aura Marvel,2025 Kakawow Aura Marvel - The Legend of Iron Man Gold,4,Gold Wave Refractor,1,78723,NONE,"No matching subset — create one or confirm these belong in ""2025 Kakawow Aura Marvel - The Legend of Iron Man Gold"""
2025 Kakawow Aura Marvel,2025 Kakawow Aura Marvel - The Legend of Iron Man Gold,4,Refractor,1,79431,NONE,"No matching subset — create one or confirm these belong in ""2025 Kakawow Aura Marvel - The Legend of Iron Man Gold"""
2025 Kakawow Aura Marvel,2025 Kakawow Aura Marvel - The Legend of Iron Man Gold,4,Black Refractor,1,79445,NONE,"No matching subset — create one or confirm these belong in ""2025 Kakawow Aura Marvel - The Legend of Iron Man Gold"""
2025 Kakawow Aura Marvel,2025 Kakawow Aura Marvel - The Legend of Iron Man Gold,4,Red Wave Refractor,1,79455,NONE,"No matching subset — create one or confirm these belong in ""2025 Kakawow Aura Marvel - The Legend of Iron Man Gold"""
2025 Kakawow Aura Marvel,2025 Kakawow Aura Marvel - The Legend of Iron Man Gold,4,SuperFractor,1,79465,NONE,"No matching subset — create one or confirm these belong in ""2025 Kakawow Aura Marvel - The Legend of Iron Man Gold"""
2025 Kakawow Aura Marvel,2025 Kakawow Aura Marvel - The Legend of Iron Man Gold,4,Orange Lava Refractor,1,79473,NONE,"No matching subset — create one or confirm these belong in ""2025 Kakawow Aura Marvel - The Legend of Iron Man Gold"""
2025 Kakawow Aura Marvel,2025 Kakawow Aura Marvel - The Legend of Iron Man Gold,5,Gold Wave Refractor,1,78725,NONE,"No matching subset — create one or confirm these belong in ""2025 Kakawow Aura Marvel - The Legend of Iron Man Gold"""
2025 Kakawow Aura Marvel,2025 Kakawow Aura Marvel - The Legend of Iron Man Gold,5,Refractor,1,79432,NONE,"No matching subset — create one or confirm these belong in ""2025 Kakawow Aura Marvel - The Legend of Iron Man Gold"""
2025 Kakawow Aura Marvel,2025 Kakawow Aura Marvel - The Legend of Iron Man Gold,5,Black Refractor,1,79446,NONE,"No matching subset — create one or confirm these belong in ""2025 Kakawow Aura Marvel - The Legend of Iron Man Gold"""
2025 Kakawow Aura Marvel,2025 Kakawow Aura Marvel - The Legend of Iron Man Gold,5,Red Wave Refractor,1,79461,NONE,"No matching subset — create one or confirm these belong in ""2025 Kakawow Aura Marvel - The Legend of Iron Man Gold"""
2025 Kakawow Aura Marvel,2025 Kakawow Aura Marvel - The Legend of Iron Man Gold,5,SuperFractor,1,79466,NONE,"No matching subset — create one or confirm these belong in ""2025 Kakawow Aura Marvel - The Legend of Iron Man Gold"""
2025 Kakawow Aura Marvel,2025 Kakawow Aura Marvel - The Legend of Iron Man Gold,5,Orange Lava Refractor,1,79480,NONE,"No matching subset — create one or confirm these belong in ""2025 Kakawow Aura Marvel - The Legend of Iron Man Gold"""
2025 Kakawow Aura Marvel,2025 Kakawow Aura Marvel - The Legend of Iron Man Gold,6,Refractor,1,79433,NONE,"No matching subset — create one or confirm these belong in ""2025 Kakawow Aura Marvel - The Legend of Iron Man Gold"""
2025 Kakawow Aura Marvel,2025 Kakawow Aura Marvel - The Legend of Iron Man Gold,6,Gold Wave Refractor,1,79439,NONE,"No matching subset — create one or confirm these belong in ""2025 Kakawow Aura Marvel - The Legend of Iron Man Gold"""
2025 Kakawow Aura Marvel,2025 Kakawow Aura Marvel - The Legend of Iron Man Gold,6,Black Refractor,1,79449,NONE,"No matching subset — create one or confirm these belong in ""2025 Kakawow Aura Marvel - The Legend of Iron Man Gold"""
2025 Kakawow Aura Marvel,2025 Kakawow Aura Marvel - The Legend of Iron Man Gold,6,Red Wave Refractor,1,79456,NONE,"No matching subset — create one or confirm these belong in ""2025 Kakawow Aura Marvel - The Legend of Iron Man Gold"""
2025 Kakawow Aura Marvel,2025 Kakawow Aura Marvel - The Legend of Iron Man Gold,6,SuperFractor,1,79467,NONE,"No matching subset — create one or confirm these belong in ""2025 Kakawow Aura Marvel - The Legend of Iron Man Gold"""
2025 Kakawow Aura Marvel,2025 Kakawow Aura Marvel - The Legend of Iron Man Gold,6,Orange Lava Refractor,1,79475,NONE,"No matching subset — create one or confirm these belong in ""2025 Kakawow Aura Marvel - The Legend of Iron Man Gold"""
2025 Kakawow Aura Marvel,2025 Kakawow Aura Marvel - The Legend of Iron Man Gold,7,Refractor,1,79430,NONE,"No matching subset — create one or confirm these belong in ""2025 Kakawow Aura Marvel - The Legend of Iron Man Gold"""
2025 Kakawow Aura Marvel,2025 Kakawow Aura Marvel - The Legend of Iron Man Gold,7,Gold Wave Refractor,1,79440,NONE,"No matching subset — create one or confirm these belong in ""2025 Kakawow Aura Marvel - The Legend of Iron Man Gold"""
2025 Kakawow Aura Marvel,2025 Kakawow Aura Marvel - The Legend of Iron Man Gold,7,Black Refractor,1,79450,NONE,"No matching subset — create one or confirm these belong in ""2025 Kakawow Aura Marvel - The Legend of Iron Man Gold"""
2025 Kakawow Aura Marvel,2025 Kakawow Aura Marvel - The Legend of Iron Man Gold,7,Red Wave Refractor,1,79457,NONE,"No matching subset — create one or confirm these belong in ""2025 Kakawow Aura Marvel - The Legend of Iron Man Gold"""
2025 Kakawow Aura Marvel,2025 Kakawow Aura Marvel - The Legend of Iron Man Gold,7,SuperFractor,1,79469,NONE,"No matching subset — create one or confirm these belong in ""2025 Kakawow Aura Marvel - The Legend of Iron Man Gold"""
2025 Kakawow Aura Marvel,2025 Kakawow Aura Marvel - The Legend of Iron Man Gold,7,Orange Lava Refractor,1,79476,NONE,"No matching subset — create one or confirm these belong in ""2025 Kakawow Aura Marvel - The Legend of Iron Man Gold"""
2025 Kakawow Aura Marvel,2025 Kakawow Aura Marvel - The Legend of Iron Man Gold,8,Refractor,1,79434,NONE,"No matching subset — create one or confirm these belong in ""2025 Kakawow Aura Marvel - The Legend of Iron Man Gold"""
2025 Kakawow Aura Marvel,2025 Kakawow Aura Marvel - The Legend of Iron Man Gold,8,Gold Wave Refractor,1,79441,NONE,"No matching subset — create one or confirm these belong in ""2025 Kakawow Aura Marvel - The Legend of Iron Man Gold"""
2025 Kakawow Aura Marvel,2025 Kakawow Aura Marvel - The Legend of Iron Man Gold,8,Black Refractor,1,79448,NONE,"No matching subset — create one or confirm these belong in ""2025 Kakawow Aura Marvel - The Legend of Iron Man Gold"""
2025 Kakawow Aura Marvel,2025 Kakawow Aura Marvel - The Legend of Iron Man Gold,8,Red Wave Refractor,1,79459,NONE,"No matching subset — create one or confirm these belong in ""2025 Kakawow Aura Marvel - The Legend of Iron Man Gold"""
2025 Kakawow Aura Marvel,2025 Kakawow Aura Marvel - The Legend of Iron Man Gold,8,SuperFractor,1,79468,NONE,"No matching subset — create one or confirm these belong in ""2025 Kakawow Aura Marvel - The Legend of Iron Man Gold"""
2025 Kakawow Aura Marvel,2025 Kakawow Aura Marvel - The Legend of Iron Man Gold,8,Orange Lava Refractor,1,79477,NONE,"No matching subset — create one or confirm these belong in ""2025 Kakawow Aura Marvel - The Legend of Iron Man Gold"""
2025 Kakawow Aura Marvel,2025 Kakawow Aura Marvel - The Legend of Iron Man Gold,9,Gold Wave Refractor,1,78720,NONE,"No matching subset — create one or confirm these belong in ""2025 Kakawow Aura Marvel - The Legend of Iron Man Gold"""
2025 Kakawow Aura Marvel,2025 Kakawow Aura Marvel - The Legend of Iron Man Gold,9,Refractor,1,79435,NONE,"No matching subset — create one or confirm these belong in ""2025 Kakawow Aura Marvel - The Legend of Iron Man Gold"""
2025 Kakawow Aura Marvel,2025 Kakawow Aura Marvel - The Legend of Iron Man Gold,9,Black Refractor,1,79451,NONE,"No matching subset — create one or confirm these belong in ""2025 Kakawow Aura Marvel - The Legend of Iron Man Gold"""
2025 Kakawow Aura Marvel,2025 Kakawow Aura Marvel - The Legend of Iron Man Gold,9,Red Wave Refractor,1,79458,NONE,"No matching subset — create one or confirm these belong in ""2025 Kakawow Aura Marvel - The Legend of Iron Man Gold"""
2025 Kakawow Aura Marvel,2025 Kakawow Aura Marvel - The Legend of Iron Man Gold,9,SuperFractor,1,79471,NONE,"No matching subset — create one or confirm these belong in ""2025 Kakawow Aura Marvel - The Legend of Iron Man Gold"""
2025 Kakawow Aura Marvel,2025 Kakawow Aura Marvel - The Legend of Iron Man Gold,9,Orange Lava Refractor,1,79478,NONE,"No matching subset — create one or confirm these belong in ""2025 Kakawow Aura Marvel - The Legend of Iron Man Gold"""
2025 Topps Chrome Marvel,2025 Topps Chrome Marvel - Future Stars,1,Gold Wave Refractor,1,79228,NONE,"No matching subset — create one or confirm these belong in ""2025 Topps Chrome Marvel - Future Stars"""
2025 Topps Chrome Marvel,2025 Topps Chrome Marvel - Future Stars,2,Gold Wave Refractor,1,79222,NONE,"No matching subset — create one or confirm these belong in ""2025 Topps Chrome Marvel - Future Stars"""
2025 Topps Chrome Marvel,2025 Topps Chrome Marvel - Future Stars,3,Gold Wave Refractor,1,79224,NONE,"No matching subset — create one or confirm these belong in ""2025 Topps Chrome Marvel - Future Stars"""
2025 Topps Chrome Marvel,2025 Topps Chrome Marvel - Future Stars,4,Gold Wave Refractor,1,79214,NONE,"No matching subset — create one or confirm these belong in ""2025 Topps Chrome Marvel - Future Stars"""
2025 Topps Chrome Marvel,2025 Topps Chrome Marvel - Future Stars,5,Gold Wave Refractor,1,79213,NONE,"No matching subset — create one or confirm these belong in ""2025 Topps Chrome Marvel - Future Stars"""
2025 Topps Chrome Marvel,2025 Topps Chrome Marvel - Future Stars,6,Gold Wave Refractor,1,79252,NONE,"No matching subset — create one or confirm these belong in ""2025 Topps Chrome Marvel - Future Stars"""
2025 Topps Chrome Marvel,2025 Topps Chrome Marvel - Future Stars,7,Gold Wave Refractor,1,79216,NONE,"No matching subset — create one or confirm these belong in ""2025 Topps Chrome Marvel - Future Stars"""
2025 Topps Chrome Marvel,2025 Topps Chrome Marvel - Future Stars,8,Gold Wave Refractor,1,79235,NONE,"No matching subset — create one or confirm these belong in ""2025 Topps Chrome Marvel - Future Stars"""
2025 Topps Chrome Marvel,2025 Topps Chrome Marvel - Galactic Legends,1,Gold Wave Refractor,1,79259,NONE,"No matching subset — create one or confirm these belong in ""2025 Topps Chrome Marvel - Galactic Legends"""
2025 Topps Chrome Marvel,2025 Topps Chrome Marvel - Galactic Legends,1,Orange Lava Refractor,1,79306,NONE,"No matching subset — create one or confirm these belong in ""2025 Topps Chrome Marvel - Galactic Legends"""
2025 Topps Chrome Marvel,2025 Topps Chrome Marvel - Galactic Legends,10,Gold Wave Refractor,1,79267,NONE,"No matching subset — create one or confirm these belong in ""2025 Topps Chrome Marvel - Galactic Legends"""
2025 Topps Chrome Marvel,2025 Topps Chrome Marvel - Galactic Legends,10,Orange Lava Refractor,1,79304,NONE,"No matching subset — create one or confirm these belong in ""2025 Topps Chrome Marvel - Galactic Legends"""
2025 Topps Chrome Marvel,2025 Topps Chrome Marvel - Galactic Legends,2,Orange Lava Refractor,1,79263,NONE,"No matching subset — create one or confirm these belong in ""2025 Topps Chrome Marvel - Galactic Legends"""
2025 Topps Chrome Marvel,2025 Topps Chrome Marvel - Galactic Legends,2,Gold Wave Refractor,1,79265,NONE,"No matching subset — create one or confirm these belong in ""2025 Topps Chrome Marvel - Galactic Legends"""
2025 Topps Chrome Marvel,2025 Topps Chrome Marvel - Galactic Legends,3,Gold Wave Refractor,1,79287,NONE,"No matching subset — create one or confirm these belong in ""2025 Topps Chrome Marvel - Galactic Legends"""
2025 Topps Chrome Marvel,2025 Topps Chrome Marvel - Galactic Legends,3,Orange Lava Refractor,1,79309,NONE,"No matching subset — create one or confirm these belong in ""2025 Topps Chrome Marvel - Galactic Legends"""
2025 Topps Chrome Marvel,2025 Topps Chrome Marvel - Galactic Legends,4,Orange Lava Refractor,1,79311,NONE,"No matching subset — create one or confirm these belong in ""2025 Topps Chrome Marvel - Galactic Legends"""
2025 Topps Chrome Marvel,2025 Topps Chrome Marvel - Galactic Legends,4,Gold Wave Refractor,1,79312,NONE,"No matching subset — create one or confirm these belong in ""2025 Topps Chrome Marvel - Galactic Legends"""
2025 Topps Chrome Marvel,2025 Topps Chrome Marvel - Galactic Legends,5,Orange Lava Refractor,1,79264,NONE,"No matching subset — create one or confirm these belong in ""2025 Topps Chrome Marvel - Galactic Legends"""
2025 Topps Chrome Marvel,2025 Topps Chrome Marvel - Galactic Legends,5,Gold Wave Refractor,1,79292,NONE,"No matching subset — create one or confirm these belong in ""2025 Topps Chrome Marvel - Galactic Legends"""
2025 Topps Chrome Marvel,2025 Topps Chrome Marvel - Galactic Legends,6,Gold Wave Refractor,1,79258,NONE,"No matching subset — create one or confirm these belong in ""2025 Topps Chrome Marvel - Galactic Legends"""
2025 Topps Chrome Marvel,2025 Topps Chrome Marvel - Galactic Legends,6,Orange Lava Refractor,1,79284,NONE,"No matching subset — create one or confirm these belong in ""2025 Topps Chrome Marvel - Galactic Legends"""
2025 Topps Chrome Marvel,2025 Topps Chrome Marvel - Galactic Legends,7,Orange Lava Refractor,1,79296,NONE,"No matching subset — create one or confirm these belong in ""2025 Topps Chrome Marvel - Galactic Legends"""
2025 Topps Chrome Marvel,2025 Topps Chrome Marvel - Galactic Legends,7,Gold Wave Refractor,1,79313,NONE,"No matching subset — create one or confirm these belong in ""2025 Topps Chrome Marvel - Galactic Legends"""
2025 Topps Chrome Marvel,2025 Topps Chrome Marvel - Galactic Legends,8,Orange Lava Refractor,1,79298,NONE,"No matching subset — create one or confirm these belong in ""2025 Topps Chrome Marvel - Galactic Legends"""
2025 Topps Chrome Marvel,2025 Topps Chrome Marvel - Galactic Legends,8,Gold Wave Refractor,1,79299,NONE,"No matching subset — create one or confirm these belong in ""2025 Topps Chrome Marvel - Galactic Legends"""
2025 Topps Chrome Marvel,2025 Topps Chrome Marvel - Galactic Legends,9,Gold Wave Refractor,1,79260,NONE,"No matching subset — create one or confirm these belong in ""2025 Topps Chrome Marvel - Galactic Legends"""
2025 Topps Chrome Marvel,2025 Topps Chrome Marvel - Galactic Legends,9,Orange Lava Refractor,1,79317,NONE,"No matching subset — create one or confirm these belong in ""2025 Topps Chrome Marvel - Galactic Legends"""
2025 Topps Chrome Marvel,2025 Topps Chrome Marvel - Golden Anniversaries,1,Gold Wave Refractor,1,79322,NONE,"No matching subset — create one or confirm these belong in ""2025 Topps Chrome Marvel - Golden Anniversaries"""
2025 Topps Chrome Marvel,2025 Topps Chrome Marvel - Golden Anniversaries,2,Gold Wave Refractor,1,79331,NONE,"No matching subset — create one or confirm these belong in ""2025 Topps Chrome Marvel - Golden Anniversaries"""
2025 Topps Chrome Marvel,2025 Topps Chrome Marvel - Golden Anniversaries,3,Gold Wave Refractor,1,79323,NONE,"No matching subset — create one or confirm these belong in ""2025 Topps Chrome Marvel - Golden Anniversaries"""
2025 Topps Chrome Marvel,2025 Topps Chrome Marvel - Golden Anniversaries,4,Gold Wave Refractor,1,79330,NONE,"No matching subset — create one or confirm these belong in ""2025 Topps Chrome Marvel - Golden Anniversaries"""
2025 Topps Chrome Marvel,2025 Topps Chrome Marvel - Golden Anniversaries,5,Gold Wave Refractor,1,79336,NONE,"No matching subset — create one or confirm these belong in ""2025 Topps Chrome Marvel - Golden Anniversaries"""
2025 Topps Chrome Marvel,2025 Topps Chrome Marvel - Indestructible Black Lazer Refractor,1,Black Lazer Refractor,1,79398,NONE,"No matching subset — create one or confirm these belong in ""2025 Topps Chrome Marvel - Indestructible Black Lazer Refractor"""
2025 Topps Chrome Marvel,2025 Topps Chrome Marvel - Indestructible Black Lazer Refractor,10,Black Lazer Refractor,1,79418,NONE,"No matching subset — create one or confirm these belong in ""2025 Topps Chrome Marvel - Indestructible Black Lazer Refractor"""
2025 Topps Chrome Marvel,2025 Topps Chrome Marvel - Indestructible Black Lazer Refractor,2,Black Lazer Refractor,1,79401,NONE,"No matching subset — create one or confirm these belong in ""2025 Topps Chrome Marvel - Indestructible Black Lazer Refractor"""
2025 Topps Chrome Marvel,2025 Topps Chrome Marvel - Indestructible Black Lazer Refractor,3,Black Lazer Refractor,1,79400,NONE,"No matching subset — create one or confirm these belong in ""2025 Topps Chrome Marvel - Indestructible Black Lazer Refractor"""
2025 Topps Chrome Marvel,2025 Topps Chrome Marvel - Indestructible Black Lazer Refractor,4,Black Lazer Refractor,1,79407,NONE,"No matching subset — create one or confirm these belong in ""2025 Topps Chrome Marvel - Indestructible Black Lazer Refractor"""
2025 Topps Chrome Marvel,2025 Topps Chrome Marvel - Indestructible Black Lazer Refractor,5,Black Lazer Refractor,1,79408,NONE,"No matching subset — create one or confirm these belong in ""2025 Topps Chrome Marvel - Indestructible Black Lazer Refractor"""
2025 Topps Chrome Marvel,2025 Topps Chrome Marvel - Indestructible Black Lazer Refractor,6,Black Lazer Refractor,1,79406,NONE,"No matching subset — create one or confirm these belong in ""2025 Topps Chrome Marvel - Indestructible Black Lazer Refractor"""
2025 Topps Chrome Marvel,2025 Topps Chrome Marvel - Indestructible Black Lazer Refractor,7,Black Lazer Refractor,1,79415,NONE,"No matching subset — create one or confirm these belong in ""2025 Topps Chrome Marvel - Indestructible Black Lazer Refractor"""
2025 Topps Chrome Marvel,2025 Topps Chrome Marvel - Indestructible Black Lazer Refractor,8,Black Lazer Refractor,1,79414,NONE,"No matching subset — create one or confirm these belong in ""2025 Topps Chrome Marvel - Indestructible Black Lazer Refractor"""
2025 Topps Chrome Marvel,2025 Topps Chrome Marvel - Indestructible Black Lazer Refractor,9,Black Lazer Refractor,1,79422,NONE,"No matching subset — create one or confirm these belong in ""2025 Topps Chrome Marvel - Indestructible Black Lazer Refractor"""
2025 Topps Chrome Marvel,2025 Topps Chrome Marvel - Marvel Anniversaries,1,Golden Age,1,78897,NONE,"No matching subset — create one or confirm these belong in ""2025 Topps Chrome Marvel - Marvel Anniversaries"""
2025 Topps Chrome Marvel,2025 Topps Chrome Marvel - Marvel Anniversaries,1,Golden Age SuperFractor,1,78903,NONE,"No matching subset — create one or confirm these belong in ""2025 Topps Chrome Marvel - Marvel Anniversaries"""
2025 Topps Chrome Marvel,2025 Topps Chrome Marvel - Marvel Anniversaries,1,Golden Age Red Wave Refractor,1,78904,NONE,"No matching subset — create one or confirm these belong in ""2025 Topps Chrome Marvel - Marvel Anniversaries"""
2025 Topps Chrome Marvel,2025 Topps Chrome Marvel - Marvel Anniversaries,1,Golden Age Gold Wave Refractor,1,78905,NONE,"No matching subset — create one or confirm these belong in ""2025 Topps Chrome Marvel - Marvel Anniversaries"""
2025 Topps Chrome Marvel,2025 Topps Chrome Marvel - Marvel Anniversaries,1,Golden Age Orange Refractor,1,78906,NONE,"No matching subset — create one or confirm these belong in ""2025 Topps Chrome Marvel - Marvel Anniversaries"""
2025 Topps Chrome Marvel,2025 Topps Chrome Marvel - Marvel Anniversaries,1,Golden Age Black Refractor,1,78907,NONE,"No matching subset — create one or confirm these belong in ""2025 Topps Chrome Marvel - Marvel Anniversaries"""
2025 Topps Chrome Marvel,2025 Topps Chrome Marvel - Marvel Anniversaries,10,Gold Wave Refractor,1,78967,NONE,"No matching subset — create one or confirm these belong in ""2025 Topps Chrome Marvel - Marvel Anniversaries"""
2025 Topps Chrome Marvel,2025 Topps Chrome Marvel - Marvel Anniversaries,11,Gold Wave Refractor,1,78975,NONE,"No matching subset — create one or confirm these belong in ""2025 Topps Chrome Marvel - Marvel Anniversaries"""
2025 Topps Chrome Marvel,2025 Topps Chrome Marvel - Marvel Anniversaries,12,Gold Wave Refractor,1,78982,NONE,"No matching subset — create one or confirm these belong in ""2025 Topps Chrome Marvel - Marvel Anniversaries"""
2025 Topps Chrome Marvel,2025 Topps Chrome Marvel - Marvel Anniversaries,13,Gold Wave Refractor,1,78988,NONE,"No matching subset — create one or confirm these belong in ""2025 Topps Chrome Marvel - Marvel Anniversaries"""
2025 Topps Chrome Marvel,2025 Topps Chrome Marvel - Marvel Anniversaries,14,Gold Wave Refractor,1,78992,NONE,"No matching subset — create one or confirm these belong in ""2025 Topps Chrome Marvel - Marvel Anniversaries"""
2025 Topps Chrome Marvel,2025 Topps Chrome Marvel - Marvel Anniversaries,15,Gold Wave Refractor,1,79017,NONE,"No matching subset — create one or confirm these belong in ""2025 Topps Chrome Marvel - Marvel Anniversaries"""
2025 Topps Chrome Marvel,2025 Topps Chrome Marvel - Marvel Anniversaries,16,Gold Wave Refractor,1,79005,NONE,"No matching subset — create one or confirm these belong in ""2025 Topps Chrome Marvel - Marvel Anniversaries"""
2025 Topps Chrome Marvel,2025 Topps Chrome Marvel - Marvel Anniversaries,17,Gold Wave Refractor,1,79008,NONE,"No matching subset — create one or confirm these belong in ""2025 Topps Chrome Marvel - Marvel Anniversaries"""
2025 Topps Chrome Marvel,2025 Topps Chrome Marvel - Marvel Anniversaries,18,Gold Wave Refractor,1,78915,NONE,"No matching subset — create one or confirm these belong in ""2025 Topps Chrome Marvel - Marvel Anniversaries"""
2025 Topps Chrome Marvel,2025 Topps Chrome Marvel - Marvel Anniversaries,19,Gold Wave Refractor,1,78932,NONE,"No matching subset — create one or confirm these belong in ""2025 Topps Chrome Marvel - Marvel Anniversaries"""
2025 Topps Chrome Marvel,2025 Topps Chrome Marvel - Marvel Anniversaries,2,Gold Wave Refractor,1,78900,NONE,"No matching subset — create one or confirm these belong in ""2025 Topps Chrome Marvel - Marvel Anniversaries"""
2025 Topps Chrome Marvel,2025 Topps Chrome Marvel - Marvel Anniversaries,20,Gold Wave Refractor,1,78938,NONE,"No matching subset — create one or confirm these belong in ""2025 Topps Chrome Marvel - Marvel Anniversaries"""
2025 Topps Chrome Marvel,2025 Topps Chrome Marvel - Marvel Anniversaries,21,Gold Wave Refractor,1,78947,NONE,"No matching subset — create one or confirm these belong in ""2025 Topps Chrome Marvel - Marvel Anniversaries"""
2025 Topps Chrome Marvel,2025 Topps Chrome Marvel - Marvel Anniversaries,22,Gold Wave Refractor,1,78955,NONE,"No matching subset — create one or confirm these belong in ""2025 Topps Chrome Marvel - Marvel Anniversaries"""
2025 Topps Chrome Marvel,2025 Topps Chrome Marvel - Marvel Anniversaries,23,Gold Wave Refractor,1,78961,NONE,"No matching subset — create one or confirm these belong in ""2025 Topps Chrome Marvel - Marvel Anniversaries"""
2025 Topps Chrome Marvel,2025 Topps Chrome Marvel - Marvel Anniversaries,24,Gold Wave Refractor,1,78869,NONE,"No matching subset — create one or confirm these belong in ""2025 Topps Chrome Marvel - Marvel Anniversaries"""
2025 Topps Chrome Marvel,2025 Topps Chrome Marvel - Marvel Anniversaries,25,Gold Wave Refractor,1,78870,NONE,"No matching subset — create one or confirm these belong in ""2025 Topps Chrome Marvel - Marvel Anniversaries"""
2025 Topps Chrome Marvel,2025 Topps Chrome Marvel - Marvel Anniversaries,26,Gold Wave Refractor,1,79015,NONE,"No matching subset — create one or confirm these belong in ""2025 Topps Chrome Marvel - Marvel Anniversaries"""
2025 Topps Chrome Marvel,2025 Topps Chrome Marvel - Marvel Anniversaries,27,Gold Wave Refractor,1,79023,NONE,"No matching subset — create one or confirm these belong in ""2025 Topps Chrome Marvel - Marvel Anniversaries"""
2025 Topps Chrome Marvel,2025 Topps Chrome Marvel - Marvel Anniversaries,28,Gold Wave Refractor,1,79036,NONE,"No matching subset — create one or confirm these belong in ""2025 Topps Chrome Marvel - Marvel Anniversaries"""
2025 Topps Chrome Marvel,2025 Topps Chrome Marvel - Marvel Anniversaries,29,Gold Wave Refractor,1,79033,NONE,"No matching subset — create one or confirm these belong in ""2025 Topps Chrome Marvel - Marvel Anniversaries"""
2025 Topps Chrome Marvel,2025 Topps Chrome Marvel - Marvel Anniversaries,3,Gold Wave Refractor,1,78910,NONE,"No matching subset — create one or confirm these belong in ""2025 Topps Chrome Marvel - Marvel Anniversaries"""
2025 Topps Chrome Marvel,2025 Topps Chrome Marvel - Marvel Anniversaries,30,Gold Wave Refractor,1,79030,NONE,"No matching subset — create one or confirm these belong in ""2025 Topps Chrome Marvel - Marvel Anniversaries"""
2025 Topps Chrome Marvel,2025 Topps Chrome Marvel - Marvel Anniversaries,4,Gold Wave Refractor,1,78918,NONE,"No matching subset — create one or confirm these belong in ""2025 Topps Chrome Marvel - Marvel Anniversaries"""
2025 Topps Chrome Marvel,2025 Topps Chrome Marvel - Marvel Anniversaries,5,Gold Wave Refractor,1,78925,NONE,"No matching subset — create one or confirm these belong in ""2025 Topps Chrome Marvel - Marvel Anniversaries"""
2025 Topps Chrome Marvel,2025 Topps Chrome Marvel - Marvel Anniversaries,6,Gold Wave Refractor,1,78931,NONE,"No matching subset — create one or confirm these belong in ""2025 Topps Chrome Marvel - Marvel Anniversaries"""
2025 Topps Chrome Marvel,2025 Topps Chrome Marvel - Marvel Anniversaries,7,Gold Wave Refractor,1,78939,NONE,"No matching subset — create one or confirm these belong in ""2025 Topps Chrome Marvel - Marvel Anniversaries"""
2025 Topps Chrome Marvel,2025 Topps Chrome Marvel - Marvel Anniversaries,8,Gold Wave Refractor,1,78953,NONE,"No matching subset — create one or confirm these belong in ""2025 Topps Chrome Marvel - Marvel Anniversaries"""
2025 Topps Chrome Marvel,2025 Topps Chrome Marvel - Marvel Anniversaries,9,Gold Wave Refractor,1,78959,NONE,"No matching subset — create one or confirm these belong in ""2025 Topps Chrome Marvel - Marvel Anniversaries"""
2025 Topps Chrome Marvel,2025 Topps Chrome Marvel - Marvel Icons,1,Gold Wave Refractor,1,79338,NONE,"No matching subset — create one or confirm these belong in ""2025 Topps Chrome Marvel - Marvel Icons"""
2025 Topps Chrome Marvel,2025 Topps Chrome Marvel - Marvel Icons,10,Gold Wave Refractor,1,79356,NONE,"No matching subset — create one or confirm these belong in ""2025 Topps Chrome Marvel - Marvel Icons"""
2025 Topps Chrome Marvel,2025 Topps Chrome Marvel - Marvel Icons,2,Gold Wave Refractor,1,78749,NONE,"No matching subset — create one or confirm these belong in ""2025 Topps Chrome Marvel - Marvel Icons"""
2025 Topps Chrome Marvel,2025 Topps Chrome Marvel - Marvel Icons,3,Gold Wave Refractor,1,79350,NONE,"No matching subset — create one or confirm these belong in ""2025 Topps Chrome Marvel - Marvel Icons"""
2025 Topps Chrome Marvel,2025 Topps Chrome Marvel - Marvel Icons,4,Gold Wave Refractor,1,79382,NONE,"No matching subset — create one or confirm these belong in ""2025 Topps Chrome Marvel - Marvel Icons"""
2025 Topps Chrome Marvel,2025 Topps Chrome Marvel - Marvel Icons,5,Gold Wave Refractor,1,78748,NONE,"No matching subset — create one or confirm these belong in ""2025 Topps Chrome Marvel - Marvel Icons"""
2025 Topps Chrome Marvel,2025 Topps Chrome Marvel - Marvel Icons,6,Gold Wave Refractor,1,79354,NONE,"No matching subset — create one or confirm these belong in ""2025 Topps Chrome Marvel - Marvel Icons"""
2025 Topps Chrome Marvel,2025 Topps Chrome Marvel - Marvel Icons,7,Gold Wave Refractor,1,79340,NONE,"No matching subset — create one or confirm these belong in ""2025 Topps Chrome Marvel - Marvel Icons"""
2025 Topps Chrome Marvel,2025 Topps Chrome Marvel - Marvel Icons,8,Gold Wave Refractor,1,78747,NONE,"No matching subset — create one or confirm these belong in ""2025 Topps Chrome Marvel - Marvel Icons"""
2025 Topps Chrome Marvel,2025 Topps Chrome Marvel - Marvel Icons,9,Gold Wave Refractor,1,79342,NONE,"No matching subset — create one or confirm these belong in ""2025 Topps Chrome Marvel - Marvel Icons"""
2025 Topps Chrome Marvel,2025 Topps Chrome Marvel - Marvel Reflections,1,Kaleidoscope Refractor,1,79596,NONE,"No matching subset — create one or confirm these belong in ""2025 Topps Chrome Marvel - Marvel Reflections"""
2025 Topps Chrome Marvel,2025 Topps Chrome Marvel - Marvel Reflections,1,SuperFractor Scodix,1,79599,NONE,"No matching subset — create one or confirm these belong in ""2025 Topps Chrome Marvel - Marvel Reflections"""
2025 Topps Chrome Marvel,2025 Topps Chrome Marvel - Marvel Reflections,1,RayWave Refractor,1,79600,NONE,"No matching subset — create one or confirm these belong in ""2025 Topps Chrome Marvel - Marvel Reflections"""
2025 Topps Chrome Marvel,2025 Topps Chrome Marvel - Marvel Reflections,1,Shimmer Refractor,1,79601,NONE,"No matching subset — create one or confirm these belong in ""2025 Topps Chrome Marvel - Marvel Reflections"""
2025 Topps Chrome Marvel,2025 Topps Chrome Marvel - Marvel Reflections,2,Kaleidoscope Refractor,1,79607,NONE,"No matching subset — create one or confirm these belong in ""2025 Topps Chrome Marvel - Marvel Reflections"""
2025 Topps Chrome Marvel,2025 Topps Chrome Marvel - Marvel Reflections,2,RayWave Refractor,1,79610,NONE,"No matching subset — create one or confirm these belong in ""2025 Topps Chrome Marvel - Marvel Reflections"""
2025 Topps Chrome Marvel,2025 Topps Chrome Marvel - Marvel Reflections,2,Shimmer Refractor,1,79611,NONE,"No matching subset — create one or confirm these belong in ""2025 Topps Chrome Marvel - Marvel Reflections"""
2025 Topps Chrome Marvel,2025 Topps Chrome Marvel - Marvel Reflections,2,SuperFractor Scodix,1,79612,NONE,"No matching subset — create one or confirm these belong in ""2025 Topps Chrome Marvel - Marvel Reflections"""
2025 Topps Chrome Marvel,2025 Topps Chrome Marvel - Marvel Reflections,3,SuperFractor Scodix,1,79603,NONE,"No matching subset — create one or confirm these belong in ""2025 Topps Chrome Marvel - Marvel Reflections"""
2025 Topps Chrome Marvel,2025 Topps Chrome Marvel - Marvel Reflections,3,Kaleidoscope Refractor,1,79606,NONE,"No matching subset — create one or confirm these belong in ""2025 Topps Chrome Marvel - Marvel Reflections"""
2025 Topps Chrome Marvel,2025 Topps Chrome Marvel - Marvel Reflections,3,RayWave Refractor,1,79608,NONE,"No matching subset — create one or confirm these belong in ""2025 Topps Chrome Marvel - Marvel Reflections"""
2025 Topps Chrome Marvel,2025 Topps Chrome Marvel - Marvel Reflections,3,Shimmer Refractor,1,79609,NONE,"No matching subset — create one or confirm these belong in ""2025 Topps Chrome Marvel - Marvel Reflections"""
2025 Topps Chrome Marvel,2025 Topps Chrome Marvel - Marvel Reflections,4,Shimmer Refractor,1,79590,NONE,"No matching subset — create one or confirm these belong in ""2025 Topps Chrome Marvel - Marvel Reflections"""
2025 Topps Chrome Marvel,2025 Topps Chrome Marvel - Marvel Reflections,4,Kaleidoscope Refractor,1,79597,NONE,"No matching subset — create one or confirm these belong in ""2025 Topps Chrome Marvel - Marvel Reflections"""
2025 Topps Chrome Marvel,2025 Topps Chrome Marvel - Marvel Reflections,4,RayWave Refractor,1,79598,NONE,"No matching subset — create one or confirm these belong in ""2025 Topps Chrome Marvel - Marvel Reflections"""
2025 Topps Chrome Marvel,2025 Topps Chrome Marvel - Marvel Reflections,4,SuperFractor Scodix,1,79602,NONE,"No matching subset — create one or confirm these belong in ""2025 Topps Chrome Marvel - Marvel Reflections"""
2025 Topps Chrome Marvel,2025 Topps Chrome Marvel - Marvel Reflections,5,RayWave Refractor,1,79589,NONE,"No matching subset — create one or confirm these belong in ""2025 Topps Chrome Marvel - Marvel Reflections"""
2025 Topps Chrome Marvel,2025 Topps Chrome Marvel - Marvel Reflections,5,Kaleidoscope Refractor,1,79591,NONE,"No matching subset — create one or confirm these belong in ""2025 Topps Chrome Marvel - Marvel Reflections"""
2025 Topps Chrome Marvel,2025 Topps Chrome Marvel - Marvel Reflections,5,SuperFractor Scodix,1,79604,NONE,"No matching subset — create one or confirm these belong in ""2025 Topps Chrome Marvel - Marvel Reflections"""
2025 Topps Chrome Marvel,2025 Topps Chrome Marvel - Marvel Reflections,5,Shimmer Refractor,1,79605,NONE,"No matching subset — create one or confirm these belong in ""2025 Topps Chrome Marvel - Marvel Reflections"""
2025 Topps Chrome Marvel,2025 Topps Chrome Marvel - X-Men Giant Size 50th Anniversary,1,Gold Wave Refractor,1,81350,NONE,"No matching subset — create one or confirm these belong in ""2025 Topps Chrome Marvel - X-Men Giant Size 50th Anniversary"""
2025 Topps Chrome Marvel,2025 Topps Chrome Marvel - X-Men Giant Size 50th Anniversary,10,Gold Wave Refractor,1,81369,NONE,"No matching subset — create one or confirm these belong in ""2025 Topps Chrome Marvel - X-Men Giant Size 50th Anniversary"""
2025 Topps Chrome Marvel,2025 Topps Chrome Marvel - X-Men Giant Size 50th Anniversary,2,Gold Wave Refractor,1,81378,NONE,"No matching subset — create one or confirm these belong in ""2025 Topps Chrome Marvel - X-Men Giant Size 50th Anniversary"""
2025 Topps Chrome Marvel,2025 Topps Chrome Marvel - X-Men Giant Size 50th Anniversary,3,Gold Wave Refractor,1,81374,NONE,"No matching subset — create one or confirm these belong in ""2025 Topps Chrome Marvel - X-Men Giant Size 50th Anniversary"""
2025 Topps Chrome Marvel,2025 Topps Chrome Marvel - X-Men Giant Size 50th Anniversary,4,Gold Wave Refractor,1,81357,NONE,"No matching subset — create one or confirm these belong in ""2025 Topps Chrome Marvel - X-Men Giant Size 50th Anniversary"""
2025 Topps Chrome Marvel,2025 Topps Chrome Marvel - X-Men Giant Size 50th Anniversary,5,Gold Wave Refractor,1,81383,NONE,"No matching subset — create one or confirm these belong in ""2025 Topps Chrome Marvel - X-Men Giant Size 50th Anniversary"""
2025 Topps Chrome Marvel,2025 Topps Chrome Marvel - X-Men Giant Size 50th Anniversary,6,Gold Wave Refractor,1,81382,NONE,"No matching subset — create one or confirm these belong in ""2025 Topps Chrome Marvel - X-Men Giant Size 50th Anniversary"""
2025 Topps Chrome Marvel,2025 Topps Chrome Marvel - X-Men Giant Size 50th Anniversary,7,Gold Wave Refractor,1,78755,NONE,"No matching subset — create one or confirm these belong in ""2025 Topps Chrome Marvel - X-Men Giant Size 50th Anniversary"""
2025 Topps Chrome Marvel,2025 Topps Chrome Marvel - X-Men Giant Size 50th Anniversary,8,Gold Wave Refractor,1,81362,NONE,"No matching subset — create one or confirm these belong in ""2025 Topps Chrome Marvel - X-Men Giant Size 50th Anniversary"""
2025 Topps Chrome Marvel,2025 Topps Chrome Marvel - X-Men Giant Size 50th Anniversary,9,Gold Wave Refractor,1,81389,NONE,"No matching subset — create one or confirm these belong in ""2025 Topps Chrome Marvel - X-Men Giant Size 50th Anniversary"""
2025 Topps Chrome Marvel Studios,2025 Topps Chrome Marvel Studios - 2025 Topps Chrome Marvel Studios,182,Red Geometric,1,79761,NONE,"No matching subset — create one or confirm these belong in ""2025 Topps Chrome Marvel Studios - 2025 Topps Chrome Marvel Studios"""
2025 Topps Chrome Marvel Studios,2025 Topps Chrome Marvel Studios - 2025 Topps Chrome Marvel Studios,197,Thor's Lightning,1,79762,NONE,"No matching subset — create one or confirm these belong in ""2025 Topps Chrome Marvel Studios - 2025 Topps Chrome Marvel Studios"""
2025 Topps Chrome Marvel Studios,2025 Topps Chrome Marvel Studios - 2025 Topps Chrome Marvel Studios,59,Thor's Lightning,1,79719,NONE,"No matching subset — create one or confirm these belong in ""2025 Topps Chrome Marvel Studios - 2025 Topps Chrome Marvel Studios"""
2025 Topps Chrome Marvel Studios,2025 Topps Chrome Marvel Studios - 2025 Topps Chrome Marvel Studios,76,Red Wave,1,79801,NONE,"No matching subset — create one or confirm these belong in ""2025 Topps Chrome Marvel Studios - 2025 Topps Chrome Marvel Studios"""
2025 Topps Chrome Marvel Studios,2025 Topps Chrome Marvel Studios - 2025 Topps Chrome Marvel Studios,78,Printing Plate,1,79769,NONE,"No matching subset — create one or confirm these belong in ""2025 Topps Chrome Marvel Studios - 2025 Topps Chrome Marvel Studios"""
Marvel 2025 Topps Chrome,Marvel 2025 Topps Chrome,32,Blue Green Shimmer,1,78690,NONE,"No matching subset — create one or confirm these belong in ""Marvel 2025 Topps Chrome"""
Marvel 2025 Topps Chrome,Marvel 2025 Topps Chrome,32,Blue Red Web,1,78691,NONE,"No matching subset — create one or confirm these belong in ""Marvel 2025 Topps Chrome"""
Marvel 2025 Topps Chrome,Marvel 2025 Topps Chrome,32,Blue,1,78693,NONE,"No matching subset — create one or confirm these belong in ""Marvel 2025 Topps Chrome"""
Marvel 2025 Topps Chrome,Marvel 2025 Topps Chrome,32,Red Shimmer,1,78696,NONE,"No matching subset — create one or confirm these belong in ""Marvel 2025 Topps Chrome"""
Marvel 2025 Topps Chrome,Marvel 2025 Topps Chrome,32,Orange Lava,1,78697,NONE,"No matching subset — create one or confirm these belong in ""Marvel 2025 Topps Chrome"""
Marvel 2025 Topps Chrome,Marvel 2025 Topps Chrome,32,Green Lazer,1,78698,NONE,"No matching subset — create one or confirm these belong in ""Marvel 2025 Topps Chrome"""
Marvel 2025 Topps Chrome,Marvel 2025 Topps Chrome,32,Human Torch,1,78699,NONE,"No matching subset — create one or confirm these belong in ""Marvel 2025 Topps Chrome"""
Marvel 2025 Topps Chrome,Marvel 2025 Topps Chrome,32,Gold Wave,1,78700,NONE,"No matching subset — create one or confirm these belong in ""Marvel 2025 Topps Chrome"""
Marvel 2025 Topps Chrome,Marvel 2025 Topps Chrome,32,Clawed,1,78701,NONE,"No matching subset — create one or confirm these belong in ""Marvel 2025 Topps Chrome"""
Marvel 2025 Topps Chrome,Marvel 2025 Topps Chrome,32,Orange,1,78702,NONE,"No matching subset — create one or confirm these belong in ""Marvel 2025 Topps Chrome"""
Marvel 2025 Topps Chrome,Marvel 2025 Topps Chrome,32,Rose Gold Mini Diamonds,1,78703,NONE,"No matching subset — create one or confirm these belong in ""Marvel 2025 Topps Chrome"""
Marvel 2025 Topps Chrome,Marvel 2025 Topps Chrome,32,Web,1,78704,NONE,"No matching subset — create one or confirm these belong in ""Marvel 2025 Topps Chrome"""
Marvel 2025 Topps Chrome,Marvel 2025 Topps Chrome,32,Purple Shimmer,1,78713,NONE,"No matching subset — create one or confirm these belong in ""Marvel 2025 Topps Chrome"""
Marvel 2025 Topps Chrome,Marvel 2025 Topps Chrome,1,Orange,1,78377,NONE,"No matching subset — create one or confirm these belong in ""Marvel 2025 Topps Chrome"""
Marvel 2025 Topps Chrome,Marvel 2025 Topps Chrome,1,Blue Red Web,1,78378,NONE,"No matching subset — create one or confirm these belong in ""Marvel 2025 Topps Chrome"""
Marvel 2025 Topps Chrome,Marvel 2025 Topps Chrome,1,Blue Green Shimmer,1,78387,NONE,"No matching subset — create one or confirm these belong in ""Marvel 2025 Topps Chrome"""
Marvel 2025 Topps Chrome,Marvel 2025 Topps Chrome,1,Yellow Lava,1,78398,NONE,"No matching subset — create one or confirm these belong in ""Marvel 2025 Topps Chrome"""
Marvel 2025 Topps Chrome,Marvel 2025 Topps Chrome,1,Purple Shimmer,1,78410,NONE,"No matching subset — create one or confirm these belong in ""Marvel 2025 Topps Chrome"""
Marvel 2025 Topps Chrome,Marvel 2025 Topps Chrome,1,Blue,1,78412,NONE,"No matching subset — create one or confirm these belong in ""Marvel 2025 Topps Chrome"""
Marvel 2025 Topps Chrome,Marvel 2025 Topps Chrome,1,Human Torch,1,78424,NONE,"No matching subset — create one or confirm these belong in ""Marvel 2025 Topps Chrome"""
Marvel 2025 Topps Chrome,Marvel 2025 Topps Chrome,1,Orange Lava,1,78425,NONE,"No matching subset — create one or confirm these belong in ""Marvel 2025 Topps Chrome"""
Marvel 2025 Topps Chrome,Marvel 2025 Topps Chrome,1,Green Lazer,1,78435,NONE,"No matching subset — create one or confirm these belong in ""Marvel 2025 Topps Chrome"""
Marvel 2025 Topps Chrome,Marvel 2025 Topps Chrome,1,Web,1,78454,NONE,"No matching subset — create one or confirm these belong in ""Marvel 2025 Topps Chrome"""
Marvel 2025 Topps Chrome,Marvel 2025 Topps Chrome,101,Black,1,78369,NONE,"No matching subset — create one or confirm these belong in ""Marvel 2025 Topps Chrome"""
Marvel 2025 Topps Chrome,Marvel 2025 Topps Chrome,101,Blue Red Web,1,78381,NONE,"No matching subset — create one or confirm these belong in ""Marvel 2025 Topps Chrome"""
Marvel 2025 Topps Chrome,Marvel 2025 Topps Chrome,101,Red Wave,1,78400,NONE,"No matching subset — create one or confirm these belong in ""Marvel 2025 Topps Chrome"""
Marvel 2025 Topps Chrome,Marvel 2025 Topps Chrome,101,Black Clawed,1,78403,NONE,"No matching subset — create one or confirm these belong in ""Marvel 2025 Topps Chrome"""
Marvel 2025 Topps Chrome,Marvel 2025 Topps Chrome,101,Web,1,78417,NONE,"No matching subset — create one or confirm these belong in ""Marvel 2025 Topps Chrome"""
Marvel 2025 Topps Chrome,Marvel 2025 Topps Chrome,101,Refractor,1,78440,NONE,"No matching subset — create one or confirm these belong in ""Marvel 2025 Topps Chrome"""
Marvel 2025 Topps Chrome,Marvel 2025 Topps Chrome,101,Yellow Lava,1,78452,NONE,"No matching subset — create one or confirm these belong in ""Marvel 2025 Topps Chrome"""
Marvel 2025 Topps Chrome,Marvel 2025 Topps Chrome,101,Blue,1,78460,NONE,"No matching subset — create one or confirm these belong in ""Marvel 2025 Topps Chrome"""
Marvel 2025 Topps Chrome,Marvel 2025 Topps Chrome,101,Orange Lava,1,78468,NONE,"No matching subset — create one or confirm these belong in ""Marvel 2025 Topps Chrome"""
Marvel 2025 Topps Chrome,Marvel 2025 Topps Chrome,103,Red Wave,1,78373,NONE,"No matching subset — create one or confirm these belong in ""Marvel 2025 Topps Chrome"""
Marvel 2025 Topps Chrome,Marvel 2025 Topps Chrome,103,Black Clawed,1,78385,NONE,"No matching subset — create one or confirm these belong in ""Marvel 2025 Topps Chrome"""
Marvel 2025 Topps Chrome,Marvel 2025 Topps Chrome,103,Red Clawed,1,78391,NONE,"No matching subset — create one or confirm these belong in ""Marvel 2025 Topps Chrome"""
Marvel 2025 Topps Chrome,Marvel 2025 Topps Chrome,103,Yellow Lava,1,78409,NONE,"No matching subset — create one or confirm these belong in ""Marvel 2025 Topps Chrome"""
Marvel 2025 Topps Chrome,Marvel 2025 Topps Chrome,103,Blue,1,78411,NONE,"No matching subset — create one or confirm these belong in ""Marvel 2025 Topps Chrome"""
Marvel 2025 Topps Chrome,Marvel 2025 Topps Chrome,103,Refractor,1,78420,NONE,"No matching subset — create one or confirm these belong in ""Marvel 2025 Topps Chrome"""
Marvel 2025 Topps Chrome,Marvel 2025 Topps Chrome,103,Blue Red Web,1,78445,NONE,"No matching subset — create one or confirm these belong in ""Marvel 2025 Topps Chrome"""
Marvel 2025 Topps Chrome,Marvel 2025 Topps Chrome,103,Human Torch,1,78457,NONE,"No matching subset — create one or confirm these belong in ""Marvel 2025 Topps Chrome"""
Marvel 2025 Topps Chrome,Marvel 2025 Topps Chrome,103,Web,1,78707,NONE,"No matching subset — create one or confirm these belong in ""Marvel 2025 Topps Chrome"""
Marvel 2025 Topps Chrome,Marvel 2025 Topps Chrome,149,Black,1,78402,NONE,"No matching subset — create one or confirm these belong in ""Marvel 2025 Topps Chrome"""
Marvel 2025 Topps Chrome,Marvel 2025 Topps Chrome,149,Red Wave,1,78419,NONE,"No matching subset — create one or confirm these belong in ""Marvel 2025 Topps Chrome"""
Marvel 2025 Topps Chrome,Marvel 2025 Topps Chrome,149,Gold Wave,1,78446,NONE,"No matching subset — create one or confirm these belong in ""Marvel 2025 Topps Chrome"""
Marvel 2025 Topps Chrome,Marvel 2025 Topps Chrome,149,Blue,1,78449,NONE,"No matching subset — create one or confirm these belong in ""Marvel 2025 Topps Chrome"""
Marvel 2025 Topps Chrome,Marvel 2025 Topps Chrome,149,Blue Red Web,1,78686,NONE,"No matching subset — create one or confirm these belong in ""Marvel 2025 Topps Chrome"""
Marvel 2025 Topps Chrome,Marvel 2025 Topps Chrome,149,Web,1,78689,NONE,"No matching subset — create one or confirm these belong in ""Marvel 2025 Topps Chrome"""
Marvel 2025 Topps Chrome,Marvel 2025 Topps Chrome,109,SuperFractor Clawed,1,78441,NONE,"No matching subset — create one or confirm these belong in ""Marvel 2025 Topps Chrome"""
Marvel 2025 Topps Chrome,Marvel 2025 Topps Chrome,109,Rose Gold Mini Diamonds,1,78487,NONE,"No matching subset — create one or confirm these belong in ""Marvel 2025 Topps Chrome"""
Marvel 2025 Topps Chrome,Marvel 2025 Topps Chrome,109,Black Clawed,1,78531,NONE,"No matching subset — create one or confirm these belong in ""Marvel 2025 Topps Chrome"""
Marvel 2025 Topps Chrome,Marvel 2025 Topps Chrome,109,Blue Red Web,1,78666,NONE,"No matching subset — create one or confirm these belong in ""Marvel 2025 Topps Chrome"""
Marvel 2025 Topps Chrome,Marvel 2025 Topps Chrome,109,Web,1,78671,NONE,"No matching subset — create one or confirm these belong in ""Marvel 2025 Topps Chrome"""
Marvel 2025 Topps Chrome,Marvel 2025 Topps Chrome,110,Human Torch,1,78442,NONE,"No matching subset — create one or confirm these belong in ""Marvel 2025 Topps Chrome"""
Marvel 2025 Topps Chrome,Marvel 2025 Topps Chrome,110,Gold Wave,1,78543,NONE,"No matching subset — create one or confirm these belong in ""Marvel 2025 Topps Chrome"""
Marvel 2025 Topps Chrome,Marvel 2025 Topps Chrome,110,Orange,1,78562,NONE,"No matching subset — create one or confirm these belong in ""Marvel 2025 Topps Chrome"""
Marvel 2025 Topps Chrome,Marvel 2025 Topps Chrome,110,Blue Red Web,1,78623,NONE,"No matching subset — create one or confirm these belong in ""Marvel 2025 Topps Chrome"""
Marvel 2025 Topps Chrome,Marvel 2025 Topps Chrome,110,Web,1,78632,NONE,"No matching subset — create one or confirm these belong in ""Marvel 2025 Topps Chrome"""
Marvel 2025 Topps Chrome,Marvel 2025 Topps Chrome,143,Yellow Lava,1,78459,NONE,"No matching subset — create one or confirm these belong in ""Marvel 2025 Topps Chrome"""
Marvel 2025 Topps Chrome,Marvel 2025 Topps Chrome,143,Red Wave,1,78466,NONE,"No matching subset — create one or confirm these belong in ""Marvel 2025 Topps Chrome"""
Marvel 2025 Topps Chrome,Marvel 2025 Topps Chrome,143,Black,1,78494,NONE,"No matching subset — create one or confirm these belong in ""Marvel 2025 Topps Chrome"""
Marvel 2025 Topps Chrome,Marvel 2025 Topps Chrome,143,Blue Red Web,1,78635,NONE,"No matching subset — create one or confirm these belong in ""Marvel 2025 Topps Chrome"""
Marvel 2025 Topps Chrome,Marvel 2025 Topps Chrome,143,Web,1,78640,NONE,"No matching subset — create one or confirm these belong in ""Marvel 2025 Topps Chrome"""
Marvel 2025 Topps Chrome,Marvel 2025 Topps Chrome,16,SuperFractor,1,78396,NONE,"No matching subset — create one or confirm these belong in ""Marvel 2025 Topps Chrome"""
Marvel 2025 Topps Chrome,Marvel 2025 Topps Chrome,16,Red Clawed,1,78476,NONE,"No matching subset — create one or confirm these belong in ""Marvel 2025 Topps Chrome"""
Marvel 2025 Topps Chrome,Marvel 2025 Topps Chrome,16,Purple Shimmer,1,78598,NONE,"No matching subset — create one or confirm these belong in ""Marvel 2025 Topps Chrome"""
Marvel 2025 Topps Chrome,Marvel 2025 Topps Chrome,16,Blue Red Web,1,78654,NONE,"No matching subset — create one or confirm these belong in ""Marvel 2025 Topps Chrome"""
Marvel 2025 Topps Chrome,Marvel 2025 Topps Chrome,16,Web,1,78664,NONE,"No matching subset — create one or confirm these belong in ""Marvel 2025 Topps Chrome"""
Marvel 2025 Topps Chrome,Marvel 2025 Topps Chrome,8,Red Clawed,1,78393,NONE,"No matching subset — create one or confirm these belong in ""Marvel 2025 Topps Chrome"""
Marvel 2025 Topps Chrome,Marvel 2025 Topps Chrome,8,Gold Wave,1,78514,NONE,"No matching subset — create one or confirm these belong in ""Marvel 2025 Topps Chrome"""
Marvel 2025 Topps Chrome,Marvel 2025 Topps Chrome,8,Black,1,78533,NONE,"No matching subset — create one or confirm these belong in ""Marvel 2025 Topps Chrome"""
Marvel 2025 Topps Chrome,Marvel 2025 Topps Chrome,8,Blue Red Web,1,78636,NONE,"No matching subset — create one or confirm these belong in ""Marvel 2025 Topps Chrome"""
Marvel 2025 Topps Chrome,Marvel 2025 Topps Chrome,8,Web,1,78642,NONE,"No matching subset — create one or confirm these belong in ""Marvel 2025 Topps Chrome"""
Marvel 2025 Topps Chrome,Marvel 2025 Topps Chrome,84,SuperFractor Clawed,1,78374,NONE,"No matching subset — create one or confirm these belong in ""Marvel 2025 Topps Chrome"""
Marvel 2025 Topps Chrome,Marvel 2025 Topps Chrome,84,Black Clawed,1,78407,NONE,"No matching subset — create one or confirm these belong in ""Marvel 2025 Topps Chrome"""
Marvel 2025 Topps Chrome,Marvel 2025 Topps Chrome,84,Yellow Lava,1,78422,NONE,"No matching subset — create one or confirm these belong in ""Marvel 2025 Topps Chrome"""
Marvel 2025 Topps Chrome,Marvel 2025 Topps Chrome,84,Black,1,78453,NONE,"No matching subset — create one or confirm these belong in ""Marvel 2025 Topps Chrome"""
Marvel 2025 Topps Chrome,Marvel 2025 Topps Chrome,112,Red Clawed,1,78413,NONE,"No matching subset — create one or confirm these belong in ""Marvel 2025 Topps Chrome"""
Marvel 2025 Topps Chrome,Marvel 2025 Topps Chrome,112,Orange,1,78458,NONE,"No matching subset — create one or confirm these belong in ""Marvel 2025 Topps Chrome"""
Marvel 2025 Topps Chrome,Marvel 2025 Topps Chrome,112,Blue Red Web,1,78644,NONE,"No matching subset — create one or confirm these belong in ""Marvel 2025 Topps Chrome"""
Marvel 2025 Topps Chrome,Marvel 2025 Topps Chrome,112,Web,1,78645,NONE,"No matching subset — create one or confirm these belong in ""Marvel 2025 Topps Chrome"""
Marvel 2025 Topps Chrome,Marvel 2025 Topps Chrome,13,Green Lazer,1,78472,NONE,"No matching subset — create one or confirm these belong in ""Marvel 2025 Topps Chrome"""
Marvel 2025 Topps Chrome,Marvel 2025 Topps Chrome,13,SuperFractor,1,78563,NONE,"No matching subset — create one or confirm these belong in ""Marvel 2025 Topps Chrome"""
Marvel 2025 Topps Chrome,Marvel 2025 Topps Chrome,13,Blue Red Web,1,78608,NONE,"No matching subset — create one or confirm these belong in ""Marvel 2025 Topps Chrome"""
Marvel 2025 Topps Chrome,Marvel 2025 Topps Chrome,13,Web,1,78611,NONE,"No matching subset — create one or confirm these belong in ""Marvel 2025 Topps Chrome"""
Marvel 2025 Topps Chrome,Marvel 2025 Topps Chrome,135,SuperFractor,1,78371,NONE,"No matching subset — create one or confirm these belong in ""Marvel 2025 Topps Chrome"""
Marvel 2025 Topps Chrome,Marvel 2025 Topps Chrome,135,Red Wave,1,78512,NONE,"No matching subset — create one or confirm these belong in ""Marvel 2025 Topps Chrome"""
Marvel 2025 Topps Chrome,Marvel 2025 Topps Chrome,135,Blue Red Web,1,78607,NONE,"No matching subset — create one or confirm these belong in ""Marvel 2025 Topps Chrome"""
Marvel 2025 Topps Chrome,Marvel 2025 Topps Chrome,135,Web,1,78610,NONE,"No matching subset — create one or confirm these belong in ""Marvel 2025 Topps Chrome"""
Marvel 2025 Topps Chrome,Marvel 2025 Topps Chrome,142,Green Lazer,1,78524,NONE,"No matching subset — create one or confirm these belong in ""Marvel 2025 Topps Chrome"""
Marvel 2025 Topps Chrome,Marvel 2025 Topps Chrome,142,Orange,1,78541,NONE,"No matching subset — create one or confirm these belong in ""Marvel 2025 Topps Chrome"""
Marvel 2025 Topps Chrome,Marvel 2025 Topps Chrome,142,Blue Red Web,1,78638,NONE,"No matching subset — create one or confirm these belong in ""Marvel 2025 Topps Chrome"""
Marvel 2025 Topps Chrome,Marvel 2025 Topps Chrome,142,Web,1,78648,NONE,"No matching subset — create one or confirm these belong in ""Marvel 2025 Topps Chrome"""
Marvel 2025 Topps Chrome,Marvel 2025 Topps Chrome,156,SuperFractor,1,78375,NONE,"No matching subset — create one or confirm these belong in ""Marvel 2025 Topps Chrome"""
Marvel 2025 Topps Chrome,Marvel 2025 Topps Chrome,156,Red Wave,1,78382,NONE,"No matching subset — create one or confirm these belong in ""Marvel 2025 Topps Chrome"""
Marvel 2025 Topps Chrome,Marvel 2025 Topps Chrome,156,Human Torch,1,78450,NONE,"No matching subset — create one or confirm these belong in ""Marvel 2025 Topps Chrome"""
Marvel 2025 Topps Chrome,Marvel 2025 Topps Chrome,158,Clawed,1,78397,NONE,"No matching subset — create one or confirm these belong in ""Marvel 2025 Topps Chrome"""
Marvel 2025 Topps Chrome,Marvel 2025 Topps Chrome,158,Black Clawed,1,78501,NONE,"No matching subset — create one or confirm these belong in ""Marvel 2025 Topps Chrome"""
Marvel 2025 Topps Chrome,Marvel 2025 Topps Chrome,158,Blue Red Web,1,78658,NONE,"No matching subset — create one or confirm these belong in ""Marvel 2025 Topps Chrome"""
Marvel 2025 Topps Chrome,Marvel 2025 Topps Chrome,158,Web,1,78662,NONE,"No matching subset — create one or confirm these belong in ""Marvel 2025 Topps Chrome"""
Marvel 2025 Topps Chrome,Marvel 2025 Topps Chrome,182,Gold Wave,1,78473,NONE,"No matching subset — create one or confirm these belong in ""Marvel 2025 Topps Chrome"""
Marvel 2025 Topps Chrome,Marvel 2025 Topps Chrome,182,Clawed,1,78530,NONE,"No matching subset — create one or confirm these belong in ""Marvel 2025 Topps Chrome"""
Marvel 2025 Topps Chrome,Marvel 2025 Topps Chrome,182,Blue Red Web,1,78651,NONE,"No matching subset — create one or confirm these belong in ""Marvel 2025 Topps Chrome"""
Marvel 2025 Topps Chrome,Marvel 2025 Topps Chrome,182,Web,1,78656,NONE,"No matching subset — create one or confirm these belong in ""Marvel 2025 Topps Chrome"""
Marvel 2025 Topps Chrome,Marvel 2025 Topps Chrome,2,SuperFractor,1,78372,NONE,"No matching subset — create one or confirm these belong in ""Marvel 2025 Topps Chrome"""
Marvel 2025 Topps Chrome,Marvel 2025 Topps Chrome,2,Red Shimmer,1,78498,NONE,"No matching subset — create one or confirm these belong in ""Marvel 2025 Topps Chrome"""
Marvel 2025 Topps Chrome,Marvel 2025 Topps Chrome,2,Blue Red Web,1,78668,NONE,"No matching subset — create one or confirm these belong in ""Marvel 2025 Topps Chrome"""
Marvel 2025 Topps Chrome,Marvel 2025 Topps Chrome,2,Web,1,78673,NONE,"No matching subset — create one or confirm these belong in ""Marvel 2025 Topps Chrome"""
Marvel 2025 Topps Chrome,Marvel 2025 Topps Chrome,7,Human Torch,1,78518,NONE,"No matching subset — create one or confirm these belong in ""Marvel 2025 Topps Chrome"""
Marvel 2025 Topps Chrome,Marvel 2025 Topps Chrome,7,Blue Red Web,1,78575,NONE,"No matching subset — create one or confirm these belong in ""Marvel 2025 Topps Chrome"""
Marvel 2025 Topps Chrome,Marvel 2025 Topps Chrome,7,Web,1,78580,NONE,"No matching subset — create one or confirm these belong in ""Marvel 2025 Topps Chrome"""
Marvel 2025 Topps Chrome,Marvel 2025 Topps Chrome,70,SuperFractor,1,78439,NONE,"No matching subset — create one or confirm these belong in ""Marvel 2025 Topps Chrome"""
Marvel 2025 Topps Chrome,Marvel 2025 Topps Chrome,70,Orange Lava,1,78596,NONE,"No matching subset — create one or confirm these belong in ""Marvel 2025 Topps Chrome"""
Marvel 2025 Topps Chrome,Marvel 2025 Topps Chrome,70,Blue Red Web,1,78661,NONE,"No matching subset — create one or confirm these belong in ""Marvel 2025 Topps Chrome"""
Marvel 2025 Topps Chrome,Marvel 2025 Topps Chrome,70,Human Torch,1,78714,NONE,"No matching subset — create one or confirm these belong in ""Marvel 2025 Topps Chrome"""
Marvel 2025 Topps Chrome,Marvel 2025 Topps Chrome,83,SuperFractor,1,78392,NONE,"No matching subset — create one or confirm these belong in ""Marvel 2025 Topps Chrome"""
Marvel 2025 Topps Chrome,Marvel 2025 Topps Chrome,83,Human Torch,1,78492,NONE,"No matching subset — create one or confirm these belong in ""Marvel 2025 Topps Chrome"""
Marvel 2025 Topps Chrome,Marvel 2025 Topps Chrome,83,Blue Red Web,1,78706,NONE,"No matching subset — create one or confirm these belong in ""Marvel 2025 Topps Chrome"""
Marvel 2025 Topps Chrome,Marvel 2025 Topps Chrome,83,Web,1,78712,NONE,"No matching subset — create one or confirm these belong in ""Marvel 2025 Topps Chrome"""
Marvel 2025 Topps Chrome,Marvel 2025 Topps Chrome,86,Rose Gold Mini Diamonds,1,78474,NONE,"No matching subset — create one or confirm these belong in ""Marvel 2025 Topps Chrome"""
Marvel 2025 Topps Chrome,Marvel 2025 Topps Chrome,86,Clawed,1,78490,NONE,"No matching subset — create one or confirm these belong in ""Marvel 2025 Topps Chrome"""
Marvel 2025 Topps Chrome,Marvel 2025 Topps Chrome,86,Blue Red Web,1,78708,NONE,"No matching subset — create one or confirm these belong in ""Marvel 2025 Topps Chrome"""
Marvel 2025 Topps Chrome,Marvel 2025 Topps Chrome,86,Web,1,78710,NONE,"No matching subset — create one or confirm these belong in ""Marvel 2025 Topps Chrome"""
Marvel 2025 Topps Chrome,Marvel 2025 Topps Chrome,108,Black Clawed,1,78462,NONE,"No matching subset — create one or confirm these belong in ""Marvel 2025 Topps Chrome"""
Marvel 2025 Topps Chrome,Marvel 2025 Topps Chrome,108,Blue Red Web,1,78631,NONE,"No matching subset — create one or confirm these belong in ""Marvel 2025 Topps Chrome"""
Marvel 2025 Topps Chrome,Marvel 2025 Topps Chrome,108,Web,1,78634,NONE,"No matching subset — create one or confirm these belong in ""Marvel 2025 Topps Chrome"""
Marvel 2025 Topps Chrome,Marvel 2025 Topps Chrome,11,Blue Red Web,1,78650,NONE,"No matching subset — create one or confirm these belong in ""Marvel 2025 Topps Chrome"""
Marvel 2025 Topps Chrome,Marvel 2025 Topps Chrome,11,Web,1,78653,NONE,"No matching subset — create one or confirm these belong in ""Marvel 2025 Topps Chrome"""
Marvel 2025 Topps Chrome,Marvel 2025 Topps Chrome,113,Black,1,78564,NONE,"No matching subset — create one or confirm these belong in ""Marvel 2025 Topps Chrome"""
Marvel 2025 Topps Chrome,Marvel 2025 Topps Chrome,113,Blue Red Web,1,78692,NONE,"No matching subset — create one or confirm these belong in ""Marvel 2025 Topps Chrome"""
Marvel 2025 Topps Chrome,Marvel 2025 Topps Chrome,113,Web,1,78694,NONE,"No matching subset — create one or confirm these belong in ""Marvel 2025 Topps Chrome"""
Marvel 2025 Topps Chrome,Marvel 2025 Topps Chrome,126,SuperFractor Clawed,1,78394,NONE,"No matching subset — create one or confirm these belong in ""Marvel 2025 Topps Chrome"""
Marvel 2025 Topps Chrome,Marvel 2025 Topps Chrome,126,Human Torch,1,78464,NONE,"No matching subset — create one or confirm these belong in ""Marvel 2025 Topps Chrome"""
Marvel 2025 Topps Chrome,Marvel 2025 Topps Chrome,126,Blue Red Web,1,78513,NONE,"No matching subset — create one or confirm these belong in ""Marvel 2025 Topps Chrome"""
Marvel 2025 Topps Chrome,Marvel 2025 Topps Chrome,127,Orange Lava,1,78432,NONE,"No matching subset — create one or confirm these belong in ""Marvel 2025 Topps Chrome"""
Marvel 2025 Topps Chrome,Marvel 2025 Topps Chrome,127,Blue Red Web,1,78612,NONE,"No matching subset — create one or confirm these belong in ""Marvel 2025 Topps Chrome"""
Marvel 2025 Topps Chrome,Marvel 2025 Topps Chrome,127,Web,1,78615,NONE,"No matching subset — create one or confirm these belong in ""Marvel 2025 Topps Chrome"""
Marvel 2025 Topps Chrome,Marvel 2025 Topps Chrome,134,Red Clawed,1,78526,NONE,"No matching subset — create one or confirm these belong in ""Marvel 2025 Topps Chrome"""
Marvel 2025 Topps Chrome,Marvel 2025 Topps Chrome,134,Blue Red Web,1,78627,NONE,"No matching subset — create one or confirm these belong in ""Marvel 2025 Topps Chrome"""
Marvel 2025 Topps Chrome,Marvel 2025 Topps Chrome,134,Web,1,78629,NONE,"No matching subset — create one or confirm these belong in ""Marvel 2025 Topps Chrome"""
Marvel 2025 Topps Chrome,Marvel 2025 Topps Chrome,150,SuperFractor,1,78399,NONE,"No matching subset — create one or confirm these belong in ""Marvel 2025 Topps Chrome"""
Marvel 2025 Topps Chrome,Marvel 2025 Topps Chrome,150,Orange Lava,1,78479,NONE,"No matching subset — create one or confirm these belong in ""Marvel 2025 Topps Chrome"""
Marvel 2025 Topps Chrome,Marvel 2025 Topps Chrome,150,Black,1,78593,NONE,"No matching subset — create one or confirm these belong in ""Marvel 2025 Topps Chrome"""
Marvel 2025 Topps Chrome,Marvel 2025 Topps Chrome,168,Blue Red Web,1,78622,NONE,"No matching subset — create one or confirm these belong in ""Marvel 2025 Topps Chrome"""
Marvel 2025 Topps Chrome,Marvel 2025 Topps Chrome,168,Web,1,78625,NONE,"No matching subset — create one or confirm these belong in ""Marvel 2025 Topps Chrome"""
Marvel 2025 Topps Chrome,Marvel 2025 Topps Chrome,170,Human Torch,1,78565,NONE,"No matching subset — create one or confirm these belong in ""Marvel 2025 Topps Chrome"""
Marvel 2025 Topps Chrome,Marvel 2025 Topps Chrome,170,Blue Red Web,1,78613,NONE,"No matching subset — create one or confirm these belong in ""Marvel 2025 Topps Chrome"""
Marvel 2025 Topps Chrome,Marvel 2025 Topps Chrome,170,Web,1,78616,NONE,"No matching subset — create one or confirm these belong in ""Marvel 2025 Topps Chrome"""
Marvel 2025 Topps Chrome,Marvel 2025 Topps Chrome,175,Rose Gold Mini Diamonds,1,78508,NONE,"No matching subset — create one or confirm these belong in ""Marvel 2025 Topps Chrome"""
Marvel 2025 Topps Chrome,Marvel 2025 Topps Chrome,175,Black Clawed,1,78521,NONE,"No matching subset — create one or confirm these belong in ""Marvel 2025 Topps Chrome"""
Marvel 2025 Topps Chrome,Marvel 2025 Topps Chrome,175,Clawed,1,78545,NONE,"No matching subset — create one or confirm these belong in ""Marvel 2025 Topps Chrome"""
Marvel 2025 Topps Chrome,Marvel 2025 Topps Chrome,199,Black,1,78570,NONE,"No matching subset — create one or confirm these belong in ""Marvel 2025 Topps Chrome"""
Marvel 2025 Topps Chrome,Marvel 2025 Topps Chrome,199,Gold Wave,1,78573,NONE,"No matching subset — create one or confirm these belong in ""Marvel 2025 Topps Chrome"""
Marvel 2025 Topps Chrome,Marvel 2025 Topps Chrome,199,Red Wave,1,78592,NONE,"No matching subset — create one or confirm these belong in ""Marvel 2025 Topps Chrome"""
Marvel 2025 Topps Chrome,Marvel 2025 Topps Chrome,200,Rose Gold Mini Diamonds,1,78547,NONE,"No matching subset — create one or confirm these belong in ""Marvel 2025 Topps Chrome"""
Marvel 2025 Topps Chrome,Marvel 2025 Topps Chrome,200,Blue Red Web,1,78681,NONE,"No matching subset — create one or confirm these belong in ""Marvel 2025 Topps Chrome"""
Marvel 2025 Topps Chrome,Marvel 2025 Topps Chrome,200,Web,1,78685,NONE,"No matching subset — create one or confirm these belong in ""Marvel 2025 Topps Chrome"""
Marvel 2025 Topps Chrome,Marvel 2025 Topps Chrome,4,Red Clawed,1,78408,NONE,"No matching subset — create one or confirm these belong in ""Marvel 2025 Topps Chrome"""
Marvel 2025 Topps Chrome,Marvel 2025 Topps Chrome,4,Black,1,78434,NONE,"No matching subset — create one or confirm these belong in ""Marvel 2025 Topps Chrome"""
Marvel 2025 Topps Chrome,Marvel 2025 Topps Chrome,4,Black Clawed,1,78437,NONE,"No matching subset — create one or confirm these belong in ""Marvel 2025 Topps Chrome"""
Marvel 2025 Topps Chrome,Marvel 2025 Topps Chrome,43,Blue Green Shimmer,1,78386,NONE,"No matching subset — create one or confirm these belong in ""Marvel 2025 Topps Chrome"""
Marvel 2025 Topps Chrome,Marvel 2025 Topps Chrome,43,SuperFractor,1,78443,NONE,"No matching subset — create one or confirm these belong in ""Marvel 2025 Topps Chrome"""
Marvel 2025 Topps Chrome,Marvel 2025 Topps Chrome,43,Clawed,1,78520,NONE,"No matching subset — create one or confirm these belong in ""Marvel 2025 Topps Chrome"""
Marvel 2025 Topps Chrome,Marvel 2025 Topps Chrome,49,Rose Gold Mini Diamonds,1,78500,NONE,"No matching subset — create one or confirm these belong in ""Marvel 2025 Topps Chrome"""
Marvel 2025 Topps Chrome,Marvel 2025 Topps Chrome,49,Blue Red Web,1,78620,NONE,"No matching subset — create one or confirm these belong in ""Marvel 2025 Topps Chrome"""
Marvel 2025 Topps Chrome,Marvel 2025 Topps Chrome,49,Web,1,78621,NONE,"No matching subset — create one or confirm these belong in ""Marvel 2025 Topps Chrome"""
Marvel 2025 Topps Chrome,Marvel 2025 Topps Chrome,54,Blue Red Web,1,78585,NONE,"No matching subset — create one or confirm these belong in ""Marvel 2025 Topps Chrome"""
Marvel 2025 Topps Chrome,Marvel 2025 Topps Chrome,54,Web,1,78587,NONE,"No matching subset — create one or confirm these belong in ""Marvel 2025 Topps Chrome"""
Marvel 2025 Topps Chrome,Marvel 2025 Topps Chrome,54,Red Shimmer,1,78603,NONE,"No matching subset — create one or confirm these belong in ""Marvel 2025 Topps Chrome"""
Marvel 2025 Topps Chrome,Marvel 2025 Topps Chrome,57,Orange,1,78559,NONE,"No matching subset — create one or confirm these belong in ""Marvel 2025 Topps Chrome"""
Marvel 2025 Topps Chrome,Marvel 2025 Topps Chrome,57,Blue Red Web,1,78639,NONE,"No matching subset — create one or confirm these belong in ""Marvel 2025 Topps Chrome"""
Marvel 2025 Topps Chrome,Marvel 2025 Topps Chrome,57,Web,1,78643,NONE,"No matching subset — create one or confirm these belong in ""Marvel 2025 Topps Chrome"""
Marvel 2025 Topps Chrome,Marvel 2025 Topps Chrome,61,SuperFractor,1,78415,NONE,"No matching subset — create one or confirm these belong in ""Marvel 2025 Topps Chrome"""
Marvel 2025 Topps Chrome,Marvel 2025 Topps Chrome,61,Blue Red Web,1,78637,NONE,"No matching subset — create one or confirm these belong in ""Marvel 2025 Topps Chrome"""
Marvel 2025 Topps Chrome,Marvel 2025 Topps Chrome,61,Web,1,78641,NONE,"No matching subset — create one or confirm these belong in ""Marvel 2025 Topps Chrome"""
Marvel 2025 Topps Chrome,Marvel 2025 Topps Chrome,66,Web,1,78589,NONE,"No matching subset — create one or confirm these belong in ""Marvel 2025 Topps Chrome"""
Marvel 2025 Topps Chrome,Marvel 2025 Topps Chrome,66,Blue Red Web,1,78609,NONE,"No matching subset — create one or confirm these belong in ""Marvel 2025 Topps Chrome"""
Marvel 2025 Topps Chrome,Marvel 2025 Topps Chrome,69,Orange,1,78502,NONE,"No matching subset — create one or confirm these belong in ""Marvel 2025 Topps Chrome"""
Marvel 2025 Topps Chrome,Marvel 2025 Topps Chrome,69,Black,1,78572,NONE,"No matching subset — create one or confirm these belong in ""Marvel 2025 Topps Chrome"""
Marvel 2025 Topps Chrome,Marvel 2025 Topps Chrome,69,Rose Gold Mini Diamonds,1,78599,NONE,"No matching subset — create one or confirm these belong in ""Marvel 2025 Topps Chrome"""
Marvel 2025 Topps Chrome,Marvel 2025 Topps Chrome,73,Gold Wave,1,78503,NONE,"No matching subset — create one or confirm these belong in ""Marvel 2025 Topps Chrome"""
Marvel 2025 Topps Chrome,Marvel 2025 Topps Chrome,73,Red Clawed,1,78523,NONE,"No matching subset — create one or confirm these belong in ""Marvel 2025 Topps Chrome"""
Marvel 2025 Topps Chrome,Marvel 2025 Topps Chrome,73,Green Lazer,1,78557,NONE,"No matching subset — create one or confirm these belong in ""Marvel 2025 Topps Chrome"""
Marvel 2025 Topps Chrome,Marvel 2025 Topps Chrome,74,Refractor,1,78430,NONE,"No matching subset — create one or confirm these belong in ""Marvel 2025 Topps Chrome"""
Marvel 2025 Topps Chrome,Marvel 2025 Topps Chrome,74,Blue Red Web,1,78660,NONE,"No matching subset — create one or confirm these belong in ""Marvel 2025 Topps Chrome"""
Marvel 2025 Topps Chrome,Marvel 2025 Topps Chrome,74,Web,1,78663,NONE,"No matching subset — create one or confirm these belong in ""Marvel 2025 Topps Chrome"""
Marvel 2025 Topps Chrome,Marvel 2025 Topps Chrome,91,Red Clawed,1,78509,NONE,"No matching subset — create one or confirm these belong in ""Marvel 2025 Topps Chrome"""
Marvel 2025 Topps Chrome,Marvel 2025 Topps Chrome,91,Blue Red Web,1,78614,NONE,"No matching subset — create one or confirm these belong in ""Marvel 2025 Topps Chrome"""
Marvel 2025 Topps Chrome,Marvel 2025 Topps Chrome,91,Web,1,78618,NONE,"No matching subset — create one or confirm these belong in ""Marvel 2025 Topps Chrome"""
Marvel 2025 Topps Chrome,Marvel 2025 Topps Chrome,92,Web,1,78404,NONE,"No matching subset — create one or confirm these belong in ""Marvel 2025 Topps Chrome"""
Marvel 2025 Topps Chrome,Marvel 2025 Topps Chrome,92,Black Clawed,1,78456,NONE,"No matching subset — create one or confirm these belong in ""Marvel 2025 Topps Chrome"""
Marvel 2025 Topps Chrome,Marvel 2025 Topps Chrome,92,Red Clawed,1,78536,NONE,"No matching subset — create one or confirm these belong in ""Marvel 2025 Topps Chrome"""
Marvel 2025 Topps Chrome,Marvel 2025 Topps Chrome,95,SuperFractor,1,78376,NONE,"No matching subset — create one or confirm these belong in ""Marvel 2025 Topps Chrome"""
Marvel 2025 Topps Chrome,Marvel 2025 Topps Chrome,95,Blue Red Web,1,78655,NONE,"No matching subset — create one or confirm these belong in ""Marvel 2025 Topps Chrome"""
Marvel 2025 Topps Chrome,Marvel 2025 Topps Chrome,95,Web,1,78657,NONE,"No matching subset — create one or confirm these belong in ""Marvel 2025 Topps Chrome"""
Marvel 2025 Topps Chrome,Marvel 2025 Topps Chrome,97,Purple Shimmer,1,78488,NONE,"No matching subset — create one or confirm these belong in ""Marvel 2025 Topps Chrome"""
Marvel 2025 Topps Chrome,Marvel 2025 Topps Chrome,97,Human Torch,1,78515,NONE,"No matching subset — create one or confirm these belong in ""Marvel 2025 Topps Chrome"""
Marvel 2025 Topps Chrome,Marvel 2025 Topps Chrome,97,Red Wave,1,78602,NONE,"No matching subset — create one or confirm these belong in ""Marvel 2025 Topps Chrome"""
Marvel 2025 Topps Chrome,Marvel 2025 Topps Chrome,100,Blue Red Web,1,78705,NONE,"No matching subset — create one or confirm these belong in ""Marvel 2025 Topps Chrome"""
Marvel 2025 Topps Chrome,Marvel 2025 Topps Chrome,100,Web,1,78709,NONE,"No matching subset — create one or confirm these belong in ""Marvel 2025 Topps Chrome"""
Marvel 2025 Topps Chrome,Marvel 2025 Topps Chrome,104,Blue Red Web,1,78646,NONE,"No matching subset — create one or confirm these belong in ""Marvel 2025 Topps Chrome"""
Marvel 2025 Topps Chrome,Marvel 2025 Topps Chrome,104,Web,1,78649,NONE,"No matching subset — create one or confirm these belong in ""Marvel 2025 Topps Chrome"""
Marvel 2025 Topps Chrome,Marvel 2025 Topps Chrome,105,Rose Gold Mini Diamonds,1,78470,NONE,"No matching subset — create one or confirm these belong in ""Marvel 2025 Topps Chrome"""
Marvel 2025 Topps Chrome,Marvel 2025 Topps Chrome,105,Clawed,1,78561,NONE,"No matching subset — create one or confirm these belong in ""Marvel 2025 Topps Chrome"""
Marvel 2025 Topps Chrome,Marvel 2025 Topps Chrome,106,Orange,1,78553,NONE,"No matching subset — create one or confirm these belong in ""Marvel 2025 Topps Chrome"""
Marvel 2025 Topps Chrome,Marvel 2025 Topps Chrome,106,Purple Shimmer,1,78600,NONE,"No matching subset — create one or confirm these belong in ""Marvel 2025 Topps Chrome"""
Marvel 2025 Topps Chrome,Marvel 2025 Topps Chrome,115,Blue Red Web,1,78574,NONE,"No matching subset — create one or confirm these belong in ""Marvel 2025 Topps Chrome"""
Marvel 2025 Topps Chrome,Marvel 2025 Topps Chrome,115,Web,1,78579,NONE,"No matching subset — create one or confirm these belong in ""Marvel 2025 Topps Chrome"""
Marvel 2025 Topps Chrome,Marvel 2025 Topps Chrome,119,Blue Red Web,1,78669,NONE,"No matching subset — create one or confirm these belong in ""Marvel 2025 Topps Chrome"""
Marvel 2025 Topps Chrome,Marvel 2025 Topps Chrome,119,Web,1,78680,NONE,"No matching subset — create one or confirm these belong in ""Marvel 2025 Topps Chrome"""
Marvel 2025 Topps Chrome,Marvel 2025 Topps Chrome,12,Blue Red Web,1,78578,NONE,"No matching subset — create one or confirm these belong in ""Marvel 2025 Topps Chrome"""
Marvel 2025 Topps Chrome,Marvel 2025 Topps Chrome,12,Web,1,78582,NONE,"No matching subset — create one or confirm these belong in ""Marvel 2025 Topps Chrome"""
Marvel 2025 Topps Chrome,Marvel 2025 Topps Chrome,120,Orange,1,78510,NONE,"No matching subset — create one or confirm these belong in ""Marvel 2025 Topps Chrome"""
Marvel 2025 Topps Chrome,Marvel 2025 Topps Chrome,120,Black Clawed,1,78546,NONE,"No matching subset — create one or confirm these belong in ""Marvel 2025 Topps Chrome"""
Marvel 2025 Topps Chrome,Marvel 2025 Topps Chrome,121,Blue Red Web,1,78583,NONE,"No matching subset — create one or confirm these belong in ""Marvel 2025 Topps Chrome"""
Marvel 2025 Topps Chrome,Marvel 2025 Topps Chrome,121,Web,1,78584,NONE,"No matching subset — create one or confirm these belong in ""Marvel 2025 Topps Chrome"""
Marvel 2025 Topps Chrome,Marvel 2025 Topps Chrome,133,Red Gold Lazer,1,78405,NONE,"No matching subset — create one or confirm these belong in ""Marvel 2025 Topps Chrome"""
Marvel 2025 Topps Chrome,Marvel 2025 Topps Chrome,133,Red Wave,1,78539,NONE,"No matching subset — create one or confirm these belong in ""Marvel 2025 Topps Chrome"""
Marvel 2025 Topps Chrome,Marvel 2025 Topps Chrome,136,Red Shimmer,1,78506,NONE,"No matching subset — create one or confirm these belong in ""Marvel 2025 Topps Chrome"""
Marvel 2025 Topps Chrome,Marvel 2025 Topps Chrome,136,Black Clawed,1,78525,NONE,"No matching subset — create one or confirm these belong in ""Marvel 2025 Topps Chrome"""
Marvel 2025 Topps Chrome,Marvel 2025 Topps Chrome,138,Blue Red Web,1,78676,NONE,"No matching subset — create one or confirm these belong in ""Marvel 2025 Topps Chrome"""
Marvel 2025 Topps Chrome,Marvel 2025 Topps Chrome,138,Web,1,78679,NONE,"No matching subset — create one or confirm these belong in ""Marvel 2025 Topps Chrome"""
Marvel 2025 Topps Chrome,Marvel 2025 Topps Chrome,139,Blue Red Web,1,78684,NONE,"No matching subset — create one or confirm these belong in ""Marvel 2025 Topps Chrome"""
Marvel 2025 Topps Chrome,Marvel 2025 Topps Chrome,139,Web,1,78688,NONE,"No matching subset — create one or confirm these belong in ""Marvel 2025 Topps Chrome"""
Marvel 2025 Topps Chrome,Marvel 2025 Topps Chrome,146,SuperFractor,1,78379,NONE,"No matching subset — create one or confirm these belong in ""Marvel 2025 Topps Chrome"""
Marvel 2025 Topps Chrome,Marvel 2025 Topps Chrome,146,Red Clawed,1,78568,NONE,"No matching subset — create one or confirm these belong in ""Marvel 2025 Topps Chrome"""
Marvel 2025 Topps Chrome,Marvel 2025 Topps Chrome,148,Red Shimmer,1,78388,NONE,"No matching subset — create one or confirm these belong in ""Marvel 2025 Topps Chrome"""
Marvel 2025 Topps Chrome,Marvel 2025 Topps Chrome,148,Red Wave,1,78426,NONE,"No matching subset — create one or confirm these belong in ""Marvel 2025 Topps Chrome"""
Marvel 2025 Topps Chrome,Marvel 2025 Topps Chrome,161,Orange,1,78529,NONE,"No matching subset — create one or confirm these belong in ""Marvel 2025 Topps Chrome"""
Marvel 2025 Topps Chrome,Marvel 2025 Topps Chrome,161,SuperFractor,1,78542,NONE,"No matching subset — create one or confirm these belong in ""Marvel 2025 Topps Chrome"""
Marvel 2025 Topps Chrome,Marvel 2025 Topps Chrome,162,Green Lazer,1,78469,NONE,"No matching subset — create one or confirm these belong in ""Marvel 2025 Topps Chrome"""
Marvel 2025 Topps Chrome,Marvel 2025 Topps Chrome,162,Rose Gold Mini Diamonds,1,78597,NONE,"No matching subset — create one or confirm these belong in ""Marvel 2025 Topps Chrome"""
Marvel 2025 Topps Chrome,Marvel 2025 Topps Chrome,167,Blue Red Web,1,78577,NONE,"No matching subset — create one or confirm these belong in ""Marvel 2025 Topps Chrome"""
Marvel 2025 Topps Chrome,Marvel 2025 Topps Chrome,167,Web,1,78581,NONE,"No matching subset — create one or confirm these belong in ""Marvel 2025 Topps Chrome"""
Marvel 2025 Topps Chrome,Marvel 2025 Topps Chrome,17,Orange Lava,1,78522,NONE,"No matching subset — create one or confirm these belong in ""Marvel 2025 Topps Chrome"""
Marvel 2025 Topps Chrome,Marvel 2025 Topps Chrome,17,Web,1,78659,NONE,"No matching subset — create one or confirm these belong in ""Marvel 2025 Topps Chrome"""
Marvel 2025 Topps Chrome,Marvel 2025 Topps Chrome,171,Green Lazer,1,78554,NONE,"No matching subset — create one or confirm these belong in ""Marvel 2025 Topps Chrome"""
Marvel 2025 Topps Chrome,Marvel 2025 Topps Chrome,173,SuperFractor,1,78384,NONE,"No matching subset — create one or confirm these belong in ""Marvel 2025 Topps Chrome"""
Marvel 2025 Topps Chrome,Marvel 2025 Topps Chrome,173,Red Wave,1,78433,NONE,"No matching subset — create one or confirm these belong in ""Marvel 2025 Topps Chrome"""
Marvel 2025 Topps Chrome,Marvel 2025 Topps Chrome,183,SuperFractor Clawed,1,78436,NONE,"No matching subset — create one or confirm these belong in ""Marvel 2025 Topps Chrome"""
Marvel 2025 Topps Chrome,Marvel 2025 Topps Chrome,183,Gold Wave,1,78544,NONE,"No matching subset — create one or confirm these belong in ""Marvel 2025 Topps Chrome"""
Marvel 2025 Topps Chrome,Marvel 2025 Topps Chrome,187,Blue Red Web,1,78675,NONE,"No matching subset — create one or confirm these belong in ""Marvel 2025 Topps Chrome"""
Marvel 2025 Topps Chrome,Marvel 2025 Topps Chrome,187,Web,1,78678,NONE,"No matching subset — create one or confirm these belong in ""Marvel 2025 Topps Chrome"""
Marvel 2025 Topps Chrome,Marvel 2025 Topps Chrome,189,Gold Wave,1,78604,NONE,"No matching subset — create one or confirm these belong in ""Marvel 2025 Topps Chrome"""
Marvel 2025 Topps Chrome,Marvel 2025 Topps Chrome,189,Web,1,78619,NONE,"No matching subset — create one or confirm these belong in ""Marvel 2025 Topps Chrome"""
Marvel 2025 Topps Chrome,Marvel 2025 Topps Chrome,190,Black Clawed,1,78504,NONE,"No matching subset — create one or confirm these belong in ""Marvel 2025 Topps Chrome"""
Marvel 2025 Topps Chrome,Marvel 2025 Topps Chrome,190,Human Torch,1,78566,NONE,"No matching subset — create one or confirm these belong in ""Marvel 2025 Topps Chrome"""
Marvel 2025 Topps Chrome,Marvel 2025 Topps Chrome,193,Blue Red Web,1,78576,NONE,"No matching subset — create one or confirm these belong in ""Marvel 2025 Topps Chrome"""
Marvel 2025 Topps Chrome,Marvel 2025 Topps Chrome,27,Blue Red Web,1,78605,NONE,"No matching subset — create one or confirm these belong in ""Marvel 2025 Topps Chrome"""
Marvel 2025 Topps Chrome,Marvel 2025 Topps Chrome,27,Web,1,78606,NONE,"No matching subset — create one or confirm these belong in ""Marvel 2025 Topps Chrome"""
Marvel 2025 Topps Chrome,Marvel 2025 Topps Chrome,28,Blue Red Web,1,78665,NONE,"No matching subset — create one or confirm these belong in ""Marvel 2025 Topps Chrome"""
Marvel 2025 Topps Chrome,Marvel 2025 Topps Chrome,28,Web,1,78670,NONE,"No matching subset — create one or confirm these belong in ""Marvel 2025 Topps Chrome"""
Marvel 2025 Topps Chrome,Marvel 2025 Topps Chrome,29,Black,1,78427,NONE,"No matching subset — create one or confirm these belong in ""Marvel 2025 Topps Chrome"""
Marvel 2025 Topps Chrome,Marvel 2025 Topps Chrome,29,Human Torch,1,78527,NONE,"No matching subset — create one or confirm these belong in ""Marvel 2025 Topps Chrome"""
Marvel 2025 Topps Chrome,Marvel 2025 Topps Chrome,33,Gold Wave,1,78493,NONE,"No matching subset — create one or confirm these belong in ""Marvel 2025 Topps Chrome"""
Marvel 2025 Topps Chrome,Marvel 2025 Topps Chrome,33,Web,1,78617,NONE,"No matching subset — create one or confirm these belong in ""Marvel 2025 Topps Chrome"""
Marvel 2025 Topps Chrome,Marvel 2025 Topps Chrome,36,Blue Green Shimmer,1,78496,NONE,"No matching subset — create one or confirm these belong in ""Marvel 2025 Topps Chrome"""
Marvel 2025 Topps Chrome,Marvel 2025 Topps Chrome,36,Rose Gold Mini Diamonds,1,78590,NONE,"No matching subset — create one or confirm these belong in ""Marvel 2025 Topps Chrome"""
Marvel 2025 Topps Chrome,Marvel 2025 Topps Chrome,39,Blue Red Web,1,78586,NONE,"No matching subset — create one or confirm these belong in ""Marvel 2025 Topps Chrome"""
Marvel 2025 Topps Chrome,Marvel 2025 Topps Chrome,39,Web,1,78588,NONE,"No matching subset — create one or confirm these belong in ""Marvel 2025 Topps Chrome"""
Marvel 2025 Topps Chrome,Marvel 2025 Topps Chrome,44,Red Wave,1,78467,NONE,"No matching subset — create one or confirm these belong in ""Marvel 2025 Topps Chrome"""
Marvel 2025 Topps Chrome,Marvel 2025 Topps Chrome,44,Web,1,78647,NONE,"No matching subset — create one or confirm these belong in ""Marvel 2025 Topps Chrome"""
Marvel 2025 Topps Chrome,Marvel 2025 Topps Chrome,46,Blue Red Web,1,78667,NONE,"No matching subset — create one or confirm these belong in ""Marvel 2025 Topps Chrome"""
Marvel 2025 Topps Chrome,Marvel 2025 Topps Chrome,46,Web,1,78672,NONE,"No matching subset — create one or confirm these belong in ""Marvel 2025 Topps Chrome"""
Marvel 2025 Topps Chrome,Marvel 2025 Topps Chrome,5,Blue Red Web,1,78683,NONE,"No matching subset — create one or confirm these belong in ""Marvel 2025 Topps Chrome"""
Marvel 2025 Topps Chrome,Marvel 2025 Topps Chrome,5,Web,1,78687,NONE,"No matching subset — create one or confirm these belong in ""Marvel 2025 Topps Chrome"""
Marvel 2025 Topps Chrome,Marvel 2025 Topps Chrome,64,Red Clawed,1,78532,NONE,"No matching subset — create one or confirm these belong in ""Marvel 2025 Topps Chrome"""
Marvel 2025 Topps Chrome,Marvel 2025 Topps Chrome,75,Black,1,78486,NONE,"No matching subset — create one or confirm these belong in ""Marvel 2025 Topps Chrome"""
Marvel 2025 Topps Chrome,Marvel 2025 Topps Chrome,75,Orange,1,78571,NONE,"No matching subset — create one or confirm these belong in ""Marvel 2025 Topps Chrome"""
Marvel 2025 Topps Chrome,Marvel 2025 Topps Chrome,77,Rose Gold Mini Diamonds,1,78548,NONE,"No matching subset — create one or confirm these belong in ""Marvel 2025 Topps Chrome"""
Marvel 2025 Topps Chrome,Marvel 2025 Topps Chrome,77,Web,1,78626,NONE,"No matching subset — create one or confirm these belong in ""Marvel 2025 Topps Chrome"""
Marvel 2025 Topps Chrome,Marvel 2025 Topps Chrome,87,Black Clawed,1,78569,NONE,"No matching subset — create one or confirm these belong in ""Marvel 2025 Topps Chrome"""
Marvel 2025 Topps Chrome,Marvel 2025 Topps Chrome,87,Web,1,78674,NONE,"No matching subset — create one or confirm these belong in ""Marvel 2025 Topps Chrome"""
Marvel 2025 Topps Chrome,Marvel 2025 Topps Chrome,96,Blue Red Web,1,78630,NONE,"No matching subset — create one or confirm these belong in ""Marvel 2025 Topps Chrome"""
Marvel 2025 Topps Chrome,Marvel 2025 Topps Chrome,96,Web,1,78633,NONE,"No matching subset — create one or confirm these belong in ""Marvel 2025 Topps Chrome"""
Marvel 2025 Topps Chrome,Marvel 2025 Topps Chrome,98,Black,1,78499,NONE,"No matching subset — create one or confirm these belong in ""Marvel 2025 Topps Chrome"""
Marvel 2025 Topps Chrome,Marvel 2025 Topps Chrome,98,SuperFractor Clawed,1,78567,NONE,"No matching subset — create one or confirm these belong in ""Marvel 2025 Topps Chrome"""
Marvel 2025 Topps Chrome,Marvel 2025 Topps Chrome,99,SuperFractor,1,78370,NONE,"No matching subset — create one or confirm these belong in ""Marvel 2025 Topps Chrome"""
Marvel 2025 Topps Chrome,Marvel 2025 Topps Chrome,99,Black,1,78495,NONE,"No matching subset — create one or confirm these belong in ""Marvel 2025 Topps Chrome"""
Marvel 2025 Topps Chrome,Marvel 2025 Topps Chrome Avengers Infinity Die-Cut,1,SuperFractor,1,79052,NONE,"No matching subset — create one or confirm these belong in ""Marvel 2025 Topps Chrome Avengers Infinity Die-Cut"""
Marvel 2025 Topps Chrome,Marvel 2025 Topps Chrome Avengers Infinity Die-Cut,1,Mini-Diamonds Refractor,1,79053,NONE,"No matching subset — create one or confirm these belong in ""Marvel 2025 Topps Chrome Avengers Infinity Die-Cut"""
Marvel 2025 Topps Chrome,Marvel 2025 Topps Chrome Avengers Infinity Die-Cut,1,Red Wave Refractor,1,79054,NONE,"No matching subset — create one or confirm these belong in ""Marvel 2025 Topps Chrome Avengers Infinity Die-Cut"""
Marvel 2025 Topps Chrome,Marvel 2025 Topps Chrome Avengers Infinity Die-Cut,1,Black Refractor,1,79056,NONE,"No matching subset — create one or confirm these belong in ""Marvel 2025 Topps Chrome Avengers Infinity Die-Cut"""
Marvel 2025 Topps Chrome,Marvel 2025 Topps Chrome Avengers Infinity Die-Cut,2,Mini-Diamonds Refractor,1,79046,NONE,"No matching subset — create one or confirm these belong in ""Marvel 2025 Topps Chrome Avengers Infinity Die-Cut"""
Marvel 2025 Topps Chrome,Marvel 2025 Topps Chrome Avengers Infinity Die-Cut,2,Black Refractor,1,79048,NONE,"No matching subset — create one or confirm these belong in ""Marvel 2025 Topps Chrome Avengers Infinity Die-Cut"""
Marvel 2025 Topps Chrome,Marvel 2025 Topps Chrome Avengers Infinity Die-Cut,2,Red Wave Refractor,1,79055,NONE,"No matching subset — create one or confirm these belong in ""Marvel 2025 Topps Chrome Avengers Infinity Die-Cut"""
Marvel 2025 Topps Chrome,Marvel 2025 Topps Chrome Avengers Infinity Die-Cut,2,SuperFractor,1,79068,NONE,"No matching subset — create one or confirm these belong in ""Marvel 2025 Topps Chrome Avengers Infinity Die-Cut"""
Marvel 2025 Topps Chrome,Marvel 2025 Topps Chrome Avengers Infinity Die-Cut,3,SuperFractor,1,79064,NONE,"No matching subset — create one or confirm these belong in ""Marvel 2025 Topps Chrome Avengers Infinity Die-Cut"""
Marvel 2025 Topps Chrome,Marvel 2025 Topps Chrome Avengers Infinity Die-Cut,3,Mini-Diamonds Refractor,1,79065,NONE,"No matching subset — create one or confirm these belong in ""Marvel 2025 Topps Chrome Avengers Infinity Die-Cut"""
Marvel 2025 Topps Chrome,Marvel 2025 Topps Chrome Avengers Infinity Die-Cut,3,Red Wave Refractor,1,79067,NONE,"No matching subset — create one or confirm these belong in ""Marvel 2025 Topps Chrome Avengers Infinity Die-Cut"""
Marvel 2025 Topps Chrome,Marvel 2025 Topps Chrome Avengers Infinity Die-Cut,3,Black Refractor,1,79069,NONE,"No matching subset — create one or confirm these belong in ""Marvel 2025 Topps Chrome Avengers Infinity Die-Cut"""
Marvel 2025 Topps Chrome,Marvel 2025 Topps Chrome Avengers Infinity Die-Cut,4,SuperFractor,1,79057,NONE,"No matching subset — create one or confirm these belong in ""Marvel 2025 Topps Chrome Avengers Infinity Die-Cut"""
Marvel 2025 Topps Chrome,Marvel 2025 Topps Chrome Avengers Infinity Die-Cut,4,Red Wave Refractor,1,79059,NONE,"No matching subset — create one or confirm these belong in ""Marvel 2025 Topps Chrome Avengers Infinity Die-Cut"""
Marvel 2025 Topps Chrome,Marvel 2025 Topps Chrome Avengers Infinity Die-Cut,4,Mini-Diamonds Refractor,1,79066,NONE,"No matching subset — create one or confirm these belong in ""Marvel 2025 Topps Chrome Avengers Infinity Die-Cut"""
Marvel 2025 Topps Chrome,Marvel 2025 Topps Chrome Avengers Infinity Die-Cut,4,Black Refractor,1,79070,NONE,"No matching subset — create one or confirm these belong in ""Marvel 2025 Topps Chrome Avengers Infinity Die-Cut"""
Marvel 2025 Topps Chrome,Marvel 2025 Topps Chrome Avengers Infinity Die-Cut,5,SuperFractor,1,79060,NONE,"No matching subset — create one or confirm these belong in ""Marvel 2025 Topps Chrome Avengers Infinity Die-Cut"""
Marvel 2025 Topps Chrome,Marvel 2025 Topps Chrome Avengers Infinity Die-Cut,5,Mini-Diamonds Refractor,1,79061,NONE,"No matching subset — create one or confirm these belong in ""Marvel 2025 Topps Chrome Avengers Infinity Die-Cut"""
Marvel 2025 Topps Chrome,Marvel 2025 Topps Chrome Avengers Infinity Die-Cut,5,Red Wave Refractor,1,79062,NONE,"No matching subset — create one or confirm these belong in ""Marvel 2025 Topps Chrome Avengers Infinity Die-Cut"""
Marvel 2025 Topps Chrome,Marvel 2025 Topps Chrome Avengers Infinity Die-Cut,5,Black Refractor,1,79063,NONE,"No matching subset — create one or confirm these belong in ""Marvel 2025 Topps Chrome Avengers Infinity Die-Cut"""
Marvel 2025 Topps Chrome,Marvel 2025 Topps Chrome Avengers Infinity Die-Cut,6,Mini-Diamonds Refractor,1,79058,NONE,"No matching subset — create one or confirm these belong in ""Marvel 2025 Topps Chrome Avengers Infinity Die-Cut"""
Marvel 2025 Topps Chrome,Marvel 2025 Topps Chrome Avengers Infinity Die-Cut,6,SuperFractor,1,79071,NONE,"No matching subset — create one or confirm these belong in ""Marvel 2025 Topps Chrome Avengers Infinity Die-Cut"""
Marvel 2025 Topps Chrome,Marvel 2025 Topps Chrome Avengers Infinity Die-Cut,6,Red Wave Refractor,1,79072,NONE,"No matching subset — create one or confirm these belong in ""Marvel 2025 Topps Chrome Avengers Infinity Die-Cut"""
Marvel 2025 Topps Chrome,Marvel 2025 Topps Chrome Avengers Infinity Die-Cut,6,Black Refractor,1,79073,NONE,"No matching subset — create one or confirm these belong in ""Marvel 2025 Topps Chrome Avengers Infinity Die-Cut"""
marvel 2025 topps finest x men '97,marvel 2025 topps finest x men '97,81,Refractor,1,81445,NONE,"No matching subset — create one or confirm these belong in ""marvel 2025 topps finest x men '97"""
marvel 2025 topps finest x men '97,marvel 2025 topps finest x men '97,81,X-Fractor,1,81485,NONE,"No matching subset — create one or confirm these belong in ""marvel 2025 topps finest x men '97"""
marvel 2025 topps finest x men '97,marvel 2025 topps finest x men '97,81,Orange Refractor,1,81502,NONE,"No matching subset — create one or confirm these belong in ""marvel 2025 topps finest x men '97"""
marvel 2025 topps finest x men '97,marvel 2025 topps finest x men '97,81,Gold Refractor,1,81515,NONE,"No matching subset — create one or confirm these belong in ""marvel 2025 topps finest x men '97"""
marvel 2025 topps finest x men '97,marvel 2025 topps finest x men '97,81,Laser Refractor,1,81534,NONE,"No matching subset — create one or confirm these belong in ""marvel 2025 topps finest x men '97"""
marvel 2025 topps finest x men '97,marvel 2025 topps finest x men '97,81,Red Refractor,1,81542,NONE,"No matching subset — create one or confirm these belong in ""marvel 2025 topps finest x men '97"""
marvel 2025 topps finest x men '97,marvel 2025 topps finest x men '97,51,Laser Refractor,1,81396,NONE,"No matching subset — create one or confirm these belong in ""marvel 2025 topps finest x men '97"""
marvel 2025 topps finest x men '97,marvel 2025 topps finest x men '97,51,X-Fractor,1,81399,NONE,"No matching subset — create one or confirm these belong in ""marvel 2025 topps finest x men '97"""
marvel 2025 topps finest x men '97,marvel 2025 topps finest x men '97,51,Refractor,1,81419,NONE,"No matching subset — create one or confirm these belong in ""marvel 2025 topps finest x men '97"""
marvel 2025 topps finest x men '97,marvel 2025 topps finest x men '97,51,Gold Refractor,1,81550,NONE,"No matching subset — create one or confirm these belong in ""marvel 2025 topps finest x men '97"""
marvel 2025 topps finest x men '97,marvel 2025 topps finest x men '97,51,Red Refractor,1,81554,NONE,"No matching subset — create one or confirm these belong in ""marvel 2025 topps finest x men '97"""
marvel 2025 topps finest x men '97,marvel 2025 topps finest x men '97,57,Laser Refractor,1,81444,NONE,"No matching subset — create one or confirm these belong in ""marvel 2025 topps finest x men '97"""
marvel 2025 topps finest x men '97,marvel 2025 topps finest x men '97,57,X-Fractor,1,81468,NONE,"No matching subset — create one or confirm these belong in ""marvel 2025 topps finest x men '97"""
marvel 2025 topps finest x men '97,marvel 2025 topps finest x men '97,57,Gold Refractor,1,81490,NONE,"No matching subset — create one or confirm these belong in ""marvel 2025 topps finest x men '97"""
marvel 2025 topps finest x men '97,marvel 2025 topps finest x men '97,57,Red Refractor,1,81522,NONE,"No matching subset — create one or confirm these belong in ""marvel 2025 topps finest x men '97"""
marvel 2025 topps finest x men '97,marvel 2025 topps finest x men '97,57,Orange Refractor,1,81532,NONE,"No matching subset — create one or confirm these belong in ""marvel 2025 topps finest x men '97"""
marvel 2025 topps finest x men '97,marvel 2025 topps finest x men '97,79,Laser Refractor,1,81426,NONE,"No matching subset — create one or confirm these belong in ""marvel 2025 topps finest x men '97"""
marvel 2025 topps finest x men '97,marvel 2025 topps finest x men '97,79,Refractor,1,81456,NONE,"No matching subset — create one or confirm these belong in ""marvel 2025 topps finest x men '97"""
marvel 2025 topps finest x men '97,marvel 2025 topps finest x men '97,79,Orange Refractor,1,81510,NONE,"No matching subset — create one or confirm these belong in ""marvel 2025 topps finest x men '97"""
marvel 2025 topps finest x men '97,marvel 2025 topps finest x men '97,79,Red Refractor,1,81526,NONE,"No matching subset — create one or confirm these belong in ""marvel 2025 topps finest x men '97"""
marvel 2025 topps finest x men '97,marvel 2025 topps finest x men '97,79,Gold Refractor,1,81551,NONE,"No matching subset — create one or confirm these belong in ""marvel 2025 topps finest x men '97"""
marvel 2025 topps finest x men '97,marvel 2025 topps finest x men '97,80,X-Fractor,1,81412,NONE,"No matching subset — create one or confirm these belong in ""marvel 2025 topps finest x men '97"""
marvel 2025 topps finest x men '97,marvel 2025 topps finest x men '97,80,Refractor,1,81413,NONE,"No matching subset — create one or confirm these belong in ""marvel 2025 topps finest x men '97"""
marvel 2025 topps finest x men '97,marvel 2025 topps finest x men '97,80,Gold Refractor,1,81420,NONE,"No matching subset — create one or confirm these belong in ""marvel 2025 topps finest x men '97"""
marvel 2025 topps finest x men '97,marvel 2025 topps finest x men '97,80,Laser Refractor,1,81466,NONE,"No matching subset — create one or confirm these belong in ""marvel 2025 topps finest x men '97"""
marvel 2025 topps finest x men '97,marvel 2025 topps finest x men '97,80,Orange Refractor,1,81504,NONE,"No matching subset — create one or confirm these belong in ""marvel 2025 topps finest x men '97"""
marvel 2025 topps finest x men '97,marvel 2025 topps finest x men '97,28,Gold Refractor,1,81464,NONE,"No matching subset — create one or confirm these belong in ""marvel 2025 topps finest x men '97"""
marvel 2025 topps finest x men '97,marvel 2025 topps finest x men '97,28,Laser Refractor,1,81483,NONE,"No matching subset — create one or confirm these belong in ""marvel 2025 topps finest x men '97"""
marvel 2025 topps finest x men '97,marvel 2025 topps finest x men '97,28,Refractor,1,81581,NONE,"No matching subset — create one or confirm these belong in ""marvel 2025 topps finest x men '97"""
marvel 2025 topps finest x men '97,marvel 2025 topps finest x men '97,28,Orange Refractor,1,81589,NONE,"No matching subset — create one or confirm these belong in ""marvel 2025 topps finest x men '97"""
marvel 2025 topps finest x men '97,marvel 2025 topps finest x men '97,32,Refractor,1,81410,NONE,"No matching subset — create one or confirm these belong in ""marvel 2025 topps finest x men '97"""
marvel 2025 topps finest x men '97,marvel 2025 topps finest x men '97,32,X-Fractor,1,81487,NONE,"No matching subset — create one or confirm these belong in ""marvel 2025 topps finest x men '97"""
marvel 2025 topps finest x men '97,marvel 2025 topps finest x men '97,32,Orange Refractor,1,81518,NONE,"No matching subset — create one or confirm these belong in ""marvel 2025 topps finest x men '97"""
marvel 2025 topps finest x men '97,marvel 2025 topps finest x men '97,32,Laser Refractor,1,81527,NONE,"No matching subset — create one or confirm these belong in ""marvel 2025 topps finest x men '97"""
marvel 2025 topps finest x men '97,marvel 2025 topps finest x men '97,52,Laser Refractor,1,81414,NONE,"No matching subset — create one or confirm these belong in ""marvel 2025 topps finest x men '97"""
marvel 2025 topps finest x men '97,marvel 2025 topps finest x men '97,52,X-Fractor,1,81465,NONE,"No matching subset — create one or confirm these belong in ""marvel 2025 topps finest x men '97"""
marvel 2025 topps finest x men '97,marvel 2025 topps finest x men '97,52,Refractor,1,81467,NONE,"No matching subset — create one or confirm these belong in ""marvel 2025 topps finest x men '97"""
marvel 2025 topps finest x men '97,marvel 2025 topps finest x men '97,52,Gold Refractor,1,81511,NONE,"No matching subset — create one or confirm these belong in ""marvel 2025 topps finest x men '97"""
marvel 2025 topps finest x men '97,marvel 2025 topps finest x men '97,61,Gold Refractor,1,81418,NONE,"No matching subset — create one or confirm these belong in ""marvel 2025 topps finest x men '97"""
marvel 2025 topps finest x men '97,marvel 2025 topps finest x men '97,61,Laser Refractor,1,81430,NONE,"No matching subset — create one or confirm these belong in ""marvel 2025 topps finest x men '97"""
marvel 2025 topps finest x men '97,marvel 2025 topps finest x men '97,61,X-Fractor,1,81520,NONE,"No matching subset — create one or confirm these belong in ""marvel 2025 topps finest x men '97"""
marvel 2025 topps finest x men '97,marvel 2025 topps finest x men '97,61,Refractor,1,81586,NONE,"No matching subset — create one or confirm these belong in ""marvel 2025 topps finest x men '97"""
marvel 2025 topps finest x men '97,marvel 2025 topps finest x men '97,70,Gold Refractor,1,81404,NONE,"No matching subset — create one or confirm these belong in ""marvel 2025 topps finest x men '97"""
marvel 2025 topps finest x men '97,marvel 2025 topps finest x men '97,70,Laser Refractor,1,81472,NONE,"No matching subset — create one or confirm these belong in ""marvel 2025 topps finest x men '97"""
marvel 2025 topps finest x men '97,marvel 2025 topps finest x men '97,70,SuperFractor,1,81548,NONE,"No matching subset — create one or confirm these belong in ""marvel 2025 topps finest x men '97"""
marvel 2025 topps finest x men '97,marvel 2025 topps finest x men '97,70,Refractor,1,81597,NONE,"No matching subset — create one or confirm these belong in ""marvel 2025 topps finest x men '97"""
marvel 2025 topps finest x men '97,marvel 2025 topps finest x men '97,76,Red Refractor,1,81392,NONE,"No matching subset — create one or confirm these belong in ""marvel 2025 topps finest x men '97"""
marvel 2025 topps finest x men '97,marvel 2025 topps finest x men '97,76,X-Fractor,1,81405,NONE,"No matching subset — create one or confirm these belong in ""marvel 2025 topps finest x men '97"""
marvel 2025 topps finest x men '97,marvel 2025 topps finest x men '97,76,Refractor,1,81459,NONE,"No matching subset — create one or confirm these belong in ""marvel 2025 topps finest x men '97"""
marvel 2025 topps finest x men '97,marvel 2025 topps finest x men '97,76,Orange Refractor,1,81587,NONE,"No matching subset — create one or confirm these belong in ""marvel 2025 topps finest x men '97"""
marvel 2025 topps finest x men '97,marvel 2025 topps finest x men '97,82,X-Fractor,1,81433,NONE,"No matching subset — create one or confirm these belong in ""marvel 2025 topps finest x men '97"""
marvel 2025 topps finest x men '97,marvel 2025 topps finest x men '97,82,Laser Refractor,1,81495,NONE,"No matching subset — create one or confirm these belong in ""marvel 2025 topps finest x men '97"""
marvel 2025 topps finest x men '97,marvel 2025 topps finest x men '97,82,Orange Refractor,1,81499,NONE,"No matching subset — create one or confirm these belong in ""marvel 2025 topps finest x men '97"""
marvel 2025 topps finest x men '97,marvel 2025 topps finest x men '97,82,Gold Refractor,1,81529,NONE,"No matching subset — create one or confirm these belong in ""marvel 2025 topps finest x men '97"""
marvel 2025 topps finest x men '97,marvel 2025 topps finest x men '97,84,Gold Refractor,1,81524,NONE,"No matching subset — create one or confirm these belong in ""marvel 2025 topps finest x men '97"""
marvel 2025 topps finest x men '97,marvel 2025 topps finest x men '97,84,Orange Refractor,1,81546,NONE,"No matching subset — create one or confirm these belong in ""marvel 2025 topps finest x men '97"""
marvel 2025 topps finest x men '97,marvel 2025 topps finest x men '97,84,X-Fractor,1,81556,NONE,"No matching subset — create one or confirm these belong in ""marvel 2025 topps finest x men '97"""
marvel 2025 topps finest x men '97,marvel 2025 topps finest x men '97,84,Laser Refractor,1,81592,NONE,"No matching subset — create one or confirm these belong in ""marvel 2025 topps finest x men '97"""
marvel 2025 topps finest x men '97,marvel 2025 topps finest x men '97,85,Refractor,1,81432,NONE,"No matching subset — create one or confirm these belong in ""marvel 2025 topps finest x men '97"""
marvel 2025 topps finest x men '97,marvel 2025 topps finest x men '97,85,Gold Refractor,1,81449,NONE,"No matching subset — create one or confirm these belong in ""marvel 2025 topps finest x men '97"""
marvel 2025 topps finest x men '97,marvel 2025 topps finest x men '97,85,Laser Refractor,1,81477,NONE,"No matching subset — create one or confirm these belong in ""marvel 2025 topps finest x men '97"""
marvel 2025 topps finest x men '97,marvel 2025 topps finest x men '97,85,Orange Refractor,1,81492,NONE,"No matching subset — create one or confirm these belong in ""marvel 2025 topps finest x men '97"""
marvel 2025 topps finest x men '97,marvel 2025 topps finest x men '97,12,Laser Refractor,1,81441,NONE,"No matching subset — create one or confirm these belong in ""marvel 2025 topps finest x men '97"""
marvel 2025 topps finest x men '97,marvel 2025 topps finest x men '97,12,X-Fractor,1,81544,NONE,"No matching subset — create one or confirm these belong in ""marvel 2025 topps finest x men '97"""
marvel 2025 topps finest x men '97,marvel 2025 topps finest x men '97,12,Refractor,1,81580,NONE,"No matching subset — create one or confirm these belong in ""marvel 2025 topps finest x men '97"""
marvel 2025 topps finest x men '97,marvel 2025 topps finest x men '97,2,X-Fractor,1,81416,NONE,"No matching subset — create one or confirm these belong in ""marvel 2025 topps finest x men '97"""
marvel 2025 topps finest x men '97,marvel 2025 topps finest x men '97,2,Laser Refractor,1,81417,NONE,"No matching subset — create one or confirm these belong in ""marvel 2025 topps finest x men '97"""
marvel 2025 topps finest x men '97,marvel 2025 topps finest x men '97,2,Refractor,1,81450,NONE,"No matching subset — create one or confirm these belong in ""marvel 2025 topps finest x men '97"""
marvel 2025 topps finest x men '97,marvel 2025 topps finest x men '97,22,Gold Refractor,1,81407,NONE,"No matching subset — create one or confirm these belong in ""marvel 2025 topps finest x men '97"""
marvel 2025 topps finest x men '97,marvel 2025 topps finest x men '97,22,Orange Refractor,1,81480,NONE,"No matching subset — create one or confirm these belong in ""marvel 2025 topps finest x men '97"""
marvel 2025 topps finest x men '97,marvel 2025 topps finest x men '97,22,Refractor,1,81578,NONE,"No matching subset — create one or confirm these belong in ""marvel 2025 topps finest x men '97"""
marvel 2025 topps finest x men '97,marvel 2025 topps finest x men '97,30,Laser Refractor,1,81474,NONE,"No matching subset — create one or confirm these belong in ""marvel 2025 topps finest x men '97"""
marvel 2025 topps finest x men '97,marvel 2025 topps finest x men '97,30,Orange Refractor,1,81482,NONE,"No matching subset — create one or confirm these belong in ""marvel 2025 topps finest x men '97"""
marvel 2025 topps finest x men '97,marvel 2025 topps finest x men '97,30,Refractor,1,81584,NONE,"No matching subset — create one or confirm these belong in ""marvel 2025 topps finest x men '97"""
marvel 2025 topps finest x men '97,marvel 2025 topps finest x men '97,36,Orange Refractor,1,81452,NONE,"No matching subset — create one or confirm these belong in ""marvel 2025 topps finest x men '97"""
marvel 2025 topps finest x men '97,marvel 2025 topps finest x men '97,36,Laser Refractor,1,81533,NONE,"No matching subset — create one or confirm these belong in ""marvel 2025 topps finest x men '97"""
marvel 2025 topps finest x men '97,marvel 2025 topps finest x men '97,36,Refractor,1,81598,NONE,"No matching subset — create one or confirm these belong in ""marvel 2025 topps finest x men '97"""
marvel 2025 topps finest x men '97,marvel 2025 topps finest x men '97,40,Gold Refractor,1,81393,NONE,"No matching subset — create one or confirm these belong in ""marvel 2025 topps finest x men '97"""
marvel 2025 topps finest x men '97,marvel 2025 topps finest x men '97,40,Laser Refractor,1,81411,NONE,"No matching subset — create one or confirm these belong in ""marvel 2025 topps finest x men '97"""
marvel 2025 topps finest x men '97,marvel 2025 topps finest x men '97,40,Refractor,1,81423,NONE,"No matching subset — create one or confirm these belong in ""marvel 2025 topps finest x men '97"""
marvel 2025 topps finest x men '97,marvel 2025 topps finest x men '97,41,Gold Refractor,1,81427,NONE,"No matching subset — create one or confirm these belong in ""marvel 2025 topps finest x men '97"""
marvel 2025 topps finest x men '97,marvel 2025 topps finest x men '97,41,Refractor,1,81457,NONE,"No matching subset — create one or confirm these belong in ""marvel 2025 topps finest x men '97"""
marvel 2025 topps finest x men '97,marvel 2025 topps finest x men '97,41,X-Fractor,1,81505,NONE,"No matching subset — create one or confirm these belong in ""marvel 2025 topps finest x men '97"""
marvel 2025 topps finest x men '97,marvel 2025 topps finest x men '97,43,Gold Refractor,1,81402,NONE,"No matching subset — create one or confirm these belong in ""marvel 2025 topps finest x men '97"""
marvel 2025 topps finest x men '97,marvel 2025 topps finest x men '97,43,Refractor,1,81440,NONE,"No matching subset — create one or confirm these belong in ""marvel 2025 topps finest x men '97"""
marvel 2025 topps finest x men '97,marvel 2025 topps finest x men '97,43,X-Fractor,1,81569,NONE,"No matching subset — create one or confirm these belong in ""marvel 2025 topps finest x men '97"""
marvel 2025 topps finest x men '97,marvel 2025 topps finest x men '97,56,Orange Refractor,1,81431,NONE,"No matching subset — create one or confirm these belong in ""marvel 2025 topps finest x men '97"""
marvel 2025 topps finest x men '97,marvel 2025 topps finest x men '97,56,Gold Refractor,1,81436,NONE,"No matching subset — create one or confirm these belong in ""marvel 2025 topps finest x men '97"""
marvel 2025 topps finest x men '97,marvel 2025 topps finest x men '97,56,Laser Refractor,1,81493,NONE,"No matching subset — create one or confirm these belong in ""marvel 2025 topps finest x men '97"""
marvel 2025 topps finest x men '97,marvel 2025 topps finest x men '97,63,SuperFractor,1,81394,NONE,"No matching subset — create one or confirm these belong in ""marvel 2025 topps finest x men '97"""
marvel 2025 topps finest x men '97,marvel 2025 topps finest x men '97,63,Refractor,1,81463,NONE,"No matching subset — create one or confirm these belong in ""marvel 2025 topps finest x men '97"""
marvel 2025 topps finest x men '97,marvel 2025 topps finest x men '97,63,Laser Refractor,1,81484,NONE,"No matching subset — create one or confirm these belong in ""marvel 2025 topps finest x men '97"""
marvel 2025 topps finest x men '97,marvel 2025 topps finest x men '97,67,Laser Refractor,1,81398,NONE,"No matching subset — create one or confirm these belong in ""marvel 2025 topps finest x men '97"""
marvel 2025 topps finest x men '97,marvel 2025 topps finest x men '97,67,SuperFractor,1,81509,NONE,"No matching subset — create one or confirm these belong in ""marvel 2025 topps finest x men '97"""
marvel 2025 topps finest x men '97,marvel 2025 topps finest x men '97,67,X-Fractor,1,81523,NONE,"No matching subset — create one or confirm these belong in ""marvel 2025 topps finest x men '97"""
marvel 2025 topps finest x men '97,marvel 2025 topps finest x men '97,71,Laser Refractor,1,81424,NONE,"No matching subset — create one or confirm these belong in ""marvel 2025 topps finest x men '97"""
marvel 2025 topps finest x men '97,marvel 2025 topps finest x men '97,71,Refractor,1,81448,NONE,"No matching subset — create one or confirm these belong in ""marvel 2025 topps finest x men '97"""
marvel 2025 topps finest x men '97,marvel 2025 topps finest x men '97,71,Orange Refractor,1,81553,NONE,"No matching subset — create one or confirm these belong in ""marvel 2025 topps finest x men '97"""
marvel 2025 topps finest x men '97,marvel 2025 topps finest x men '97,75,Gold Refractor,1,81401,NONE,"No matching subset — create one or confirm these belong in ""marvel 2025 topps finest x men '97"""
marvel 2025 topps finest x men '97,marvel 2025 topps finest x men '97,75,Refractor,1,81481,NONE,"No matching subset — create one or confirm these belong in ""marvel 2025 topps finest x men '97"""
marvel 2025 topps finest x men '97,marvel 2025 topps finest x men '97,75,SuperFractor,1,81508,NONE,"No matching subset — create one or confirm these belong in ""marvel 2025 topps finest x men '97"""
marvel 2025 topps finest x men '97,marvel 2025 topps finest x men '97,78,Laser Refractor,1,81438,NONE,"No matching subset — create one or confirm these belong in ""marvel 2025 topps finest x men '97"""
marvel 2025 topps finest x men '97,marvel 2025 topps finest x men '97,78,Refractor,1,81488,NONE,"No matching subset — create one or confirm these belong in ""marvel 2025 topps finest x men '97"""
marvel 2025 topps finest x men '97,marvel 2025 topps finest x men '97,78,Gold Refractor,1,81555,NONE,"No matching subset — create one or confirm these belong in ""marvel 2025 topps finest x men '97"""
marvel 2025 topps finest x men '97,marvel 2025 topps finest x men '97,83,Laser Refractor,1,81422,NONE,"No matching subset — create one or confirm these belong in ""marvel 2025 topps finest x men '97"""
marvel 2025 topps finest x men '97,marvel 2025 topps finest x men '97,83,Refractor,1,81437,NONE,"No matching subset — create one or confirm these belong in ""marvel 2025 topps finest x men '97"""
marvel 2025 topps finest x men '97,marvel 2025 topps finest x men '97,83,Red Refractor,1,81513,NONE,"No matching subset — create one or confirm these belong in ""marvel 2025 topps finest x men '97"""
marvel 2025 topps finest x men '97,marvel 2025 topps finest x men '97,86,Laser Refractor,1,81397,NONE,"No matching subset — create one or confirm these belong in ""marvel 2025 topps finest x men '97"""
marvel 2025 topps finest x men '97,marvel 2025 topps finest x men '97,86,Gold Refractor,1,81446,NONE,"No matching subset — create one or confirm these belong in ""marvel 2025 topps finest x men '97"""
marvel 2025 topps finest x men '97,marvel 2025 topps finest x men '97,86,Refractor,1,81460,NONE,"No matching subset — create one or confirm these belong in ""marvel 2025 topps finest x men '97"""
marvel 2025 topps finest x men '97,marvel 2025 topps finest x men '97,87,Laser Refractor,1,81458,NONE,"No matching subset — create one or confirm these belong in ""marvel 2025 topps finest x men '97"""
marvel 2025 topps finest x men '97,marvel 2025 topps finest x men '97,87,Gold Refractor,1,81489,NONE,"No matching subset — create one or confirm these belong in ""marvel 2025 topps finest x men '97"""
marvel 2025 topps finest x men '97,marvel 2025 topps finest x men '97,87,Refractor,1,81494,NONE,"No matching subset — create one or confirm these belong in ""marvel 2025 topps finest x men '97"""
marvel 2025 topps finest x men '97,marvel 2025 topps finest x men '97,88,Gold Refractor,1,81403,NONE,"No matching subset — create one or confirm these belong in ""marvel 2025 topps finest x men '97"""
marvel 2025 topps finest x men '97,marvel 2025 topps finest x men '97,88,Orange Refractor,1,81439,NONE,"No matching subset — create one or confirm these belong in ""marvel 2025 topps finest x men '97"""
marvel 2025 topps finest x men '97,marvel 2025 topps finest x men '97,88,Laser Refractor,1,81568,NONE,"No matching subset — create one or confirm these belong in ""marvel 2025 topps finest x men '97"""
marvel 2025 topps finest x men '97,marvel 2025 topps finest x men '97,99,Orange Refractor SP,1,81503,NONE,"No matching subset — create one or confirm these belong in ""marvel 2025 topps finest x men '97"""
marvel 2025 topps finest x men '97,marvel 2025 topps finest x men '97,99,Laser Refractor SP,1,81514,NONE,"No matching subset — create one or confirm these belong in ""marvel 2025 topps finest x men '97"""
marvel 2025 topps finest x men '97,marvel 2025 topps finest x men '97,99,Gold Refractor SP,1,81540,NONE,"No matching subset — create one or confirm these belong in ""marvel 2025 topps finest x men '97"""
marvel 2025 topps finest x men '97,marvel 2025 topps finest x men '97,99,Red Refractor SP,1,81541,NONE,"No matching subset — create one or confirm these belong in ""marvel 2025 topps finest x men '97"""
marvel 2025 topps finest x men '97,marvel 2025 topps finest x men '97,14,Orange Refractor,1,81567,NONE,"No matching subset — create one or confirm these belong in ""marvel 2025 topps finest x men '97"""
marvel 2025 topps finest x men '97,marvel 2025 topps finest x men '97,14,Refractor,1,81571,NONE,"No matching subset — create one or confirm these belong in ""marvel 2025 topps finest x men '97"""
marvel 2025 topps finest x men '97,marvel 2025 topps finest x men '97,17,Orange Refractor,1,81486,NONE,"No matching subset — create one or confirm these belong in ""marvel 2025 topps finest x men '97"""
marvel 2025 topps finest x men '97,marvel 2025 topps finest x men '97,17,Gold Refractor,1,81543,NONE,"No matching subset — create one or confirm these belong in ""marvel 2025 topps finest x men '97"""
marvel 2025 topps finest x men '97,marvel 2025 topps finest x men '97,23,Refractor,1,81434,NONE,"No matching subset — create one or confirm these belong in ""marvel 2025 topps finest x men '97"""
marvel 2025 topps finest x men '97,marvel 2025 topps finest x men '97,23,Red Refractor,1,81498,NONE,"No matching subset — create one or confirm these belong in ""marvel 2025 topps finest x men '97"""
marvel 2025 topps finest x men '97,marvel 2025 topps finest x men '97,27,Orange Refractor,1,81479,NONE,"No matching subset — create one or confirm these belong in ""marvel 2025 topps finest x men '97"""
marvel 2025 topps finest x men '97,marvel 2025 topps finest x men '97,27,Gold Refractor,1,81530,NONE,"No matching subset — create one or confirm these belong in ""marvel 2025 topps finest x men '97"""
marvel 2025 topps finest x men '97,marvel 2025 topps finest x men '97,3,X-Fractor,1,81500,NONE,"No matching subset — create one or confirm these belong in ""marvel 2025 topps finest x men '97"""
marvel 2025 topps finest x men '97,marvel 2025 topps finest x men '97,3,Gold Refractor,1,81549,NONE,"No matching subset — create one or confirm these belong in ""marvel 2025 topps finest x men '97"""
marvel 2025 topps finest x men '97,marvel 2025 topps finest x men '97,35,Laser Refractor,1,81395,NONE,"No matching subset — create one or confirm these belong in ""marvel 2025 topps finest x men '97"""
marvel 2025 topps finest x men '97,marvel 2025 topps finest x men '97,35,Refractor,1,81588,NONE,"No matching subset — create one or confirm these belong in ""marvel 2025 topps finest x men '97"""
marvel 2025 topps finest x men '97,marvel 2025 topps finest x men '97,39,Refractor,1,81442,NONE,"No matching subset — create one or confirm these belong in ""marvel 2025 topps finest x men '97"""
marvel 2025 topps finest x men '97,marvel 2025 topps finest x men '97,39,Laser Refractor,1,81531,NONE,"No matching subset — create one or confirm these belong in ""marvel 2025 topps finest x men '97"""
marvel 2025 topps finest x men '97,marvel 2025 topps finest x men '97,4,Refractor,1,81473,NONE,"No matching subset — create one or confirm these belong in ""marvel 2025 topps finest x men '97"""
marvel 2025 topps finest x men '97,marvel 2025 topps finest x men '97,4,X-Fractor,1,81476,NONE,"No matching subset — create one or confirm these belong in ""marvel 2025 topps finest x men '97"""
marvel 2025 topps finest x men '97,marvel 2025 topps finest x men '97,46,X-Fractor,1,81537,NONE,"No matching subset — create one or confirm these belong in ""marvel 2025 topps finest x men '97"""
marvel 2025 topps finest x men '97,marvel 2025 topps finest x men '97,46,Refractor,1,81576,NONE,"No matching subset — create one or confirm these belong in ""marvel 2025 topps finest x men '97"""
marvel 2025 topps finest x men '97,marvel 2025 topps finest x men '97,47,Gold Refractor,1,81496,NONE,"No matching subset — create one or confirm these belong in ""marvel 2025 topps finest x men '97"""
marvel 2025 topps finest x men '97,marvel 2025 topps finest x men '97,47,Refractor,1,81574,NONE,"No matching subset — create one or confirm these belong in ""marvel 2025 topps finest x men '97"""
marvel 2025 topps finest x men '97,marvel 2025 topps finest x men '97,49,Gold Refractor,1,81491,NONE,"No matching subset — create one or confirm these belong in ""marvel 2025 topps finest x men '97"""
marvel 2025 topps finest x men '97,marvel 2025 topps finest x men '97,49,Refractor,1,81579,NONE,"No matching subset — create one or confirm these belong in ""marvel 2025 topps finest x men '97"""
marvel 2025 topps finest x men '97,marvel 2025 topps finest x men '97,5,Laser Refractor,1,81497,NONE,"No matching subset — create one or confirm these belong in ""marvel 2025 topps finest x men '97"""
marvel 2025 topps finest x men '97,marvel 2025 topps finest x men '97,5,Refractor,1,81577,NONE,"No matching subset — create one or confirm these belong in ""marvel 2025 topps finest x men '97"""
marvel 2025 topps finest x men '97,marvel 2025 topps finest x men '97,50,SuperFractor,1,81545,NONE,"No matching subset — create one or confirm these belong in ""marvel 2025 topps finest x men '97"""
marvel 2025 topps finest x men '97,marvel 2025 topps finest x men '97,50,Refractor,1,81582,NONE,"No matching subset — create one or confirm these belong in ""marvel 2025 topps finest x men '97"""
marvel 2025 topps finest x men '97,marvel 2025 topps finest x men '97,53,Gold Refractor,1,81421,NONE,"No matching subset — create one or confirm these belong in ""marvel 2025 topps finest x men '97"""
marvel 2025 topps finest x men '97,marvel 2025 topps finest x men '97,53,Refractor,1,81451,NONE,"No matching subset — create one or confirm these belong in ""marvel 2025 topps finest x men '97"""
marvel 2025 topps finest x men '97,marvel 2025 topps finest x men '97,55,Refractor,1,81501,NONE,"No matching subset — create one or confirm these belong in ""marvel 2025 topps finest x men '97"""
marvel 2025 topps finest x men '97,marvel 2025 topps finest x men '97,55,Gold Refractor,1,81552,NONE,"No matching subset — create one or confirm these belong in ""marvel 2025 topps finest x men '97"""
marvel 2025 topps finest x men '97,marvel 2025 topps finest x men '97,58,Orange Refractor,1,81406,NONE,"No matching subset — create one or confirm these belong in ""marvel 2025 topps finest x men '97"""
marvel 2025 topps finest x men '97,marvel 2025 topps finest x men '97,58,Gold Refractor,1,81425,NONE,"No matching subset — create one or confirm these belong in ""marvel 2025 topps finest x men '97"""
marvel 2025 topps finest x men '97,marvel 2025 topps finest x men '97,60,Refractor,1,81478,NONE,"No matching subset — create one or confirm these belong in ""marvel 2025 topps finest x men '97"""
marvel 2025 topps finest x men '97,marvel 2025 topps finest x men '97,60,Laser Refractor,1,81539,NONE,"No matching subset — create one or confirm these belong in ""marvel 2025 topps finest x men '97"""
marvel 2025 topps finest x men '97,marvel 2025 topps finest x men '97,64,Laser Refractor,1,81462,NONE,"No matching subset — create one or confirm these belong in ""marvel 2025 topps finest x men '97"""
marvel 2025 topps finest x men '97,marvel 2025 topps finest x men '97,64,Orange Refractor,1,81525,NONE,"No matching subset — create one or confirm these belong in ""marvel 2025 topps finest x men '97"""
marvel 2025 topps finest x men '97,marvel 2025 topps finest x men '97,65,Gold Refractor,1,81536,NONE,"No matching subset — create one or confirm these belong in ""marvel 2025 topps finest x men '97"""
marvel 2025 topps finest x men '97,marvel 2025 topps finest x men '97,65,Refractor,1,81590,NONE,"No matching subset — create one or confirm these belong in ""marvel 2025 topps finest x men '97"""
marvel 2025 topps finest x men '97,marvel 2025 topps finest x men '97,74,Gold Refractor,1,81470,NONE,"No matching subset — create one or confirm these belong in ""marvel 2025 topps finest x men '97"""
marvel 2025 topps finest x men '97,marvel 2025 topps finest x men '97,74,X-Fractor,1,81535,NONE,"No matching subset — create one or confirm these belong in ""marvel 2025 topps finest x men '97"""
marvel 2025 topps finest x men '97,marvel 2025 topps finest x men '97,89,Laser Refractor,1,81428,NONE,"No matching subset — create one or confirm these belong in ""marvel 2025 topps finest x men '97"""
marvel 2025 topps finest x men '97,marvel 2025 topps finest x men '97,89,Orange Refractor,1,81521,NONE,"No matching subset — create one or confirm these belong in ""marvel 2025 topps finest x men '97"""
marvel 2025 topps finest x men '97,marvel 2025 topps finest x men '97,9,Gold Refractor,1,81517,NONE,"No matching subset — create one or confirm these belong in ""marvel 2025 topps finest x men '97"""
marvel 2025 topps finest x men '97,marvel 2025 topps finest x men '97,9,Orange Refractor,1,81519,NONE,"No matching subset — create one or confirm these belong in ""marvel 2025 topps finest x men '97"""
marvel 2025 topps finest x men '97,marvel 2025 topps finest x men '97,91,Gold Refractor SP,1,81528,NONE,"No matching subset — create one or confirm these belong in ""marvel 2025 topps finest x men '97"""
marvel 2025 topps finest x men '97,marvel 2025 topps finest x men '97,91,Refractor SP,1,81560,NONE,"No matching subset — create one or confirm these belong in ""marvel 2025 topps finest x men '97"""
marvel 2025 topps finest x men '97,marvel 2025 topps finest x men '97,91,Laser Refractor SP,1,81563,NONE,"No matching subset — create one or confirm these belong in ""marvel 2025 topps finest x men '97"""
marvel 2025 topps finest x men '97,marvel 2025 topps finest x men '97,93,X-Fractor SP,1,81516,NONE,"No matching subset — create one or confirm these belong in ""marvel 2025 topps finest x men '97"""
marvel 2025 topps finest x men '97,marvel 2025 topps finest x men '97,93,Orange Refractor SP,1,81562,NONE,"No matching subset — create one or confirm these belong in ""marvel 2025 topps finest x men '97"""
marvel 2025 topps finest x men '97,marvel 2025 topps finest x men '97,93,Laser Refractor SP,1,81566,NONE,"No matching subset — create one or confirm these belong in ""marvel 2025 topps finest x men '97"""
marvel 2025 topps finest x men '97,marvel 2025 topps finest x men '97,98,Orange Refractor SP,1,81506,NONE,"No matching subset — create one or confirm these belong in ""marvel 2025 topps finest x men '97"""
marvel 2025 topps finest x men '97,marvel 2025 topps finest x men '97,98,Gold Refractor SP,1,81512,NONE,"No matching subset — create one or confirm these belong in ""marvel 2025 topps finest x men '97"""
marvel 2025 topps finest x men '97,marvel 2025 topps finest x men '97,98,X-Fractor SP,1,81565,NONE,"No matching subset — create one or confirm these belong in ""marvel 2025 topps finest x men '97"""
marvel 2025 topps finest x men '97,marvel 2025 topps finest x men '97,10,Orange Refractor,1,81415,NONE,"No matching subset — create one or confirm these belong in ""marvel 2025 topps finest x men '97"""
marvel 2025 topps finest x men '97,marvel 2025 topps finest x men '97,11,Laser Refractor,1,81443,NONE,"No matching subset — create one or confirm these belong in ""marvel 2025 topps finest x men '97"""
marvel 2025 topps finest x men '97,marvel 2025 topps finest x men '97,13,Gold Refractor,1,81455,NONE,"No matching subset — create one or confirm these belong in ""marvel 2025 topps finest x men '97"""
marvel 2025 topps finest x men '97,marvel 2025 topps finest x men '97,15,Laser Refractor,1,81591,NONE,"No matching subset — create one or confirm these belong in ""marvel 2025 topps finest x men '97"""
marvel 2025 topps finest x men '97,marvel 2025 topps finest x men '97,18,Gold Refractor,1,81469,NONE,"No matching subset — create one or confirm these belong in ""marvel 2025 topps finest x men '97"""
marvel 2025 topps finest x men '97,marvel 2025 topps finest x men '97,21,Refractor,1,81570,NONE,"No matching subset — create one or confirm these belong in ""marvel 2025 topps finest x men '97"""
marvel 2025 topps finest x men '97,marvel 2025 topps finest x men '97,25,Refractor,1,81596,NONE,"No matching subset — create one or confirm these belong in ""marvel 2025 topps finest x men '97"""
marvel 2025 topps finest x men '97,marvel 2025 topps finest x men '97,29,Refractor,1,81595,NONE,"No matching subset — create one or confirm these belong in ""marvel 2025 topps finest x men '97"""
marvel 2025 topps finest x men '97,marvel 2025 topps finest x men '97,33,X-Fractor,1,81593,NONE,"No matching subset — create one or confirm these belong in ""marvel 2025 topps finest x men '97"""
marvel 2025 topps finest x men '97,marvel 2025 topps finest x men '97,37,Laser Refractor,1,81471,NONE,"No matching subset — create one or confirm these belong in ""marvel 2025 topps finest x men '97"""
marvel 2025 topps finest x men '97,marvel 2025 topps finest x men '97,38,Laser Refractor,1,81454,NONE,"No matching subset — create one or confirm these belong in ""marvel 2025 topps finest x men '97"""
marvel 2025 topps finest x men '97,marvel 2025 topps finest x men '97,42,Gold Refractor,1,81400,NONE,"No matching subset — create one or confirm these belong in ""marvel 2025 topps finest x men '97"""
marvel 2025 topps finest x men '97,marvel 2025 topps finest x men '97,44,Laser Refractor,1,81408,NONE,"No matching subset — create one or confirm these belong in ""marvel 2025 topps finest x men '97"""
marvel 2025 topps finest x men '97,marvel 2025 topps finest x men '97,48,Refractor,1,81575,NONE,"No matching subset — create one or confirm these belong in ""marvel 2025 topps finest x men '97"""
marvel 2025 topps finest x men '97,marvel 2025 topps finest x men '97,54,X-Fractor,1,81475,NONE,"No matching subset — create one or confirm these belong in ""marvel 2025 topps finest x men '97"""
marvel 2025 topps finest x men '97,marvel 2025 topps finest x men '97,59,Laser Refractor,1,81573,NONE,"No matching subset — create one or confirm these belong in ""marvel 2025 topps finest x men '97"""
marvel 2025 topps finest x men '97,marvel 2025 topps finest x men '97,6,Refractor,1,81572,NONE,"No matching subset — create one or confirm these belong in ""marvel 2025 topps finest x men '97"""
marvel 2025 topps finest x men '97,marvel 2025 topps finest x men '97,69,Refractor,1,81409,NONE,"No matching subset — create one or confirm these belong in ""marvel 2025 topps finest x men '97"""
marvel 2025 topps finest x men '97,marvel 2025 topps finest x men '97,7,Refractor,1,81585,NONE,"No matching subset — create one or confirm these belong in ""marvel 2025 topps finest x men '97"""
marvel 2025 topps finest x men '97,marvel 2025 topps finest x men '97,72,Laser Refractor,1,81461,NONE,"No matching subset — create one or confirm these belong in ""marvel 2025 topps finest x men '97"""
marvel 2025 topps finest x men '97,marvel 2025 topps finest x men '97,77,X-Fractor,1,81429,NONE,"No matching subset — create one or confirm these belong in ""marvel 2025 topps finest x men '97"""
marvel 2025 topps finest x men '97,marvel 2025 topps finest x men '97,8,Refractor,1,81583,NONE,"No matching subset — create one or confirm these belong in ""marvel 2025 topps finest x men '97"""
marvel 2025 topps finest x men '97,marvel 2025 topps finest x men '97,90,Refractor,1,81435,NONE,"No matching subset — create one or confirm these belong in ""marvel 2025 topps finest x men '97"""
marvel 2025 topps finest x men '97,marvel 2025 topps finest x men '97,92,Orange Refractor SP,1,81507,NONE,"No matching subset — create one or confirm these belong in ""marvel 2025 topps finest x men '97"""
marvel 2025 topps finest x men '97,marvel 2025 topps finest x men '97,92,Laser Refractor SP,1,81538,NONE,"No matching subset — create one or confirm these belong in ""marvel 2025 topps finest x men '97"""
marvel 2025 topps finest x men '97,marvel 2025 topps finest x men '97,94,Refractor SP,1,81558,NONE,"No matching subset — create one or confirm these belong in ""marvel 2025 topps finest x men '97"""
marvel 2025 topps finest x men '97,marvel 2025 topps finest x men '97,94,Laser Refractor SP,1,81564,NONE,"No matching subset — create one or confirm these belong in ""marvel 2025 topps finest x men '97"""
marvel 2025 topps finest x men '97,marvel 2025 topps finest x men '97,95,Laser Refractor SP,1,81557,NONE,"No matching subset — create one or confirm these belong in ""marvel 2025 topps finest x men '97"""
marvel 2025 topps finest x men '97,marvel 2025 topps finest x men '97,95,Refractor SP,1,81559,NONE,"No matching subset — create one or confirm these belong in ""marvel 2025 topps finest x men '97"""
marvel 2025 topps finest x men '97,Marvel 2025 Topps Finest X-Men '97 Short Print,1,X-Fractor,1,81677,NONE,"No matching subset — create one or confirm these belong in ""Marvel 2025 Topps Finest X-Men '97 Short Print"""
marvel 2025 topps finest x men '97,Marvel 2025 Topps Finest X-Men '97 Short Print,1,Superfractor,1,82138,NONE,"No matching subset — create one or confirm these belong in ""Marvel 2025 Topps Finest X-Men '97 Short Print"""
marvel 2025 topps finest x men '97,Marvel 2025 Topps Finest X-Men '97 Short Print,10,X-Fractor,1,81674,NONE,"No matching subset — create one or confirm these belong in ""Marvel 2025 Topps Finest X-Men '97 Short Print"""
marvel 2025 topps finest x men '97,Marvel 2025 Topps Finest X-Men '97 Short Print,10,Superfractor,1,82151,NONE,"No matching subset — create one or confirm these belong in ""Marvel 2025 Topps Finest X-Men '97 Short Print"""
marvel 2025 topps finest x men '97,Marvel 2025 Topps Finest X-Men '97 Short Print,11,X-Fractor,1,81672,NONE,"No matching subset — create one or confirm these belong in ""Marvel 2025 Topps Finest X-Men '97 Short Print"""
marvel 2025 topps finest x men '97,Marvel 2025 Topps Finest X-Men '97 Short Print,11,Superfractor,1,82152,NONE,"No matching subset — create one or confirm these belong in ""Marvel 2025 Topps Finest X-Men '97 Short Print"""
marvel 2025 topps finest x men '97,Marvel 2025 Topps Finest X-Men '97 Short Print,12,X-Fractor,1,81676,NONE,"No matching subset — create one or confirm these belong in ""Marvel 2025 Topps Finest X-Men '97 Short Print"""
marvel 2025 topps finest x men '97,Marvel 2025 Topps Finest X-Men '97 Short Print,12,Superfractor,1,82154,NONE,"No matching subset — create one or confirm these belong in ""Marvel 2025 Topps Finest X-Men '97 Short Print"""
marvel 2025 topps finest x men '97,Marvel 2025 Topps Finest X-Men '97 Short Print,13,Superfractor,1,82155,NONE,"No matching subset — create one or confirm these belong in ""Marvel 2025 Topps Finest X-Men '97 Short Print"""
marvel 2025 topps finest x men '97,Marvel 2025 Topps Finest X-Men '97 Short Print,13,X-Fractor,1,82156,NONE,"No matching subset — create one or confirm these belong in ""Marvel 2025 Topps Finest X-Men '97 Short Print"""
marvel 2025 topps finest x men '97,Marvel 2025 Topps Finest X-Men '97 Short Print,2,X-Fractor,1,81670,NONE,"No matching subset — create one or confirm these belong in ""Marvel 2025 Topps Finest X-Men '97 Short Print"""
marvel 2025 topps finest x men '97,Marvel 2025 Topps Finest X-Men '97 Short Print,2,Superfractor,1,82139,NONE,"No matching subset — create one or confirm these belong in ""Marvel 2025 Topps Finest X-Men '97 Short Print"""
marvel 2025 topps finest x men '97,Marvel 2025 Topps Finest X-Men '97 Short Print,3,Superfractor,1,81681,NONE,"No matching subset — create one or confirm these belong in ""Marvel 2025 Topps Finest X-Men '97 Short Print"""
marvel 2025 topps finest x men '97,Marvel 2025 Topps Finest X-Men '97 Short Print,3,X-Fractor,1,82143,NONE,"No matching subset — create one or confirm these belong in ""Marvel 2025 Topps Finest X-Men '97 Short Print"""
marvel 2025 topps finest x men '97,Marvel 2025 Topps Finest X-Men '97 Short Print,4,X-Fractor,1,81675,NONE,"No matching subset — create one or confirm these belong in ""Marvel 2025 Topps Finest X-Men '97 Short Print"""
marvel 2025 topps finest x men '97,Marvel 2025 Topps Finest X-Men '97 Short Print,4,Superfractor,1,82141,NONE,"No matching subset — create one or confirm these belong in ""Marvel 2025 Topps Finest X-Men '97 Short Print"""
marvel 2025 topps finest x men '97,Marvel 2025 Topps Finest X-Men '97 Short Print,5,Superfractor,1,82140,NONE,"No matching subset — create one or confirm these belong in ""Marvel 2025 Topps Finest X-Men '97 Short Print"""
marvel 2025 topps finest x men '97,Marvel 2025 Topps Finest X-Men '97 Short Print,5,X-Fractor,1,82142,NONE,"No matching subset — create one or confirm these belong in ""Marvel 2025 Topps Finest X-Men '97 Short Print"""
marvel 2025 topps finest x men '97,Marvel 2025 Topps Finest X-Men '97 Short Print,6,Superfractor,1,82146,NONE,"No matching subset — create one or confirm these belong in ""Marvel 2025 Topps Finest X-Men '97 Short Print"""
marvel 2025 topps finest x men '97,Marvel 2025 Topps Finest X-Men '97 Short Print,6,X-Fractor,1,82149,NONE,"No matching subset — create one or confirm these belong in ""Marvel 2025 Topps Finest X-Men '97 Short Print"""
marvel 2025 topps finest x men '97,Marvel 2025 Topps Finest X-Men '97 Short Print,7,Superfractor,1,82147,NONE,"No matching subset — create one or confirm these belong in ""Marvel 2025 Topps Finest X-Men '97 Short Print"""
marvel 2025 topps finest x men '97,Marvel 2025 Topps Finest X-Men '97 Short Print,7,X-Fractor,1,82150,NONE,"No matching subset — create one or confirm these belong in ""Marvel 2025 Topps Finest X-Men '97 Short Print"""
marvel 2025 topps finest x men '97,Marvel 2025 Topps Finest X-Men '97 Short Print,8,Superfractor,1,82145,NONE,"No matching subset — create one or confirm these belong in ""Marvel 2025 Topps Finest X-Men '97 Short Print"""
marvel 2025 topps finest x men '97,Marvel 2025 Topps Finest X-Men '97 Short Print,8,X-Fractor,1,82148,NONE,"No matching subset — create one or confirm these belong in ""Marvel 2025 Topps Finest X-Men '97 Short Print"""
marvel 2025 topps finest x men '97,Marvel 2025 Topps Finest X-Men '97 Short Print,9,X-Fractor,1,81673,NONE,"No matching subset — create one or confirm these belong in ""Marvel 2025 Topps Finest X-Men '97 Short Print"""
marvel 2025 topps finest x men '97,Marvel 2025 Topps Finest X-Men '97 Short Print,9,Superfractor,1,82153,NONE,"No matching subset — create one or confirm these belong in ""Marvel 2025 Topps Finest X-Men '97 Short Print"""